compliance_id,server_id,splunk_status,qualys_status,crowdstrike_status,firewall_status,patch_status,password_policy,compliance_score,compliance_status
1,1,Running,Running,Running,Enabled,Updated,Compliant,100,Compliant
2,2,Running,Running,Running,Enabled,Updated,Compliant,100,Compliant
3,3,Running,Running,Running,Enabled,Updated,Compliant,100,Compliant
4,4,Running,Running,Running,Enabled,Updated,Compliant,100,Compliant
5,5,Running,Running,Running,Disabled,Updated,Compliant,85,Warning
6,6,Running,Stopped,Running,Enabled,Updated,Compliant,80,Warning
7,7,Running,Running,Running,Enabled,Updated,Compliant,100,Compliant
8,8,Stopped,Running,Stopped,Enabled,Updated,Compliant,60,Non-Compliant
9,9,Running,Running,Running,Enabled,Updated,Compliant,100,Compliant
10,10,Running,Running,Running,Enabled,Updated,Compliant,100,Compliant
11,11,Running,Running,Running,Enabled,Updated,Non-Compliant,90,Compliant
12,12,Running,Running,Running,Enabled,Updated,Compliant,100,Compliant
13,13,Running,Running,Running,Enabled,Updated,Compliant,100,Compliant
14,14,Running,Running,Running,Enabled,Updated,Compliant,100,Compliant
15,15,Running,Running,Running,Enabled,Updated,Compliant,100,Compliant
16,16,Running,Running,Running,Enabled,Updated,Compliant,100,Compliant
17,17,Running,Running,Running,Enabled,Updated,Compliant,100,Compliant
18,18,Running,Stopped,Running,Enabled,Updated,Compliant,80,Warning
19,19,Running,Running,Running,Enabled,Updated,Compliant,100,Compliant
20,20,Running,Running,Running,Enabled,Outdated,Compliant,85,Warning
21,21,Running,Running,Running,Enabled,Updated,Compliant,100,Compliant
22,22,Running,Running,Running,Enabled,Updated,Compliant,100,Compliant
23,23,Running,Running,Running,Enabled,Updated,Compliant,100,Compliant
24,24,Running,Running,Running,Enabled,Updated,Compliant,100,Compliant
25,25,Running,Running,Running,Enabled,Updated,Non-Compliant,90,Compliant
26,26,Running,Running,Running,Enabled,Updated,Compliant,100,Compliant
27,27,Running,Running,Running,Enabled,Updated,Compliant,100,Compliant
28,28,Running,Running,Running,Enabled,Updated,Compliant,100,Compliant
29,29,Running,Running,Running,Enabled,Updated,Compliant,100,Compliant
30,30,Running,Running,Running,Enabled,Outdated,Compliant,85,Warning
31,31,Running,Running,Running,Enabled,Updated,Compliant,100,Compliant
32,32,Running,Running,Running,Enabled,Updated,Non-Compliant,90,Compliant
33,33,Running,Running,Running,Enabled,Outdated,Compliant,85,Warning
34,34,Running,Running,Running,Enabled,Outdated,Non-Compliant,75,Warning
35,35,Running,Running,Running,Enabled,Updated,Compliant,100,Compliant
36,36,Running,Running,Running,Enabled,Updated,Compliant,100,Compliant
37,37,Running,Running,Running,Enabled,Updated,Compliant,100,Compliant
38,38,Running,Running,Running,Enabled,Updated,Compliant,100,Compliant
39,39,Running,Running,Running,Enabled,Updated,Compliant,100,Compliant
40,40,Running,Running,Running,Enabled,Updated,Compliant,100,Compliant
41,41,Running,Running,Running,Enabled,Updated,Compliant,100,Compliant
42,42,Running,Running,Running,Enabled,Updated,Compliant,100,Compliant
43,43,Running,Running,Running,Enabled,Updated,Compliant,100,Compliant
44,44,Running,Running,Running,Enabled,Outdated,Compliant,85,Warning
45,45,Stopped,Running,Stopped,Enabled,Updated,Compliant,60,Non-Compliant
46,46,Running,Running,Running,Enabled,Updated,Compliant,100,Compliant
47,47,Stopped,Running,Running,Enabled,Updated,Compliant,80,Warning
48,48,Stopped,Running,Running,Enabled,Updated,Compliant,80,Warning
49,49,Running,Running,Running,Enabled,Updated,Compliant,100,Compliant
50,50,Running,Running,Running,Enabled,Updated,Compliant,100,Compliant
51,51,Running,Running,Running,Enabled,Updated,Compliant,100,Compliant
52,52,Running,Running,Running,Enabled,Updated,Compliant,100,Compliant
53,53,Running,Running,Running,Enabled,Updated,Compliant,100,Compliant
54,54,Running,Running,Running,Disabled,Updated,Compliant,85,Warning
55,55,Running,Running,Running,Enabled,Updated,Compliant,100,Compliant
56,56,Running,Running,Running,Enabled,Updated,Compliant,100,Compliant
57,57,Running,Running,Running,Enabled,Outdated,Compliant,85,Warning
58,58,Running,Running,Running,Enabled,Updated,Compliant,100,Compliant
59,59,Running,Running,Running,Enabled,Updated,Compliant,100,Compliant
60,60,Running,Running,Running,Enabled,Updated,Non-Compliant,90,Compliant
61,61,Running,Running,Running,Enabled,Updated,Compliant,100,Compliant
62,62,Running,Running,Running,Enabled,Updated,Compliant,100,Compliant
63,63,Running,Running,Running,Enabled,Updated,Compliant,100,Compliant
64,64,Running,Running,Running,Enabled,Outdated,Compliant,85,Warning
65,65,Running,Running,Running,Enabled,Updated,Compliant,100,Compliant
66,66,Running,Running,Running,Enabled,Updated,Compliant,100,Compliant
67,67,Running,Running,Running,Enabled,Updated,Compliant,100,Compliant
68,68,Running,Stopped,Running,Enabled,Updated,Non-Compliant,70,Warning
69,69,Running,Running,Running,Enabled,Updated,Compliant,100,Compliant
70,70,Running,Running,Running,Enabled,Updated,Compliant,100,Compliant
71,71,Running,Running,Running,Enabled,Updated,Compliant,100,Compliant
72,72,Running,Running,Running,Enabled,Updated,Compliant,100,Compliant
73,73,Running,Running,Running,Enabled,Updated,Compliant,100,Compliant
74,74,Running,Stopped,Running,Disabled,Outdated,Non-Compliant,40,Non-Compliant
75,75,Running,Running,Running,Enabled,Updated,Compliant,100,Compliant
76,76,Running,Running,Running,Enabled,Updated,Compliant,100,Compliant
77,77,Running,Running,Running,Enabled,Updated,Compliant,100,Compliant
78,78,Running,Running,Running,Enabled,Updated,Compliant,100,Compliant
79,79,Running,Running,Running,Enabled,Updated,Non-Compliant,90,Compliant
80,80,Running,Running,Running,Enabled,Updated,Compliant,100,Compliant
81,81,Running,Running,Running,Enabled,Updated,Compliant,100,Compliant
82,82,Running,Running,Running,Enabled,Updated,Non-Compliant,90,Compliant
83,83,Running,Running,Running,Enabled,Updated,Compliant,100,Compliant
84,84,Running,Running,Running,Enabled,Updated,Non-Compliant,90,Compliant
85,85,Running,Stopped,Running,Enabled,Updated,Compliant,80,Warning
86,86,Stopped,Running,Running,Enabled,Updated,Compliant,80,Warning
87,87,Running,Running,Running,Enabled,Updated,Compliant,100,Compliant
88,88,Stopped,Running,Running,Enabled,Updated,Compliant,80,Warning
89,89,Running,Running,Running,Enabled,Updated,Compliant,100,Compliant
90,90,Running,Running,Running,Enabled,Updated,Compliant,100,Compliant
91,91,Running,Running,Running,Enabled,Outdated,Compliant,85,Warning
92,92,Running,Running,Running,Enabled,Updated,Compliant,100,Compliant
93,93,Running,Running,Running,Enabled,Updated,Compliant,100,Compliant
94,94,Running,Running,Running,Enabled,Updated,Compliant,100,Compliant
95,95,Running,Running,Running,Enabled,Updated,Compliant,100,Compliant
96,96,Running,Running,Running,Enabled,Updated,Compliant,100,Compliant
97,97,Running,Running,Running,Enabled,Updated,Compliant,100,Compliant
98,98,Running,Running,Running,Enabled,Updated,Compliant,100,Compliant
99,99,Running,Running,Running,Enabled,Updated,Compliant,100,Compliant
100,100,Running,Running,Running,Enabled,Outdated,Compliant,85,Warning
101,101,Running,Running,Running,Enabled,Updated,Compliant,100,Compliant
102,102,Running,Running,Running,Enabled,Updated,Compliant,100,Compliant
103,103,Running,Running,Running,Enabled,Updated,Compliant,100,Compliant
104,104,Running,Running,Running,Enabled,Updated,Compliant,100,Compliant
105,105,Stopped,Running,Running,Enabled,Updated,Compliant,80,Warning
106,106,Running,Running,Running,Enabled,Updated,Compliant,100,Compliant
107,107,Running,Running,Running,Enabled,Updated,Compliant,100,Compliant
108,108,Running,Running,Running,Enabled,Updated,Compliant,100,Compliant
109,109,Running,Running,Running,Enabled,Updated,Non-Compliant,90,Compliant
110,110,Running,Running,Stopped,Enabled,Outdated,Non-Compliant,55,Non-Compliant
111,111,Running,Running,Running,Enabled,Updated,Compliant,100,Compliant
112,112,Running,Running,Running,Enabled,Outdated,Compliant,85,Warning
113,113,Running,Running,Running,Enabled,Updated,Compliant,100,Compliant
114,114,Running,Running,Running,Enabled,Updated,Compliant,100,Compliant
115,115,Running,Running,Running,Enabled,Updated,Compliant,100,Compliant
116,116,Running,Running,Running,Disabled,Updated,Compliant,85,Warning
117,117,Running,Running,Running,Enabled,Updated,Compliant,100,Compliant
118,118,Running,Running,Running,Enabled,Outdated,Compliant,85,Warning
119,119,Stopped,Running,Running,Enabled,Updated,Compliant,80,Warning
120,120,Running,Running,Running,Enabled,Updated,Compliant,100,Compliant
121,121,Running,Running,Running,Enabled,Updated,Compliant,100,Compliant
122,122,Running,Running,Running,Enabled,Updated,Non-Compliant,90,Compliant
123,123,Running,Running,Running,Enabled,Outdated,Compliant,85,Warning
124,124,Running,Running,Running,Enabled,Updated,Compliant,100,Compliant
125,125,Running,Running,Running,Enabled,Updated,Compliant,100,Compliant
126,126,Running,Running,Running,Enabled,Updated,Compliant,100,Compliant
127,127,Running,Running,Running,Enabled,Updated,Compliant,100,Compliant
128,128,Running,Running,Running,Enabled,Updated,Compliant,100,Compliant
129,129,Running,Running,Stopped,Enabled,Updated,Compliant,80,Warning
130,130,Running,Running,Running,Enabled,Updated,Compliant,100,Compliant
131,131,Running,Running,Running,Enabled,Updated,Compliant,100,Compliant
132,132,Running,Running,Running,Enabled,Outdated,Compliant,85,Warning
133,133,Running,Running,Running,Enabled,Updated,Compliant,100,Compliant
134,134,Running,Running,Running,Disabled,Updated,Compliant,85,Warning
135,135,Running,Running,Running,Enabled,Updated,Compliant,100,Compliant
136,136,Running,Running,Running,Enabled,Updated,Compliant,100,Compliant
137,137,Running,Running,Running,Enabled,Updated,Compliant,100,Compliant
138,138,Running,Running,Running,Enabled,Updated,Compliant,100,Compliant
139,139,Running,Running,Running,Enabled,Outdated,Compliant,85,Warning
140,140,Running,Running,Running,Enabled,Updated,Compliant,100,Compliant
141,141,Running,Running,Running,Enabled,Updated,Compliant,100,Compliant
142,142,Running,Stopped,Running,Enabled,Updated,Compliant,80,Warning
143,143,Running,Running,Running,Enabled,Updated,Compliant,100,Compliant
144,144,Running,Running,Running,Enabled,Updated,Compliant,100,Compliant
145,145,Running,Running,Running,Enabled,Updated,Compliant,100,Compliant
146,146,Running,Running,Running,Enabled,Updated,Compliant,100,Compliant
147,147,Running,Running,Running,Enabled,Outdated,Compliant,85,Warning
148,148,Running,Running,Running,Enabled,Updated,Compliant,100,Compliant
149,149,Running,Running,Stopped,Enabled,Updated,Compliant,80,Warning
150,150,Running,Running,Running,Enabled,Updated,Compliant,100,Compliant
151,151,Running,Running,Running,Enabled,Updated,Compliant,100,Compliant
152,152,Running,Running,Running,Enabled,Updated,Non-Compliant,90,Compliant
153,153,Running,Running,Running,Enabled,Updated,Compliant,100,Compliant
154,154,Running,Running,Running,Disabled,Updated,Compliant,85,Warning
155,155,Running,Running,Running,Enabled,Updated,Compliant,100,Compliant
156,156,Running,Running,Running,Enabled,Updated,Compliant,100,Compliant
157,157,Stopped,Running,Running,Enabled,Updated,Compliant,80,Warning
158,158,Running,Running,Running,Enabled,Updated,Compliant,100,Compliant
159,159,Running,Running,Running,Enabled,Outdated,Compliant,85,Warning
160,160,Running,Running,Running,Enabled,Updated,Compliant,100,Compliant
161,161,Running,Running,Running,Enabled,Updated,Non-Compliant,90,Compliant
162,162,Running,Running,Running,Enabled,Outdated,Compliant,85,Warning
163,163,Running,Running,Running,Enabled,Updated,Compliant,100,Compliant
164,164,Running,Running,Running,Enabled,Updated,Compliant,100,Compliant
165,165,Running,Running,Running,Enabled,Outdated,Compliant,85,Warning
166,166,Running,Running,Running,Enabled,Updated,Compliant,100,Compliant
167,167,Stopped,Stopped,Running,Enabled,Outdated,Compliant,45,Non-Compliant
168,168,Running,Running,Running,Enabled,Updated,Compliant,100,Compliant
169,169,Running,Running,Running,Enabled,Updated,Compliant,100,Compliant
170,170,Running,Stopped,Running,Enabled,Updated,Compliant,80,Warning
171,171,Running,Running,Running,Enabled,Updated,Compliant,100,Compliant
172,172,Running,Running,Running,Enabled,Updated,Compliant,100,Compliant
173,173,Running,Running,Running,Enabled,Updated,Compliant,100,Compliant
174,174,Running,Running,Running,Enabled,Updated,Compliant,100,Compliant
175,175,Running,Running,Running,Enabled,Updated,Compliant,100,Compliant
176,176,Running,Running,Running,Enabled,Updated,Compliant,100,Compliant
177,177,Running,Running,Running,Enabled,Updated,Compliant,100,Compliant
178,178,Running,Running,Running,Enabled,Updated,Compliant,100,Compliant
179,179,Running,Running,Running,Enabled,Updated,Compliant,100,Compliant
180,180,Running,Running,Running,Enabled,Updated,Compliant,100,Compliant
181,181,Running,Running,Running,Enabled,Updated,Compliant,100,Compliant
182,182,Running,Running,Running,Enabled,Updated,Compliant,100,Compliant
183,183,Running,Running,Running,Enabled,Updated,Compliant,100,Compliant
184,184,Running,Running,Stopped,Enabled,Updated,Compliant,80,Warning
185,185,Running,Running,Running,Enabled,Updated,Compliant,100,Compliant
186,186,Running,Running,Running,Enabled,Updated,Compliant,100,Compliant
187,187,Running,Running,Running,Enabled,Updated,Compliant,100,Compliant
188,188,Running,Running,Running,Enabled,Updated,Compliant,100,Compliant
189,189,Running,Running,Running,Enabled,Updated,Compliant,100,Compliant
190,190,Running,Running,Running,Enabled,Updated,Compliant,100,Compliant
191,191,Running,Running,Running,Enabled,Updated,Compliant,100,Compliant
192,192,Running,Running,Running,Enabled,Updated,Compliant,100,Compliant
193,193,Running,Running,Running,Enabled,Updated,Compliant,100,Compliant
194,194,Running,Running,Running,Enabled,Updated,Non-Compliant,90,Compliant
195,195,Running,Running,Running,Enabled,Updated,Compliant,100,Compliant
196,196,Running,Running,Running,Enabled,Updated,Compliant,100,Compliant
197,197,Running,Running,Running,Enabled,Updated,Compliant,100,Compliant
198,198,Running,Running,Running,Enabled,Outdated,Compliant,85,Warning
199,199,Running,Running,Running,Enabled,Updated,Compliant,100,Compliant
200,200,Running,Running,Running,Enabled,Updated,Compliant,100,Compliant
201,201,Running,Running,Running,Enabled,Updated,Compliant,100,Compliant
202,202,Running,Running,Running,Enabled,Updated,Compliant,100,Compliant
203,203,Running,Stopped,Running,Enabled,Updated,Compliant,80,Warning
204,204,Running,Running,Running,Enabled,Outdated,Compliant,85,Warning
205,205,Running,Running,Running,Enabled,Updated,Compliant,100,Compliant
206,206,Running,Running,Running,Enabled,Updated,Compliant,100,Compliant
207,207,Stopped,Stopped,Running,Enabled,Updated,Compliant,60,Non-Compliant
208,208,Running,Running,Running,Enabled,Updated,Compliant,100,Compliant
209,209,Running,Running,Running,Enabled,Updated,Compliant,100,Compliant
210,210,Running,Running,Running,Enabled,Updated,Compliant,100,Compliant
211,211,Running,Running,Running,Enabled,Updated,Compliant,100,Compliant
212,212,Running,Running,Running,Enabled,Updated,Compliant,100,Compliant
213,213,Running,Running,Running,Enabled,Updated,Non-Compliant,90,Compliant
214,214,Running,Running,Stopped,Enabled,Updated,Compliant,80,Warning
215,215,Running,Running,Running,Enabled,Updated,Compliant,100,Compliant
216,216,Running,Running,Running,Enabled,Updated,Non-Compliant,90,Compliant
217,217,Running,Running,Running,Enabled,Updated,Compliant,100,Compliant
218,218,Running,Stopped,Running,Enabled,Updated,Compliant,80,Warning
219,219,Running,Running,Running,Enabled,Updated,Compliant,100,Compliant
220,220,Running,Running,Running,Enabled,Updated,Compliant,100,Compliant
221,221,Running,Running,Running,Enabled,Updated,Compliant,100,Compliant
222,222,Running,Running,Running,Enabled,Updated,Compliant,100,Compliant
223,223,Running,Stopped,Running,Enabled,Updated,Compliant,80,Warning
224,224,Running,Running,Running,Enabled,Updated,Compliant,100,Compliant
225,225,Running,Running,Running,Enabled,Outdated,Compliant,85,Warning
226,226,Running,Stopped,Running,Enabled,Updated,Compliant,80,Warning
227,227,Running,Running,Running,Enabled,Updated,Compliant,100,Compliant
228,228,Running,Running,Running,Enabled,Updated,Compliant,100,Compliant
229,229,Running,Running,Running,Enabled,Updated,Compliant,100,Compliant
230,230,Running,Running,Running,Enabled,Updated,Compliant,100,Compliant
231,231,Stopped,Running,Running,Enabled,Updated,Compliant,80,Warning
232,232,Running,Running,Running,Enabled,Updated,Compliant,100,Compliant
233,233,Running,Running,Running,Enabled,Updated,Compliant,100,Compliant
234,234,Running,Running,Running,Enabled,Updated,Compliant,100,Compliant
235,235,Running,Running,Running,Enabled,Updated,Compliant,100,Compliant
236,236,Running,Running,Running,Enabled,Updated,Compliant,100,Compliant
237,237,Running,Running,Running,Enabled,Updated,Compliant,100,Compliant
238,238,Running,Running,Running,Enabled,Updated,Compliant,100,Compliant
239,239,Running,Running,Running,Enabled,Updated,Compliant,100,Compliant
240,240,Running,Running,Running,Enabled,Updated,Compliant,100,Compliant
241,241,Running,Running,Running,Enabled,Updated,Compliant,100,Compliant
242,242,Stopped,Running,Running,Enabled,Updated,Compliant,80,Warning
243,243,Running,Running,Running,Enabled,Updated,Compliant,100,Compliant
244,244,Running,Running,Running,Enabled,Updated,Compliant,100,Compliant
245,245,Running,Stopped,Running,Enabled,Updated,Compliant,80,Warning
246,246,Running,Running,Running,Enabled,Updated,Compliant,100,Compliant
247,247,Stopped,Running,Running,Enabled,Updated,Compliant,80,Warning
248,248,Running,Running,Stopped,Enabled,Updated,Compliant,80,Warning
249,249,Stopped,Running,Running,Enabled,Outdated,Compliant,65,Non-Compliant
250,250,Running,Running,Running,Enabled,Updated,Compliant,100,Compliant
251,251,Running,Running,Running,Enabled,Updated,Non-Compliant,90,Compliant
252,252,Running,Running,Running,Enabled,Updated,Non-Compliant,90,Compliant
253,253,Running,Running,Running,Enabled,Updated,Non-Compliant,90,Compliant
254,254,Running,Running,Running,Enabled,Updated,Compliant,100,Compliant
255,255,Running,Running,Running,Enabled,Updated,Compliant,100,Compliant
256,256,Running,Running,Running,Enabled,Updated,Compliant,100,Compliant
257,257,Running,Running,Running,Enabled,Updated,Compliant,100,Compliant
258,258,Stopped,Running,Running,Enabled,Updated,Compliant,80,Warning
259,259,Running,Running,Running,Enabled,Updated,Compliant,100,Compliant
260,260,Running,Running,Running,Enabled,Updated,Compliant,100,Compliant
261,261,Running,Running,Running,Enabled,Updated,Compliant,100,Compliant
262,262,Running,Running,Running,Enabled,Outdated,Compliant,85,Warning
263,263,Running,Stopped,Running,Enabled,Outdated,Non-Compliant,55,Non-Compliant
264,264,Running,Running,Running,Enabled,Updated,Compliant,100,Compliant
265,265,Running,Running,Running,Enabled,Updated,Non-Compliant,90,Compliant
266,266,Running,Running,Stopped,Enabled,Updated,Compliant,80,Warning
267,267,Running,Running,Running,Enabled,Updated,Compliant,100,Compliant
268,268,Running,Running,Running,Enabled,Updated,Compliant,100,Compliant
269,269,Running,Running,Running,Enabled,Updated,Compliant,100,Compliant
270,270,Running,Running,Running,Enabled,Updated,Compliant,100,Compliant
271,271,Running,Running,Running,Enabled,Updated,Compliant,100,Compliant
272,272,Running,Running,Running,Enabled,Updated,Compliant,100,Compliant
273,273,Running,Running,Running,Enabled,Updated,Compliant,100,Compliant
274,274,Running,Running,Running,Enabled,Updated,Non-Compliant,90,Compliant
275,275,Stopped,Running,Running,Enabled,Updated,Compliant,80,Warning
276,276,Running,Running,Running,Enabled,Updated,Compliant,100,Compliant
277,277,Running,Running,Stopped,Enabled,Updated,Compliant,80,Warning
278,278,Running,Running,Running,Enabled,Updated,Compliant,100,Compliant
279,279,Running,Running,Running,Enabled,Updated,Compliant,100,Compliant
280,280,Running,Running,Running,Enabled,Updated,Non-Compliant,90,Compliant
281,281,Running,Running,Running,Enabled,Updated,Compliant,100,Compliant
282,282,Running,Running,Running,Enabled,Updated,Compliant,100,Compliant
283,283,Running,Running,Running,Enabled,Updated,Compliant,100,Compliant
284,284,Running,Running,Running,Enabled,Updated,Compliant,100,Compliant
285,285,Running,Running,Running,Enabled,Updated,Compliant,100,Compliant
286,286,Running,Running,Running,Enabled,Updated,Compliant,100,Compliant
287,287,Running,Running,Running,Enabled,Updated,Compliant,100,Compliant
288,288,Running,Running,Running,Enabled,Updated,Compliant,100,Compliant
289,289,Running,Running,Running,Enabled,Updated,Compliant,100,Compliant
290,290,Running,Running,Running,Enabled,Updated,Compliant,100,Compliant
291,291,Running,Running,Running,Enabled,Updated,Compliant,100,Compliant
292,292,Running,Running,Running,Enabled,Updated,Non-Compliant,90,Compliant
293,293,Running,Running,Running,Enabled,Updated,Compliant,100,Compliant
294,294,Running,Running,Running,Enabled,Updated,Compliant,100,Compliant
295,295,Running,Running,Running,Enabled,Updated,Compliant,100,Compliant
296,296,Running,Running,Running,Enabled,Outdated,Compliant,85,Warning
297,297,Running,Running,Running,Enabled,Updated,Compliant,100,Compliant
298,298,Running,Running,Running,Enabled,Updated,Non-Compliant,90,Compliant
299,299,Running,Running,Running,Enabled,Updated,Non-Compliant,90,Compliant
300,300,Running,Running,Running,Enabled,Updated,Compliant,100,Compliant
301,301,Running,Running,Running,Enabled,Updated,Compliant,100,Compliant
302,302,Running,Running,Stopped,Enabled,Updated,Compliant,80,Warning
303,303,Running,Running,Running,Enabled,Updated,Compliant,100,Compliant
304,304,Running,Running,Running,Enabled,Updated,Compliant,100,Compliant
305,305,Running,Running,Running,Enabled,Updated,Compliant,100,Compliant
306,306,Running,Running,Running,Enabled,Updated,Compliant,100,Compliant
307,307,Running,Running,Running,Enabled,Updated,Compliant,100,Compliant
308,308,Running,Running,Running,Enabled,Updated,Compliant,100,Compliant
309,309,Running,Running,Running,Enabled,Updated,Compliant,100,Compliant
310,310,Running,Running,Running,Enabled,Outdated,Non-Compliant,75,Warning
311,311,Running,Running,Running,Enabled,Updated,Compliant,100,Compliant
312,312,Running,Stopped,Running,Enabled,Updated,Compliant,80,Warning
313,313,Running,Running,Running,Enabled,Updated,Compliant,100,Compliant
314,314,Running,Running,Running,Enabled,Updated,Compliant,100,Compliant
315,315,Running,Running,Running,Enabled,Updated,Compliant,100,Compliant
316,316,Running,Running,Running,Enabled,Updated,Compliant,100,Compliant
317,317,Running,Running,Running,Enabled,Updated,Compliant,100,Compliant
318,318,Running,Running,Running,Enabled,Updated,Compliant,100,Compliant
319,319,Running,Running,Running,Enabled,Updated,Compliant,100,Compliant
320,320,Running,Running,Running,Enabled,Updated,Compliant,100,Compliant
321,321,Running,Running,Running,Enabled,Outdated,Compliant,85,Warning
322,322,Running,Running,Running,Enabled,Updated,Compliant,100,Compliant
323,323,Running,Running,Running,Enabled,Updated,Compliant,100,Compliant
324,324,Running,Running,Running,Enabled,Updated,Compliant,100,Compliant
325,325,Running,Running,Running,Enabled,Updated,Compliant,100,Compliant
326,326,Running,Running,Running,Enabled,Updated,Compliant,100,Compliant
327,327,Running,Running,Running,Enabled,Updated,Compliant,100,Compliant
328,328,Running,Running,Running,Enabled,Updated,Compliant,100,Compliant
329,329,Running,Running,Running,Enabled,Updated,Compliant,100,Compliant
330,330,Running,Running,Running,Enabled,Updated,Compliant,100,Compliant
331,331,Running,Running,Running,Enabled,Updated,Compliant,100,Compliant
332,332,Running,Running,Running,Enabled,Outdated,Compliant,85,Warning
333,333,Running,Running,Running,Enabled,Updated,Compliant,100,Compliant
334,334,Running,Running,Running,Enabled,Updated,Compliant,100,Compliant
335,335,Running,Running,Running,Enabled,Updated,Compliant,100,Compliant
336,336,Running,Running,Running,Enabled,Updated,Compliant,100,Compliant
337,337,Running,Running,Running,Enabled,Updated,Compliant,100,Compliant
338,338,Running,Running,Running,Enabled,Updated,Compliant,100,Compliant
339,339,Running,Running,Running,Enabled,Updated,Compliant,100,Compliant
340,340,Running,Running,Running,Enabled,Updated,Compliant,100,Compliant
341,341,Running,Running,Running,Enabled,Updated,Compliant,100,Compliant
342,342,Running,Running,Running,Enabled,Updated,Compliant,100,Compliant
343,343,Running,Running,Running,Enabled,Updated,Compliant,100,Compliant
344,344,Running,Running,Running,Enabled,Updated,Compliant,100,Compliant
345,345,Running,Running,Running,Enabled,Updated,Compliant,100,Compliant
346,346,Running,Running,Running,Enabled,Updated,Compliant,100,Compliant
347,347,Running,Running,Running,Enabled,Updated,Compliant,100,Compliant
348,348,Running,Running,Running,Enabled,Updated,Compliant,100,Compliant
349,349,Running,Running,Running,Enabled,Updated,Compliant,100,Compliant
350,350,Running,Running,Running,Enabled,Updated,Non-Compliant,90,Compliant
351,351,Stopped,Running,Running,Enabled,Updated,Compliant,80,Warning
352,352,Running,Running,Running,Enabled,Updated,Compliant,100,Compliant
353,353,Running,Running,Running,Enabled,Updated,Compliant,100,Compliant
354,354,Running,Running,Running,Enabled,Updated,Compliant,100,Compliant
355,355,Running,Running,Running,Enabled,Updated,Compliant,100,Compliant
356,356,Running,Running,Running,Enabled,Updated,Compliant,100,Compliant
357,357,Running,Running,Running,Enabled,Updated,Compliant,100,Compliant
358,358,Running,Running,Running,Enabled,Updated,Non-Compliant,90,Compliant
359,359,Running,Running,Running,Enabled,Updated,Compliant,100,Compliant
360,360,Running,Running,Running,Enabled,Updated,Compliant,100,Compliant
361,361,Running,Running,Running,Enabled,Updated,Compliant,100,Compliant
362,362,Running,Running,Running,Enabled,Updated,Compliant,100,Compliant
363,363,Stopped,Stopped,Running,Enabled,Updated,Compliant,60,Non-Compliant
364,364,Running,Running,Running,Enabled,Updated,Compliant,100,Compliant
365,365,Running,Running,Running,Enabled,Updated,Compliant,100,Compliant
366,366,Running,Running,Running,Enabled,Updated,Compliant,100,Compliant
367,367,Stopped,Running,Running,Enabled,Updated,Compliant,80,Warning
368,368,Running,Running,Running,Enabled,Outdated,Compliant,85,Warning
369,369,Running,Running,Running,Enabled,Updated,Compliant,100,Compliant
370,370,Running,Running,Running,Enabled,Updated,Compliant,100,Compliant
371,371,Running,Running,Running,Disabled,Outdated,Compliant,70,Warning
372,372,Stopped,Running,Running,Enabled,Updated,Compliant,80,Warning
373,373,Running,Running,Running,Enabled,Updated,Compliant,100,Compliant
374,374,Running,Running,Running,Enabled,Updated,Compliant,100,Compliant
375,375,Running,Stopped,Running,Enabled,Updated,Compliant,80,Warning
376,376,Running,Running,Running,Disabled,Updated,Compliant,85,Warning
377,377,Running,Running,Running,Enabled,Updated,Compliant,100,Compliant
378,378,Running,Running,Running,Enabled,Updated,Compliant,100,Compliant
379,379,Running,Running,Running,Enabled,Updated,Compliant,100,Compliant
380,380,Running,Running,Running,Enabled,Updated,Compliant,100,Compliant
381,381,Running,Running,Running,Enabled,Updated,Compliant,100,Compliant
382,382,Running,Running,Running,Enabled,Updated,Compliant,100,Compliant
383,383,Running,Running,Running,Enabled,Updated,Non-Compliant,90,Compliant
384,384,Running,Running,Stopped,Enabled,Updated,Compliant,80,Warning
385,385,Stopped,Running,Stopped,Enabled,Updated,Compliant,60,Non-Compliant
386,386,Running,Running,Running,Enabled,Updated,Compliant,100,Compliant
387,387,Running,Running,Running,Enabled,Outdated,Compliant,85,Warning
388,388,Running,Running,Running,Disabled,Updated,Non-Compliant,75,Warning
389,389,Running,Running,Running,Enabled,Updated,Compliant,100,Compliant
390,390,Running,Running,Running,Enabled,Outdated,Compliant,85,Warning
391,391,Running,Running,Running,Enabled,Updated,Compliant,100,Compliant
392,392,Running,Running,Running,Enabled,Outdated,Compliant,85,Warning
393,393,Running,Running,Running,Enabled,Updated,Non-Compliant,90,Compliant
394,394,Running,Running,Running,Enabled,Updated,Compliant,100,Compliant
395,395,Running,Running,Stopped,Enabled,Updated,Compliant,80,Warning
396,396,Running,Running,Running,Enabled,Updated,Compliant,100,Compliant
397,397,Running,Running,Stopped,Enabled,Updated,Compliant,80,Warning
398,398,Running,Running,Running,Enabled,Updated,Compliant,100,Compliant
399,399,Running,Running,Running,Enabled,Updated,Compliant,100,Compliant
400,400,Running,Running,Running,Enabled,Updated,Compliant,100,Compliant
401,401,Running,Running,Running,Enabled,Updated,Compliant,100,Compliant
402,402,Running,Running,Running,Enabled,Updated,Compliant,100,Compliant
403,403,Running,Running,Running,Enabled,Updated,Compliant,100,Compliant
404,404,Running,Stopped,Running,Enabled,Updated,Compliant,80,Warning
405,405,Running,Running,Running,Enabled,Updated,Compliant,100,Compliant
406,406,Running,Running,Running,Enabled,Updated,Compliant,100,Compliant
407,407,Running,Running,Running,Enabled,Updated,Non-Compliant,90,Compliant
408,408,Running,Running,Running,Enabled,Updated,Compliant,100,Compliant
409,409,Running,Running,Running,Enabled,Outdated,Compliant,85,Warning
410,410,Running,Running,Running,Enabled,Updated,Compliant,100,Compliant
411,411,Running,Running,Running,Enabled,Updated,Compliant,100,Compliant
412,412,Running,Running,Running,Enabled,Updated,Compliant,100,Compliant
413,413,Running,Running,Running,Enabled,Updated,Compliant,100,Compliant
414,414,Running,Running,Running,Enabled,Updated,Non-Compliant,90,Compliant
415,415,Running,Running,Running,Enabled,Updated,Compliant,100,Compliant
416,416,Running,Running,Running,Enabled,Updated,Compliant,100,Compliant
417,417,Running,Running,Running,Enabled,Outdated,Compliant,85,Warning
418,418,Running,Running,Running,Enabled,Updated,Compliant,100,Compliant
419,419,Running,Running,Running,Enabled,Updated,Compliant,100,Compliant
420,420,Running,Running,Running,Enabled,Outdated,Compliant,85,Warning
421,421,Running,Running,Running,Enabled,Updated,Compliant,100,Compliant
422,422,Running,Running,Stopped,Enabled,Updated,Compliant,80,Warning
423,423,Running,Running,Running,Enabled,Updated,Compliant,100,Compliant
424,424,Running,Running,Running,Enabled,Updated,Compliant,100,Compliant
425,425,Running,Running,Running,Enabled,Updated,Compliant,100,Compliant
426,426,Running,Running,Running,Enabled,Updated,Compliant,100,Compliant
427,427,Stopped,Running,Running,Enabled,Updated,Compliant,80,Warning
428,428,Running,Running,Running,Enabled,Outdated,Compliant,85,Warning
429,429,Running,Running,Running,Enabled,Updated,Non-Compliant,90,Compliant
430,430,Running,Running,Running,Enabled,Updated,Compliant,100,Compliant
431,431,Running,Running,Running,Enabled,Updated,Compliant,100,Compliant
432,432,Running,Running,Running,Enabled,Updated,Compliant,100,Compliant
433,433,Running,Running,Running,Enabled,Updated,Compliant,100,Compliant
434,434,Running,Running,Running,Enabled,Updated,Compliant,100,Compliant
435,435,Running,Running,Running,Enabled,Updated,Compliant,100,Compliant
436,436,Running,Running,Running,Enabled,Updated,Compliant,100,Compliant
437,437,Running,Running,Stopped,Enabled,Updated,Non-Compliant,70,Warning
438,438,Running,Running,Running,Enabled,Outdated,Compliant,85,Warning
439,439,Running,Running,Running,Enabled,Updated,Compliant,100,Compliant
440,440,Running,Running,Running,Enabled,Updated,Non-Compliant,90,Compliant
441,441,Running,Running,Running,Enabled,Updated,Compliant,100,Compliant
442,442,Running,Running,Running,Enabled,Updated,Compliant,100,Compliant
443,443,Running,Running,Running,Enabled,Updated,Compliant,100,Compliant
444,444,Running,Running,Running,Enabled,Outdated,Non-Compliant,75,Warning
445,445,Running,Stopped,Running,Enabled,Updated,Compliant,80,Warning
446,446,Running,Running,Running,Enabled,Updated,Compliant,100,Compliant
447,447,Running,Running,Running,Enabled,Updated,Compliant,100,Compliant
448,448,Running,Running,Running,Enabled,Updated,Compliant,100,Compliant
449,449,Running,Running,Running,Enabled,Updated,Compliant,100,Compliant
450,450,Running,Running,Running,Enabled,Updated,Compliant,100,Compliant
451,451,Running,Running,Running,Enabled,Updated,Compliant,100,Compliant
452,452,Running,Running,Running,Enabled,Updated,Compliant,100,Compliant
453,453,Running,Running,Running,Enabled,Outdated,Compliant,85,Warning
454,454,Running,Running,Running,Enabled,Updated,Compliant,100,Compliant
455,455,Running,Running,Running,Enabled,Updated,Compliant,100,Compliant
456,456,Running,Running,Running,Enabled,Updated,Compliant,100,Compliant
457,457,Running,Running,Running,Enabled,Updated,Compliant,100,Compliant
458,458,Running,Running,Running,Enabled,Updated,Compliant,100,Compliant
459,459,Running,Running,Running,Enabled,Updated,Compliant,100,Compliant
460,460,Running,Running,Running,Enabled,Updated,Compliant,100,Compliant
461,461,Running,Running,Running,Enabled,Updated,Compliant,100,Compliant
462,462,Running,Running,Running,Enabled,Updated,Compliant,100,Compliant
463,463,Running,Running,Running,Enabled,Outdated,Compliant,85,Warning
464,464,Running,Running,Running,Enabled,Updated,Compliant,100,Compliant
465,465,Running,Running,Running,Enabled,Updated,Compliant,100,Compliant
466,466,Running,Running,Running,Enabled,Updated,Compliant,100,Compliant
467,467,Running,Running,Running,Enabled,Updated,Compliant,100,Compliant
468,468,Running,Running,Running,Enabled,Updated,Compliant,100,Compliant
469,469,Running,Running,Running,Enabled,Updated,Compliant,100,Compliant
470,470,Running,Running,Running,Enabled,Updated,Compliant,100,Compliant
471,471,Running,Running,Running,Enabled,Updated,Compliant,100,Compliant
472,472,Running,Running,Running,Enabled,Updated,Compliant,100,Compliant
473,473,Running,Running,Running,Enabled,Updated,Compliant,100,Compliant
474,474,Running,Running,Running,Enabled,Updated,Compliant,100,Compliant
475,475,Running,Running,Running,Enabled,Updated,Compliant,100,Compliant
476,476,Running,Running,Running,Enabled,Updated,Compliant,100,Compliant
477,477,Running,Running,Running,Enabled,Updated,Compliant,100,Compliant
478,478,Running,Running,Running,Enabled,Updated,Compliant,100,Compliant
479,479,Stopped,Running,Running,Enabled,Updated,Compliant,80,Warning
480,480,Running,Running,Running,Enabled,Updated,Compliant,100,Compliant
481,481,Running,Running,Running,Enabled,Updated,Compliant,100,Compliant
482,482,Running,Running,Running,Enabled,Updated,Compliant,100,Compliant
483,483,Running,Running,Running,Enabled,Updated,Compliant,100,Compliant
484,484,Running,Running,Running,Enabled,Updated,Compliant,100,Compliant
485,485,Stopped,Running,Running,Enabled,Updated,Compliant,80,Warning
486,486,Running,Running,Running,Enabled,Updated,Compliant,100,Compliant
487,487,Running,Running,Running,Enabled,Updated,Compliant,100,Compliant
488,488,Running,Running,Running,Enabled,Updated,Compliant,100,Compliant
489,489,Running,Running,Running,Enabled,Outdated,Compliant,85,Warning
490,490,Running,Running,Running,Enabled,Updated,Compliant,100,Compliant
491,491,Running,Running,Running,Enabled,Updated,Compliant,100,Compliant
492,492,Running,Running,Running,Enabled,Updated,Compliant,100,Compliant
493,493,Running,Running,Running,Enabled,Updated,Compliant,100,Compliant
494,494,Running,Running,Running,Enabled,Updated,Compliant,100,Compliant
495,495,Running,Running,Running,Enabled,Updated,Compliant,100,Compliant
496,496,Running,Running,Running,Enabled,Updated,Compliant,100,Compliant
497,497,Running,Running,Running,Enabled,Updated,Compliant,100,Compliant
498,498,Running,Running,Running,Enabled,Updated,Compliant,100,Compliant
499,499,Running,Running,Running,Enabled,Updated,Compliant,100,Compliant
500,500,Running,Running,Running,Enabled,Updated,Compliant,100,Compliant
501,501,Running,Running,Running,Enabled,Updated,Compliant,100,Compliant
502,502,Running,Running,Running,Enabled,Updated,Compliant,100,Compliant
503,503,Running,Stopped,Running,Enabled,Updated,Compliant,80,Warning
504,504,Running,Running,Running,Enabled,Updated,Non-Compliant,90,Compliant
505,505,Running,Running,Running,Enabled,Updated,Non-Compliant,90,Compliant
506,506,Running,Running,Running,Enabled,Updated,Compliant,100,Compliant
507,507,Running,Running,Running,Enabled,Updated,Compliant,100,Compliant
508,508,Running,Running,Running,Enabled,Updated,Compliant,100,Compliant
509,509,Running,Running,Running,Enabled,Updated,Compliant,100,Compliant
510,510,Running,Running,Running,Enabled,Updated,Compliant,100,Compliant
511,511,Running,Running,Running,Enabled,Updated,Compliant,100,Compliant
512,512,Running,Running,Running,Enabled,Updated,Compliant,100,Compliant
513,513,Running,Stopped,Running,Disabled,Updated,Compliant,65,Non-Compliant
514,514,Running,Running,Running,Enabled,Updated,Compliant,100,Compliant
515,515,Running,Running,Running,Enabled,Updated,Compliant,100,Compliant
516,516,Running,Running,Running,Enabled,Updated,Compliant,100,Compliant
517,517,Running,Running,Running,Enabled,Updated,Compliant,100,Compliant
518,518,Running,Running,Running,Enabled,Updated,Compliant,100,Compliant
519,519,Running,Running,Running,Enabled,Updated,Compliant,100,Compliant
520,520,Running,Running,Running,Enabled,Updated,Compliant,100,Compliant
521,521,Running,Running,Running,Enabled,Updated,Compliant,100,Compliant
522,522,Running,Running,Running,Enabled,Updated,Compliant,100,Compliant
523,523,Stopped,Running,Running,Enabled,Updated,Compliant,80,Warning
524,524,Running,Running,Running,Enabled,Outdated,Compliant,85,Warning
525,525,Running,Running,Running,Enabled,Updated,Compliant,100,Compliant
526,526,Running,Running,Running,Enabled,Updated,Compliant,100,Compliant
527,527,Running,Running,Running,Enabled,Updated,Non-Compliant,90,Compliant
528,528,Running,Running,Running,Enabled,Updated,Compliant,100,Compliant
529,529,Running,Running,Running,Enabled,Updated,Compliant,100,Compliant
530,530,Running,Stopped,Running,Enabled,Updated,Compliant,80,Warning
531,531,Running,Running,Running,Enabled,Updated,Compliant,100,Compliant
532,532,Running,Running,Running,Enabled,Updated,Compliant,100,Compliant
533,533,Running,Running,Running,Enabled,Updated,Compliant,100,Compliant
534,534,Running,Running,Running,Enabled,Updated,Compliant,100,Compliant
535,535,Running,Running,Running,Enabled,Updated,Compliant,100,Compliant
536,536,Running,Running,Running,Enabled,Updated,Compliant,100,Compliant
537,537,Stopped,Running,Running,Enabled,Updated,Compliant,80,Warning
538,538,Running,Running,Running,Enabled,Updated,Non-Compliant,90,Compliant
539,539,Running,Running,Running,Enabled,Updated,Compliant,100,Compliant
540,540,Running,Running,Running,Enabled,Updated,Compliant,100,Compliant
541,541,Stopped,Running,Running,Enabled,Updated,Compliant,80,Warning
542,542,Running,Stopped,Running,Enabled,Updated,Compliant,80,Warning
543,543,Running,Running,Running,Enabled,Updated,Compliant,100,Compliant
544,544,Running,Running,Running,Enabled,Updated,Compliant,100,Compliant
545,545,Running,Running,Running,Enabled,Updated,Compliant,100,Compliant
546,546,Running,Running,Running,Enabled,Updated,Compliant,100,Compliant
547,547,Running,Running,Stopped,Enabled,Updated,Compliant,80,Warning
548,548,Running,Running,Running,Enabled,Updated,Compliant,100,Compliant
549,549,Running,Running,Running,Enabled,Updated,Compliant,100,Compliant
550,550,Running,Running,Running,Enabled,Updated,Compliant,100,Compliant
551,551,Running,Running,Running,Enabled,Updated,Compliant,100,Compliant
552,552,Stopped,Running,Running,Enabled,Updated,Compliant,80,Warning
553,553,Running,Running,Running,Enabled,Updated,Compliant,100,Compliant
554,554,Running,Running,Running,Enabled,Updated,Compliant,100,Compliant
555,555,Running,Running,Running,Enabled,Updated,Compliant,100,Compliant
556,556,Running,Stopped,Running,Enabled,Updated,Compliant,80,Warning
557,557,Running,Running,Running,Enabled,Updated,Compliant,100,Compliant
558,558,Running,Running,Running,Enabled,Updated,Compliant,100,Compliant
559,559,Running,Running,Running,Enabled,Updated,Non-Compliant,90,Compliant
560,560,Running,Running,Running,Enabled,Updated,Compliant,100,Compliant
561,561,Running,Running,Running,Enabled,Updated,Compliant,100,Compliant
562,562,Running,Running,Running,Enabled,Updated,Compliant,100,Compliant
563,563,Running,Running,Running,Enabled,Updated,Compliant,100,Compliant
564,564,Running,Running,Running,Enabled,Updated,Compliant,100,Compliant
565,565,Running,Running,Running,Enabled,Updated,Compliant,100,Compliant
566,566,Running,Running,Running,Enabled,Updated,Compliant,100,Compliant
567,567,Running,Running,Running,Enabled,Updated,Compliant,100,Compliant
568,568,Running,Running,Running,Enabled,Updated,Compliant,100,Compliant
569,569,Running,Running,Running,Enabled,Updated,Compliant,100,Compliant
570,570,Running,Running,Running,Enabled,Updated,Compliant,100,Compliant
571,571,Running,Running,Running,Enabled,Updated,Compliant,100,Compliant
572,572,Running,Running,Running,Enabled,Outdated,Compliant,85,Warning
573,573,Running,Running,Running,Enabled,Outdated,Compliant,85,Warning
574,574,Running,Running,Running,Enabled,Updated,Compliant,100,Compliant
575,575,Running,Running,Running,Enabled,Updated,Non-Compliant,90,Compliant
576,576,Running,Running,Running,Enabled,Updated,Compliant,100,Compliant
577,577,Running,Running,Running,Enabled,Updated,Compliant,100,Compliant
578,578,Running,Running,Stopped,Enabled,Updated,Compliant,80,Warning
579,579,Running,Running,Running,Enabled,Updated,Compliant,100,Compliant
580,580,Running,Running,Running,Enabled,Updated,Compliant,100,Compliant
581,581,Running,Running,Running,Enabled,Updated,Compliant,100,Compliant
582,582,Running,Running,Running,Enabled,Updated,Compliant,100,Compliant
583,583,Running,Stopped,Running,Enabled,Updated,Compliant,80,Warning
584,584,Running,Running,Running,Enabled,Updated,Compliant,100,Compliant
585,585,Running,Running,Running,Enabled,Updated,Compliant,100,Compliant
586,586,Running,Running,Running,Enabled,Updated,Compliant,100,Compliant
587,587,Running,Running,Running,Enabled,Outdated,Compliant,85,Warning
588,588,Running,Running,Running,Enabled,Updated,Compliant,100,Compliant
589,589,Running,Running,Running,Enabled,Updated,Compliant,100,Compliant
590,590,Running,Running,Running,Enabled,Updated,Compliant,100,Compliant
591,591,Running,Running,Running,Enabled,Updated,Compliant,100,Compliant
592,592,Running,Running,Running,Enabled,Updated,Compliant,100,Compliant
593,593,Running,Running,Running,Enabled,Updated,Compliant,100,Compliant
594,594,Running,Running,Running,Enabled,Updated,Compliant,100,Compliant
595,595,Running,Running,Running,Enabled,Outdated,Compliant,85,Warning
596,596,Running,Running,Running,Enabled,Updated,Compliant,100,Compliant
597,597,Running,Running,Running,Enabled,Updated,Compliant,100,Compliant
598,598,Stopped,Running,Running,Enabled,Outdated,Compliant,65,Non-Compliant
599,599,Stopped,Running,Running,Enabled,Updated,Compliant,80,Warning
600,600,Running,Running,Running,Enabled,Updated,Non-Compliant,90,Compliant
601,601,Running,Running,Running,Enabled,Updated,Compliant,100,Compliant
602,602,Running,Stopped,Running,Enabled,Updated,Compliant,80,Warning
603,603,Running,Running,Running,Disabled,Updated,Compliant,85,Warning
604,604,Running,Running,Running,Enabled,Updated,Compliant,100,Compliant
605,605,Running,Running,Running,Enabled,Updated,Compliant,100,Compliant
606,606,Running,Running,Running,Enabled,Updated,Compliant,100,Compliant
607,607,Running,Running,Running,Enabled,Updated,Compliant,100,Compliant
608,608,Running,Running,Running,Enabled,Updated,Compliant,100,Compliant
609,609,Running,Running,Running,Enabled,Updated,Compliant,100,Compliant
610,610,Running,Running,Running,Enabled,Updated,Compliant,100,Compliant
611,611,Running,Running,Running,Enabled,Updated,Compliant,100,Compliant
612,612,Running,Running,Running,Enabled,Outdated,Compliant,85,Warning
613,613,Running,Running,Running,Enabled,Updated,Compliant,100,Compliant
614,614,Running,Running,Running,Enabled,Outdated,Compliant,85,Warning
615,615,Running,Running,Running,Enabled,Updated,Non-Compliant,90,Compliant
616,616,Running,Running,Running,Enabled,Updated,Compliant,100,Compliant
617,617,Running,Running,Running,Enabled,Updated,Compliant,100,Compliant
618,618,Running,Running,Running,Enabled,Updated,Compliant,100,Compliant
619,619,Running,Running,Running,Enabled,Updated,Compliant,100,Compliant
620,620,Running,Running,Running,Enabled,Outdated,Non-Compliant,75,Warning
621,621,Running,Running,Running,Enabled,Updated,Non-Compliant,90,Compliant
622,622,Running,Running,Running,Enabled,Updated,Compliant,100,Compliant
623,623,Running,Running,Stopped,Enabled,Updated,Compliant,80,Warning
624,624,Stopped,Running,Running,Enabled,Updated,Compliant,80,Warning
625,625,Running,Running,Running,Enabled,Updated,Non-Compliant,90,Compliant
626,626,Running,Running,Running,Enabled,Updated,Compliant,100,Compliant
627,627,Running,Running,Running,Enabled,Updated,Compliant,100,Compliant
628,628,Running,Running,Running,Enabled,Updated,Compliant,100,Compliant
629,629,Running,Running,Running,Disabled,Updated,Compliant,85,Warning
630,630,Running,Running,Running,Enabled,Updated,Compliant,100,Compliant
631,631,Running,Running,Running,Enabled,Updated,Compliant,100,Compliant
632,632,Running,Running,Running,Enabled,Updated,Compliant,100,Compliant
633,633,Running,Running,Running,Enabled,Updated,Compliant,100,Compliant
634,634,Running,Running,Running,Enabled,Updated,Compliant,100,Compliant
635,635,Running,Running,Running,Enabled,Updated,Compliant,100,Compliant
636,636,Stopped,Running,Running,Enabled,Updated,Compliant,80,Warning
637,637,Stopped,Running,Running,Enabled,Outdated,Compliant,65,Non-Compliant
638,638,Stopped,Running,Running,Enabled,Updated,Compliant,80,Warning
639,639,Running,Running,Running,Enabled,Updated,Compliant,100,Compliant
640,640,Running,Running,Running,Enabled,Updated,Compliant,100,Compliant
641,641,Running,Running,Running,Enabled,Updated,Compliant,100,Compliant
642,642,Running,Running,Running,Enabled,Updated,Compliant,100,Compliant
643,643,Running,Running,Running,Enabled,Updated,Compliant,100,Compliant
644,644,Running,Running,Running,Enabled,Outdated,Compliant,85,Warning
645,645,Running,Running,Running,Enabled,Updated,Compliant,100,Compliant
646,646,Running,Running,Running,Enabled,Updated,Non-Compliant,90,Compliant
647,647,Running,Running,Running,Enabled,Updated,Compliant,100,Compliant
648,648,Running,Running,Running,Enabled,Updated,Compliant,100,Compliant
649,649,Stopped,Running,Running,Enabled,Outdated,Compliant,65,Non-Compliant
650,650,Running,Running,Running,Enabled,Updated,Non-Compliant,90,Compliant
651,651,Running,Running,Running,Enabled,Updated,Compliant,100,Compliant
652,652,Running,Running,Running,Enabled,Updated,Compliant,100,Compliant
653,653,Running,Running,Running,Enabled,Updated,Compliant,100,Compliant
654,654,Stopped,Running,Running,Enabled,Updated,Non-Compliant,70,Warning
655,655,Running,Running,Running,Enabled,Updated,Compliant,100,Compliant
656,656,Running,Running,Running,Enabled,Updated,Compliant,100,Compliant
657,657,Running,Running,Running,Enabled,Updated,Compliant,100,Compliant
658,658,Running,Stopped,Running,Enabled,Updated,Compliant,80,Warning
659,659,Running,Running,Running,Enabled,Updated,Compliant,100,Compliant
660,660,Running,Running,Running,Enabled,Updated,Compliant,100,Compliant
661,661,Stopped,Running,Running,Enabled,Updated,Non-Compliant,70,Warning
662,662,Running,Running,Running,Enabled,Updated,Compliant,100,Compliant
663,663,Running,Running,Running,Enabled,Updated,Compliant,100,Compliant
664,664,Running,Running,Running,Enabled,Updated,Non-Compliant,90,Compliant
665,665,Running,Running,Running,Enabled,Updated,Compliant,100,Compliant
666,666,Running,Running,Running,Enabled,Updated,Non-Compliant,90,Compliant
667,667,Running,Running,Running,Enabled,Updated,Compliant,100,Compliant
668,668,Running,Running,Running,Enabled,Outdated,Compliant,85,Warning
669,669,Running,Running,Stopped,Enabled,Outdated,Compliant,65,Non-Compliant
670,670,Running,Running,Running,Enabled,Updated,Compliant,100,Compliant
671,671,Running,Running,Running,Enabled,Outdated,Non-Compliant,75,Warning
672,672,Running,Running,Running,Enabled,Updated,Compliant,100,Compliant
673,673,Running,Running,Running,Enabled,Updated,Compliant,100,Compliant
674,674,Running,Running,Running,Enabled,Updated,Compliant,100,Compliant
675,675,Running,Running,Running,Enabled,Updated,Non-Compliant,90,Compliant
676,676,Running,Running,Running,Enabled,Updated,Compliant,100,Compliant
677,677,Running,Running,Running,Enabled,Updated,Compliant,100,Compliant
678,678,Running,Running,Running,Enabled,Outdated,Compliant,85,Warning
679,679,Running,Running,Running,Enabled,Updated,Compliant,100,Compliant
680,680,Running,Running,Running,Enabled,Updated,Compliant,100,Compliant
681,681,Running,Running,Running,Enabled,Updated,Compliant,100,Compliant
682,682,Stopped,Running,Running,Enabled,Updated,Compliant,80,Warning
683,683,Running,Running,Running,Enabled,Updated,Compliant,100,Compliant
684,684,Running,Running,Running,Enabled,Updated,Compliant,100,Compliant
685,685,Running,Running,Running,Enabled,Updated,Compliant,100,Compliant
686,686,Running,Running,Running,Enabled,Updated,Compliant,100,Compliant
687,687,Running,Running,Running,Enabled,Updated,Compliant,100,Compliant
688,688,Running,Running,Running,Enabled,Updated,Compliant,100,Compliant
689,689,Running,Running,Running,Enabled,Updated,Compliant,100,Compliant
690,690,Running,Running,Running,Enabled,Updated,Compliant,100,Compliant
691,691,Running,Running,Running,Enabled,Updated,Compliant,100,Compliant
692,692,Running,Running,Running,Enabled,Updated,Compliant,100,Compliant
693,693,Running,Running,Running,Enabled,Updated,Compliant,100,Compliant
694,694,Running,Running,Running,Enabled,Updated,Compliant,100,Compliant
695,695,Running,Running,Running,Enabled,Updated,Compliant,100,Compliant
696,696,Stopped,Running,Running,Enabled,Updated,Compliant,80,Warning
697,697,Running,Running,Running,Enabled,Updated,Compliant,100,Compliant
698,698,Running,Running,Running,Enabled,Updated,Compliant,100,Compliant
699,699,Running,Running,Running,Enabled,Updated,Compliant,100,Compliant
700,700,Running,Running,Running,Enabled,Updated,Compliant,100,Compliant
701,701,Running,Running,Running,Enabled,Updated,Compliant,100,Compliant
702,702,Running,Running,Running,Enabled,Updated,Compliant,100,Compliant
703,703,Running,Stopped,Running,Enabled,Outdated,Compliant,65,Non-Compliant
704,704,Running,Running,Running,Enabled,Outdated,Compliant,85,Warning
705,705,Running,Running,Running,Enabled,Updated,Compliant,100,Compliant
706,706,Running,Running,Running,Enabled,Updated,Compliant,100,Compliant
707,707,Running,Running,Running,Enabled,Updated,Compliant,100,Compliant
708,708,Running,Stopped,Running,Enabled,Updated,Compliant,80,Warning
709,709,Running,Running,Running,Enabled,Updated,Compliant,100,Compliant
710,710,Running,Running,Running,Enabled,Updated,Compliant,100,Compliant
711,711,Running,Running,Running,Enabled,Updated,Non-Compliant,90,Compliant
712,712,Running,Running,Running,Enabled,Updated,Compliant,100,Compliant
713,713,Stopped,Running,Stopped,Enabled,Updated,Compliant,60,Non-Compliant
714,714,Running,Running,Running,Enabled,Updated,Compliant,100,Compliant
715,715,Running,Running,Running,Enabled,Updated,Compliant,100,Compliant
716,716,Running,Running,Running,Enabled,Updated,Compliant,100,Compliant
717,717,Running,Running,Running,Enabled,Updated,Compliant,100,Compliant
718,718,Running,Running,Running,Enabled,Updated,Compliant,100,Compliant
719,719,Running,Running,Running,Enabled,Updated,Compliant,100,Compliant
720,720,Running,Running,Running,Enabled,Updated,Compliant,100,Compliant
721,721,Running,Running,Running,Enabled,Updated,Compliant,100,Compliant
722,722,Running,Running,Running,Enabled,Updated,Compliant,100,Compliant
723,723,Running,Running,Running,Enabled,Updated,Compliant,100,Compliant
724,724,Running,Running,Running,Enabled,Outdated,Compliant,85,Warning
725,725,Running,Running,Running,Enabled,Outdated,Compliant,85,Warning
726,726,Running,Running,Running,Disabled,Updated,Compliant,85,Warning
727,727,Running,Running,Running,Enabled,Updated,Compliant,100,Compliant
728,728,Running,Running,Running,Enabled,Updated,Compliant,100,Compliant
729,729,Running,Running,Running,Enabled,Updated,Compliant,100,Compliant
730,730,Running,Running,Running,Enabled,Outdated,Compliant,85,Warning
731,731,Stopped,Running,Running,Enabled,Updated,Compliant,80,Warning
732,732,Running,Running,Running,Enabled,Updated,Compliant,100,Compliant
733,733,Running,Running,Running,Enabled,Updated,Non-Compliant,90,Compliant
734,734,Running,Running,Running,Enabled,Updated,Compliant,100,Compliant
735,735,Running,Running,Running,Enabled,Outdated,Compliant,85,Warning
736,736,Running,Running,Running,Enabled,Outdated,Compliant,85,Warning
737,737,Running,Running,Running,Enabled,Updated,Compliant,100,Compliant
738,738,Stopped,Running,Running,Enabled,Updated,Compliant,80,Warning
739,739,Running,Running,Running,Enabled,Updated,Compliant,100,Compliant
740,740,Running,Stopped,Running,Enabled,Outdated,Compliant,65,Non-Compliant
741,741,Running,Running,Running,Enabled,Updated,Compliant,100,Compliant
742,742,Running,Running,Running,Enabled,Updated,Compliant,100,Compliant
743,743,Running,Running,Stopped,Enabled,Updated,Compliant,80,Warning
744,744,Running,Running,Running,Enabled,Updated,Compliant,100,Compliant
745,745,Running,Running,Running,Enabled,Updated,Compliant,100,Compliant
746,746,Running,Running,Running,Enabled,Updated,Compliant,100,Compliant
747,747,Running,Running,Running,Enabled,Updated,Compliant,100,Compliant
748,748,Running,Running,Running,Enabled,Updated,Non-Compliant,90,Compliant
749,749,Running,Running,Running,Enabled,Updated,Compliant,100,Compliant
750,750,Running,Running,Running,Enabled,Updated,Compliant,100,Compliant
751,751,Running,Running,Running,Enabled,Updated,Compliant,100,Compliant
752,752,Running,Running,Running,Enabled,Outdated,Compliant,85,Warning
753,753,Running,Running,Running,Enabled,Updated,Compliant,100,Compliant
754,754,Running,Running,Running,Enabled,Updated,Compliant,100,Compliant
755,755,Running,Running,Running,Enabled,Updated,Compliant,100,Compliant
756,756,Stopped,Running,Running,Enabled,Updated,Compliant,80,Warning
757,757,Running,Running,Running,Enabled,Updated,Compliant,100,Compliant
758,758,Running,Stopped,Running,Enabled,Updated,Compliant,80,Warning
759,759,Running,Running,Running,Enabled,Updated,Compliant,100,Compliant
760,760,Running,Running,Running,Enabled,Updated,Compliant,100,Compliant
761,761,Running,Running,Running,Enabled,Updated,Compliant,100,Compliant
762,762,Running,Running,Running,Enabled,Updated,Compliant,100,Compliant
763,763,Running,Running,Running,Enabled,Updated,Compliant,100,Compliant
764,764,Running,Running,Running,Enabled,Updated,Compliant,100,Compliant
765,765,Running,Running,Running,Enabled,Updated,Compliant,100,Compliant
766,766,Running,Running,Running,Enabled,Outdated,Compliant,85,Warning
767,767,Running,Running,Running,Enabled,Updated,Compliant,100,Compliant
768,768,Running,Running,Running,Enabled,Updated,Compliant,100,Compliant
769,769,Running,Running,Running,Enabled,Updated,Compliant,100,Compliant
770,770,Stopped,Running,Running,Enabled,Outdated,Compliant,65,Non-Compliant
771,771,Running,Running,Running,Enabled,Updated,Compliant,100,Compliant
772,772,Running,Running,Running,Enabled,Outdated,Compliant,85,Warning
773,773,Stopped,Running,Running,Enabled,Updated,Compliant,80,Warning
774,774,Running,Running,Running,Enabled,Updated,Non-Compliant,90,Compliant
775,775,Running,Running,Running,Enabled,Updated,Compliant,100,Compliant
776,776,Running,Running,Running,Enabled,Updated,Compliant,100,Compliant
777,777,Running,Running,Running,Enabled,Updated,Compliant,100,Compliant
778,778,Running,Running,Running,Enabled,Updated,Compliant,100,Compliant
779,779,Running,Running,Running,Enabled,Updated,Compliant,100,Compliant
780,780,Running,Running,Running,Enabled,Updated,Compliant,100,Compliant
781,781,Running,Running,Running,Enabled,Updated,Compliant,100,Compliant
782,782,Running,Running,Running,Enabled,Updated,Compliant,100,Compliant
783,783,Running,Running,Stopped,Enabled,Updated,Compliant,80,Warning
784,784,Running,Running,Running,Enabled,Updated,Compliant,100,Compliant
785,785,Running,Running,Running,Enabled,Updated,Compliant,100,Compliant
786,786,Running,Running,Running,Enabled,Updated,Non-Compliant,90,Compliant
787,787,Running,Running,Running,Enabled,Updated,Compliant,100,Compliant
788,788,Running,Running,Running,Enabled,Outdated,Compliant,85,Warning
789,789,Running,Running,Running,Enabled,Updated,Compliant,100,Compliant
790,790,Running,Running,Running,Enabled,Updated,Compliant,100,Compliant
791,791,Running,Running,Running,Enabled,Updated,Compliant,100,Compliant
792,792,Running,Stopped,Running,Enabled,Updated,Compliant,80,Warning
793,793,Running,Running,Running,Enabled,Updated,Compliant,100,Compliant
794,794,Running,Running,Running,Enabled,Outdated,Compliant,85,Warning
795,795,Running,Running,Running,Enabled,Updated,Compliant,100,Compliant
796,796,Running,Running,Running,Enabled,Updated,Compliant,100,Compliant
797,797,Running,Running,Running,Enabled,Updated,Compliant,100,Compliant
798,798,Running,Running,Running,Enabled,Updated,Compliant,100,Compliant
799,799,Running,Running,Running,Enabled,Updated,Compliant,100,Compliant
800,800,Running,Running,Running,Enabled,Updated,Compliant,100,Compliant
801,801,Running,Running,Running,Enabled,Updated,Compliant,100,Compliant
802,802,Running,Running,Running,Enabled,Updated,Compliant,100,Compliant
803,803,Running,Stopped,Stopped,Enabled,Updated,Compliant,60,Non-Compliant
804,804,Running,Running,Running,Enabled,Updated,Compliant,100,Compliant
805,805,Running,Running,Running,Enabled,Updated,Compliant,100,Compliant
806,806,Running,Running,Running,Enabled,Updated,Compliant,100,Compliant
807,807,Running,Stopped,Running,Enabled,Updated,Compliant,80,Warning
808,808,Running,Running,Running,Enabled,Updated,Compliant,100,Compliant
809,809,Running,Running,Running,Enabled,Updated,Non-Compliant,90,Compliant
810,810,Running,Running,Running,Enabled,Updated,Compliant,100,Compliant
811,811,Running,Running,Running,Enabled,Updated,Compliant,100,Compliant
812,812,Running,Running,Running,Enabled,Outdated,Compliant,85,Warning
813,813,Running,Running,Running,Enabled,Updated,Compliant,100,Compliant
814,814,Running,Running,Running,Enabled,Outdated,Compliant,85,Warning
815,815,Running,Running,Running,Enabled,Updated,Compliant,100,Compliant
816,816,Running,Running,Running,Enabled,Outdated,Compliant,85,Warning
817,817,Running,Running,Running,Enabled,Updated,Compliant,100,Compliant
818,818,Running,Running,Running,Enabled,Updated,Compliant,100,Compliant
819,819,Running,Running,Running,Enabled,Outdated,Compliant,85,Warning
820,820,Running,Running,Running,Enabled,Updated,Compliant,100,Compliant
821,821,Running,Running,Running,Enabled,Updated,Compliant,100,Compliant
822,822,Running,Running,Running,Enabled,Updated,Compliant,100,Compliant
823,823,Running,Running,Running,Enabled,Updated,Compliant,100,Compliant
824,824,Running,Running,Running,Enabled,Updated,Compliant,100,Compliant
825,825,Running,Running,Running,Enabled,Updated,Compliant,100,Compliant
826,826,Running,Running,Running,Enabled,Updated,Compliant,100,Compliant
827,827,Running,Running,Running,Enabled,Updated,Compliant,100,Compliant
828,828,Running,Running,Running,Enabled,Updated,Compliant,100,Compliant
829,829,Running,Running,Running,Enabled,Outdated,Compliant,85,Warning
830,830,Running,Running,Running,Enabled,Updated,Compliant,100,Compliant
831,831,Running,Running,Running,Enabled,Updated,Compliant,100,Compliant
832,832,Running,Running,Running,Enabled,Updated,Compliant,100,Compliant
833,833,Running,Running,Running,Enabled,Updated,Non-Compliant,90,Compliant
834,834,Running,Running,Running,Enabled,Updated,Compliant,100,Compliant
835,835,Running,Running,Running,Enabled,Updated,Compliant,100,Compliant
836,836,Running,Running,Running,Enabled,Updated,Compliant,100,Compliant
837,837,Stopped,Running,Running,Enabled,Updated,Compliant,80,Warning
838,838,Running,Running,Running,Enabled,Updated,Compliant,100,Compliant
839,839,Running,Running,Running,Enabled,Updated,Compliant,100,Compliant
840,840,Running,Running,Running,Enabled,Updated,Compliant,100,Compliant
841,841,Running,Running,Running,Enabled,Updated,Compliant,100,Compliant
842,842,Running,Running,Running,Enabled,Updated,Non-Compliant,90,Compliant
843,843,Running,Running,Running,Enabled,Updated,Compliant,100,Compliant
844,844,Running,Running,Running,Enabled,Updated,Compliant,100,Compliant
845,845,Running,Running,Running,Enabled,Updated,Compliant,100,Compliant
846,846,Running,Running,Running,Enabled,Updated,Compliant,100,Compliant
847,847,Running,Running,Running,Enabled,Updated,Compliant,100,Compliant
848,848,Running,Running,Running,Enabled,Updated,Non-Compliant,90,Compliant
849,849,Running,Stopped,Stopped,Enabled,Updated,Compliant,60,Non-Compliant
850,850,Running,Running,Running,Enabled,Updated,Compliant,100,Compliant
851,851,Running,Running,Running,Enabled,Updated,Compliant,100,Compliant
852,852,Running,Running,Running,Enabled,Updated,Compliant,100,Compliant
853,853,Running,Running,Running,Enabled,Updated,Compliant,100,Compliant
854,854,Running,Running,Running,Enabled,Updated,Compliant,100,Compliant
855,855,Running,Running,Running,Enabled,Updated,Compliant,100,Compliant
856,856,Running,Running,Running,Enabled,Updated,Compliant,100,Compliant
857,857,Running,Running,Running,Enabled,Updated,Compliant,100,Compliant
858,858,Running,Running,Running,Enabled,Updated,Compliant,100,Compliant
859,859,Running,Running,Running,Enabled,Updated,Compliant,100,Compliant
860,860,Running,Running,Running,Enabled,Updated,Compliant,100,Compliant
861,861,Running,Running,Running,Enabled,Updated,Compliant,100,Compliant
862,862,Running,Running,Running,Enabled,Outdated,Compliant,85,Warning
863,863,Running,Running,Running,Enabled,Updated,Compliant,100,Compliant
864,864,Running,Running,Running,Enabled,Updated,Compliant,100,Compliant
865,865,Running,Running,Running,Enabled,Outdated,Compliant,85,Warning
866,866,Running,Running,Running,Enabled,Updated,Compliant,100,Compliant
867,867,Running,Running,Running,Enabled,Outdated,Compliant,85,Warning
868,868,Running,Running,Running,Enabled,Updated,Compliant,100,Compliant
869,869,Running,Running,Running,Enabled,Updated,Non-Compliant,90,Compliant
870,870,Running,Running,Running,Enabled,Updated,Compliant,100,Compliant
871,871,Running,Running,Running,Enabled,Updated,Compliant,100,Compliant
872,872,Running,Running,Running,Enabled,Updated,Compliant,100,Compliant
873,873,Running,Running,Running,Enabled,Updated,Compliant,100,Compliant
874,874,Running,Running,Running,Enabled,Updated,Non-Compliant,90,Compliant
875,875,Running,Running,Running,Enabled,Updated,Non-Compliant,90,Compliant
876,876,Stopped,Running,Running,Enabled,Updated,Compliant,80,Warning
877,877,Running,Running,Running,Enabled,Updated,Compliant,100,Compliant
878,878,Running,Running,Running,Enabled,Updated,Compliant,100,Compliant
879,879,Running,Running,Running,Enabled,Updated,Compliant,100,Compliant
880,880,Running,Running,Running,Enabled,Updated,Compliant,100,Compliant
881,881,Running,Running,Running,Enabled,Updated,Compliant,100,Compliant
882,882,Running,Running,Running,Enabled,Updated,Non-Compliant,90,Compliant
883,883,Running,Running,Running,Enabled,Updated,Non-Compliant,90,Compliant
884,884,Running,Stopped,Running,Enabled,Updated,Compliant,80,Warning
885,885,Running,Running,Running,Enabled,Updated,Compliant,100,Compliant
886,886,Running,Stopped,Running,Enabled,Outdated,Compliant,65,Non-Compliant
887,887,Running,Running,Running,Enabled,Updated,Compliant,100,Compliant
888,888,Running,Stopped,Running,Enabled,Updated,Compliant,80,Warning
889,889,Running,Running,Running,Enabled,Updated,Compliant,100,Compliant
890,890,Running,Running,Running,Enabled,Updated,Compliant,100,Compliant
891,891,Running,Running,Running,Enabled,Updated,Compliant,100,Compliant
892,892,Running,Running,Running,Enabled,Updated,Compliant,100,Compliant
893,893,Running,Running,Running,Enabled,Updated,Compliant,100,Compliant
894,894,Running,Running,Running,Enabled,Updated,Compliant,100,Compliant
895,895,Running,Running,Running,Enabled,Updated,Compliant,100,Compliant
896,896,Running,Running,Running,Enabled,Updated,Compliant,100,Compliant
897,897,Running,Running,Stopped,Enabled,Updated,Compliant,80,Warning
898,898,Running,Running,Running,Enabled,Updated,Compliant,100,Compliant
899,899,Running,Running,Running,Enabled,Updated,Compliant,100,Compliant
900,900,Running,Running,Running,Enabled,Updated,Compliant,100,Compliant
901,901,Running,Running,Running,Enabled,Updated,Compliant,100,Compliant
902,902,Running,Running,Running,Enabled,Updated,Compliant,100,Compliant
903,903,Running,Running,Running,Enabled,Outdated,Compliant,85,Warning
904,904,Running,Running,Running,Enabled,Updated,Compliant,100,Compliant
905,905,Running,Running,Running,Enabled,Updated,Compliant,100,Compliant
906,906,Running,Running,Stopped,Enabled,Updated,Compliant,80,Warning
907,907,Running,Running,Running,Enabled,Updated,Compliant,100,Compliant
908,908,Running,Running,Running,Enabled,Updated,Compliant,100,Compliant
909,909,Running,Running,Running,Enabled,Updated,Compliant,100,Compliant
910,910,Running,Running,Running,Enabled,Updated,Non-Compliant,90,Compliant
911,911,Running,Running,Running,Enabled,Updated,Compliant,100,Compliant
912,912,Running,Running,Running,Enabled,Updated,Compliant,100,Compliant
913,913,Running,Running,Running,Enabled,Updated,Compliant,100,Compliant
914,914,Running,Running,Running,Enabled,Updated,Compliant,100,Compliant
915,915,Running,Running,Running,Enabled,Updated,Compliant,100,Compliant
916,916,Running,Running,Running,Enabled,Updated,Compliant,100,Compliant
917,917,Running,Running,Running,Enabled,Updated,Compliant,100,Compliant
918,918,Running,Running,Running,Enabled,Updated,Compliant,100,Compliant
919,919,Running,Running,Running,Enabled,Outdated,Non-Compliant,75,Warning
920,920,Running,Running,Running,Enabled,Updated,Non-Compliant,90,Compliant
921,921,Running,Running,Running,Enabled,Updated,Compliant,100,Compliant
922,922,Running,Running,Running,Enabled,Updated,Compliant,100,Compliant
923,923,Running,Running,Running,Enabled,Updated,Compliant,100,Compliant
924,924,Running,Running,Running,Disabled,Updated,Compliant,85,Warning
925,925,Running,Running,Running,Enabled,Updated,Compliant,100,Compliant
926,926,Running,Running,Running,Enabled,Updated,Compliant,100,Compliant
927,927,Running,Running,Running,Enabled,Updated,Compliant,100,Compliant
928,928,Running,Running,Running,Enabled,Outdated,Compliant,85,Warning
929,929,Running,Running,Running,Enabled,Updated,Compliant,100,Compliant
930,930,Stopped,Running,Running,Enabled,Outdated,Compliant,65,Non-Compliant
931,931,Running,Running,Running,Enabled,Outdated,Compliant,85,Warning
932,932,Running,Running,Stopped,Enabled,Updated,Compliant,80,Warning
933,933,Stopped,Running,Running,Enabled,Updated,Compliant,80,Warning
934,934,Running,Running,Running,Enabled,Updated,Compliant,100,Compliant
935,935,Running,Running,Running,Enabled,Updated,Compliant,100,Compliant
936,936,Running,Running,Stopped,Enabled,Updated,Non-Compliant,70,Warning
937,937,Running,Running,Running,Enabled,Updated,Compliant,100,Compliant
938,938,Running,Running,Running,Enabled,Updated,Compliant,100,Compliant
939,939,Running,Stopped,Running,Enabled,Updated,Compliant,80,Warning
940,940,Running,Running,Running,Enabled,Updated,Compliant,100,Compliant
941,941,Running,Running,Running,Enabled,Updated,Compliant,100,Compliant
942,942,Running,Running,Running,Enabled,Updated,Compliant,100,Compliant
943,943,Running,Running,Running,Enabled,Outdated,Compliant,85,Warning
944,944,Running,Running,Running,Enabled,Updated,Compliant,100,Compliant
945,945,Running,Running,Running,Enabled,Updated,Compliant,100,Compliant
946,946,Running,Running,Running,Enabled,Outdated,Compliant,85,Warning
947,947,Running,Running,Running,Enabled,Outdated,Compliant,85,Warning
948,948,Running,Running,Running,Enabled,Updated,Compliant,100,Compliant
949,949,Running,Running,Running,Enabled,Updated,Compliant,100,Compliant
950,950,Running,Running,Running,Enabled,Updated,Compliant,100,Compliant
951,951,Running,Running,Running,Enabled,Updated,Compliant,100,Compliant
952,952,Running,Stopped,Running,Enabled,Updated,Compliant,80,Warning
953,953,Running,Running,Running,Enabled,Updated,Compliant,100,Compliant
954,954,Running,Running,Running,Enabled,Updated,Compliant,100,Compliant
955,955,Running,Running,Running,Enabled,Updated,Compliant,100,Compliant
956,956,Running,Running,Running,Enabled,Outdated,Compliant,85,Warning
957,957,Running,Running,Running,Enabled,Updated,Compliant,100,Compliant
958,958,Running,Running,Running,Enabled,Updated,Compliant,100,Compliant
959,959,Running,Running,Running,Enabled,Updated,Compliant,100,Compliant
960,960,Running,Running,Running,Enabled,Updated,Compliant,100,Compliant
961,961,Running,Running,Running,Enabled,Updated,Compliant,100,Compliant
962,962,Running,Running,Running,Enabled,Updated,Compliant,100,Compliant
963,963,Running,Running,Running,Enabled,Updated,Compliant,100,Compliant
964,964,Running,Running,Running,Enabled,Updated,Compliant,100,Compliant
965,965,Running,Running,Running,Enabled,Updated,Compliant,100,Compliant
966,966,Running,Running,Running,Enabled,Updated,Compliant,100,Compliant
967,967,Running,Running,Running,Enabled,Updated,Compliant,100,Compliant
968,968,Running,Running,Running,Enabled,Updated,Non-Compliant,90,Compliant
969,969,Running,Running,Running,Enabled,Updated,Compliant,100,Compliant
970,970,Stopped,Running,Running,Enabled,Updated,Compliant,80,Warning
971,971,Running,Running,Running,Enabled,Outdated,Compliant,85,Warning
972,972,Running,Running,Running,Enabled,Updated,Non-Compliant,90,Compliant
973,973,Running,Running,Running,Disabled,Updated,Compliant,85,Warning
974,974,Running,Running,Running,Enabled,Updated,Compliant,100,Compliant
975,975,Running,Stopped,Running,Enabled,Updated,Compliant,80,Warning
976,976,Running,Running,Running,Enabled,Updated,Compliant,100,Compliant
977,977,Running,Running,Running,Enabled,Updated,Compliant,100,Compliant
978,978,Running,Running,Running,Enabled,Outdated,Compliant,85,Warning
979,979,Running,Running,Running,Enabled,Updated,Compliant,100,Compliant
980,980,Running,Running,Running,Enabled,Outdated,Compliant,85,Warning
981,981,Running,Running,Stopped,Enabled,Updated,Compliant,80,Warning
982,982,Running,Running,Running,Enabled,Updated,Compliant,100,Compliant
983,983,Running,Running,Running,Enabled,Updated,Compliant,100,Compliant
984,984,Running,Stopped,Running,Enabled,Updated,Compliant,80,Warning
985,985,Running,Running,Running,Enabled,Updated,Compliant,100,Compliant
986,986,Running,Running,Running,Enabled,Updated,Compliant,100,Compliant
987,987,Running,Stopped,Running,Enabled,Updated,Compliant,80,Warning
988,988,Running,Running,Running,Enabled,Updated,Compliant,100,Compliant
989,989,Running,Running,Running,Enabled,Updated,Compliant,100,Compliant
990,990,Running,Running,Running,Enabled,Updated,Compliant,100,Compliant
991,991,Running,Running,Running,Enabled,Updated,Compliant,100,Compliant
992,992,Running,Stopped,Running,Enabled,Updated,Compliant,80,Warning
993,993,Running,Running,Running,Enabled,Updated,Compliant,100,Compliant
994,994,Running,Running,Running,Enabled,Outdated,Compliant,85,Warning
995,995,Running,Running,Running,Enabled,Updated,Non-Compliant,90,Compliant
996,996,Stopped,Running,Running,Enabled,Updated,Compliant,80,Warning
997,997,Running,Running,Running,Enabled,Updated,Compliant,100,Compliant
998,998,Running,Running,Running,Enabled,Updated,Non-Compliant,90,Compliant
999,999,Running,Running,Running,Enabled,Updated,Compliant,100,Compliant
1000,1000,Running,Running,Running,Enabled,Updated,Compliant,100,Compliant
1001,1001,Running,Running,Running,Enabled,Updated,Compliant,100,Compliant
1002,1002,Running,Running,Running,Enabled,Updated,Compliant,100,Compliant
1003,1003,Running,Running,Running,Enabled,Updated,Compliant,100,Compliant
1004,1004,Running,Stopped,Running,Enabled,Updated,Compliant,80,Warning
1005,1005,Running,Stopped,Running,Enabled,Updated,Compliant,80,Warning
1006,1006,Running,Running,Running,Enabled,Updated,Compliant,100,Compliant
1007,1007,Running,Running,Running,Enabled,Updated,Compliant,100,Compliant
1008,1008,Running,Running,Running,Enabled,Updated,Compliant,100,Compliant
1009,1009,Running,Running,Running,Enabled,Updated,Compliant,100,Compliant
1010,1010,Running,Running,Running,Enabled,Updated,Non-Compliant,90,Compliant
1011,1011,Running,Running,Running,Enabled,Outdated,Compliant,85,Warning
1012,1012,Running,Running,Running,Enabled,Updated,Compliant,100,Compliant
1013,1013,Running,Running,Running,Enabled,Updated,Non-Compliant,90,Compliant
1014,1014,Running,Running,Running,Enabled,Updated,Compliant,100,Compliant
1015,1015,Running,Running,Running,Enabled,Updated,Compliant,100,Compliant
1016,1016,Running,Running,Running,Enabled,Outdated,Compliant,85,Warning
1017,1017,Running,Running,Running,Enabled,Updated,Non-Compliant,90,Compliant
1018,1018,Stopped,Running,Running,Enabled,Updated,Compliant,80,Warning
1019,1019,Running,Running,Running,Enabled,Updated,Compliant,100,Compliant
1020,1020,Running,Running,Running,Enabled,Updated,Compliant,100,Compliant
1021,1021,Running,Running,Running,Enabled,Updated,Non-Compliant,90,Compliant
1022,1022,Running,Running,Running,Enabled,Updated,Compliant,100,Compliant
1023,1023,Running,Running,Running,Enabled,Updated,Compliant,100,Compliant
1024,1024,Running,Running,Running,Enabled,Updated,Compliant,100,Compliant
1025,1025,Running,Running,Running,Enabled,Updated,Compliant,100,Compliant
1026,1026,Running,Running,Running,Enabled,Outdated,Compliant,85,Warning
1027,1027,Running,Running,Running,Enabled,Updated,Compliant,100,Compliant
1028,1028,Running,Running,Running,Enabled,Outdated,Non-Compliant,75,Warning
1029,1029,Running,Running,Running,Enabled,Updated,Compliant,100,Compliant
1030,1030,Running,Running,Running,Enabled,Updated,Compliant,100,Compliant
1031,1031,Running,Running,Running,Enabled,Updated,Compliant,100,Compliant
1032,1032,Running,Running,Running,Enabled,Outdated,Compliant,85,Warning
1033,1033,Stopped,Running,Running,Enabled,Updated,Compliant,80,Warning
1034,1034,Running,Running,Running,Enabled,Updated,Compliant,100,Compliant
1035,1035,Running,Running,Running,Enabled,Updated,Compliant,100,Compliant
1036,1036,Running,Running,Running,Enabled,Updated,Compliant,100,Compliant
1037,1037,Running,Running,Running,Enabled,Updated,Compliant,100,Compliant
1038,1038,Running,Running,Running,Enabled,Updated,Compliant,100,Compliant
1039,1039,Running,Running,Running,Enabled,Updated,Compliant,100,Compliant
1040,1040,Running,Running,Running,Enabled,Updated,Compliant,100,Compliant
1041,1041,Running,Running,Running,Enabled,Updated,Compliant,100,Compliant
1042,1042,Running,Running,Running,Enabled,Updated,Compliant,100,Compliant
1043,1043,Running,Running,Running,Enabled,Updated,Compliant,100,Compliant
1044,1044,Running,Running,Running,Enabled,Updated,Compliant,100,Compliant
1045,1045,Running,Running,Running,Enabled,Updated,Compliant,100,Compliant
1046,1046,Running,Running,Running,Enabled,Updated,Compliant,100,Compliant
1047,1047,Running,Running,Running,Enabled,Updated,Compliant,100,Compliant
1048,1048,Running,Running,Running,Enabled,Outdated,Compliant,85,Warning
1049,1049,Running,Running,Running,Enabled,Updated,Compliant,100,Compliant
1050,1050,Running,Running,Running,Enabled,Updated,Non-Compliant,90,Compliant
1051,1051,Running,Running,Running,Enabled,Updated,Compliant,100,Compliant
1052,1052,Running,Running,Running,Enabled,Updated,Compliant,100,Compliant
1053,1053,Running,Running,Stopped,Enabled,Updated,Compliant,80,Warning
1054,1054,Running,Running,Running,Enabled,Updated,Compliant,100,Compliant
1055,1055,Running,Running,Running,Enabled,Updated,Compliant,100,Compliant
1056,1056,Running,Running,Running,Enabled,Updated,Compliant,100,Compliant
1057,1057,Running,Running,Running,Enabled,Updated,Compliant,100,Compliant
1058,1058,Running,Running,Running,Enabled,Updated,Compliant,100,Compliant
1059,1059,Running,Running,Running,Enabled,Updated,Compliant,100,Compliant
1060,1060,Running,Running,Running,Enabled,Updated,Non-Compliant,90,Compliant
1061,1061,Running,Running,Running,Enabled,Updated,Compliant,100,Compliant
1062,1062,Running,Running,Running,Enabled,Updated,Compliant,100,Compliant
1063,1063,Running,Running,Running,Enabled,Updated,Compliant,100,Compliant
1064,1064,Running,Running,Running,Enabled,Updated,Compliant,100,Compliant
1065,1065,Running,Stopped,Running,Enabled,Updated,Compliant,80,Warning
1066,1066,Running,Running,Running,Enabled,Updated,Compliant,100,Compliant
1067,1067,Running,Running,Running,Enabled,Updated,Compliant,100,Compliant
1068,1068,Running,Running,Running,Enabled,Updated,Compliant,100,Compliant
1069,1069,Running,Running,Running,Enabled,Updated,Compliant,100,Compliant
1070,1070,Running,Running,Running,Enabled,Updated,Compliant,100,Compliant
1071,1071,Running,Running,Running,Enabled,Updated,Compliant,100,Compliant
1072,1072,Running,Running,Running,Enabled,Updated,Compliant,100,Compliant
1073,1073,Running,Running,Running,Enabled,Outdated,Compliant,85,Warning
1074,1074,Running,Running,Running,Enabled,Updated,Compliant,100,Compliant
1075,1075,Running,Running,Running,Enabled,Updated,Compliant,100,Compliant
1076,1076,Running,Running,Stopped,Enabled,Outdated,Compliant,65,Non-Compliant
1077,1077,Running,Running,Running,Enabled,Updated,Compliant,100,Compliant
1078,1078,Running,Running,Running,Enabled,Updated,Compliant,100,Compliant
1079,1079,Running,Running,Running,Enabled,Updated,Compliant,100,Compliant
1080,1080,Running,Running,Running,Enabled,Updated,Compliant,100,Compliant
1081,1081,Running,Running,Running,Enabled,Updated,Compliant,100,Compliant
1082,1082,Running,Running,Running,Enabled,Updated,Compliant,100,Compliant
1083,1083,Running,Running,Running,Enabled,Outdated,Compliant,85,Warning
1084,1084,Running,Running,Running,Enabled,Updated,Compliant,100,Compliant
1085,1085,Running,Running,Running,Enabled,Updated,Compliant,100,Compliant
1086,1086,Running,Running,Running,Enabled,Updated,Compliant,100,Compliant
1087,1087,Running,Stopped,Running,Enabled,Updated,Compliant,80,Warning
1088,1088,Running,Running,Running,Enabled,Updated,Compliant,100,Compliant
1089,1089,Running,Running,Running,Enabled,Updated,Compliant,100,Compliant
1090,1090,Running,Running,Running,Enabled,Updated,Compliant,100,Compliant
1091,1091,Running,Running,Running,Enabled,Updated,Compliant,100,Compliant
1092,1092,Stopped,Running,Running,Enabled,Updated,Compliant,80,Warning
1093,1093,Running,Running,Running,Disabled,Updated,Compliant,85,Warning
1094,1094,Running,Stopped,Running,Enabled,Outdated,Compliant,65,Non-Compliant
1095,1095,Running,Running,Running,Enabled,Updated,Compliant,100,Compliant
1096,1096,Running,Running,Running,Enabled,Updated,Compliant,100,Compliant
1097,1097,Running,Running,Running,Enabled,Updated,Compliant,100,Compliant
1098,1098,Running,Running,Running,Enabled,Updated,Non-Compliant,90,Compliant
1099,1099,Running,Running,Running,Enabled,Updated,Compliant,100,Compliant
1100,1100,Running,Running,Running,Enabled,Updated,Compliant,100,Compliant
1101,1101,Stopped,Running,Running,Enabled,Updated,Compliant,80,Warning
1102,1102,Running,Running,Running,Enabled,Updated,Compliant,100,Compliant
1103,1103,Running,Running,Running,Enabled,Updated,Non-Compliant,90,Compliant
1104,1104,Running,Running,Running,Enabled,Updated,Compliant,100,Compliant
1105,1105,Running,Running,Running,Enabled,Updated,Compliant,100,Compliant
1106,1106,Running,Running,Running,Enabled,Updated,Compliant,100,Compliant
1107,1107,Running,Running,Running,Enabled,Updated,Compliant,100,Compliant
1108,1108,Stopped,Running,Running,Enabled,Updated,Compliant,80,Warning
1109,1109,Running,Running,Running,Enabled,Updated,Compliant,100,Compliant
1110,1110,Running,Stopped,Stopped,Enabled,Updated,Compliant,60,Non-Compliant
1111,1111,Running,Running,Running,Enabled,Updated,Compliant,100,Compliant
1112,1112,Running,Running,Running,Enabled,Updated,Compliant,100,Compliant
1113,1113,Running,Running,Running,Enabled,Updated,Non-Compliant,90,Compliant
1114,1114,Running,Running,Running,Enabled,Updated,Compliant,100,Compliant
1115,1115,Running,Running,Running,Enabled,Updated,Compliant,100,Compliant
1116,1116,Running,Running,Running,Enabled,Updated,Compliant,100,Compliant
1117,1117,Running,Running,Running,Enabled,Updated,Compliant,100,Compliant
1118,1118,Running,Running,Running,Enabled,Updated,Compliant,100,Compliant
1119,1119,Running,Running,Running,Enabled,Updated,Compliant,100,Compliant
1120,1120,Running,Running,Running,Enabled,Updated,Compliant,100,Compliant
1121,1121,Running,Running,Running,Enabled,Updated,Compliant,100,Compliant
1122,1122,Running,Running,Running,Enabled,Updated,Compliant,100,Compliant
1123,1123,Running,Running,Running,Enabled,Updated,Compliant,100,Compliant
1124,1124,Running,Stopped,Stopped,Enabled,Outdated,Non-Compliant,35,Non-Compliant
1125,1125,Running,Running,Running,Enabled,Updated,Non-Compliant,90,Compliant
1126,1126,Running,Running,Running,Enabled,Updated,Compliant,100,Compliant
1127,1127,Running,Running,Running,Enabled,Updated,Non-Compliant,90,Compliant
1128,1128,Running,Running,Running,Enabled,Outdated,Compliant,85,Warning
1129,1129,Running,Running,Running,Enabled,Updated,Compliant,100,Compliant
1130,1130,Running,Running,Running,Enabled,Updated,Compliant,100,Compliant
1131,1131,Running,Running,Running,Enabled,Updated,Compliant,100,Compliant
1132,1132,Running,Running,Running,Enabled,Outdated,Compliant,85,Warning
1133,1133,Stopped,Running,Running,Enabled,Updated,Compliant,80,Warning
1134,1134,Running,Stopped,Running,Enabled,Updated,Compliant,80,Warning
1135,1135,Running,Running,Running,Enabled,Updated,Compliant,100,Compliant
1136,1136,Running,Running,Running,Enabled,Updated,Non-Compliant,90,Compliant
1137,1137,Running,Running,Running,Enabled,Updated,Compliant,100,Compliant
1138,1138,Running,Running,Running,Enabled,Updated,Compliant,100,Compliant
1139,1139,Running,Running,Running,Enabled,Updated,Compliant,100,Compliant
1140,1140,Running,Running,Running,Enabled,Updated,Compliant,100,Compliant
1141,1141,Running,Running,Running,Enabled,Updated,Compliant,100,Compliant
1142,1142,Running,Running,Running,Enabled,Updated,Compliant,100,Compliant
1143,1143,Running,Running,Running,Enabled,Updated,Compliant,100,Compliant
1144,1144,Running,Running,Running,Enabled,Updated,Compliant,100,Compliant
1145,1145,Stopped,Running,Running,Enabled,Updated,Non-Compliant,70,Warning
1146,1146,Stopped,Running,Running,Enabled,Updated,Compliant,80,Warning
1147,1147,Running,Running,Running,Enabled,Updated,Compliant,100,Compliant
1148,1148,Running,Running,Running,Enabled,Updated,Compliant,100,Compliant
1149,1149,Running,Running,Running,Enabled,Updated,Compliant,100,Compliant
1150,1150,Running,Running,Running,Enabled,Updated,Compliant,100,Compliant
1151,1151,Running,Running,Running,Enabled,Outdated,Compliant,85,Warning
1152,1152,Running,Running,Running,Enabled,Updated,Non-Compliant,90,Compliant
1153,1153,Running,Running,Running,Enabled,Updated,Non-Compliant,90,Compliant
1154,1154,Running,Running,Running,Disabled,Outdated,Compliant,70,Warning
1155,1155,Running,Running,Running,Enabled,Updated,Compliant,100,Compliant
1156,1156,Running,Running,Running,Enabled,Updated,Compliant,100,Compliant
1157,1157,Running,Running,Running,Disabled,Updated,Compliant,85,Warning
1158,1158,Running,Running,Running,Enabled,Updated,Compliant,100,Compliant
1159,1159,Stopped,Running,Running,Enabled,Updated,Compliant,80,Warning
1160,1160,Running,Running,Running,Enabled,Updated,Compliant,100,Compliant
1161,1161,Running,Running,Running,Enabled,Updated,Compliant,100,Compliant
1162,1162,Running,Running,Running,Enabled,Outdated,Compliant,85,Warning
1163,1163,Running,Running,Running,Enabled,Updated,Non-Compliant,90,Compliant
1164,1164,Running,Running,Running,Enabled,Updated,Compliant,100,Compliant
1165,1165,Running,Running,Running,Enabled,Updated,Compliant,100,Compliant
1166,1166,Running,Running,Running,Enabled,Updated,Compliant,100,Compliant
1167,1167,Running,Running,Running,Enabled,Updated,Compliant,100,Compliant
1168,1168,Running,Running,Running,Enabled,Updated,Compliant,100,Compliant
1169,1169,Running,Running,Running,Enabled,Updated,Compliant,100,Compliant
1170,1170,Running,Running,Running,Enabled,Updated,Compliant,100,Compliant
1171,1171,Running,Running,Running,Enabled,Updated,Compliant,100,Compliant
1172,1172,Running,Running,Running,Enabled,Updated,Compliant,100,Compliant
1173,1173,Stopped,Running,Running,Enabled,Updated,Compliant,80,Warning
1174,1174,Running,Running,Running,Enabled,Updated,Compliant,100,Compliant
1175,1175,Running,Running,Running,Enabled,Updated,Compliant,100,Compliant
1176,1176,Running,Running,Running,Enabled,Updated,Compliant,100,Compliant
1177,1177,Running,Running,Running,Disabled,Updated,Compliant,85,Warning
1178,1178,Running,Running,Running,Enabled,Updated,Compliant,100,Compliant
1179,1179,Running,Running,Running,Enabled,Updated,Compliant,100,Compliant
1180,1180,Running,Running,Running,Enabled,Updated,Compliant,100,Compliant
1181,1181,Running,Running,Running,Enabled,Updated,Compliant,100,Compliant
1182,1182,Running,Running,Running,Enabled,Outdated,Compliant,85,Warning
1183,1183,Running,Running,Running,Enabled,Updated,Non-Compliant,90,Compliant
1184,1184,Running,Running,Running,Enabled,Updated,Non-Compliant,90,Compliant
1185,1185,Running,Running,Running,Enabled,Updated,Compliant,100,Compliant
1186,1186,Running,Running,Running,Enabled,Updated,Compliant,100,Compliant
1187,1187,Running,Running,Running,Enabled,Updated,Compliant,100,Compliant
1188,1188,Running,Running,Running,Enabled,Updated,Compliant,100,Compliant
1189,1189,Running,Running,Running,Enabled,Outdated,Compliant,85,Warning
1190,1190,Running,Running,Running,Enabled,Updated,Compliant,100,Compliant
1191,1191,Running,Running,Running,Enabled,Updated,Compliant,100,Compliant
1192,1192,Running,Running,Running,Enabled,Updated,Compliant,100,Compliant
1193,1193,Stopped,Running,Running,Disabled,Outdated,Compliant,50,Non-Compliant
1194,1194,Running,Running,Running,Enabled,Outdated,Compliant,85,Warning
1195,1195,Running,Running,Running,Enabled,Updated,Compliant,100,Compliant
1196,1196,Running,Running,Running,Enabled,Updated,Compliant,100,Compliant
1197,1197,Running,Running,Running,Enabled,Updated,Compliant,100,Compliant
1198,1198,Running,Running,Running,Enabled,Outdated,Non-Compliant,75,Warning
1199,1199,Running,Running,Running,Enabled,Updated,Compliant,100,Compliant
1200,1200,Running,Running,Running,Enabled,Updated,Compliant,100,Compliant
1201,1201,Running,Running,Running,Enabled,Updated,Compliant,100,Compliant
1202,1202,Running,Running,Stopped,Enabled,Updated,Compliant,80,Warning
1203,1203,Running,Running,Running,Enabled,Updated,Non-Compliant,90,Compliant
1204,1204,Stopped,Running,Running,Enabled,Updated,Compliant,80,Warning
1205,1205,Running,Running,Running,Enabled,Updated,Compliant,100,Compliant
1206,1206,Running,Running,Running,Enabled,Updated,Non-Compliant,90,Compliant
1207,1207,Running,Running,Running,Enabled,Updated,Compliant,100,Compliant
1208,1208,Running,Running,Running,Enabled,Updated,Compliant,100,Compliant
1209,1209,Running,Running,Running,Enabled,Updated,Compliant,100,Compliant
1210,1210,Running,Running,Running,Enabled,Updated,Compliant,100,Compliant
1211,1211,Running,Running,Running,Enabled,Updated,Compliant,100,Compliant
1212,1212,Running,Running,Running,Enabled,Updated,Compliant,100,Compliant
1213,1213,Stopped,Running,Running,Enabled,Updated,Compliant,80,Warning
1214,1214,Running,Running,Running,Enabled,Updated,Compliant,100,Compliant
1215,1215,Running,Running,Running,Enabled,Outdated,Compliant,85,Warning
1216,1216,Running,Running,Running,Enabled,Updated,Compliant,100,Compliant
1217,1217,Running,Running,Running,Enabled,Updated,Compliant,100,Compliant
1218,1218,Running,Running,Running,Enabled,Updated,Compliant,100,Compliant
1219,1219,Running,Running,Running,Enabled,Updated,Compliant,100,Compliant
1220,1220,Running,Running,Running,Enabled,Updated,Compliant,100,Compliant
1221,1221,Running,Running,Running,Enabled,Updated,Compliant,100,Compliant
1222,1222,Running,Running,Running,Enabled,Updated,Compliant,100,Compliant
1223,1223,Running,Running,Running,Enabled,Updated,Compliant,100,Compliant
1224,1224,Running,Running,Running,Enabled,Updated,Non-Compliant,90,Compliant
1225,1225,Running,Running,Running,Enabled,Outdated,Compliant,85,Warning
1226,1226,Running,Running,Running,Enabled,Updated,Compliant,100,Compliant
1227,1227,Running,Running,Running,Enabled,Updated,Compliant,100,Compliant
1228,1228,Stopped,Running,Running,Enabled,Updated,Compliant,80,Warning
1229,1229,Running,Running,Running,Enabled,Updated,Compliant,100,Compliant
1230,1230,Running,Running,Running,Enabled,Updated,Compliant,100,Compliant
1231,1231,Running,Running,Running,Enabled,Updated,Non-Compliant,90,Compliant
1232,1232,Running,Running,Running,Enabled,Updated,Compliant,100,Compliant
1233,1233,Running,Running,Running,Enabled,Updated,Compliant,100,Compliant
1234,1234,Running,Running,Running,Enabled,Updated,Compliant,100,Compliant
1235,1235,Running,Running,Running,Enabled,Updated,Compliant,100,Compliant
1236,1236,Running,Running,Running,Enabled,Updated,Compliant,100,Compliant
1237,1237,Running,Running,Running,Enabled,Updated,Compliant,100,Compliant
1238,1238,Running,Running,Running,Enabled,Updated,Compliant,100,Compliant
1239,1239,Running,Running,Running,Enabled,Outdated,Compliant,85,Warning
1240,1240,Running,Running,Running,Enabled,Updated,Compliant,100,Compliant
1241,1241,Running,Running,Running,Enabled,Outdated,Compliant,85,Warning
1242,1242,Running,Stopped,Running,Enabled,Updated,Compliant,80,Warning
1243,1243,Running,Running,Running,Enabled,Updated,Compliant,100,Compliant
1244,1244,Running,Running,Running,Enabled,Updated,Compliant,100,Compliant
1245,1245,Running,Running,Running,Enabled,Updated,Compliant,100,Compliant
1246,1246,Running,Running,Running,Enabled,Updated,Compliant,100,Compliant
1247,1247,Running,Running,Running,Enabled,Updated,Compliant,100,Compliant
1248,1248,Running,Running,Running,Enabled,Updated,Compliant,100,Compliant
1249,1249,Running,Running,Stopped,Enabled,Updated,Compliant,80,Warning
1250,1250,Running,Running,Running,Enabled,Updated,Compliant,100,Compliant
1251,1251,Running,Running,Running,Enabled,Outdated,Compliant,85,Warning
1252,1252,Running,Running,Running,Enabled,Outdated,Compliant,85,Warning
1253,1253,Running,Running,Running,Enabled,Updated,Compliant,100,Compliant
1254,1254,Running,Running,Running,Enabled,Updated,Compliant,100,Compliant
1255,1255,Running,Running,Running,Enabled,Outdated,Compliant,85,Warning
1256,1256,Running,Running,Running,Enabled,Updated,Compliant,100,Compliant
1257,1257,Running,Running,Running,Enabled,Updated,Compliant,100,Compliant
1258,1258,Running,Running,Running,Enabled,Updated,Non-Compliant,90,Compliant
1259,1259,Running,Running,Running,Enabled,Updated,Non-Compliant,90,Compliant
1260,1260,Running,Running,Running,Enabled,Updated,Compliant,100,Compliant
1261,1261,Running,Running,Stopped,Enabled,Updated,Compliant,80,Warning
1262,1262,Running,Stopped,Running,Enabled,Updated,Compliant,80,Warning
1263,1263,Running,Running,Running,Enabled,Updated,Compliant,100,Compliant
1264,1264,Running,Running,Running,Enabled,Updated,Compliant,100,Compliant
1265,1265,Running,Running,Running,Enabled,Updated,Compliant,100,Compliant
1266,1266,Running,Running,Running,Enabled,Updated,Compliant,100,Compliant
1267,1267,Running,Stopped,Running,Enabled,Updated,Compliant,80,Warning
1268,1268,Running,Running,Running,Enabled,Updated,Compliant,100,Compliant
1269,1269,Stopped,Running,Running,Enabled,Updated,Compliant,80,Warning
1270,1270,Running,Running,Running,Enabled,Outdated,Compliant,85,Warning
1271,1271,Running,Stopped,Running,Enabled,Updated,Compliant,80,Warning
1272,1272,Running,Running,Running,Enabled,Updated,Compliant,100,Compliant
1273,1273,Running,Running,Running,Enabled,Outdated,Compliant,85,Warning
1274,1274,Running,Running,Running,Enabled,Updated,Compliant,100,Compliant
1275,1275,Running,Running,Running,Enabled,Updated,Compliant,100,Compliant
1276,1276,Running,Running,Running,Enabled,Updated,Compliant,100,Compliant
1277,1277,Running,Running,Running,Enabled,Updated,Compliant,100,Compliant
1278,1278,Running,Running,Running,Enabled,Outdated,Compliant,85,Warning
1279,1279,Running,Running,Running,Enabled,Updated,Non-Compliant,90,Compliant
1280,1280,Running,Running,Running,Enabled,Updated,Compliant,100,Compliant
1281,1281,Running,Running,Running,Enabled,Updated,Compliant,100,Compliant
1282,1282,Running,Running,Running,Enabled,Updated,Compliant,100,Compliant
1283,1283,Running,Running,Running,Enabled,Updated,Compliant,100,Compliant
1284,1284,Running,Running,Running,Enabled,Updated,Compliant,100,Compliant
1285,1285,Running,Running,Running,Enabled,Updated,Compliant,100,Compliant
1286,1286,Running,Running,Running,Enabled,Updated,Compliant,100,Compliant
1287,1287,Running,Running,Running,Enabled,Updated,Compliant,100,Compliant
1288,1288,Running,Running,Running,Enabled,Updated,Compliant,100,Compliant
1289,1289,Running,Running,Running,Enabled,Outdated,Compliant,85,Warning
1290,1290,Running,Running,Running,Enabled,Updated,Compliant,100,Compliant
1291,1291,Running,Running,Running,Enabled,Updated,Compliant,100,Compliant
1292,1292,Running,Running,Running,Enabled,Updated,Compliant,100,Compliant
1293,1293,Running,Running,Running,Enabled,Updated,Compliant,100,Compliant
1294,1294,Running,Running,Running,Enabled,Updated,Compliant,100,Compliant
1295,1295,Running,Running,Stopped,Enabled,Updated,Non-Compliant,70,Warning
1296,1296,Running,Running,Running,Enabled,Updated,Compliant,100,Compliant
1297,1297,Running,Running,Running,Enabled,Updated,Compliant,100,Compliant
1298,1298,Running,Running,Running,Enabled,Updated,Compliant,100,Compliant
1299,1299,Running,Running,Running,Enabled,Updated,Compliant,100,Compliant
1300,1300,Running,Running,Running,Disabled,Updated,Non-Compliant,75,Warning
1301,1301,Running,Running,Running,Enabled,Outdated,Compliant,85,Warning
1302,1302,Running,Running,Running,Enabled,Updated,Compliant,100,Compliant
1303,1303,Running,Running,Running,Enabled,Updated,Compliant,100,Compliant
1304,1304,Running,Running,Running,Enabled,Updated,Compliant,100,Compliant
1305,1305,Running,Running,Running,Enabled,Outdated,Non-Compliant,75,Warning
1306,1306,Running,Stopped,Running,Enabled,Updated,Compliant,80,Warning
1307,1307,Running,Running,Running,Enabled,Updated,Compliant,100,Compliant
1308,1308,Running,Running,Running,Enabled,Outdated,Compliant,85,Warning
1309,1309,Running,Running,Running,Enabled,Updated,Compliant,100,Compliant
1310,1310,Running,Running,Running,Enabled,Updated,Compliant,100,Compliant
1311,1311,Running,Running,Running,Enabled,Updated,Non-Compliant,90,Compliant
1312,1312,Running,Running,Running,Enabled,Updated,Compliant,100,Compliant
1313,1313,Running,Running,Running,Enabled,Outdated,Compliant,85,Warning
1314,1314,Running,Running,Running,Enabled,Updated,Non-Compliant,90,Compliant
1315,1315,Running,Running,Running,Enabled,Updated,Compliant,100,Compliant
1316,1316,Running,Running,Running,Enabled,Updated,Compliant,100,Compliant
1317,1317,Running,Running,Running,Enabled,Updated,Compliant,100,Compliant
1318,1318,Running,Running,Running,Enabled,Updated,Compliant,100,Compliant
1319,1319,Running,Running,Running,Enabled,Updated,Compliant,100,Compliant
1320,1320,Running,Running,Running,Enabled,Updated,Compliant,100,Compliant
1321,1321,Running,Running,Running,Enabled,Updated,Compliant,100,Compliant
1322,1322,Running,Running,Running,Enabled,Updated,Non-Compliant,90,Compliant
1323,1323,Running,Running,Running,Enabled,Updated,Compliant,100,Compliant
1324,1324,Running,Running,Running,Enabled,Outdated,Compliant,85,Warning
1325,1325,Running,Running,Running,Enabled,Updated,Compliant,100,Compliant
1326,1326,Running,Running,Running,Enabled,Updated,Compliant,100,Compliant
1327,1327,Running,Running,Running,Enabled,Updated,Compliant,100,Compliant
1328,1328,Running,Running,Running,Enabled,Updated,Compliant,100,Compliant
1329,1329,Running,Running,Running,Enabled,Updated,Compliant,100,Compliant
1330,1330,Running,Running,Running,Enabled,Updated,Compliant,100,Compliant
1331,1331,Running,Running,Running,Enabled,Updated,Compliant,100,Compliant
1332,1332,Running,Running,Running,Enabled,Updated,Compliant,100,Compliant
1333,1333,Running,Running,Running,Enabled,Updated,Compliant,100,Compliant
1334,1334,Running,Running,Running,Enabled,Updated,Compliant,100,Compliant
1335,1335,Running,Running,Running,Enabled,Updated,Compliant,100,Compliant
1336,1336,Running,Running,Running,Enabled,Updated,Compliant,100,Compliant
1337,1337,Running,Running,Running,Enabled,Updated,Compliant,100,Compliant
1338,1338,Running,Running,Running,Enabled,Updated,Compliant,100,Compliant
1339,1339,Running,Stopped,Running,Enabled,Updated,Compliant,80,Warning
1340,1340,Running,Running,Running,Enabled,Updated,Compliant,100,Compliant
1341,1341,Running,Running,Running,Enabled,Updated,Compliant,100,Compliant
1342,1342,Running,Running,Running,Disabled,Outdated,Compliant,70,Warning
1343,1343,Running,Running,Running,Enabled,Updated,Compliant,100,Compliant
1344,1344,Running,Running,Running,Enabled,Outdated,Compliant,85,Warning
1345,1345,Running,Running,Running,Enabled,Updated,Compliant,100,Compliant
1346,1346,Running,Running,Running,Enabled,Updated,Compliant,100,Compliant
1347,1347,Running,Running,Running,Enabled,Updated,Compliant,100,Compliant
1348,1348,Running,Running,Running,Enabled,Updated,Compliant,100,Compliant
1349,1349,Running,Running,Running,Enabled,Updated,Compliant,100,Compliant
1350,1350,Stopped,Running,Running,Enabled,Updated,Compliant,80,Warning
1351,1351,Running,Running,Running,Enabled,Updated,Compliant,100,Compliant
1352,1352,Running,Running,Running,Enabled,Updated,Compliant,100,Compliant
1353,1353,Running,Running,Running,Enabled,Updated,Compliant,100,Compliant
1354,1354,Running,Running,Running,Enabled,Updated,Compliant,100,Compliant
1355,1355,Running,Running,Running,Enabled,Updated,Compliant,100,Compliant
1356,1356,Running,Running,Running,Enabled,Outdated,Compliant,85,Warning
1357,1357,Running,Running,Running,Enabled,Updated,Compliant,100,Compliant
1358,1358,Running,Running,Running,Enabled,Updated,Compliant,100,Compliant
1359,1359,Running,Running,Running,Enabled,Updated,Compliant,100,Compliant
1360,1360,Running,Running,Running,Enabled,Updated,Compliant,100,Compliant
1361,1361,Running,Running,Running,Enabled,Updated,Compliant,100,Compliant
1362,1362,Running,Running,Running,Enabled,Updated,Compliant,100,Compliant
1363,1363,Running,Running,Running,Enabled,Updated,Compliant,100,Compliant
1364,1364,Running,Running,Running,Enabled,Updated,Compliant,100,Compliant
1365,1365,Running,Running,Running,Enabled,Updated,Compliant,100,Compliant
1366,1366,Running,Running,Running,Enabled,Updated,Compliant,100,Compliant
1367,1367,Running,Running,Running,Enabled,Updated,Compliant,100,Compliant
1368,1368,Running,Running,Running,Enabled,Updated,Compliant,100,Compliant
1369,1369,Running,Running,Running,Disabled,Updated,Non-Compliant,75,Warning
1370,1370,Running,Running,Running,Enabled,Updated,Compliant,100,Compliant
1371,1371,Running,Running,Running,Enabled,Updated,Compliant,100,Compliant
1372,1372,Stopped,Running,Running,Enabled,Updated,Compliant,80,Warning
1373,1373,Stopped,Stopped,Running,Enabled,Updated,Compliant,60,Non-Compliant
1374,1374,Running,Running,Running,Enabled,Updated,Compliant,100,Compliant
1375,1375,Running,Running,Running,Enabled,Outdated,Compliant,85,Warning
1376,1376,Running,Running,Running,Enabled,Outdated,Compliant,85,Warning
1377,1377,Stopped,Running,Running,Enabled,Updated,Compliant,80,Warning
1378,1378,Running,Running,Running,Enabled,Updated,Compliant,100,Compliant
1379,1379,Running,Running,Stopped,Enabled,Updated,Compliant,80,Warning
1380,1380,Running,Running,Running,Enabled,Updated,Compliant,100,Compliant
1381,1381,Running,Running,Running,Enabled,Updated,Compliant,100,Compliant
1382,1382,Running,Running,Running,Enabled,Updated,Compliant,100,Compliant
1383,1383,Running,Running,Running,Enabled,Updated,Compliant,100,Compliant
1384,1384,Running,Running,Running,Enabled,Updated,Compliant,100,Compliant
1385,1385,Running,Running,Running,Enabled,Updated,Compliant,100,Compliant
1386,1386,Stopped,Running,Running,Enabled,Updated,Compliant,80,Warning
1387,1387,Stopped,Running,Running,Enabled,Updated,Compliant,80,Warning
1388,1388,Stopped,Running,Running,Enabled,Updated,Compliant,80,Warning
1389,1389,Running,Running,Running,Enabled,Updated,Compliant,100,Compliant
1390,1390,Running,Running,Running,Enabled,Updated,Compliant,100,Compliant
1391,1391,Running,Running,Running,Enabled,Updated,Compliant,100,Compliant
1392,1392,Running,Running,Running,Enabled,Updated,Compliant,100,Compliant
1393,1393,Running,Running,Running,Enabled,Updated,Compliant,100,Compliant
1394,1394,Running,Running,Running,Enabled,Updated,Compliant,100,Compliant
1395,1395,Running,Running,Running,Enabled,Updated,Compliant,100,Compliant
1396,1396,Running,Running,Running,Enabled,Updated,Compliant,100,Compliant
1397,1397,Running,Running,Running,Enabled,Updated,Compliant,100,Compliant
1398,1398,Running,Running,Running,Enabled,Updated,Compliant,100,Compliant
1399,1399,Running,Running,Running,Disabled,Updated,Compliant,85,Warning
1400,1400,Running,Stopped,Running,Enabled,Updated,Compliant,80,Warning
1401,1401,Stopped,Running,Running,Enabled,Updated,Compliant,80,Warning
1402,1402,Running,Running,Running,Enabled,Updated,Compliant,100,Compliant
1403,1403,Running,Running,Running,Enabled,Updated,Compliant,100,Compliant
1404,1404,Running,Running,Running,Enabled,Updated,Compliant,100,Compliant
1405,1405,Running,Running,Running,Enabled,Updated,Compliant,100,Compliant
1406,1406,Running,Running,Running,Enabled,Updated,Compliant,100,Compliant
1407,1407,Running,Running,Running,Enabled,Updated,Compliant,100,Compliant
1408,1408,Running,Running,Running,Enabled,Updated,Compliant,100,Compliant
1409,1409,Running,Running,Running,Enabled,Updated,Compliant,100,Compliant
1410,1410,Stopped,Stopped,Running,Enabled,Updated,Compliant,60,Non-Compliant
1411,1411,Stopped,Running,Running,Enabled,Updated,Compliant,80,Warning
1412,1412,Running,Running,Running,Enabled,Updated,Compliant,100,Compliant
1413,1413,Running,Running,Running,Enabled,Outdated,Compliant,85,Warning
1414,1414,Running,Running,Running,Enabled,Updated,Compliant,100,Compliant
1415,1415,Running,Running,Running,Enabled,Updated,Compliant,100,Compliant
1416,1416,Running,Running,Running,Enabled,Updated,Compliant,100,Compliant
1417,1417,Running,Running,Running,Enabled,Updated,Compliant,100,Compliant
1418,1418,Running,Running,Running,Enabled,Updated,Compliant,100,Compliant
1419,1419,Running,Running,Running,Enabled,Updated,Compliant,100,Compliant
1420,1420,Running,Running,Running,Enabled,Updated,Compliant,100,Compliant
1421,1421,Running,Running,Running,Enabled,Updated,Compliant,100,Compliant
1422,1422,Running,Running,Running,Enabled,Updated,Compliant,100,Compliant
1423,1423,Running,Running,Running,Enabled,Updated,Compliant,100,Compliant
1424,1424,Running,Running,Running,Enabled,Updated,Compliant,100,Compliant
1425,1425,Running,Running,Running,Enabled,Updated,Compliant,100,Compliant
1426,1426,Running,Running,Running,Enabled,Outdated,Compliant,85,Warning
1427,1427,Running,Running,Running,Enabled,Outdated,Compliant,85,Warning
1428,1428,Running,Running,Running,Enabled,Updated,Compliant,100,Compliant
1429,1429,Running,Running,Running,Enabled,Updated,Compliant,100,Compliant
1430,1430,Running,Stopped,Running,Enabled,Outdated,Compliant,65,Non-Compliant
1431,1431,Running,Running,Running,Enabled,Updated,Compliant,100,Compliant
1432,1432,Running,Running,Running,Enabled,Updated,Compliant,100,Compliant
1433,1433,Stopped,Running,Running,Enabled,Updated,Compliant,80,Warning
1434,1434,Running,Running,Running,Enabled,Updated,Compliant,100,Compliant
1435,1435,Running,Running,Running,Enabled,Updated,Compliant,100,Compliant
1436,1436,Running,Running,Running,Enabled,Outdated,Compliant,85,Warning
1437,1437,Running,Running,Running,Enabled,Updated,Compliant,100,Compliant
1438,1438,Running,Running,Running,Enabled,Updated,Compliant,100,Compliant
1439,1439,Running,Running,Stopped,Enabled,Updated,Compliant,80,Warning
1440,1440,Running,Running,Running,Enabled,Updated,Compliant,100,Compliant
1441,1441,Running,Running,Running,Enabled,Updated,Compliant,100,Compliant
1442,1442,Running,Running,Running,Enabled,Updated,Compliant,100,Compliant
1443,1443,Running,Running,Running,Enabled,Updated,Compliant,100,Compliant
1444,1444,Running,Running,Running,Enabled,Updated,Compliant,100,Compliant
1445,1445,Running,Running,Running,Enabled,Updated,Compliant,100,Compliant
1446,1446,Running,Running,Running,Enabled,Outdated,Compliant,85,Warning
1447,1447,Stopped,Running,Running,Enabled,Updated,Compliant,80,Warning
1448,1448,Running,Running,Running,Enabled,Updated,Compliant,100,Compliant
1449,1449,Running,Running,Running,Enabled,Updated,Compliant,100,Compliant
1450,1450,Running,Running,Running,Enabled,Outdated,Compliant,85,Warning
1451,1451,Running,Running,Running,Enabled,Updated,Compliant,100,Compliant
1452,1452,Running,Running,Running,Enabled,Updated,Compliant,100,Compliant
1453,1453,Running,Running,Running,Enabled,Updated,Compliant,100,Compliant
1454,1454,Running,Running,Running,Enabled,Updated,Compliant,100,Compliant
1455,1455,Running,Running,Running,Enabled,Updated,Compliant,100,Compliant
1456,1456,Running,Running,Running,Enabled,Updated,Compliant,100,Compliant
1457,1457,Running,Running,Running,Enabled,Updated,Compliant,100,Compliant
1458,1458,Running,Running,Running,Enabled,Updated,Compliant,100,Compliant
1459,1459,Running,Running,Running,Enabled,Updated,Compliant,100,Compliant
1460,1460,Running,Running,Running,Enabled,Updated,Compliant,100,Compliant
1461,1461,Running,Running,Running,Enabled,Updated,Compliant,100,Compliant
1462,1462,Running,Running,Running,Enabled,Updated,Compliant,100,Compliant
1463,1463,Running,Running,Running,Enabled,Updated,Compliant,100,Compliant
1464,1464,Running,Running,Running,Enabled,Updated,Compliant,100,Compliant
1465,1465,Running,Running,Running,Enabled,Outdated,Compliant,85,Warning
1466,1466,Running,Running,Running,Enabled,Updated,Compliant,100,Compliant
1467,1467,Running,Running,Running,Enabled,Updated,Non-Compliant,90,Compliant
1468,1468,Running,Running,Running,Enabled,Updated,Compliant,100,Compliant
1469,1469,Running,Running,Running,Enabled,Updated,Compliant,100,Compliant
1470,1470,Running,Running,Running,Enabled,Updated,Compliant,100,Compliant
1471,1471,Running,Running,Running,Enabled,Updated,Compliant,100,Compliant
1472,1472,Stopped,Running,Running,Enabled,Updated,Compliant,80,Warning
1473,1473,Running,Running,Stopped,Enabled,Outdated,Compliant,65,Non-Compliant
1474,1474,Running,Running,Running,Enabled,Updated,Compliant,100,Compliant
1475,1475,Running,Running,Running,Enabled,Updated,Compliant,100,Compliant
1476,1476,Running,Stopped,Running,Enabled,Updated,Compliant,80,Warning
1477,1477,Running,Running,Running,Enabled,Updated,Compliant,100,Compliant
1478,1478,Running,Running,Running,Enabled,Updated,Compliant,100,Compliant
1479,1479,Running,Running,Running,Enabled,Updated,Compliant,100,Compliant
1480,1480,Running,Running,Running,Enabled,Updated,Compliant,100,Compliant
1481,1481,Running,Running,Running,Enabled,Updated,Compliant,100,Compliant
1482,1482,Running,Running,Running,Enabled,Updated,Compliant,100,Compliant
1483,1483,Running,Running,Running,Enabled,Updated,Compliant,100,Compliant
1484,1484,Running,Running,Running,Enabled,Updated,Non-Compliant,90,Compliant
1485,1485,Running,Running,Running,Enabled,Updated,Compliant,100,Compliant
1486,1486,Running,Running,Running,Enabled,Updated,Compliant,100,Compliant
1487,1487,Running,Running,Running,Enabled,Updated,Compliant,100,Compliant
1488,1488,Running,Running,Running,Enabled,Updated,Compliant,100,Compliant
1489,1489,Running,Running,Running,Enabled,Updated,Compliant,100,Compliant
1490,1490,Stopped,Running,Running,Enabled,Updated,Compliant,80,Warning
1491,1491,Running,Running,Running,Enabled,Updated,Compliant,100,Compliant
1492,1492,Running,Running,Running,Enabled,Updated,Compliant,100,Compliant
1493,1493,Running,Running,Running,Enabled,Updated,Compliant,100,Compliant
1494,1494,Running,Running,Running,Enabled,Updated,Compliant,100,Compliant
1495,1495,Running,Running,Running,Enabled,Updated,Compliant,100,Compliant
1496,1496,Running,Running,Stopped,Enabled,Updated,Compliant,80,Warning
1497,1497,Running,Running,Running,Enabled,Updated,Non-Compliant,90,Compliant
1498,1498,Running,Running,Running,Enabled,Updated,Compliant,100,Compliant
1499,1499,Running,Running,Running,Enabled,Updated,Non-Compliant,90,Compliant
1500,1500,Running,Running,Running,Enabled,Updated,Compliant,100,Compliant
1501,1501,Running,Running,Running,Enabled,Updated,Compliant,100,Compliant
1502,1502,Running,Running,Running,Enabled,Updated,Compliant,100,Compliant
1503,1503,Running,Running,Running,Enabled,Updated,Compliant,100,Compliant
1504,1504,Running,Running,Running,Enabled,Updated,Compliant,100,Compliant
1505,1505,Running,Running,Running,Enabled,Updated,Non-Compliant,90,Compliant
1506,1506,Running,Running,Running,Enabled,Updated,Compliant,100,Compliant
1507,1507,Running,Running,Running,Enabled,Updated,Compliant,100,Compliant
1508,1508,Running,Running,Running,Enabled,Updated,Compliant,100,Compliant
1509,1509,Running,Running,Running,Enabled,Updated,Compliant,100,Compliant
1510,1510,Running,Running,Running,Enabled,Updated,Compliant,100,Compliant
1511,1511,Running,Running,Running,Enabled,Updated,Compliant,100,Compliant
1512,1512,Stopped,Running,Running,Enabled,Updated,Compliant,80,Warning
1513,1513,Running,Running,Running,Enabled,Updated,Compliant,100,Compliant
1514,1514,Running,Running,Running,Enabled,Updated,Compliant,100,Compliant
1515,1515,Running,Running,Running,Enabled,Outdated,Compliant,85,Warning
1516,1516,Running,Running,Running,Enabled,Updated,Compliant,100,Compliant
1517,1517,Running,Running,Running,Enabled,Updated,Non-Compliant,90,Compliant
1518,1518,Running,Running,Running,Enabled,Updated,Compliant,100,Compliant
1519,1519,Running,Running,Running,Enabled,Updated,Compliant,100,Compliant
1520,1520,Stopped,Stopped,Running,Enabled,Updated,Compliant,60,Non-Compliant
1521,1521,Running,Running,Running,Enabled,Updated,Compliant,100,Compliant
1522,1522,Stopped,Running,Running,Enabled,Updated,Compliant,80,Warning
1523,1523,Running,Running,Running,Enabled,Updated,Compliant,100,Compliant
1524,1524,Running,Running,Running,Enabled,Outdated,Compliant,85,Warning
1525,1525,Running,Running,Running,Enabled,Updated,Compliant,100,Compliant
1526,1526,Running,Running,Running,Enabled,Updated,Compliant,100,Compliant
1527,1527,Running,Stopped,Running,Enabled,Updated,Compliant,80,Warning
1528,1528,Running,Running,Running,Enabled,Updated,Compliant,100,Compliant
1529,1529,Running,Running,Running,Enabled,Updated,Compliant,100,Compliant
1530,1530,Running,Running,Running,Enabled,Updated,Compliant,100,Compliant
1531,1531,Running,Running,Running,Enabled,Updated,Compliant,100,Compliant
1532,1532,Running,Running,Running,Enabled,Updated,Compliant,100,Compliant
1533,1533,Running,Running,Running,Enabled,Updated,Compliant,100,Compliant
1534,1534,Running,Running,Running,Enabled,Updated,Compliant,100,Compliant
1535,1535,Running,Running,Running,Enabled,Updated,Compliant,100,Compliant
1536,1536,Running,Running,Running,Enabled,Updated,Compliant,100,Compliant
1537,1537,Running,Running,Running,Enabled,Updated,Compliant,100,Compliant
1538,1538,Running,Running,Running,Enabled,Outdated,Compliant,85,Warning
1539,1539,Running,Running,Running,Enabled,Updated,Compliant,100,Compliant
1540,1540,Running,Running,Running,Enabled,Updated,Compliant,100,Compliant
1541,1541,Running,Running,Running,Enabled,Updated,Compliant,100,Compliant
1542,1542,Running,Running,Running,Enabled,Updated,Compliant,100,Compliant
1543,1543,Running,Running,Running,Enabled,Updated,Compliant,100,Compliant
1544,1544,Running,Running,Stopped,Enabled,Updated,Compliant,80,Warning
1545,1545,Running,Running,Running,Enabled,Updated,Compliant,100,Compliant
1546,1546,Running,Running,Running,Enabled,Updated,Compliant,100,Compliant
1547,1547,Running,Running,Running,Enabled,Updated,Compliant,100,Compliant
1548,1548,Running,Running,Running,Enabled,Updated,Compliant,100,Compliant
1549,1549,Running,Running,Stopped,Enabled,Updated,Compliant,80,Warning
1550,1550,Running,Running,Running,Enabled,Updated,Compliant,100,Compliant
1551,1551,Running,Running,Running,Enabled,Updated,Compliant,100,Compliant
1552,1552,Running,Running,Running,Enabled,Updated,Compliant,100,Compliant
1553,1553,Running,Running,Running,Enabled,Updated,Compliant,100,Compliant
1554,1554,Stopped,Running,Running,Enabled,Updated,Compliant,80,Warning
1555,1555,Running,Stopped,Running,Enabled,Updated,Compliant,80,Warning
1556,1556,Running,Running,Running,Enabled,Updated,Compliant,100,Compliant
1557,1557,Running,Running,Stopped,Enabled,Updated,Compliant,80,Warning
1558,1558,Running,Running,Running,Enabled,Updated,Compliant,100,Compliant
1559,1559,Running,Running,Running,Enabled,Outdated,Compliant,85,Warning
1560,1560,Running,Running,Running,Enabled,Updated,Compliant,100,Compliant
1561,1561,Running,Running,Running,Enabled,Updated,Compliant,100,Compliant
1562,1562,Running,Running,Running,Enabled,Updated,Compliant,100,Compliant
1563,1563,Running,Running,Running,Enabled,Outdated,Compliant,85,Warning
1564,1564,Running,Running,Running,Enabled,Updated,Compliant,100,Compliant
1565,1565,Running,Running,Running,Enabled,Outdated,Compliant,85,Warning
1566,1566,Stopped,Running,Running,Enabled,Updated,Compliant,80,Warning
1567,1567,Running,Running,Running,Enabled,Updated,Compliant,100,Compliant
1568,1568,Running,Running,Running,Enabled,Updated,Compliant,100,Compliant
1569,1569,Running,Running,Running,Enabled,Updated,Compliant,100,Compliant
1570,1570,Running,Running,Running,Disabled,Updated,Compliant,85,Warning
1571,1571,Running,Running,Running,Enabled,Outdated,Compliant,85,Warning
1572,1572,Running,Running,Running,Enabled,Updated,Compliant,100,Compliant
1573,1573,Running,Running,Running,Enabled,Updated,Compliant,100,Compliant
1574,1574,Running,Running,Running,Enabled,Updated,Compliant,100,Compliant
1575,1575,Running,Running,Running,Enabled,Updated,Compliant,100,Compliant
1576,1576,Running,Running,Running,Enabled,Updated,Compliant,100,Compliant
1577,1577,Stopped,Running,Running,Enabled,Updated,Compliant,80,Warning
1578,1578,Running,Running,Running,Enabled,Updated,Compliant,100,Compliant
1579,1579,Running,Running,Running,Enabled,Updated,Compliant,100,Compliant
1580,1580,Running,Running,Running,Enabled,Updated,Compliant,100,Compliant
1581,1581,Running,Running,Running,Enabled,Updated,Non-Compliant,90,Compliant
1582,1582,Running,Running,Running,Enabled,Updated,Compliant,100,Compliant
1583,1583,Running,Running,Running,Enabled,Updated,Compliant,100,Compliant
1584,1584,Running,Running,Running,Enabled,Outdated,Compliant,85,Warning
1585,1585,Running,Running,Running,Enabled,Outdated,Compliant,85,Warning
1586,1586,Running,Stopped,Running,Enabled,Updated,Compliant,80,Warning
1587,1587,Running,Running,Running,Enabled,Updated,Compliant,100,Compliant
1588,1588,Running,Running,Running,Enabled,Outdated,Compliant,85,Warning
1589,1589,Running,Running,Running,Enabled,Updated,Compliant,100,Compliant
1590,1590,Running,Running,Running,Enabled,Updated,Compliant,100,Compliant
1591,1591,Running,Running,Running,Enabled,Updated,Compliant,100,Compliant
1592,1592,Running,Running,Running,Enabled,Updated,Compliant,100,Compliant
1593,1593,Running,Running,Running,Enabled,Updated,Compliant,100,Compliant
1594,1594,Running,Running,Running,Enabled,Updated,Compliant,100,Compliant
1595,1595,Running,Running,Running,Enabled,Updated,Compliant,100,Compliant
1596,1596,Running,Running,Running,Enabled,Outdated,Compliant,85,Warning
1597,1597,Running,Stopped,Running,Enabled,Updated,Compliant,80,Warning
1598,1598,Running,Running,Running,Enabled,Updated,Compliant,100,Compliant
1599,1599,Running,Running,Running,Enabled,Updated,Compliant,100,Compliant
1600,1600,Running,Running,Running,Enabled,Updated,Compliant,100,Compliant
1601,1601,Running,Running,Running,Enabled,Updated,Compliant,100,Compliant
1602,1602,Running,Running,Running,Enabled,Updated,Compliant,100,Compliant
1603,1603,Running,Running,Running,Enabled,Updated,Non-Compliant,90,Compliant
1604,1604,Running,Running,Running,Enabled,Updated,Compliant,100,Compliant
1605,1605,Running,Running,Stopped,Enabled,Updated,Compliant,80,Warning
1606,1606,Running,Running,Running,Enabled,Updated,Compliant,100,Compliant
1607,1607,Running,Running,Running,Enabled,Updated,Compliant,100,Compliant
1608,1608,Running,Running,Running,Enabled,Updated,Compliant,100,Compliant
1609,1609,Running,Running,Running,Enabled,Updated,Compliant,100,Compliant
1610,1610,Running,Running,Running,Enabled,Updated,Compliant,100,Compliant
1611,1611,Running,Running,Running,Enabled,Updated,Compliant,100,Compliant
1612,1612,Running,Running,Running,Enabled,Updated,Compliant,100,Compliant
1613,1613,Running,Running,Running,Enabled,Updated,Compliant,100,Compliant
1614,1614,Running,Running,Running,Enabled,Updated,Compliant,100,Compliant
1615,1615,Running,Running,Running,Enabled,Outdated,Compliant,85,Warning
1616,1616,Running,Running,Stopped,Enabled,Updated,Compliant,80,Warning
1617,1617,Running,Running,Running,Enabled,Updated,Compliant,100,Compliant
1618,1618,Running,Running,Running,Enabled,Updated,Compliant,100,Compliant
1619,1619,Running,Running,Running,Enabled,Updated,Compliant,100,Compliant
1620,1620,Running,Running,Running,Enabled,Updated,Compliant,100,Compliant
1621,1621,Running,Running,Running,Enabled,Updated,Compliant,100,Compliant
1622,1622,Running,Running,Running,Enabled,Outdated,Compliant,85,Warning
1623,1623,Running,Running,Running,Enabled,Updated,Compliant,100,Compliant
1624,1624,Running,Running,Running,Enabled,Updated,Compliant,100,Compliant
1625,1625,Running,Running,Running,Enabled,Updated,Compliant,100,Compliant
1626,1626,Running,Running,Running,Enabled,Updated,Compliant,100,Compliant
1627,1627,Running,Running,Running,Enabled,Outdated,Non-Compliant,75,Warning
1628,1628,Running,Running,Running,Enabled,Updated,Compliant,100,Compliant
1629,1629,Running,Running,Running,Enabled,Updated,Compliant,100,Compliant
1630,1630,Stopped,Running,Running,Enabled,Updated,Compliant,80,Warning
1631,1631,Running,Running,Running,Enabled,Updated,Compliant,100,Compliant
1632,1632,Running,Running,Running,Enabled,Updated,Compliant,100,Compliant
1633,1633,Running,Running,Running,Enabled,Updated,Compliant,100,Compliant
1634,1634,Running,Running,Running,Enabled,Updated,Compliant,100,Compliant
1635,1635,Stopped,Running,Running,Enabled,Updated,Compliant,80,Warning
1636,1636,Running,Running,Running,Enabled,Updated,Non-Compliant,90,Compliant
1637,1637,Running,Running,Running,Enabled,Updated,Compliant,100,Compliant
1638,1638,Running,Stopped,Running,Enabled,Updated,Compliant,80,Warning
1639,1639,Stopped,Running,Running,Enabled,Outdated,Compliant,65,Non-Compliant
1640,1640,Running,Running,Running,Enabled,Updated,Compliant,100,Compliant
1641,1641,Running,Running,Running,Enabled,Updated,Compliant,100,Compliant
1642,1642,Running,Running,Running,Enabled,Updated,Compliant,100,Compliant
1643,1643,Running,Running,Running,Enabled,Updated,Compliant,100,Compliant
1644,1644,Running,Stopped,Running,Enabled,Updated,Compliant,80,Warning
1645,1645,Running,Stopped,Running,Enabled,Updated,Compliant,80,Warning
1646,1646,Running,Running,Running,Enabled,Updated,Compliant,100,Compliant
1647,1647,Running,Running,Running,Enabled,Updated,Non-Compliant,90,Compliant
1648,1648,Running,Running,Running,Enabled,Updated,Compliant,100,Compliant
1649,1649,Running,Running,Running,Enabled,Updated,Compliant,100,Compliant
1650,1650,Running,Running,Running,Enabled,Updated,Compliant,100,Compliant
1651,1651,Running,Running,Running,Enabled,Updated,Compliant,100,Compliant
1652,1652,Running,Running,Running,Enabled,Updated,Compliant,100,Compliant
1653,1653,Running,Running,Running,Enabled,Updated,Compliant,100,Compliant
1654,1654,Running,Running,Running,Enabled,Outdated,Compliant,85,Warning
1655,1655,Running,Running,Running,Enabled,Updated,Compliant,100,Compliant
1656,1656,Running,Running,Running,Enabled,Updated,Non-Compliant,90,Compliant
1657,1657,Running,Running,Running,Enabled,Updated,Compliant,100,Compliant
1658,1658,Running,Running,Running,Enabled,Updated,Compliant,100,Compliant
1659,1659,Running,Running,Running,Enabled,Updated,Compliant,100,Compliant
1660,1660,Running,Running,Running,Enabled,Updated,Compliant,100,Compliant
1661,1661,Running,Running,Running,Enabled,Updated,Compliant,100,Compliant
1662,1662,Running,Running,Running,Enabled,Updated,Compliant,100,Compliant
1663,1663,Running,Running,Running,Enabled,Updated,Compliant,100,Compliant
1664,1664,Running,Running,Running,Enabled,Updated,Compliant,100,Compliant
1665,1665,Running,Running,Running,Enabled,Updated,Compliant,100,Compliant
1666,1666,Running,Running,Running,Enabled,Updated,Compliant,100,Compliant
1667,1667,Running,Running,Running,Enabled,Updated,Compliant,100,Compliant
1668,1668,Running,Running,Running,Enabled,Updated,Compliant,100,Compliant
1669,1669,Running,Running,Running,Enabled,Updated,Non-Compliant,90,Compliant
1670,1670,Running,Running,Running,Enabled,Updated,Compliant,100,Compliant
1671,1671,Running,Running,Running,Enabled,Updated,Compliant,100,Compliant
1672,1672,Running,Running,Running,Enabled,Updated,Compliant,100,Compliant
1673,1673,Running,Running,Stopped,Enabled,Updated,Compliant,80,Warning
1674,1674,Running,Running,Running,Enabled,Updated,Compliant,100,Compliant
1675,1675,Running,Running,Running,Enabled,Updated,Compliant,100,Compliant
1676,1676,Running,Running,Running,Enabled,Updated,Non-Compliant,90,Compliant
1677,1677,Running,Running,Running,Enabled,Updated,Compliant,100,Compliant
1678,1678,Running,Running,Running,Enabled,Updated,Compliant,100,Compliant
1679,1679,Running,Running,Running,Enabled,Updated,Compliant,100,Compliant
1680,1680,Stopped,Running,Running,Enabled,Updated,Compliant,80,Warning
1681,1681,Running,Running,Running,Enabled,Updated,Compliant,100,Compliant
1682,1682,Running,Running,Running,Enabled,Updated,Compliant,100,Compliant
1683,1683,Stopped,Running,Running,Enabled,Updated,Compliant,80,Warning
1684,1684,Running,Running,Running,Enabled,Updated,Compliant,100,Compliant
1685,1685,Running,Running,Running,Enabled,Updated,Compliant,100,Compliant
1686,1686,Stopped,Running,Running,Enabled,Updated,Compliant,80,Warning
1687,1687,Running,Running,Running,Enabled,Updated,Compliant,100,Compliant
1688,1688,Running,Running,Running,Enabled,Updated,Compliant,100,Compliant
1689,1689,Running,Running,Running,Enabled,Outdated,Compliant,85,Warning
1690,1690,Running,Running,Running,Enabled,Updated,Compliant,100,Compliant
1691,1691,Running,Running,Running,Enabled,Updated,Compliant,100,Compliant
1692,1692,Running,Running,Running,Enabled,Updated,Compliant,100,Compliant
1693,1693,Running,Running,Running,Enabled,Updated,Non-Compliant,90,Compliant
1694,1694,Running,Running,Running,Enabled,Updated,Compliant,100,Compliant
1695,1695,Running,Running,Running,Enabled,Updated,Compliant,100,Compliant
1696,1696,Running,Running,Running,Enabled,Updated,Compliant,100,Compliant
1697,1697,Running,Running,Running,Enabled,Updated,Compliant,100,Compliant
1698,1698,Running,Running,Running,Enabled,Updated,Compliant,100,Compliant
1699,1699,Running,Running,Running,Enabled,Updated,Compliant,100,Compliant
1700,1700,Running,Running,Running,Enabled,Updated,Compliant,100,Compliant
1701,1701,Running,Running,Running,Enabled,Updated,Compliant,100,Compliant
1702,1702,Running,Running,Running,Enabled,Updated,Compliant,100,Compliant
1703,1703,Running,Running,Running,Enabled,Updated,Compliant,100,Compliant
1704,1704,Running,Running,Running,Enabled,Updated,Compliant,100,Compliant
1705,1705,Running,Running,Running,Enabled,Updated,Compliant,100,Compliant
1706,1706,Running,Running,Running,Enabled,Updated,Compliant,100,Compliant
1707,1707,Running,Running,Running,Enabled,Updated,Compliant,100,Compliant
1708,1708,Running,Running,Running,Enabled,Updated,Compliant,100,Compliant
1709,1709,Running,Running,Running,Enabled,Updated,Compliant,100,Compliant
1710,1710,Running,Running,Running,Enabled,Updated,Compliant,100,Compliant
1711,1711,Running,Running,Running,Enabled,Updated,Compliant,100,Compliant
1712,1712,Running,Running,Running,Enabled,Updated,Compliant,100,Compliant
1713,1713,Running,Running,Running,Enabled,Updated,Non-Compliant,90,Compliant
1714,1714,Running,Running,Running,Enabled,Updated,Compliant,100,Compliant
1715,1715,Running,Running,Running,Enabled,Updated,Compliant,100,Compliant
1716,1716,Running,Running,Running,Enabled,Updated,Compliant,100,Compliant
1717,1717,Running,Running,Running,Enabled,Updated,Compliant,100,Compliant
1718,1718,Running,Running,Running,Enabled,Outdated,Compliant,85,Warning
1719,1719,Running,Running,Running,Enabled,Updated,Compliant,100,Compliant
1720,1720,Running,Running,Running,Enabled,Updated,Compliant,100,Compliant
1721,1721,Running,Running,Running,Enabled,Updated,Non-Compliant,90,Compliant
1722,1722,Running,Running,Running,Enabled,Updated,Compliant,100,Compliant
1723,1723,Running,Running,Running,Enabled,Updated,Compliant,100,Compliant
1724,1724,Running,Running,Running,Enabled,Updated,Compliant,100,Compliant
1725,1725,Running,Running,Running,Enabled,Updated,Compliant,100,Compliant
1726,1726,Running,Running,Running,Enabled,Updated,Compliant,100,Compliant
1727,1727,Running,Running,Running,Enabled,Updated,Compliant,100,Compliant
1728,1728,Running,Running,Running,Enabled,Updated,Compliant,100,Compliant
1729,1729,Running,Running,Running,Disabled,Updated,Compliant,85,Warning
1730,1730,Stopped,Running,Running,Enabled,Updated,Compliant,80,Warning
1731,1731,Running,Running,Running,Enabled,Updated,Compliant,100,Compliant
1732,1732,Running,Running,Running,Enabled,Updated,Compliant,100,Compliant
1733,1733,Running,Running,Running,Enabled,Updated,Compliant,100,Compliant
1734,1734,Running,Running,Running,Enabled,Updated,Compliant,100,Compliant
1735,1735,Running,Running,Running,Enabled,Updated,Compliant,100,Compliant
1736,1736,Running,Running,Running,Enabled,Updated,Non-Compliant,90,Compliant
1737,1737,Running,Running,Running,Enabled,Updated,Compliant,100,Compliant
1738,1738,Running,Running,Running,Enabled,Outdated,Compliant,85,Warning
1739,1739,Running,Running,Running,Enabled,Updated,Compliant,100,Compliant
1740,1740,Running,Running,Running,Enabled,Updated,Compliant,100,Compliant
1741,1741,Running,Running,Running,Enabled,Outdated,Compliant,85,Warning
1742,1742,Running,Running,Running,Enabled,Updated,Compliant,100,Compliant
1743,1743,Running,Stopped,Running,Enabled,Updated,Non-Compliant,70,Warning
1744,1744,Running,Running,Running,Enabled,Updated,Compliant,100,Compliant
1745,1745,Running,Running,Running,Enabled,Updated,Non-Compliant,90,Compliant
1746,1746,Running,Running,Running,Enabled,Updated,Compliant,100,Compliant
1747,1747,Running,Stopped,Running,Enabled,Updated,Compliant,80,Warning
1748,1748,Running,Running,Running,Enabled,Updated,Compliant,100,Compliant
1749,1749,Running,Running,Running,Enabled,Updated,Compliant,100,Compliant
1750,1750,Running,Running,Running,Enabled,Outdated,Non-Compliant,75,Warning
1751,1751,Running,Running,Running,Enabled,Updated,Compliant,100,Compliant
1752,1752,Running,Running,Running,Enabled,Updated,Compliant,100,Compliant
1753,1753,Running,Running,Running,Enabled,Updated,Non-Compliant,90,Compliant
1754,1754,Running,Running,Running,Enabled,Updated,Compliant,100,Compliant
1755,1755,Running,Running,Running,Enabled,Updated,Compliant,100,Compliant
1756,1756,Running,Running,Running,Enabled,Updated,Compliant,100,Compliant
1757,1757,Running,Running,Running,Enabled,Updated,Compliant,100,Compliant
1758,1758,Running,Running,Running,Enabled,Updated,Compliant,100,Compliant
1759,1759,Running,Running,Running,Enabled,Updated,Compliant,100,Compliant
1760,1760,Running,Running,Running,Enabled,Updated,Compliant,100,Compliant
1761,1761,Running,Running,Running,Enabled,Updated,Compliant,100,Compliant
1762,1762,Running,Stopped,Running,Enabled,Updated,Compliant,80,Warning
1763,1763,Running,Running,Running,Enabled,Updated,Compliant,100,Compliant
1764,1764,Running,Running,Running,Enabled,Updated,Compliant,100,Compliant
1765,1765,Running,Running,Running,Enabled,Updated,Compliant,100,Compliant
1766,1766,Running,Running,Running,Enabled,Updated,Compliant,100,Compliant
1767,1767,Running,Running,Running,Enabled,Updated,Non-Compliant,90,Compliant
1768,1768,Running,Running,Running,Enabled,Updated,Compliant,100,Compliant
1769,1769,Running,Running,Running,Enabled,Updated,Compliant,100,Compliant
1770,1770,Stopped,Running,Running,Enabled,Updated,Compliant,80,Warning
1771,1771,Running,Running,Stopped,Enabled,Updated,Compliant,80,Warning
1772,1772,Running,Running,Running,Enabled,Updated,Compliant,100,Compliant
1773,1773,Running,Running,Running,Enabled,Updated,Compliant,100,Compliant
1774,1774,Running,Running,Running,Enabled,Updated,Compliant,100,Compliant
1775,1775,Running,Running,Running,Enabled,Outdated,Compliant,85,Warning
1776,1776,Running,Running,Running,Enabled,Updated,Compliant,100,Compliant
1777,1777,Running,Running,Running,Enabled,Updated,Compliant,100,Compliant
1778,1778,Running,Running,Running,Enabled,Updated,Compliant,100,Compliant
1779,1779,Running,Running,Running,Enabled,Updated,Compliant,100,Compliant
1780,1780,Running,Running,Running,Enabled,Updated,Compliant,100,Compliant
1781,1781,Running,Running,Running,Enabled,Updated,Compliant,100,Compliant
1782,1782,Running,Running,Running,Enabled,Updated,Compliant,100,Compliant
1783,1783,Running,Running,Running,Enabled,Updated,Compliant,100,Compliant
1784,1784,Running,Running,Running,Enabled,Updated,Compliant,100,Compliant
1785,1785,Running,Running,Running,Enabled,Updated,Compliant,100,Compliant
1786,1786,Running,Running,Running,Enabled,Updated,Compliant,100,Compliant
1787,1787,Running,Running,Running,Enabled,Updated,Non-Compliant,90,Compliant
1788,1788,Running,Stopped,Running,Enabled,Updated,Compliant,80,Warning
1789,1789,Running,Running,Running,Enabled,Updated,Compliant,100,Compliant
1790,1790,Running,Running,Running,Disabled,Updated,Compliant,85,Warning
1791,1791,Stopped,Running,Running,Enabled,Updated,Compliant,80,Warning
1792,1792,Running,Running,Running,Enabled,Updated,Compliant,100,Compliant
1793,1793,Running,Running,Running,Enabled,Updated,Compliant,100,Compliant
1794,1794,Running,Running,Running,Enabled,Updated,Non-Compliant,90,Compliant
1795,1795,Stopped,Running,Running,Enabled,Updated,Compliant,80,Warning
1796,1796,Running,Running,Running,Enabled,Updated,Compliant,100,Compliant
1797,1797,Running,Running,Running,Enabled,Updated,Compliant,100,Compliant
1798,1798,Running,Running,Running,Enabled,Updated,Compliant,100,Compliant
1799,1799,Running,Running,Running,Enabled,Updated,Compliant,100,Compliant
1800,1800,Running,Running,Running,Enabled,Updated,Compliant,100,Compliant
1801,1801,Running,Running,Running,Enabled,Updated,Non-Compliant,90,Compliant
1802,1802,Running,Running,Running,Enabled,Updated,Compliant,100,Compliant
1803,1803,Running,Running,Running,Enabled,Updated,Compliant,100,Compliant
1804,1804,Running,Running,Running,Enabled,Updated,Compliant,100,Compliant
1805,1805,Running,Running,Running,Enabled,Updated,Compliant,100,Compliant
1806,1806,Running,Running,Running,Enabled,Updated,Compliant,100,Compliant
1807,1807,Running,Running,Running,Enabled,Updated,Compliant,100,Compliant
1808,1808,Running,Running,Running,Enabled,Outdated,Compliant,85,Warning
1809,1809,Running,Running,Running,Enabled,Updated,Compliant,100,Compliant
1810,1810,Running,Running,Running,Enabled,Updated,Compliant,100,Compliant
1811,1811,Running,Running,Running,Enabled,Updated,Compliant,100,Compliant
1812,1812,Running,Running,Running,Enabled,Updated,Non-Compliant,90,Compliant
1813,1813,Running,Running,Running,Enabled,Updated,Compliant,100,Compliant
1814,1814,Running,Running,Running,Enabled,Updated,Compliant,100,Compliant
1815,1815,Running,Running,Running,Enabled,Updated,Compliant,100,Compliant
1816,1816,Running,Running,Running,Enabled,Updated,Compliant,100,Compliant
1817,1817,Running,Running,Running,Enabled,Updated,Compliant,100,Compliant
1818,1818,Running,Running,Running,Enabled,Updated,Compliant,100,Compliant
1819,1819,Running,Running,Running,Enabled,Updated,Compliant,100,Compliant
1820,1820,Running,Running,Stopped,Enabled,Updated,Compliant,80,Warning
1821,1821,Running,Running,Running,Enabled,Updated,Compliant,100,Compliant
1822,1822,Running,Running,Running,Enabled,Updated,Compliant,100,Compliant
1823,1823,Running,Running,Running,Enabled,Updated,Compliant,100,Compliant
1824,1824,Running,Running,Running,Enabled,Updated,Compliant,100,Compliant
1825,1825,Running,Running,Running,Enabled,Updated,Compliant,100,Compliant
1826,1826,Running,Running,Running,Enabled,Updated,Compliant,100,Compliant
1827,1827,Running,Running,Running,Enabled,Updated,Compliant,100,Compliant
1828,1828,Running,Running,Running,Enabled,Updated,Compliant,100,Compliant
1829,1829,Running,Running,Running,Enabled,Updated,Compliant,100,Compliant
1830,1830,Stopped,Running,Running,Enabled,Updated,Compliant,80,Warning
1831,1831,Running,Running,Running,Enabled,Updated,Compliant,100,Compliant
1832,1832,Running,Running,Running,Enabled,Updated,Compliant,100,Compliant
1833,1833,Running,Running,Running,Disabled,Updated,Compliant,85,Warning
1834,1834,Running,Running,Running,Enabled,Updated,Compliant,100,Compliant
1835,1835,Running,Stopped,Running,Enabled,Updated,Compliant,80,Warning
1836,1836,Running,Running,Running,Enabled,Updated,Compliant,100,Compliant
1837,1837,Running,Running,Running,Enabled,Updated,Compliant,100,Compliant
1838,1838,Running,Running,Running,Enabled,Outdated,Compliant,85,Warning
1839,1839,Running,Running,Running,Enabled,Updated,Compliant,100,Compliant
1840,1840,Running,Running,Running,Enabled,Updated,Compliant,100,Compliant
1841,1841,Running,Running,Running,Enabled,Updated,Compliant,100,Compliant
1842,1842,Running,Running,Running,Enabled,Updated,Compliant,100,Compliant
1843,1843,Running,Running,Running,Enabled,Updated,Non-Compliant,90,Compliant
1844,1844,Running,Running,Running,Enabled,Updated,Compliant,100,Compliant
1845,1845,Running,Running,Running,Enabled,Updated,Compliant,100,Compliant
1846,1846,Running,Running,Running,Enabled,Updated,Compliant,100,Compliant
1847,1847,Running,Running,Running,Enabled,Updated,Compliant,100,Compliant
1848,1848,Running,Running,Running,Enabled,Outdated,Compliant,85,Warning
1849,1849,Running,Running,Running,Enabled,Updated,Compliant,100,Compliant
1850,1850,Running,Running,Running,Enabled,Updated,Compliant,100,Compliant
1851,1851,Running,Running,Running,Enabled,Updated,Compliant,100,Compliant
1852,1852,Running,Running,Running,Enabled,Updated,Non-Compliant,90,Compliant
1853,1853,Running,Running,Stopped,Enabled,Updated,Compliant,80,Warning
1854,1854,Running,Running,Running,Enabled,Updated,Compliant,100,Compliant
1855,1855,Running,Running,Running,Enabled,Updated,Compliant,100,Compliant
1856,1856,Running,Running,Running,Enabled,Updated,Compliant,100,Compliant
1857,1857,Running,Running,Running,Enabled,Updated,Compliant,100,Compliant
1858,1858,Running,Running,Running,Enabled,Updated,Compliant,100,Compliant
1859,1859,Running,Running,Running,Enabled,Updated,Compliant,100,Compliant
1860,1860,Running,Running,Running,Enabled,Updated,Compliant,100,Compliant
1861,1861,Running,Running,Running,Enabled,Updated,Compliant,100,Compliant
1862,1862,Running,Running,Running,Enabled,Updated,Compliant,100,Compliant
1863,1863,Running,Running,Stopped,Enabled,Updated,Compliant,80,Warning
1864,1864,Running,Running,Running,Enabled,Updated,Compliant,100,Compliant
1865,1865,Running,Running,Running,Enabled,Updated,Compliant,100,Compliant
1866,1866,Running,Running,Running,Enabled,Updated,Compliant,100,Compliant
1867,1867,Running,Running,Running,Enabled,Updated,Compliant,100,Compliant
1868,1868,Running,Running,Running,Enabled,Outdated,Compliant,85,Warning
1869,1869,Running,Running,Running,Enabled,Outdated,Compliant,85,Warning
1870,1870,Running,Running,Running,Enabled,Updated,Compliant,100,Compliant
1871,1871,Running,Stopped,Running,Enabled,Updated,Compliant,80,Warning
1872,1872,Running,Running,Running,Enabled,Outdated,Compliant,85,Warning
1873,1873,Running,Running,Running,Enabled,Outdated,Compliant,85,Warning
1874,1874,Running,Running,Running,Enabled,Updated,Compliant,100,Compliant
1875,1875,Running,Running,Running,Enabled,Updated,Compliant,100,Compliant
1876,1876,Running,Running,Running,Enabled,Updated,Compliant,100,Compliant
1877,1877,Running,Running,Running,Enabled,Updated,Compliant,100,Compliant
1878,1878,Running,Running,Running,Enabled,Updated,Compliant,100,Compliant
1879,1879,Running,Running,Running,Enabled,Updated,Compliant,100,Compliant
1880,1880,Running,Running,Running,Enabled,Updated,Compliant,100,Compliant
1881,1881,Running,Running,Running,Enabled,Outdated,Compliant,85,Warning
1882,1882,Running,Running,Running,Enabled,Updated,Compliant,100,Compliant
1883,1883,Running,Running,Running,Enabled,Updated,Compliant,100,Compliant
1884,1884,Running,Running,Running,Enabled,Updated,Compliant,100,Compliant
1885,1885,Running,Running,Running,Enabled,Updated,Compliant,100,Compliant
1886,1886,Running,Running,Running,Enabled,Updated,Non-Compliant,90,Compliant
1887,1887,Running,Running,Running,Enabled,Updated,Compliant,100,Compliant
1888,1888,Running,Running,Running,Enabled,Outdated,Compliant,85,Warning
1889,1889,Running,Running,Running,Enabled,Updated,Compliant,100,Compliant
1890,1890,Running,Running,Running,Enabled,Updated,Non-Compliant,90,Compliant
1891,1891,Running,Running,Running,Enabled,Updated,Compliant,100,Compliant
1892,1892,Running,Running,Running,Enabled,Updated,Compliant,100,Compliant
1893,1893,Running,Running,Running,Enabled,Updated,Compliant,100,Compliant
1894,1894,Running,Running,Running,Enabled,Updated,Compliant,100,Compliant
1895,1895,Running,Stopped,Running,Enabled,Outdated,Compliant,65,Non-Compliant
1896,1896,Running,Running,Running,Enabled,Outdated,Compliant,85,Warning
1897,1897,Running,Running,Running,Enabled,Updated,Compliant,100,Compliant
1898,1898,Running,Running,Running,Enabled,Updated,Compliant,100,Compliant
1899,1899,Running,Running,Running,Enabled,Updated,Compliant,100,Compliant
1900,1900,Running,Running,Running,Enabled,Updated,Compliant,100,Compliant
1901,1901,Running,Running,Running,Enabled,Updated,Compliant,100,Compliant
1902,1902,Running,Running,Running,Enabled,Updated,Compliant,100,Compliant
1903,1903,Running,Running,Running,Enabled,Updated,Compliant,100,Compliant
1904,1904,Running,Running,Running,Enabled,Outdated,Compliant,85,Warning
1905,1905,Running,Running,Running,Enabled,Updated,Compliant,100,Compliant
1906,1906,Running,Running,Running,Enabled,Updated,Compliant,100,Compliant
1907,1907,Running,Running,Running,Enabled,Updated,Compliant,100,Compliant
1908,1908,Running,Running,Running,Enabled,Updated,Compliant,100,Compliant
1909,1909,Running,Running,Running,Enabled,Updated,Compliant,100,Compliant
1910,1910,Running,Running,Running,Disabled,Updated,Compliant,85,Warning
1911,1911,Running,Running,Running,Enabled,Updated,Compliant,100,Compliant
1912,1912,Running,Running,Running,Disabled,Updated,Compliant,85,Warning
1913,1913,Running,Running,Running,Enabled,Updated,Compliant,100,Compliant
1914,1914,Running,Running,Running,Enabled,Updated,Compliant,100,Compliant
1915,1915,Running,Running,Running,Enabled,Updated,Compliant,100,Compliant
1916,1916,Running,Running,Running,Enabled,Updated,Compliant,100,Compliant
1917,1917,Running,Running,Running,Enabled,Updated,Compliant,100,Compliant
1918,1918,Running,Running,Running,Enabled,Updated,Non-Compliant,90,Compliant
1919,1919,Running,Running,Running,Enabled,Updated,Compliant,100,Compliant
1920,1920,Running,Running,Running,Enabled,Updated,Non-Compliant,90,Compliant
1921,1921,Running,Running,Running,Enabled,Updated,Compliant,100,Compliant
1922,1922,Running,Running,Running,Enabled,Updated,Compliant,100,Compliant
1923,1923,Running,Running,Running,Enabled,Updated,Compliant,100,Compliant
1924,1924,Running,Running,Running,Enabled,Updated,Compliant,100,Compliant
1925,1925,Running,Running,Running,Enabled,Updated,Compliant,100,Compliant
1926,1926,Stopped,Running,Stopped,Enabled,Updated,Compliant,60,Non-Compliant
1927,1927,Running,Running,Running,Enabled,Updated,Compliant,100,Compliant
1928,1928,Running,Running,Running,Enabled,Updated,Compliant,100,Compliant
1929,1929,Running,Running,Running,Enabled,Updated,Non-Compliant,90,Compliant
1930,1930,Running,Running,Running,Enabled,Updated,Compliant,100,Compliant
1931,1931,Running,Running,Running,Enabled,Updated,Compliant,100,Compliant
1932,1932,Running,Running,Running,Enabled,Updated,Compliant,100,Compliant
1933,1933,Running,Running,Running,Enabled,Updated,Compliant,100,Compliant
1934,1934,Running,Running,Running,Enabled,Updated,Compliant,100,Compliant
1935,1935,Running,Running,Running,Enabled,Updated,Compliant,100,Compliant
1936,1936,Running,Running,Running,Enabled,Updated,Compliant,100,Compliant
1937,1937,Running,Running,Running,Enabled,Updated,Compliant,100,Compliant
1938,1938,Running,Running,Running,Enabled,Updated,Compliant,100,Compliant
1939,1939,Running,Running,Running,Enabled,Updated,Compliant,100,Compliant
1940,1940,Running,Running,Running,Enabled,Updated,Compliant,100,Compliant
1941,1941,Running,Running,Running,Enabled,Updated,Compliant,100,Compliant
1942,1942,Running,Running,Running,Enabled,Updated,Compliant,100,Compliant
1943,1943,Running,Running,Running,Enabled,Updated,Compliant,100,Compliant
1944,1944,Running,Running,Running,Enabled,Updated,Compliant,100,Compliant
1945,1945,Running,Running,Running,Enabled,Outdated,Compliant,85,Warning
1946,1946,Running,Running,Running,Enabled,Updated,Compliant,100,Compliant
1947,1947,Running,Running,Running,Enabled,Outdated,Compliant,85,Warning
1948,1948,Running,Running,Stopped,Enabled,Updated,Compliant,80,Warning
1949,1949,Running,Running,Running,Enabled,Updated,Compliant,100,Compliant
1950,1950,Running,Running,Running,Enabled,Updated,Compliant,100,Compliant
1951,1951,Running,Running,Running,Enabled,Updated,Compliant,100,Compliant
1952,1952,Running,Running,Running,Enabled,Updated,Non-Compliant,90,Compliant
1953,1953,Running,Running,Running,Enabled,Updated,Compliant,100,Compliant
1954,1954,Running,Running,Running,Enabled,Updated,Compliant,100,Compliant
1955,1955,Running,Running,Running,Enabled,Updated,Compliant,100,Compliant
1956,1956,Running,Running,Running,Enabled,Updated,Compliant,100,Compliant
1957,1957,Running,Running,Running,Enabled,Updated,Non-Compliant,90,Compliant
1958,1958,Running,Running,Stopped,Enabled,Updated,Compliant,80,Warning
1959,1959,Running,Running,Running,Enabled,Updated,Compliant,100,Compliant
1960,1960,Running,Running,Running,Enabled,Updated,Compliant,100,Compliant
1961,1961,Stopped,Running,Running,Enabled,Updated,Compliant,80,Warning
1962,1962,Running,Running,Running,Enabled,Updated,Compliant,100,Compliant
1963,1963,Running,Running,Running,Disabled,Updated,Compliant,85,Warning
1964,1964,Running,Running,Running,Enabled,Updated,Compliant,100,Compliant
1965,1965,Running,Running,Running,Enabled,Updated,Compliant,100,Compliant
1966,1966,Running,Running,Running,Enabled,Updated,Non-Compliant,90,Compliant
1967,1967,Running,Running,Running,Enabled,Updated,Compliant,100,Compliant
1968,1968,Running,Running,Running,Enabled,Updated,Compliant,100,Compliant
1969,1969,Running,Running,Running,Enabled,Outdated,Compliant,85,Warning
1970,1970,Running,Running,Running,Disabled,Updated,Compliant,85,Warning
1971,1971,Running,Running,Running,Enabled,Outdated,Compliant,85,Warning
1972,1972,Running,Running,Running,Enabled,Updated,Compliant,100,Compliant
1973,1973,Running,Running,Running,Enabled,Updated,Compliant,100,Compliant
1974,1974,Running,Running,Running,Disabled,Updated,Non-Compliant,75,Warning
1975,1975,Running,Running,Running,Disabled,Outdated,Compliant,70,Warning
1976,1976,Running,Running,Running,Enabled,Updated,Compliant,100,Compliant
1977,1977,Running,Running,Running,Enabled,Updated,Compliant,100,Compliant
1978,1978,Running,Running,Running,Enabled,Updated,Compliant,100,Compliant
1979,1979,Running,Running,Running,Enabled,Updated,Compliant,100,Compliant
1980,1980,Running,Running,Running,Enabled,Updated,Compliant,100,Compliant
1981,1981,Running,Running,Running,Enabled,Updated,Compliant,100,Compliant
1982,1982,Running,Running,Running,Enabled,Updated,Compliant,100,Compliant
1983,1983,Running,Running,Running,Enabled,Updated,Compliant,100,Compliant
1984,1984,Running,Running,Running,Enabled,Updated,Compliant,100,Compliant
1985,1985,Running,Running,Running,Enabled,Updated,Compliant,100,Compliant
1986,1986,Running,Running,Running,Enabled,Updated,Compliant,100,Compliant
1987,1987,Running,Running,Running,Enabled,Updated,Compliant,100,Compliant
1988,1988,Running,Running,Running,Enabled,Updated,Compliant,100,Compliant
1989,1989,Running,Running,Running,Enabled,Updated,Compliant,100,Compliant
1990,1990,Running,Running,Running,Enabled,Outdated,Compliant,85,Warning
1991,1991,Running,Running,Running,Enabled,Updated,Compliant,100,Compliant
1992,1992,Running,Running,Running,Enabled,Updated,Compliant,100,Compliant
1993,1993,Running,Running,Running,Enabled,Updated,Compliant,100,Compliant
1994,1994,Running,Running,Running,Enabled,Updated,Non-Compliant,90,Compliant
1995,1995,Running,Running,Running,Enabled,Updated,Compliant,100,Compliant
1996,1996,Running,Running,Running,Enabled,Updated,Compliant,100,Compliant
1997,1997,Running,Running,Running,Enabled,Updated,Compliant,100,Compliant
1998,1998,Running,Running,Running,Enabled,Updated,Compliant,100,Compliant
1999,1999,Running,Running,Running,Enabled,Updated,Compliant,100,Compliant
2000,2000,Running,Running,Running,Enabled,Updated,Compliant,100,Compliant
2001,2001,Running,Running,Running,Enabled,Updated,Compliant,100,Compliant
2002,2002,Running,Running,Running,Enabled,Updated,Compliant,100,Compliant
2003,2003,Running,Running,Running,Enabled,Outdated,Compliant,85,Warning
2004,2004,Running,Running,Running,Enabled,Updated,Compliant,100,Compliant
2005,2005,Running,Running,Running,Enabled,Updated,Non-Compliant,90,Compliant
2006,2006,Stopped,Running,Running,Enabled,Updated,Compliant,80,Warning
2007,2007,Running,Running,Running,Enabled,Updated,Compliant,100,Compliant
2008,2008,Running,Running,Running,Enabled,Updated,Compliant,100,Compliant
2009,2009,Running,Running,Running,Enabled,Updated,Compliant,100,Compliant
2010,2010,Running,Running,Running,Enabled,Updated,Compliant,100,Compliant
2011,2011,Running,Running,Running,Enabled,Updated,Compliant,100,Compliant
2012,2012,Running,Running,Running,Enabled,Updated,Compliant,100,Compliant
2013,2013,Running,Running,Running,Enabled,Updated,Compliant,100,Compliant
2014,2014,Running,Running,Running,Enabled,Updated,Non-Compliant,90,Compliant
2015,2015,Running,Running,Running,Enabled,Updated,Non-Compliant,90,Compliant
2016,2016,Running,Running,Running,Disabled,Updated,Non-Compliant,75,Warning
2017,2017,Running,Running,Running,Enabled,Outdated,Compliant,85,Warning
2018,2018,Running,Running,Running,Enabled,Updated,Compliant,100,Compliant
2019,2019,Running,Running,Running,Enabled,Updated,Compliant,100,Compliant
2020,2020,Running,Running,Running,Enabled,Updated,Compliant,100,Compliant
2021,2021,Running,Running,Running,Enabled,Updated,Compliant,100,Compliant
2022,2022,Running,Running,Running,Enabled,Updated,Compliant,100,Compliant
2023,2023,Running,Running,Running,Enabled,Updated,Compliant,100,Compliant
2024,2024,Running,Running,Running,Disabled,Updated,Compliant,85,Warning
2025,2025,Running,Running,Running,Enabled,Updated,Compliant,100,Compliant
2026,2026,Running,Stopped,Stopped,Enabled,Updated,Compliant,60,Non-Compliant
2027,2027,Running,Running,Running,Enabled,Updated,Compliant,100,Compliant
2028,2028,Running,Running,Stopped,Enabled,Updated,Compliant,80,Warning
2029,2029,Running,Running,Running,Enabled,Updated,Compliant,100,Compliant
2030,2030,Running,Running,Running,Enabled,Updated,Compliant,100,Compliant
2031,2031,Running,Running,Running,Enabled,Updated,Compliant,100,Compliant
2032,2032,Running,Running,Running,Enabled,Outdated,Compliant,85,Warning
2033,2033,Running,Running,Running,Disabled,Updated,Non-Compliant,75,Warning
2034,2034,Running,Running,Running,Enabled,Updated,Compliant,100,Compliant
2035,2035,Running,Stopped,Running,Enabled,Outdated,Compliant,65,Non-Compliant
2036,2036,Running,Running,Running,Enabled,Updated,Compliant,100,Compliant
2037,2037,Running,Running,Running,Enabled,Outdated,Compliant,85,Warning
2038,2038,Running,Running,Stopped,Enabled,Updated,Compliant,80,Warning
2039,2039,Running,Running,Running,Enabled,Updated,Compliant,100,Compliant
2040,2040,Running,Running,Running,Enabled,Updated,Non-Compliant,90,Compliant
2041,2041,Running,Running,Running,Enabled,Updated,Compliant,100,Compliant
2042,2042,Running,Running,Running,Enabled,Updated,Compliant,100,Compliant
2043,2043,Running,Running,Running,Enabled,Updated,Compliant,100,Compliant
2044,2044,Running,Stopped,Running,Enabled,Updated,Compliant,80,Warning
2045,2045,Running,Running,Running,Enabled,Updated,Compliant,100,Compliant
2046,2046,Running,Running,Running,Enabled,Updated,Compliant,100,Compliant
2047,2047,Running,Running,Running,Enabled,Updated,Compliant,100,Compliant
2048,2048,Running,Running,Running,Enabled,Updated,Compliant,100,Compliant
2049,2049,Running,Running,Running,Enabled,Outdated,Compliant,85,Warning
2050,2050,Running,Running,Running,Enabled,Updated,Compliant,100,Compliant
2051,2051,Running,Running,Running,Enabled,Updated,Compliant,100,Compliant
2052,2052,Running,Running,Running,Enabled,Updated,Compliant,100,Compliant
2053,2053,Running,Running,Running,Enabled,Updated,Compliant,100,Compliant
2054,2054,Running,Running,Running,Enabled,Updated,Compliant,100,Compliant
2055,2055,Running,Running,Running,Enabled,Outdated,Compliant,85,Warning
2056,2056,Running,Running,Running,Enabled,Updated,Compliant,100,Compliant
2057,2057,Running,Running,Running,Enabled,Updated,Compliant,100,Compliant
2058,2058,Running,Running,Running,Enabled,Updated,Compliant,100,Compliant
2059,2059,Running,Running,Running,Enabled,Updated,Non-Compliant,90,Compliant
2060,2060,Running,Running,Running,Enabled,Updated,Compliant,100,Compliant
2061,2061,Running,Running,Running,Enabled,Updated,Compliant,100,Compliant
2062,2062,Running,Running,Running,Enabled,Updated,Compliant,100,Compliant
2063,2063,Running,Running,Running,Enabled,Outdated,Compliant,85,Warning
2064,2064,Running,Running,Running,Enabled,Updated,Compliant,100,Compliant
2065,2065,Running,Running,Running,Enabled,Updated,Compliant,100,Compliant
2066,2066,Running,Running,Running,Enabled,Updated,Compliant,100,Compliant
2067,2067,Running,Running,Running,Enabled,Updated,Compliant,100,Compliant
2068,2068,Running,Running,Running,Enabled,Updated,Compliant,100,Compliant
2069,2069,Running,Running,Running,Enabled,Outdated,Compliant,85,Warning
2070,2070,Running,Stopped,Running,Disabled,Updated,Compliant,65,Non-Compliant
2071,2071,Running,Running,Running,Enabled,Updated,Compliant,100,Compliant
2072,2072,Running,Running,Running,Enabled,Updated,Compliant,100,Compliant
2073,2073,Running,Running,Running,Enabled,Updated,Non-Compliant,90,Compliant
2074,2074,Running,Running,Running,Enabled,Updated,Compliant,100,Compliant
2075,2075,Running,Running,Running,Enabled,Updated,Compliant,100,Compliant
2076,2076,Running,Running,Running,Enabled,Updated,Compliant,100,Compliant
2077,2077,Running,Running,Running,Enabled,Updated,Compliant,100,Compliant
2078,2078,Running,Running,Running,Enabled,Updated,Compliant,100,Compliant
2079,2079,Stopped,Running,Running,Enabled,Updated,Compliant,80,Warning
2080,2080,Stopped,Running,Running,Enabled,Updated,Compliant,80,Warning
2081,2081,Running,Running,Running,Enabled,Updated,Compliant,100,Compliant
2082,2082,Running,Running,Running,Enabled,Updated,Non-Compliant,90,Compliant
2083,2083,Running,Running,Running,Enabled,Outdated,Non-Compliant,75,Warning
2084,2084,Stopped,Running,Running,Enabled,Updated,Non-Compliant,70,Warning
2085,2085,Running,Running,Running,Enabled,Updated,Compliant,100,Compliant
2086,2086,Running,Running,Running,Enabled,Updated,Compliant,100,Compliant
2087,2087,Running,Running,Running,Enabled,Updated,Compliant,100,Compliant
2088,2088,Running,Running,Running,Enabled,Updated,Compliant,100,Compliant
2089,2089,Running,Running,Running,Enabled,Outdated,Compliant,85,Warning
2090,2090,Running,Running,Running,Enabled,Updated,Compliant,100,Compliant
2091,2091,Running,Running,Running,Enabled,Updated,Compliant,100,Compliant
2092,2092,Running,Running,Running,Enabled,Updated,Compliant,100,Compliant
2093,2093,Running,Running,Running,Enabled,Updated,Compliant,100,Compliant
2094,2094,Running,Running,Running,Enabled,Updated,Compliant,100,Compliant
2095,2095,Running,Running,Running,Enabled,Updated,Compliant,100,Compliant
2096,2096,Running,Running,Running,Enabled,Updated,Compliant,100,Compliant
2097,2097,Running,Running,Running,Enabled,Updated,Non-Compliant,90,Compliant
2098,2098,Running,Stopped,Running,Enabled,Updated,Compliant,80,Warning
2099,2099,Running,Running,Running,Enabled,Updated,Compliant,100,Compliant
2100,2100,Running,Running,Running,Enabled,Updated,Compliant,100,Compliant
2101,2101,Running,Running,Running,Enabled,Updated,Compliant,100,Compliant
2102,2102,Running,Running,Running,Enabled,Updated,Compliant,100,Compliant
2103,2103,Running,Running,Running,Enabled,Updated,Compliant,100,Compliant
2104,2104,Running,Running,Running,Enabled,Updated,Compliant,100,Compliant
2105,2105,Running,Running,Running,Enabled,Updated,Compliant,100,Compliant
2106,2106,Running,Running,Stopped,Enabled,Outdated,Compliant,65,Non-Compliant
2107,2107,Running,Running,Running,Enabled,Updated,Compliant,100,Compliant
2108,2108,Running,Running,Running,Enabled,Updated,Compliant,100,Compliant
2109,2109,Running,Running,Running,Enabled,Updated,Compliant,100,Compliant
2110,2110,Running,Running,Running,Enabled,Updated,Compliant,100,Compliant
2111,2111,Running,Running,Running,Enabled,Updated,Compliant,100,Compliant
2112,2112,Running,Stopped,Running,Enabled,Outdated,Non-Compliant,55,Non-Compliant
2113,2113,Running,Running,Running,Enabled,Outdated,Compliant,85,Warning
2114,2114,Running,Running,Running,Enabled,Updated,Compliant,100,Compliant
2115,2115,Running,Stopped,Running,Enabled,Updated,Compliant,80,Warning
2116,2116,Running,Running,Running,Enabled,Updated,Compliant,100,Compliant
2117,2117,Running,Running,Running,Enabled,Updated,Compliant,100,Compliant
2118,2118,Running,Running,Running,Enabled,Updated,Compliant,100,Compliant
2119,2119,Running,Running,Running,Enabled,Updated,Non-Compliant,90,Compliant
2120,2120,Running,Running,Running,Enabled,Updated,Compliant,100,Compliant
2121,2121,Running,Running,Running,Enabled,Updated,Compliant,100,Compliant
2122,2122,Running,Running,Running,Enabled,Updated,Non-Compliant,90,Compliant
2123,2123,Running,Running,Running,Enabled,Updated,Compliant,100,Compliant
2124,2124,Running,Running,Running,Enabled,Updated,Compliant,100,Compliant
2125,2125,Running,Running,Running,Enabled,Updated,Compliant,100,Compliant
2126,2126,Running,Running,Running,Enabled,Updated,Compliant,100,Compliant
2127,2127,Running,Running,Running,Enabled,Updated,Compliant,100,Compliant
2128,2128,Running,Running,Running,Enabled,Updated,Compliant,100,Compliant
2129,2129,Running,Running,Running,Enabled,Updated,Compliant,100,Compliant
2130,2130,Running,Running,Running,Enabled,Updated,Compliant,100,Compliant
2131,2131,Running,Running,Running,Enabled,Updated,Compliant,100,Compliant
2132,2132,Running,Running,Running,Enabled,Updated,Non-Compliant,90,Compliant
2133,2133,Running,Stopped,Running,Enabled,Updated,Compliant,80,Warning
2134,2134,Running,Running,Running,Enabled,Updated,Compliant,100,Compliant
2135,2135,Running,Stopped,Running,Enabled,Updated,Compliant,80,Warning
2136,2136,Running,Running,Stopped,Enabled,Updated,Compliant,80,Warning
2137,2137,Running,Running,Running,Enabled,Updated,Compliant,100,Compliant
2138,2138,Running,Running,Running,Enabled,Updated,Compliant,100,Compliant
2139,2139,Running,Running,Running,Enabled,Updated,Non-Compliant,90,Compliant
2140,2140,Running,Running,Running,Enabled,Updated,Compliant,100,Compliant
2141,2141,Running,Stopped,Running,Enabled,Updated,Compliant,80,Warning
2142,2142,Running,Running,Running,Enabled,Updated,Compliant,100,Compliant
2143,2143,Running,Running,Running,Disabled,Updated,Compliant,85,Warning
2144,2144,Running,Running,Running,Enabled,Updated,Compliant,100,Compliant
2145,2145,Running,Running,Running,Enabled,Updated,Compliant,100,Compliant
2146,2146,Running,Running,Running,Enabled,Outdated,Compliant,85,Warning
2147,2147,Running,Running,Running,Enabled,Updated,Compliant,100,Compliant
2148,2148,Running,Running,Running,Enabled,Updated,Compliant,100,Compliant
2149,2149,Running,Running,Running,Enabled,Updated,Compliant,100,Compliant
2150,2150,Running,Running,Running,Enabled,Updated,Compliant,100,Compliant
2151,2151,Running,Running,Running,Enabled,Updated,Compliant,100,Compliant
2152,2152,Running,Running,Running,Enabled,Updated,Compliant,100,Compliant
2153,2153,Running,Running,Running,Enabled,Updated,Compliant,100,Compliant
2154,2154,Running,Stopped,Running,Enabled,Outdated,Compliant,65,Non-Compliant
2155,2155,Running,Running,Running,Enabled,Updated,Compliant,100,Compliant
2156,2156,Running,Running,Running,Enabled,Outdated,Compliant,85,Warning
2157,2157,Running,Running,Running,Enabled,Updated,Compliant,100,Compliant
2158,2158,Running,Running,Running,Enabled,Outdated,Compliant,85,Warning
2159,2159,Running,Running,Running,Enabled,Updated,Compliant,100,Compliant
2160,2160,Running,Running,Running,Enabled,Updated,Compliant,100,Compliant
2161,2161,Running,Running,Running,Enabled,Updated,Compliant,100,Compliant
2162,2162,Running,Running,Running,Enabled,Updated,Compliant,100,Compliant
2163,2163,Running,Stopped,Running,Enabled,Updated,Compliant,80,Warning
2164,2164,Stopped,Running,Running,Enabled,Updated,Compliant,80,Warning
2165,2165,Running,Running,Stopped,Enabled,Updated,Compliant,80,Warning
2166,2166,Running,Running,Running,Enabled,Updated,Non-Compliant,90,Compliant
2167,2167,Running,Running,Running,Enabled,Updated,Non-Compliant,90,Compliant
2168,2168,Running,Running,Running,Enabled,Updated,Compliant,100,Compliant
2169,2169,Running,Running,Running,Enabled,Updated,Compliant,100,Compliant
2170,2170,Running,Running,Running,Enabled,Updated,Compliant,100,Compliant
2171,2171,Running,Running,Running,Enabled,Updated,Compliant,100,Compliant
2172,2172,Running,Running,Stopped,Enabled,Updated,Compliant,80,Warning
2173,2173,Running,Running,Running,Enabled,Updated,Compliant,100,Compliant
2174,2174,Running,Running,Running,Enabled,Updated,Compliant,100,Compliant
2175,2175,Running,Running,Running,Enabled,Updated,Compliant,100,Compliant
2176,2176,Running,Running,Running,Enabled,Updated,Compliant,100,Compliant
2177,2177,Running,Running,Running,Enabled,Updated,Compliant,100,Compliant
2178,2178,Stopped,Running,Running,Enabled,Updated,Compliant,80,Warning
2179,2179,Running,Running,Running,Enabled,Updated,Compliant,100,Compliant
2180,2180,Running,Running,Stopped,Enabled,Updated,Compliant,80,Warning
2181,2181,Running,Running,Running,Enabled,Outdated,Compliant,85,Warning
2182,2182,Running,Stopped,Running,Enabled,Updated,Compliant,80,Warning
2183,2183,Running,Running,Running,Enabled,Outdated,Compliant,85,Warning
2184,2184,Running,Running,Running,Enabled,Updated,Compliant,100,Compliant
2185,2185,Stopped,Stopped,Stopped,Enabled,Updated,Compliant,40,Non-Compliant
2186,2186,Running,Running,Running,Enabled,Updated,Compliant,100,Compliant
2187,2187,Running,Running,Running,Enabled,Updated,Compliant,100,Compliant
2188,2188,Running,Running,Running,Enabled,Updated,Compliant,100,Compliant
2189,2189,Running,Running,Running,Enabled,Outdated,Compliant,85,Warning
2190,2190,Running,Running,Running,Enabled,Outdated,Compliant,85,Warning
2191,2191,Running,Running,Running,Enabled,Updated,Compliant,100,Compliant
2192,2192,Running,Running,Running,Enabled,Updated,Compliant,100,Compliant
2193,2193,Running,Running,Running,Enabled,Updated,Compliant,100,Compliant
2194,2194,Running,Running,Running,Enabled,Outdated,Compliant,85,Warning
2195,2195,Running,Running,Running,Enabled,Outdated,Compliant,85,Warning
2196,2196,Running,Running,Running,Enabled,Updated,Compliant,100,Compliant
2197,2197,Running,Running,Running,Enabled,Updated,Compliant,100,Compliant
2198,2198,Stopped,Running,Running,Enabled,Outdated,Non-Compliant,55,Non-Compliant
2199,2199,Running,Running,Running,Enabled,Updated,Compliant,100,Compliant
2200,2200,Running,Running,Running,Enabled,Updated,Compliant,100,Compliant
2201,2201,Running,Running,Running,Enabled,Updated,Compliant,100,Compliant
2202,2202,Running,Running,Running,Enabled,Updated,Compliant,100,Compliant
2203,2203,Running,Running,Running,Enabled,Updated,Non-Compliant,90,Compliant
2204,2204,Running,Running,Running,Enabled,Outdated,Compliant,85,Warning
2205,2205,Running,Running,Running,Enabled,Updated,Compliant,100,Compliant
2206,2206,Running,Running,Running,Enabled,Updated,Compliant,100,Compliant
2207,2207,Running,Running,Running,Enabled,Updated,Compliant,100,Compliant
2208,2208,Running,Running,Stopped,Enabled,Updated,Compliant,80,Warning
2209,2209,Running,Running,Stopped,Enabled,Outdated,Compliant,65,Non-Compliant
2210,2210,Running,Running,Running,Enabled,Updated,Compliant,100,Compliant
2211,2211,Running,Running,Running,Enabled,Outdated,Compliant,85,Warning
2212,2212,Running,Stopped,Running,Enabled,Outdated,Compliant,65,Non-Compliant
2213,2213,Stopped,Running,Running,Enabled,Updated,Compliant,80,Warning
2214,2214,Running,Running,Running,Enabled,Updated,Compliant,100,Compliant
2215,2215,Stopped,Running,Running,Enabled,Updated,Compliant,80,Warning
2216,2216,Running,Running,Running,Enabled,Updated,Compliant,100,Compliant
2217,2217,Running,Stopped,Running,Enabled,Updated,Compliant,80,Warning
2218,2218,Running,Running,Running,Enabled,Updated,Compliant,100,Compliant
2219,2219,Running,Running,Running,Disabled,Outdated,Compliant,70,Warning
2220,2220,Running,Running,Running,Enabled,Updated,Compliant,100,Compliant
2221,2221,Running,Running,Running,Enabled,Updated,Compliant,100,Compliant
2222,2222,Running,Running,Running,Enabled,Updated,Compliant,100,Compliant
2223,2223,Running,Running,Running,Enabled,Updated,Compliant,100,Compliant
2224,2224,Running,Running,Running,Enabled,Updated,Compliant,100,Compliant
2225,2225,Running,Running,Running,Enabled,Updated,Compliant,100,Compliant
2226,2226,Running,Running,Running,Enabled,Updated,Compliant,100,Compliant
2227,2227,Running,Running,Running,Enabled,Updated,Compliant,100,Compliant
2228,2228,Running,Running,Running,Enabled,Updated,Compliant,100,Compliant
2229,2229,Running,Running,Running,Enabled,Updated,Compliant,100,Compliant
2230,2230,Running,Running,Stopped,Enabled,Updated,Compliant,80,Warning
2231,2231,Running,Running,Running,Enabled,Updated,Compliant,100,Compliant
2232,2232,Running,Running,Running,Enabled,Updated,Compliant,100,Compliant
2233,2233,Running,Running,Running,Enabled,Updated,Compliant,100,Compliant
2234,2234,Running,Running,Running,Enabled,Outdated,Compliant,85,Warning
2235,2235,Running,Running,Running,Enabled,Updated,Compliant,100,Compliant
2236,2236,Running,Running,Running,Enabled,Updated,Compliant,100,Compliant
2237,2237,Running,Running,Running,Enabled,Updated,Compliant,100,Compliant
2238,2238,Running,Running,Running,Enabled,Outdated,Compliant,85,Warning
2239,2239,Running,Running,Running,Enabled,Updated,Non-Compliant,90,Compliant
2240,2240,Running,Running,Running,Enabled,Updated,Non-Compliant,90,Compliant
2241,2241,Running,Running,Running,Enabled,Outdated,Compliant,85,Warning
2242,2242,Stopped,Running,Running,Enabled,Updated,Compliant,80,Warning
2243,2243,Running,Running,Running,Enabled,Updated,Compliant,100,Compliant
2244,2244,Running,Running,Running,Enabled,Updated,Compliant,100,Compliant
2245,2245,Running,Running,Running,Enabled,Updated,Compliant,100,Compliant
2246,2246,Running,Running,Running,Enabled,Updated,Compliant,100,Compliant
2247,2247,Running,Running,Running,Enabled,Updated,Compliant,100,Compliant
2248,2248,Running,Running,Running,Enabled,Updated,Compliant,100,Compliant
2249,2249,Running,Running,Running,Enabled,Updated,Compliant,100,Compliant
2250,2250,Running,Running,Running,Enabled,Updated,Compliant,100,Compliant
2251,2251,Running,Running,Running,Enabled,Updated,Compliant,100,Compliant
2252,2252,Stopped,Running,Running,Enabled,Updated,Compliant,80,Warning
2253,2253,Running,Running,Running,Enabled,Updated,Compliant,100,Compliant
2254,2254,Running,Running,Running,Enabled,Outdated,Compliant,85,Warning
2255,2255,Running,Running,Running,Enabled,Updated,Non-Compliant,90,Compliant
2256,2256,Running,Running,Running,Enabled,Updated,Compliant,100,Compliant
2257,2257,Running,Running,Stopped,Enabled,Updated,Compliant,80,Warning
2258,2258,Stopped,Running,Running,Enabled,Updated,Compliant,80,Warning
2259,2259,Running,Running,Running,Enabled,Outdated,Non-Compliant,75,Warning
2260,2260,Running,Running,Running,Enabled,Updated,Compliant,100,Compliant
2261,2261,Stopped,Running,Running,Enabled,Updated,Compliant,80,Warning
2262,2262,Running,Running,Stopped,Enabled,Updated,Compliant,80,Warning
2263,2263,Running,Running,Running,Enabled,Updated,Compliant,100,Compliant
2264,2264,Running,Running,Running,Enabled,Outdated,Compliant,85,Warning
2265,2265,Running,Running,Running,Enabled,Updated,Compliant,100,Compliant
2266,2266,Running,Running,Running,Enabled,Updated,Compliant,100,Compliant
2267,2267,Stopped,Running,Running,Enabled,Updated,Non-Compliant,70,Warning
2268,2268,Running,Running,Running,Enabled,Updated,Compliant,100,Compliant
2269,2269,Running,Running,Running,Enabled,Updated,Compliant,100,Compliant
2270,2270,Stopped,Running,Running,Enabled,Updated,Compliant,80,Warning
2271,2271,Running,Running,Running,Enabled,Updated,Compliant,100,Compliant
2272,2272,Running,Running,Running,Enabled,Updated,Non-Compliant,90,Compliant
2273,2273,Running,Running,Running,Enabled,Updated,Compliant,100,Compliant
2274,2274,Running,Running,Running,Enabled,Updated,Compliant,100,Compliant
2275,2275,Running,Running,Running,Enabled,Updated,Compliant,100,Compliant
2276,2276,Running,Running,Running,Enabled,Updated,Non-Compliant,90,Compliant
2277,2277,Running,Running,Running,Enabled,Updated,Compliant,100,Compliant
2278,2278,Running,Running,Running,Enabled,Updated,Compliant,100,Compliant
2279,2279,Running,Running,Running,Enabled,Updated,Compliant,100,Compliant
2280,2280,Running,Stopped,Running,Enabled,Updated,Non-Compliant,70,Warning
2281,2281,Running,Running,Running,Enabled,Updated,Compliant,100,Compliant
2282,2282,Running,Running,Running,Enabled,Updated,Compliant,100,Compliant
2283,2283,Running,Running,Running,Enabled,Updated,Non-Compliant,90,Compliant
2284,2284,Running,Running,Running,Enabled,Updated,Non-Compliant,90,Compliant
2285,2285,Running,Running,Running,Enabled,Updated,Compliant,100,Compliant
2286,2286,Running,Running,Running,Enabled,Updated,Compliant,100,Compliant
2287,2287,Running,Running,Running,Enabled,Updated,Compliant,100,Compliant
2288,2288,Running,Running,Running,Enabled,Outdated,Compliant,85,Warning
2289,2289,Running,Stopped,Running,Enabled,Updated,Compliant,80,Warning
2290,2290,Running,Running,Running,Enabled,Updated,Compliant,100,Compliant
2291,2291,Running,Running,Running,Enabled,Updated,Compliant,100,Compliant
2292,2292,Running,Running,Running,Enabled,Updated,Compliant,100,Compliant
2293,2293,Running,Running,Running,Enabled,Updated,Non-Compliant,90,Compliant
2294,2294,Running,Running,Running,Enabled,Updated,Compliant,100,Compliant
2295,2295,Running,Running,Running,Enabled,Updated,Compliant,100,Compliant
2296,2296,Running,Running,Running,Enabled,Outdated,Compliant,85,Warning
2297,2297,Running,Running,Running,Enabled,Updated,Compliant,100,Compliant
2298,2298,Running,Running,Running,Enabled,Updated,Compliant,100,Compliant
2299,2299,Running,Running,Running,Enabled,Updated,Compliant,100,Compliant
2300,2300,Running,Running,Running,Disabled,Updated,Compliant,85,Warning
2301,2301,Running,Running,Running,Enabled,Updated,Compliant,100,Compliant
2302,2302,Running,Running,Running,Enabled,Updated,Compliant,100,Compliant
2303,2303,Running,Running,Running,Enabled,Outdated,Compliant,85,Warning
2304,2304,Running,Running,Running,Enabled,Updated,Compliant,100,Compliant
2305,2305,Running,Running,Running,Enabled,Updated,Compliant,100,Compliant
2306,2306,Running,Running,Running,Enabled,Updated,Compliant,100,Compliant
2307,2307,Running,Running,Running,Enabled,Updated,Compliant,100,Compliant
2308,2308,Running,Stopped,Running,Enabled,Updated,Compliant,80,Warning
2309,2309,Running,Running,Running,Enabled,Outdated,Compliant,85,Warning
2310,2310,Running,Running,Running,Enabled,Updated,Compliant,100,Compliant
2311,2311,Running,Running,Running,Enabled,Updated,Compliant,100,Compliant
2312,2312,Running,Running,Running,Enabled,Updated,Compliant,100,Compliant
2313,2313,Running,Running,Running,Enabled,Updated,Compliant,100,Compliant
2314,2314,Running,Running,Running,Enabled,Updated,Compliant,100,Compliant
2315,2315,Running,Running,Running,Enabled,Updated,Compliant,100,Compliant
2316,2316,Running,Running,Running,Enabled,Updated,Compliant,100,Compliant
2317,2317,Running,Running,Running,Enabled,Updated,Compliant,100,Compliant
2318,2318,Running,Running,Running,Enabled,Updated,Compliant,100,Compliant
2319,2319,Running,Running,Running,Enabled,Updated,Compliant,100,Compliant
2320,2320,Running,Running,Running,Enabled,Updated,Compliant,100,Compliant
2321,2321,Running,Running,Running,Enabled,Outdated,Compliant,85,Warning
2322,2322,Running,Running,Running,Enabled,Updated,Compliant,100,Compliant
2323,2323,Running,Running,Running,Enabled,Updated,Compliant,100,Compliant
2324,2324,Running,Running,Running,Enabled,Updated,Compliant,100,Compliant
2325,2325,Running,Running,Running,Enabled,Updated,Compliant,100,Compliant
2326,2326,Running,Running,Running,Enabled,Updated,Compliant,100,Compliant
2327,2327,Running,Running,Running,Enabled,Updated,Compliant,100,Compliant
2328,2328,Running,Running,Running,Enabled,Updated,Compliant,100,Compliant
2329,2329,Running,Running,Running,Enabled,Updated,Non-Compliant,90,Compliant
2330,2330,Running,Running,Running,Enabled,Updated,Compliant,100,Compliant
2331,2331,Running,Running,Running,Enabled,Updated,Non-Compliant,90,Compliant
2332,2332,Running,Running,Running,Enabled,Updated,Compliant,100,Compliant
2333,2333,Running,Running,Running,Enabled,Outdated,Compliant,85,Warning
2334,2334,Running,Running,Running,Enabled,Updated,Compliant,100,Compliant
2335,2335,Running,Running,Running,Enabled,Updated,Compliant,100,Compliant
2336,2336,Running,Running,Running,Enabled,Updated,Compliant,100,Compliant
2337,2337,Running,Running,Running,Enabled,Updated,Compliant,100,Compliant
2338,2338,Running,Running,Running,Enabled,Updated,Compliant,100,Compliant
2339,2339,Running,Running,Running,Enabled,Updated,Compliant,100,Compliant
2340,2340,Running,Running,Running,Enabled,Updated,Compliant,100,Compliant
2341,2341,Running,Running,Running,Enabled,Updated,Compliant,100,Compliant
2342,2342,Running,Running,Running,Enabled,Updated,Compliant,100,Compliant
2343,2343,Running,Running,Running,Enabled,Updated,Compliant,100,Compliant
2344,2344,Running,Running,Running,Enabled,Updated,Compliant,100,Compliant
2345,2345,Running,Running,Running,Enabled,Updated,Compliant,100,Compliant
2346,2346,Running,Running,Running,Enabled,Updated,Compliant,100,Compliant
2347,2347,Stopped,Running,Stopped,Enabled,Updated,Compliant,60,Non-Compliant
2348,2348,Running,Running,Running,Enabled,Updated,Compliant,100,Compliant
2349,2349,Running,Running,Running,Enabled,Updated,Compliant,100,Compliant
2350,2350,Running,Running,Running,Enabled,Updated,Compliant,100,Compliant
2351,2351,Running,Running,Running,Enabled,Updated,Compliant,100,Compliant
2352,2352,Running,Running,Running,Enabled,Updated,Non-Compliant,90,Compliant
2353,2353,Running,Running,Running,Enabled,Updated,Compliant,100,Compliant
2354,2354,Running,Running,Running,Enabled,Updated,Compliant,100,Compliant
2355,2355,Stopped,Running,Running,Enabled,Updated,Compliant,80,Warning
2356,2356,Running,Running,Running,Enabled,Updated,Compliant,100,Compliant
2357,2357,Stopped,Running,Running,Enabled,Updated,Compliant,80,Warning
2358,2358,Running,Running,Running,Enabled,Updated,Compliant,100,Compliant
2359,2359,Running,Running,Running,Enabled,Updated,Compliant,100,Compliant
2360,2360,Running,Running,Running,Enabled,Outdated,Compliant,85,Warning
2361,2361,Running,Running,Running,Enabled,Updated,Compliant,100,Compliant
2362,2362,Running,Running,Running,Enabled,Updated,Compliant,100,Compliant
2363,2363,Running,Running,Running,Enabled,Updated,Compliant,100,Compliant
2364,2364,Running,Running,Running,Enabled,Outdated,Compliant,85,Warning
2365,2365,Running,Running,Running,Enabled,Updated,Compliant,100,Compliant
2366,2366,Running,Running,Running,Enabled,Updated,Compliant,100,Compliant
2367,2367,Running,Running,Running,Enabled,Updated,Compliant,100,Compliant
2368,2368,Running,Running,Running,Enabled,Updated,Compliant,100,Compliant
2369,2369,Running,Running,Running,Enabled,Updated,Compliant,100,Compliant
2370,2370,Running,Running,Running,Enabled,Updated,Compliant,100,Compliant
2371,2371,Running,Running,Running,Enabled,Updated,Compliant,100,Compliant
2372,2372,Running,Running,Running,Enabled,Outdated,Compliant,85,Warning
2373,2373,Running,Running,Running,Enabled,Updated,Compliant,100,Compliant
2374,2374,Stopped,Running,Running,Enabled,Updated,Compliant,80,Warning
2375,2375,Running,Running,Running,Enabled,Updated,Compliant,100,Compliant
2376,2376,Running,Running,Running,Enabled,Updated,Compliant,100,Compliant
2377,2377,Running,Running,Running,Enabled,Updated,Compliant,100,Compliant
2378,2378,Running,Running,Running,Enabled,Updated,Compliant,100,Compliant
2379,2379,Running,Stopped,Running,Enabled,Updated,Compliant,80,Warning
2380,2380,Running,Running,Running,Enabled,Outdated,Non-Compliant,75,Warning
2381,2381,Running,Running,Running,Enabled,Outdated,Compliant,85,Warning
2382,2382,Running,Running,Running,Enabled,Updated,Compliant,100,Compliant
2383,2383,Running,Running,Running,Enabled,Updated,Compliant,100,Compliant
2384,2384,Running,Running,Running,Enabled,Updated,Compliant,100,Compliant
2385,2385,Running,Running,Running,Enabled,Updated,Compliant,100,Compliant
2386,2386,Running,Running,Running,Enabled,Updated,Compliant,100,Compliant
2387,2387,Running,Running,Running,Enabled,Updated,Compliant,100,Compliant
2388,2388,Stopped,Running,Running,Enabled,Outdated,Non-Compliant,55,Non-Compliant
2389,2389,Running,Running,Running,Enabled,Updated,Compliant,100,Compliant
2390,2390,Running,Running,Running,Enabled,Updated,Compliant,100,Compliant
2391,2391,Running,Running,Running,Enabled,Updated,Compliant,100,Compliant
2392,2392,Running,Running,Running,Enabled,Updated,Compliant,100,Compliant
2393,2393,Running,Running,Running,Enabled,Updated,Compliant,100,Compliant
2394,2394,Running,Running,Running,Enabled,Updated,Compliant,100,Compliant
2395,2395,Running,Running,Running,Enabled,Updated,Compliant,100,Compliant
2396,2396,Running,Running,Running,Enabled,Updated,Compliant,100,Compliant
2397,2397,Running,Running,Running,Enabled,Updated,Compliant,100,Compliant
2398,2398,Running,Running,Running,Enabled,Updated,Compliant,100,Compliant
2399,2399,Running,Running,Running,Enabled,Updated,Compliant,100,Compliant
2400,2400,Running,Running,Running,Enabled,Updated,Compliant,100,Compliant
2401,2401,Running,Running,Running,Enabled,Updated,Compliant,100,Compliant
2402,2402,Stopped,Running,Running,Enabled,Outdated,Compliant,65,Non-Compliant
2403,2403,Running,Running,Running,Enabled,Updated,Compliant,100,Compliant
2404,2404,Running,Running,Running,Enabled,Updated,Compliant,100,Compliant
2405,2405,Running,Running,Running,Enabled,Updated,Compliant,100,Compliant
2406,2406,Running,Running,Running,Enabled,Updated,Non-Compliant,90,Compliant
2407,2407,Running,Running,Running,Enabled,Updated,Compliant,100,Compliant
2408,2408,Running,Running,Running,Enabled,Updated,Compliant,100,Compliant
2409,2409,Running,Running,Running,Enabled,Updated,Compliant,100,Compliant
2410,2410,Running,Running,Running,Enabled,Updated,Compliant,100,Compliant
2411,2411,Running,Running,Running,Enabled,Updated,Compliant,100,Compliant
2412,2412,Running,Running,Running,Enabled,Updated,Compliant,100,Compliant
2413,2413,Running,Running,Running,Enabled,Updated,Compliant,100,Compliant
2414,2414,Running,Running,Running,Enabled,Updated,Compliant,100,Compliant
2415,2415,Running,Running,Running,Enabled,Updated,Compliant,100,Compliant
2416,2416,Running,Running,Running,Enabled,Updated,Compliant,100,Compliant
2417,2417,Running,Running,Running,Enabled,Updated,Compliant,100,Compliant
2418,2418,Running,Running,Running,Enabled,Updated,Compliant,100,Compliant
2419,2419,Running,Running,Running,Enabled,Updated,Compliant,100,Compliant
2420,2420,Running,Running,Running,Disabled,Updated,Compliant,85,Warning
2421,2421,Running,Running,Running,Enabled,Updated,Compliant,100,Compliant
2422,2422,Running,Running,Running,Enabled,Updated,Compliant,100,Compliant
2423,2423,Running,Running,Running,Enabled,Updated,Compliant,100,Compliant
2424,2424,Running,Running,Running,Enabled,Updated,Compliant,100,Compliant
2425,2425,Running,Running,Running,Enabled,Outdated,Compliant,85,Warning
2426,2426,Running,Stopped,Running,Enabled,Updated,Compliant,80,Warning
2427,2427,Running,Running,Running,Enabled,Updated,Compliant,100,Compliant
2428,2428,Running,Running,Running,Enabled,Updated,Compliant,100,Compliant
2429,2429,Running,Running,Running,Enabled,Updated,Compliant,100,Compliant
2430,2430,Running,Running,Running,Enabled,Updated,Compliant,100,Compliant
2431,2431,Running,Running,Running,Enabled,Updated,Compliant,100,Compliant
2432,2432,Stopped,Stopped,Running,Enabled,Updated,Compliant,60,Non-Compliant
2433,2433,Running,Running,Running,Enabled,Updated,Non-Compliant,90,Compliant
2434,2434,Running,Running,Running,Enabled,Updated,Compliant,100,Compliant
2435,2435,Running,Running,Running,Enabled,Updated,Non-Compliant,90,Compliant
2436,2436,Running,Running,Running,Enabled,Updated,Non-Compliant,90,Compliant
2437,2437,Running,Running,Running,Enabled,Updated,Compliant,100,Compliant
2438,2438,Running,Running,Running,Enabled,Updated,Compliant,100,Compliant
2439,2439,Running,Running,Running,Enabled,Updated,Compliant,100,Compliant
2440,2440,Running,Running,Running,Enabled,Outdated,Compliant,85,Warning
2441,2441,Running,Running,Running,Enabled,Updated,Non-Compliant,90,Compliant
2442,2442,Running,Stopped,Running,Enabled,Updated,Compliant,80,Warning
2443,2443,Running,Running,Running,Enabled,Updated,Non-Compliant,90,Compliant
2444,2444,Running,Running,Running,Enabled,Updated,Compliant,100,Compliant
2445,2445,Running,Stopped,Running,Enabled,Updated,Compliant,80,Warning
2446,2446,Running,Running,Running,Enabled,Updated,Compliant,100,Compliant
2447,2447,Running,Running,Running,Enabled,Updated,Compliant,100,Compliant
2448,2448,Running,Running,Running,Enabled,Updated,Compliant,100,Compliant
2449,2449,Running,Running,Running,Enabled,Updated,Compliant,100,Compliant
2450,2450,Running,Stopped,Running,Enabled,Updated,Compliant,80,Warning
2451,2451,Running,Running,Running,Enabled,Updated,Compliant,100,Compliant
2452,2452,Running,Running,Running,Enabled,Updated,Compliant,100,Compliant
2453,2453,Running,Running,Running,Enabled,Updated,Compliant,100,Compliant
2454,2454,Running,Running,Stopped,Enabled,Updated,Compliant,80,Warning
2455,2455,Running,Running,Running,Enabled,Updated,Compliant,100,Compliant
2456,2456,Running,Running,Running,Enabled,Outdated,Compliant,85,Warning
2457,2457,Running,Running,Running,Enabled,Updated,Compliant,100,Compliant
2458,2458,Stopped,Running,Running,Enabled,Updated,Compliant,80,Warning
2459,2459,Running,Running,Running,Enabled,Outdated,Compliant,85,Warning
2460,2460,Running,Stopped,Running,Enabled,Updated,Compliant,80,Warning
2461,2461,Running,Running,Running,Enabled,Updated,Compliant,100,Compliant
2462,2462,Running,Stopped,Running,Enabled,Updated,Compliant,80,Warning
2463,2463,Running,Stopped,Running,Enabled,Outdated,Compliant,65,Non-Compliant
2464,2464,Running,Running,Running,Enabled,Updated,Compliant,100,Compliant
2465,2465,Running,Running,Running,Enabled,Updated,Compliant,100,Compliant
2466,2466,Running,Running,Stopped,Enabled,Updated,Compliant,80,Warning
2467,2467,Running,Running,Running,Enabled,Updated,Compliant,100,Compliant
2468,2468,Running,Running,Running,Enabled,Updated,Compliant,100,Compliant
2469,2469,Stopped,Running,Running,Enabled,Updated,Compliant,80,Warning
2470,2470,Running,Stopped,Running,Enabled,Updated,Compliant,80,Warning
2471,2471,Running,Running,Running,Enabled,Updated,Compliant,100,Compliant
2472,2472,Running,Running,Running,Enabled,Outdated,Compliant,85,Warning
2473,2473,Running,Running,Running,Enabled,Updated,Compliant,100,Compliant
2474,2474,Running,Running,Running,Enabled,Updated,Non-Compliant,90,Compliant
2475,2475,Running,Running,Running,Enabled,Updated,Compliant,100,Compliant
2476,2476,Stopped,Running,Running,Enabled,Updated,Compliant,80,Warning
2477,2477,Running,Running,Stopped,Enabled,Updated,Compliant,80,Warning
2478,2478,Running,Running,Running,Enabled,Updated,Non-Compliant,90,Compliant
2479,2479,Running,Running,Running,Enabled,Updated,Compliant,100,Compliant
2480,2480,Running,Running,Running,Enabled,Updated,Compliant,100,Compliant
2481,2481,Running,Running,Running,Enabled,Updated,Compliant,100,Compliant
2482,2482,Running,Running,Running,Enabled,Updated,Compliant,100,Compliant
2483,2483,Running,Running,Running,Enabled,Updated,Compliant,100,Compliant
2484,2484,Running,Running,Running,Enabled,Updated,Compliant,100,Compliant
2485,2485,Running,Stopped,Running,Enabled,Updated,Compliant,80,Warning
2486,2486,Running,Running,Running,Enabled,Updated,Compliant,100,Compliant
2487,2487,Running,Running,Running,Enabled,Updated,Compliant,100,Compliant
2488,2488,Running,Running,Running,Enabled,Updated,Compliant,100,Compliant
2489,2489,Running,Running,Running,Enabled,Updated,Compliant,100,Compliant
2490,2490,Running,Running,Running,Enabled,Updated,Compliant,100,Compliant
2491,2491,Running,Running,Running,Enabled,Updated,Compliant,100,Compliant
2492,2492,Running,Running,Running,Enabled,Updated,Compliant,100,Compliant
2493,2493,Running,Running,Running,Enabled,Updated,Compliant,100,Compliant
2494,2494,Running,Running,Stopped,Enabled,Updated,Compliant,80,Warning
2495,2495,Stopped,Running,Running,Enabled,Updated,Compliant,80,Warning
2496,2496,Running,Running,Running,Enabled,Updated,Compliant,100,Compliant
2497,2497,Running,Running,Running,Enabled,Updated,Compliant,100,Compliant
2498,2498,Stopped,Running,Running,Enabled,Updated,Compliant,80,Warning
2499,2499,Running,Running,Running,Enabled,Updated,Compliant,100,Compliant
2500,2500,Stopped,Running,Running,Enabled,Outdated,Non-Compliant,55,Non-Compliant
2501,2501,Running,Running,Running,Enabled,Updated,Compliant,100,Compliant
2502,2502,Running,Running,Running,Enabled,Updated,Compliant,100,Compliant
2503,2503,Running,Running,Running,Enabled,Updated,Compliant,100,Compliant
2504,2504,Running,Running,Running,Enabled,Updated,Compliant,100,Compliant
2505,2505,Running,Running,Running,Enabled,Updated,Compliant,100,Compliant
2506,2506,Running,Running,Running,Enabled,Updated,Compliant,100,Compliant
2507,2507,Running,Running,Running,Enabled,Updated,Compliant,100,Compliant
2508,2508,Running,Running,Running,Enabled,Updated,Compliant,100,Compliant
2509,2509,Running,Running,Running,Enabled,Updated,Compliant,100,Compliant
2510,2510,Running,Running,Running,Enabled,Updated,Compliant,100,Compliant
2511,2511,Stopped,Running,Stopped,Enabled,Updated,Compliant,60,Non-Compliant
2512,2512,Running,Running,Running,Enabled,Outdated,Compliant,85,Warning
2513,2513,Running,Running,Running,Enabled,Outdated,Non-Compliant,75,Warning
2514,2514,Running,Running,Running,Enabled,Updated,Non-Compliant,90,Compliant
2515,2515,Running,Running,Running,Enabled,Updated,Compliant,100,Compliant
2516,2516,Running,Running,Running,Enabled,Updated,Non-Compliant,90,Compliant
2517,2517,Running,Stopped,Running,Enabled,Outdated,Compliant,65,Non-Compliant
2518,2518,Running,Running,Running,Enabled,Updated,Compliant,100,Compliant
2519,2519,Running,Running,Running,Enabled,Outdated,Compliant,85,Warning
2520,2520,Running,Running,Running,Enabled,Updated,Compliant,100,Compliant
2521,2521,Running,Running,Running,Enabled,Updated,Compliant,100,Compliant
2522,2522,Running,Running,Running,Enabled,Updated,Compliant,100,Compliant
2523,2523,Running,Running,Running,Enabled,Updated,Compliant,100,Compliant
2524,2524,Running,Running,Running,Enabled,Updated,Compliant,100,Compliant
2525,2525,Running,Running,Running,Enabled,Updated,Non-Compliant,90,Compliant
2526,2526,Running,Running,Running,Enabled,Updated,Compliant,100,Compliant
2527,2527,Running,Running,Running,Enabled,Outdated,Compliant,85,Warning
2528,2528,Running,Running,Running,Enabled,Updated,Compliant,100,Compliant
2529,2529,Running,Running,Running,Enabled,Updated,Compliant,100,Compliant
2530,2530,Running,Stopped,Running,Enabled,Updated,Compliant,80,Warning
2531,2531,Running,Running,Running,Enabled,Updated,Compliant,100,Compliant
2532,2532,Running,Running,Running,Enabled,Updated,Compliant,100,Compliant
2533,2533,Running,Running,Running,Enabled,Updated,Compliant,100,Compliant
2534,2534,Running,Running,Running,Enabled,Updated,Compliant,100,Compliant
2535,2535,Running,Running,Running,Enabled,Outdated,Compliant,85,Warning
2536,2536,Running,Running,Running,Enabled,Updated,Compliant,100,Compliant
2537,2537,Running,Running,Running,Enabled,Updated,Compliant,100,Compliant
2538,2538,Running,Running,Running,Enabled,Updated,Compliant,100,Compliant
2539,2539,Running,Running,Running,Enabled,Updated,Compliant,100,Compliant
2540,2540,Running,Running,Running,Enabled,Updated,Compliant,100,Compliant
2541,2541,Running,Running,Running,Enabled,Updated,Compliant,100,Compliant
2542,2542,Running,Running,Running,Enabled,Updated,Compliant,100,Compliant
2543,2543,Running,Running,Running,Enabled,Updated,Compliant,100,Compliant
2544,2544,Running,Running,Running,Enabled,Outdated,Compliant,85,Warning
2545,2545,Running,Running,Running,Enabled,Updated,Compliant,100,Compliant
2546,2546,Running,Running,Running,Enabled,Updated,Compliant,100,Compliant
2547,2547,Running,Stopped,Running,Enabled,Outdated,Compliant,65,Non-Compliant
2548,2548,Running,Running,Running,Enabled,Updated,Compliant,100,Compliant
2549,2549,Running,Running,Running,Enabled,Updated,Compliant,100,Compliant
2550,2550,Running,Running,Running,Enabled,Updated,Compliant,100,Compliant
2551,2551,Running,Running,Running,Enabled,Outdated,Compliant,85,Warning
2552,2552,Running,Running,Running,Disabled,Updated,Compliant,85,Warning
2553,2553,Running,Running,Running,Enabled,Updated,Compliant,100,Compliant
2554,2554,Running,Running,Running,Enabled,Updated,Compliant,100,Compliant
2555,2555,Running,Running,Running,Enabled,Updated,Compliant,100,Compliant
2556,2556,Running,Running,Running,Enabled,Updated,Compliant,100,Compliant
2557,2557,Running,Running,Running,Enabled,Updated,Compliant,100,Compliant
2558,2558,Running,Running,Running,Enabled,Updated,Compliant,100,Compliant
2559,2559,Running,Running,Running,Enabled,Outdated,Compliant,85,Warning
2560,2560,Running,Running,Running,Enabled,Updated,Compliant,100,Compliant
2561,2561,Running,Running,Running,Enabled,Updated,Compliant,100,Compliant
2562,2562,Running,Running,Running,Enabled,Updated,Compliant,100,Compliant
2563,2563,Running,Running,Running,Enabled,Updated,Compliant,100,Compliant
2564,2564,Running,Running,Running,Enabled,Updated,Compliant,100,Compliant
2565,2565,Running,Running,Running,Enabled,Updated,Compliant,100,Compliant
2566,2566,Running,Running,Running,Enabled,Outdated,Compliant,85,Warning
2567,2567,Running,Running,Running,Enabled,Updated,Compliant,100,Compliant
2568,2568,Running,Running,Running,Enabled,Updated,Compliant,100,Compliant
2569,2569,Running,Running,Running,Enabled,Outdated,Compliant,85,Warning
2570,2570,Stopped,Running,Running,Enabled,Updated,Compliant,80,Warning
2571,2571,Running,Running,Running,Enabled,Updated,Compliant,100,Compliant
2572,2572,Running,Running,Running,Enabled,Updated,Compliant,100,Compliant
2573,2573,Running,Running,Running,Enabled,Updated,Compliant,100,Compliant
2574,2574,Running,Running,Running,Enabled,Updated,Compliant,100,Compliant
2575,2575,Running,Running,Running,Enabled,Updated,Compliant,100,Compliant
2576,2576,Running,Running,Running,Enabled,Outdated,Compliant,85,Warning
2577,2577,Running,Running,Running,Enabled,Updated,Compliant,100,Compliant
2578,2578,Running,Running,Running,Enabled,Updated,Compliant,100,Compliant
2579,2579,Running,Running,Running,Enabled,Updated,Compliant,100,Compliant
2580,2580,Running,Running,Running,Enabled,Updated,Non-Compliant,90,Compliant
2581,2581,Running,Running,Running,Enabled,Updated,Compliant,100,Compliant
2582,2582,Running,Running,Running,Enabled,Updated,Compliant,100,Compliant
2583,2583,Running,Running,Running,Enabled,Updated,Compliant,100,Compliant
2584,2584,Running,Running,Running,Enabled,Updated,Compliant,100,Compliant
2585,2585,Running,Running,Running,Enabled,Updated,Compliant,100,Compliant
2586,2586,Running,Running,Running,Enabled,Updated,Compliant,100,Compliant
2587,2587,Running,Running,Running,Enabled,Updated,Compliant,100,Compliant
2588,2588,Running,Running,Running,Enabled,Updated,Compliant,100,Compliant
2589,2589,Running,Running,Running,Enabled,Updated,Compliant,100,Compliant
2590,2590,Running,Running,Running,Enabled,Updated,Compliant,100,Compliant
2591,2591,Running,Running,Running,Enabled,Updated,Compliant,100,Compliant
2592,2592,Running,Running,Running,Enabled,Updated,Compliant,100,Compliant
2593,2593,Running,Running,Running,Enabled,Updated,Compliant,100,Compliant
2594,2594,Running,Running,Running,Enabled,Updated,Compliant,100,Compliant
2595,2595,Running,Running,Running,Enabled,Updated,Compliant,100,Compliant
2596,2596,Running,Running,Running,Enabled,Updated,Compliant,100,Compliant
2597,2597,Running,Running,Running,Enabled,Updated,Compliant,100,Compliant
2598,2598,Running,Running,Running,Enabled,Updated,Compliant,100,Compliant
2599,2599,Running,Running,Running,Enabled,Updated,Compliant,100,Compliant
2600,2600,Running,Running,Running,Enabled,Updated,Compliant,100,Compliant
2601,2601,Running,Running,Running,Enabled,Updated,Compliant,100,Compliant
2602,2602,Running,Running,Running,Enabled,Updated,Compliant,100,Compliant
2603,2603,Running,Running,Running,Enabled,Updated,Compliant,100,Compliant
2604,2604,Running,Running,Running,Enabled,Updated,Compliant,100,Compliant
2605,2605,Stopped,Running,Running,Enabled,Updated,Compliant,80,Warning
2606,2606,Running,Running,Running,Enabled,Updated,Compliant,100,Compliant
2607,2607,Running,Running,Running,Enabled,Updated,Compliant,100,Compliant
2608,2608,Running,Running,Running,Enabled,Updated,Compliant,100,Compliant
2609,2609,Running,Running,Running,Enabled,Updated,Compliant,100,Compliant
2610,2610,Stopped,Running,Running,Enabled,Updated,Compliant,80,Warning
2611,2611,Running,Stopped,Running,Enabled,Outdated,Compliant,65,Non-Compliant
2612,2612,Running,Running,Running,Enabled,Updated,Compliant,100,Compliant
2613,2613,Running,Running,Running,Enabled,Outdated,Compliant,85,Warning
2614,2614,Running,Running,Running,Enabled,Updated,Compliant,100,Compliant
2615,2615,Running,Running,Running,Disabled,Outdated,Compliant,70,Warning
2616,2616,Running,Running,Running,Enabled,Updated,Compliant,100,Compliant
2617,2617,Running,Running,Running,Enabled,Updated,Compliant,100,Compliant
2618,2618,Stopped,Running,Running,Enabled,Updated,Compliant,80,Warning
2619,2619,Running,Running,Running,Enabled,Updated,Compliant,100,Compliant
2620,2620,Running,Running,Running,Enabled,Updated,Compliant,100,Compliant
2621,2621,Running,Running,Running,Enabled,Updated,Compliant,100,Compliant
2622,2622,Stopped,Running,Running,Enabled,Updated,Compliant,80,Warning
2623,2623,Running,Running,Running,Enabled,Updated,Compliant,100,Compliant
2624,2624,Running,Running,Running,Enabled,Updated,Compliant,100,Compliant
2625,2625,Running,Running,Running,Enabled,Updated,Compliant,100,Compliant
2626,2626,Running,Running,Running,Enabled,Updated,Compliant,100,Compliant
2627,2627,Running,Running,Running,Enabled,Updated,Compliant,100,Compliant
2628,2628,Stopped,Running,Running,Enabled,Outdated,Compliant,65,Non-Compliant
2629,2629,Running,Stopped,Running,Enabled,Updated,Compliant,80,Warning
2630,2630,Running,Running,Running,Enabled,Updated,Compliant,100,Compliant
2631,2631,Running,Running,Running,Enabled,Updated,Compliant,100,Compliant
2632,2632,Running,Running,Running,Enabled,Updated,Compliant,100,Compliant
2633,2633,Running,Running,Running,Enabled,Updated,Compliant,100,Compliant
2634,2634,Stopped,Running,Running,Enabled,Updated,Compliant,80,Warning
2635,2635,Running,Running,Running,Enabled,Updated,Compliant,100,Compliant
2636,2636,Running,Running,Running,Enabled,Updated,Compliant,100,Compliant
2637,2637,Running,Running,Running,Enabled,Updated,Compliant,100,Compliant
2638,2638,Running,Running,Running,Enabled,Updated,Compliant,100,Compliant
2639,2639,Running,Running,Running,Enabled,Updated,Compliant,100,Compliant
2640,2640,Running,Running,Stopped,Enabled,Updated,Compliant,80,Warning
2641,2641,Running,Running,Running,Enabled,Updated,Compliant,100,Compliant
2642,2642,Running,Running,Running,Enabled,Updated,Compliant,100,Compliant
2643,2643,Running,Running,Running,Enabled,Updated,Compliant,100,Compliant
2644,2644,Running,Running,Running,Enabled,Updated,Compliant,100,Compliant
2645,2645,Running,Running,Running,Enabled,Updated,Compliant,100,Compliant
2646,2646,Running,Running,Running,Enabled,Updated,Compliant,100,Compliant
2647,2647,Stopped,Running,Running,Enabled,Updated,Compliant,80,Warning
2648,2648,Running,Running,Running,Enabled,Updated,Compliant,100,Compliant
2649,2649,Running,Running,Running,Enabled,Updated,Compliant,100,Compliant
2650,2650,Running,Running,Running,Enabled,Updated,Compliant,100,Compliant
2651,2651,Running,Running,Running,Enabled,Updated,Compliant,100,Compliant
2652,2652,Running,Running,Running,Enabled,Updated,Compliant,100,Compliant
2653,2653,Stopped,Running,Running,Enabled,Updated,Compliant,80,Warning
2654,2654,Running,Running,Running,Enabled,Updated,Compliant,100,Compliant
2655,2655,Running,Running,Running,Enabled,Updated,Compliant,100,Compliant
2656,2656,Running,Running,Running,Enabled,Updated,Compliant,100,Compliant
2657,2657,Running,Running,Running,Enabled,Updated,Compliant,100,Compliant
2658,2658,Running,Running,Running,Enabled,Outdated,Non-Compliant,75,Warning
2659,2659,Running,Running,Running,Enabled,Updated,Compliant,100,Compliant
2660,2660,Running,Running,Running,Enabled,Outdated,Compliant,85,Warning
2661,2661,Running,Running,Running,Enabled,Updated,Compliant,100,Compliant
2662,2662,Running,Running,Running,Enabled,Updated,Compliant,100,Compliant
2663,2663,Running,Running,Running,Enabled,Outdated,Compliant,85,Warning
2664,2664,Running,Running,Running,Enabled,Updated,Compliant,100,Compliant
2665,2665,Running,Running,Running,Enabled,Updated,Compliant,100,Compliant
2666,2666,Running,Running,Running,Enabled,Updated,Compliant,100,Compliant
2667,2667,Running,Running,Running,Enabled,Updated,Non-Compliant,90,Compliant
2668,2668,Running,Running,Running,Disabled,Updated,Non-Compliant,75,Warning
2669,2669,Running,Running,Running,Enabled,Updated,Compliant,100,Compliant
2670,2670,Stopped,Running,Running,Enabled,Outdated,Compliant,65,Non-Compliant
2671,2671,Running,Running,Running,Enabled,Updated,Non-Compliant,90,Compliant
2672,2672,Running,Running,Running,Enabled,Updated,Compliant,100,Compliant
2673,2673,Running,Running,Running,Enabled,Updated,Compliant,100,Compliant
2674,2674,Running,Running,Running,Enabled,Updated,Compliant,100,Compliant
2675,2675,Running,Running,Stopped,Enabled,Outdated,Compliant,65,Non-Compliant
2676,2676,Running,Running,Running,Enabled,Outdated,Compliant,85,Warning
2677,2677,Running,Running,Running,Enabled,Updated,Compliant,100,Compliant
2678,2678,Running,Running,Running,Enabled,Updated,Compliant,100,Compliant
2679,2679,Running,Running,Running,Enabled,Updated,Compliant,100,Compliant
2680,2680,Running,Running,Running,Enabled,Updated,Compliant,100,Compliant
2681,2681,Running,Running,Running,Enabled,Updated,Compliant,100,Compliant
2682,2682,Running,Running,Running,Enabled,Updated,Compliant,100,Compliant
2683,2683,Running,Running,Running,Enabled,Outdated,Compliant,85,Warning
2684,2684,Running,Running,Running,Enabled,Updated,Compliant,100,Compliant
2685,2685,Running,Running,Running,Enabled,Updated,Compliant,100,Compliant
2686,2686,Running,Running,Running,Enabled,Updated,Compliant,100,Compliant
2687,2687,Running,Running,Running,Enabled,Updated,Compliant,100,Compliant
2688,2688,Running,Running,Running,Enabled,Updated,Compliant,100,Compliant
2689,2689,Running,Running,Running,Enabled,Updated,Compliant,100,Compliant
2690,2690,Running,Running,Running,Enabled,Updated,Compliant,100,Compliant
2691,2691,Stopped,Stopped,Running,Enabled,Updated,Compliant,60,Non-Compliant
2692,2692,Running,Running,Running,Enabled,Updated,Compliant,100,Compliant
2693,2693,Running,Running,Running,Enabled,Outdated,Compliant,85,Warning
2694,2694,Running,Running,Running,Enabled,Updated,Compliant,100,Compliant
2695,2695,Stopped,Running,Running,Enabled,Updated,Compliant,80,Warning
2696,2696,Running,Running,Running,Enabled,Updated,Compliant,100,Compliant
2697,2697,Running,Running,Running,Enabled,Updated,Non-Compliant,90,Compliant
2698,2698,Running,Running,Stopped,Enabled,Updated,Compliant,80,Warning
2699,2699,Running,Running,Running,Enabled,Updated,Compliant,100,Compliant
2700,2700,Running,Running,Running,Enabled,Updated,Compliant,100,Compliant
2701,2701,Running,Running,Running,Enabled,Updated,Compliant,100,Compliant
2702,2702,Running,Running,Running,Enabled,Updated,Compliant,100,Compliant
2703,2703,Running,Running,Running,Enabled,Updated,Compliant,100,Compliant
2704,2704,Running,Running,Running,Enabled,Updated,Compliant,100,Compliant
2705,2705,Running,Running,Running,Enabled,Updated,Compliant,100,Compliant
2706,2706,Running,Running,Running,Enabled,Updated,Compliant,100,Compliant
2707,2707,Running,Running,Running,Enabled,Updated,Compliant,100,Compliant
2708,2708,Running,Running,Running,Enabled,Updated,Compliant,100,Compliant
2709,2709,Running,Running,Running,Enabled,Updated,Non-Compliant,90,Compliant
2710,2710,Running,Running,Running,Enabled,Updated,Compliant,100,Compliant
2711,2711,Running,Running,Running,Enabled,Updated,Non-Compliant,90,Compliant
2712,2712,Running,Running,Running,Enabled,Updated,Compliant,100,Compliant
2713,2713,Running,Running,Running,Enabled,Updated,Non-Compliant,90,Compliant
2714,2714,Running,Running,Running,Enabled,Updated,Compliant,100,Compliant
2715,2715,Running,Running,Running,Enabled,Updated,Compliant,100,Compliant
2716,2716,Running,Running,Running,Enabled,Updated,Compliant,100,Compliant
2717,2717,Running,Running,Running,Enabled,Updated,Compliant,100,Compliant
2718,2718,Stopped,Running,Stopped,Enabled,Updated,Compliant,60,Non-Compliant
2719,2719,Running,Running,Running,Enabled,Updated,Compliant,100,Compliant
2720,2720,Running,Running,Running,Enabled,Updated,Non-Compliant,90,Compliant
2721,2721,Running,Running,Running,Enabled,Updated,Compliant,100,Compliant
2722,2722,Stopped,Running,Running,Enabled,Updated,Compliant,80,Warning
2723,2723,Running,Running,Running,Enabled,Updated,Compliant,100,Compliant
2724,2724,Running,Running,Running,Enabled,Updated,Compliant,100,Compliant
2725,2725,Running,Running,Running,Enabled,Updated,Compliant,100,Compliant
2726,2726,Running,Running,Running,Enabled,Updated,Non-Compliant,90,Compliant
2727,2727,Running,Running,Running,Enabled,Updated,Compliant,100,Compliant
2728,2728,Running,Running,Running,Enabled,Updated,Compliant,100,Compliant
2729,2729,Running,Running,Running,Enabled,Updated,Compliant,100,Compliant
2730,2730,Running,Running,Running,Enabled,Updated,Compliant,100,Compliant
2731,2731,Running,Running,Stopped,Enabled,Outdated,Compliant,65,Non-Compliant
2732,2732,Running,Running,Running,Enabled,Updated,Compliant,100,Compliant
2733,2733,Running,Running,Running,Enabled,Updated,Compliant,100,Compliant
2734,2734,Running,Running,Running,Enabled,Outdated,Compliant,85,Warning
2735,2735,Running,Running,Running,Enabled,Updated,Compliant,100,Compliant
2736,2736,Running,Running,Running,Enabled,Updated,Compliant,100,Compliant
2737,2737,Running,Running,Running,Enabled,Updated,Compliant,100,Compliant
2738,2738,Running,Running,Running,Enabled,Updated,Compliant,100,Compliant
2739,2739,Running,Running,Running,Enabled,Updated,Compliant,100,Compliant
2740,2740,Running,Running,Running,Enabled,Updated,Non-Compliant,90,Compliant
2741,2741,Running,Running,Running,Enabled,Updated,Compliant,100,Compliant
2742,2742,Running,Running,Running,Enabled,Updated,Compliant,100,Compliant
2743,2743,Stopped,Running,Running,Enabled,Updated,Compliant,80,Warning
2744,2744,Running,Running,Running,Enabled,Updated,Compliant,100,Compliant
2745,2745,Running,Running,Running,Enabled,Updated,Compliant,100,Compliant
2746,2746,Running,Running,Running,Disabled,Updated,Compliant,85,Warning
2747,2747,Running,Running,Running,Enabled,Outdated,Compliant,85,Warning
2748,2748,Running,Running,Running,Enabled,Updated,Compliant,100,Compliant
2749,2749,Running,Running,Running,Enabled,Updated,Compliant,100,Compliant
2750,2750,Running,Running,Running,Enabled,Updated,Compliant,100,Compliant
2751,2751,Running,Running,Running,Enabled,Updated,Non-Compliant,90,Compliant
2752,2752,Running,Running,Running,Enabled,Updated,Compliant,100,Compliant
2753,2753,Running,Running,Running,Enabled,Updated,Compliant,100,Compliant
2754,2754,Running,Running,Running,Enabled,Updated,Compliant,100,Compliant
2755,2755,Running,Running,Running,Enabled,Updated,Compliant,100,Compliant
2756,2756,Running,Running,Running,Enabled,Updated,Compliant,100,Compliant
2757,2757,Running,Running,Running,Enabled,Updated,Compliant,100,Compliant
2758,2758,Running,Running,Running,Enabled,Updated,Compliant,100,Compliant
2759,2759,Running,Running,Running,Enabled,Updated,Compliant,100,Compliant
2760,2760,Running,Running,Running,Enabled,Updated,Compliant,100,Compliant
2761,2761,Running,Running,Running,Enabled,Updated,Compliant,100,Compliant
2762,2762,Running,Running,Running,Enabled,Outdated,Compliant,85,Warning
2763,2763,Running,Running,Running,Enabled,Updated,Compliant,100,Compliant
2764,2764,Running,Running,Running,Enabled,Updated,Compliant,100,Compliant
2765,2765,Running,Running,Running,Enabled,Updated,Compliant,100,Compliant
2766,2766,Running,Running,Running,Enabled,Updated,Compliant,100,Compliant
2767,2767,Running,Running,Running,Enabled,Updated,Compliant,100,Compliant
2768,2768,Running,Running,Running,Enabled,Outdated,Compliant,85,Warning
2769,2769,Running,Running,Running,Enabled,Updated,Non-Compliant,90,Compliant
2770,2770,Running,Running,Running,Enabled,Outdated,Compliant,85,Warning
2771,2771,Running,Running,Running,Enabled,Updated,Compliant,100,Compliant
2772,2772,Running,Running,Running,Enabled,Updated,Compliant,100,Compliant
2773,2773,Running,Running,Running,Enabled,Updated,Compliant,100,Compliant
2774,2774,Stopped,Running,Running,Enabled,Updated,Compliant,80,Warning
2775,2775,Running,Running,Running,Enabled,Updated,Compliant,100,Compliant
2776,2776,Running,Running,Running,Enabled,Updated,Compliant,100,Compliant
2777,2777,Running,Running,Running,Enabled,Updated,Compliant,100,Compliant
2778,2778,Running,Running,Running,Enabled,Updated,Compliant,100,Compliant
2779,2779,Running,Running,Running,Disabled,Updated,Compliant,85,Warning
2780,2780,Running,Running,Running,Enabled,Updated,Compliant,100,Compliant
2781,2781,Running,Running,Running,Enabled,Updated,Compliant,100,Compliant
2782,2782,Running,Running,Running,Enabled,Updated,Non-Compliant,90,Compliant
2783,2783,Running,Running,Running,Enabled,Updated,Compliant,100,Compliant
2784,2784,Running,Running,Running,Enabled,Updated,Compliant,100,Compliant
2785,2785,Running,Running,Running,Enabled,Outdated,Compliant,85,Warning
2786,2786,Running,Running,Running,Enabled,Outdated,Compliant,85,Warning
2787,2787,Running,Running,Running,Enabled,Updated,Compliant,100,Compliant
2788,2788,Running,Running,Running,Enabled,Updated,Compliant,100,Compliant
2789,2789,Running,Running,Running,Enabled,Updated,Compliant,100,Compliant
2790,2790,Running,Running,Running,Enabled,Updated,Compliant,100,Compliant
2791,2791,Running,Running,Running,Enabled,Updated,Compliant,100,Compliant
2792,2792,Running,Running,Running,Enabled,Updated,Compliant,100,Compliant
2793,2793,Running,Running,Running,Enabled,Updated,Non-Compliant,90,Compliant
2794,2794,Running,Running,Running,Enabled,Updated,Compliant,100,Compliant
2795,2795,Running,Running,Running,Enabled,Updated,Compliant,100,Compliant
2796,2796,Running,Running,Running,Enabled,Updated,Compliant,100,Compliant
2797,2797,Running,Running,Running,Enabled,Updated,Compliant,100,Compliant
2798,2798,Running,Running,Running,Enabled,Updated,Compliant,100,Compliant
2799,2799,Running,Running,Running,Enabled,Updated,Compliant,100,Compliant
2800,2800,Running,Running,Running,Enabled,Updated,Compliant,100,Compliant
2801,2801,Running,Running,Running,Enabled,Updated,Compliant,100,Compliant
2802,2802,Running,Running,Running,Enabled,Updated,Compliant,100,Compliant
2803,2803,Running,Running,Running,Enabled,Updated,Compliant,100,Compliant
2804,2804,Running,Running,Running,Enabled,Updated,Compliant,100,Compliant
2805,2805,Running,Running,Running,Enabled,Updated,Non-Compliant,90,Compliant
2806,2806,Running,Running,Running,Enabled,Updated,Compliant,100,Compliant
2807,2807,Running,Running,Running,Enabled,Updated,Compliant,100,Compliant
2808,2808,Running,Running,Running,Enabled,Updated,Non-Compliant,90,Compliant
2809,2809,Running,Running,Running,Enabled,Outdated,Compliant,85,Warning
2810,2810,Running,Running,Running,Enabled,Outdated,Compliant,85,Warning
2811,2811,Running,Running,Running,Enabled,Updated,Compliant,100,Compliant
2812,2812,Running,Running,Running,Enabled,Updated,Compliant,100,Compliant
2813,2813,Running,Running,Running,Enabled,Updated,Compliant,100,Compliant
2814,2814,Running,Running,Running,Enabled,Updated,Compliant,100,Compliant
2815,2815,Running,Running,Running,Enabled,Updated,Compliant,100,Compliant
2816,2816,Running,Running,Running,Enabled,Updated,Compliant,100,Compliant
2817,2817,Stopped,Running,Running,Enabled,Updated,Compliant,80,Warning
2818,2818,Running,Running,Running,Enabled,Updated,Compliant,100,Compliant
2819,2819,Running,Running,Running,Enabled,Updated,Compliant,100,Compliant
2820,2820,Running,Running,Stopped,Enabled,Updated,Compliant,80,Warning
2821,2821,Running,Running,Running,Disabled,Updated,Compliant,85,Warning
2822,2822,Stopped,Running,Running,Enabled,Updated,Compliant,80,Warning
2823,2823,Running,Running,Running,Enabled,Updated,Compliant,100,Compliant
2824,2824,Running,Running,Running,Enabled,Updated,Compliant,100,Compliant
2825,2825,Running,Running,Running,Enabled,Updated,Compliant,100,Compliant
2826,2826,Running,Running,Running,Enabled,Updated,Compliant,100,Compliant
2827,2827,Running,Running,Running,Enabled,Updated,Compliant,100,Compliant
2828,2828,Running,Running,Running,Enabled,Updated,Compliant,100,Compliant
2829,2829,Running,Running,Running,Enabled,Updated,Compliant,100,Compliant
2830,2830,Running,Running,Running,Enabled,Updated,Compliant,100,Compliant
2831,2831,Running,Running,Running,Enabled,Updated,Compliant,100,Compliant
2832,2832,Running,Running,Running,Enabled,Updated,Compliant,100,Compliant
2833,2833,Running,Running,Running,Enabled,Updated,Compliant,100,Compliant
2834,2834,Running,Running,Running,Enabled,Updated,Compliant,100,Compliant
2835,2835,Running,Running,Running,Enabled,Updated,Compliant,100,Compliant
2836,2836,Running,Running,Running,Enabled,Updated,Compliant,100,Compliant
2837,2837,Stopped,Running,Stopped,Enabled,Updated,Compliant,60,Non-Compliant
2838,2838,Stopped,Running,Running,Enabled,Updated,Compliant,80,Warning
2839,2839,Running,Running,Running,Enabled,Updated,Compliant,100,Compliant
2840,2840,Running,Running,Running,Enabled,Updated,Compliant,100,Compliant
2841,2841,Running,Running,Running,Enabled,Updated,Compliant,100,Compliant
2842,2842,Running,Running,Running,Enabled,Updated,Compliant,100,Compliant
2843,2843,Running,Running,Running,Enabled,Updated,Compliant,100,Compliant
2844,2844,Running,Running,Running,Disabled,Updated,Compliant,85,Warning
2845,2845,Running,Running,Running,Enabled,Updated,Compliant,100,Compliant
2846,2846,Running,Running,Running,Enabled,Updated,Compliant,100,Compliant
2847,2847,Running,Running,Running,Enabled,Outdated,Compliant,85,Warning
2848,2848,Running,Running,Running,Enabled,Updated,Compliant,100,Compliant
2849,2849,Running,Running,Running,Enabled,Updated,Compliant,100,Compliant
2850,2850,Running,Running,Running,Enabled,Updated,Compliant,100,Compliant
2851,2851,Running,Running,Running,Enabled,Updated,Compliant,100,Compliant
2852,2852,Running,Running,Running,Enabled,Updated,Compliant,100,Compliant
2853,2853,Running,Running,Running,Enabled,Updated,Non-Compliant,90,Compliant
2854,2854,Running,Running,Running,Enabled,Updated,Compliant,100,Compliant
2855,2855,Running,Running,Running,Enabled,Updated,Compliant,100,Compliant
2856,2856,Running,Running,Running,Enabled,Updated,Compliant,100,Compliant
2857,2857,Running,Running,Running,Enabled,Updated,Compliant,100,Compliant
2858,2858,Running,Running,Stopped,Enabled,Updated,Compliant,80,Warning
2859,2859,Stopped,Running,Running,Enabled,Updated,Compliant,80,Warning
2860,2860,Running,Running,Running,Enabled,Updated,Compliant,100,Compliant
2861,2861,Running,Running,Running,Enabled,Updated,Compliant,100,Compliant
2862,2862,Running,Stopped,Running,Enabled,Updated,Compliant,80,Warning
2863,2863,Running,Running,Running,Enabled,Updated,Compliant,100,Compliant
2864,2864,Running,Running,Running,Enabled,Updated,Compliant,100,Compliant
2865,2865,Running,Running,Running,Enabled,Updated,Compliant,100,Compliant
2866,2866,Running,Running,Running,Enabled,Updated,Compliant,100,Compliant
2867,2867,Running,Running,Running,Enabled,Updated,Compliant,100,Compliant
2868,2868,Running,Running,Running,Enabled,Updated,Compliant,100,Compliant
2869,2869,Stopped,Running,Running,Enabled,Updated,Compliant,80,Warning
2870,2870,Running,Running,Running,Enabled,Updated,Compliant,100,Compliant
2871,2871,Running,Running,Running,Enabled,Updated,Compliant,100,Compliant
2872,2872,Stopped,Running,Running,Enabled,Updated,Compliant,80,Warning
2873,2873,Running,Running,Running,Enabled,Updated,Compliant,100,Compliant
2874,2874,Running,Running,Running,Enabled,Updated,Compliant,100,Compliant
2875,2875,Running,Running,Running,Enabled,Updated,Compliant,100,Compliant
2876,2876,Running,Running,Running,Enabled,Updated,Compliant,100,Compliant
2877,2877,Running,Running,Running,Enabled,Outdated,Compliant,85,Warning
2878,2878,Running,Running,Running,Enabled,Updated,Compliant,100,Compliant
2879,2879,Running,Running,Running,Enabled,Outdated,Compliant,85,Warning
2880,2880,Running,Running,Running,Enabled,Updated,Compliant,100,Compliant
2881,2881,Running,Running,Running,Enabled,Updated,Compliant,100,Compliant
2882,2882,Running,Running,Running,Enabled,Updated,Compliant,100,Compliant
2883,2883,Running,Running,Running,Enabled,Updated,Compliant,100,Compliant
2884,2884,Running,Running,Running,Enabled,Updated,Compliant,100,Compliant
2885,2885,Running,Running,Running,Enabled,Updated,Compliant,100,Compliant
2886,2886,Running,Running,Running,Enabled,Updated,Compliant,100,Compliant
2887,2887,Running,Running,Running,Enabled,Updated,Compliant,100,Compliant
2888,2888,Running,Running,Running,Enabled,Updated,Compliant,100,Compliant
2889,2889,Running,Running,Running,Enabled,Updated,Compliant,100,Compliant
2890,2890,Running,Running,Running,Enabled,Updated,Compliant,100,Compliant
2891,2891,Running,Running,Running,Enabled,Updated,Compliant,100,Compliant
2892,2892,Stopped,Running,Running,Enabled,Updated,Compliant,80,Warning
2893,2893,Running,Running,Running,Enabled,Updated,Compliant,100,Compliant
2894,2894,Running,Running,Running,Enabled,Updated,Compliant,100,Compliant
2895,2895,Running,Running,Running,Enabled,Updated,Compliant,100,Compliant
2896,2896,Running,Running,Running,Enabled,Updated,Compliant,100,Compliant
2897,2897,Running,Running,Running,Enabled,Updated,Compliant,100,Compliant
2898,2898,Running,Running,Running,Enabled,Updated,Compliant,100,Compliant
2899,2899,Running,Running,Running,Enabled,Outdated,Compliant,85,Warning
2900,2900,Running,Running,Running,Enabled,Updated,Compliant,100,Compliant
2901,2901,Running,Running,Running,Enabled,Outdated,Compliant,85,Warning
2902,2902,Running,Running,Running,Enabled,Outdated,Compliant,85,Warning
2903,2903,Running,Running,Running,Enabled,Outdated,Compliant,85,Warning
2904,2904,Running,Running,Running,Enabled,Updated,Compliant,100,Compliant
2905,2905,Running,Running,Running,Enabled,Updated,Compliant,100,Compliant
2906,2906,Running,Running,Running,Enabled,Updated,Compliant,100,Compliant
2907,2907,Stopped,Running,Running,Enabled,Updated,Non-Compliant,70,Warning
2908,2908,Running,Running,Running,Enabled,Updated,Compliant,100,Compliant
2909,2909,Running,Running,Running,Enabled,Updated,Compliant,100,Compliant
2910,2910,Running,Running,Running,Enabled,Updated,Compliant,100,Compliant
2911,2911,Running,Running,Running,Enabled,Updated,Compliant,100,Compliant
2912,2912,Running,Running,Running,Enabled,Updated,Compliant,100,Compliant
2913,2913,Running,Running,Running,Enabled,Updated,Compliant,100,Compliant
2914,2914,Running,Running,Running,Enabled,Outdated,Compliant,85,Warning
2915,2915,Running,Running,Running,Enabled,Updated,Compliant,100,Compliant
2916,2916,Stopped,Running,Running,Disabled,Updated,Compliant,65,Non-Compliant
2917,2917,Stopped,Running,Running,Enabled,Updated,Non-Compliant,70,Warning
2918,2918,Running,Running,Running,Enabled,Updated,Compliant,100,Compliant
2919,2919,Running,Running,Running,Enabled,Updated,Compliant,100,Compliant
2920,2920,Running,Running,Running,Enabled,Updated,Compliant,100,Compliant
2921,2921,Running,Running,Running,Enabled,Updated,Compliant,100,Compliant
2922,2922,Running,Running,Running,Enabled,Updated,Non-Compliant,90,Compliant
2923,2923,Running,Running,Running,Enabled,Updated,Compliant,100,Compliant
2924,2924,Running,Running,Running,Enabled,Updated,Compliant,100,Compliant
2925,2925,Running,Running,Running,Enabled,Updated,Compliant,100,Compliant
2926,2926,Stopped,Running,Running,Enabled,Updated,Compliant,80,Warning
2927,2927,Running,Running,Running,Enabled,Updated,Compliant,100,Compliant
2928,2928,Running,Running,Running,Enabled,Updated,Compliant,100,Compliant
2929,2929,Running,Running,Running,Enabled,Updated,Non-Compliant,90,Compliant
2930,2930,Running,Running,Running,Enabled,Updated,Compliant,100,Compliant
2931,2931,Running,Running,Running,Enabled,Updated,Non-Compliant,90,Compliant
2932,2932,Running,Running,Running,Enabled,Updated,Compliant,100,Compliant
2933,2933,Running,Running,Running,Enabled,Updated,Compliant,100,Compliant
2934,2934,Running,Running,Running,Enabled,Updated,Non-Compliant,90,Compliant
2935,2935,Running,Running,Running,Enabled,Updated,Compliant,100,Compliant
2936,2936,Running,Running,Running,Enabled,Updated,Non-Compliant,90,Compliant
2937,2937,Running,Running,Running,Enabled,Updated,Compliant,100,Compliant
2938,2938,Running,Running,Running,Enabled,Updated,Compliant,100,Compliant
2939,2939,Running,Stopped,Running,Enabled,Updated,Compliant,80,Warning
2940,2940,Running,Running,Running,Enabled,Updated,Compliant,100,Compliant
2941,2941,Running,Running,Running,Enabled,Updated,Compliant,100,Compliant
2942,2942,Running,Running,Running,Enabled,Updated,Compliant,100,Compliant
2943,2943,Running,Running,Running,Enabled,Updated,Compliant,100,Compliant
2944,2944,Stopped,Running,Running,Enabled,Updated,Compliant,80,Warning
2945,2945,Running,Running,Running,Enabled,Updated,Compliant,100,Compliant
2946,2946,Running,Running,Running,Enabled,Updated,Compliant,100,Compliant
2947,2947,Running,Running,Running,Enabled,Updated,Compliant,100,Compliant
2948,2948,Running,Running,Running,Enabled,Updated,Compliant,100,Compliant
2949,2949,Running,Running,Running,Enabled,Updated,Compliant,100,Compliant
2950,2950,Running,Running,Running,Enabled,Updated,Non-Compliant,90,Compliant
2951,2951,Running,Running,Running,Enabled,Updated,Compliant,100,Compliant
2952,2952,Running,Running,Running,Enabled,Outdated,Compliant,85,Warning
2953,2953,Running,Running,Running,Enabled,Updated,Compliant,100,Compliant
2954,2954,Running,Running,Running,Enabled,Updated,Non-Compliant,90,Compliant
2955,2955,Running,Running,Stopped,Enabled,Updated,Compliant,80,Warning
2956,2956,Running,Running,Stopped,Enabled,Updated,Compliant,80,Warning
2957,2957,Running,Stopped,Running,Enabled,Updated,Compliant,80,Warning
2958,2958,Running,Running,Running,Enabled,Updated,Compliant,100,Compliant
2959,2959,Running,Running,Running,Enabled,Updated,Non-Compliant,90,Compliant
2960,2960,Running,Running,Running,Enabled,Updated,Compliant,100,Compliant
2961,2961,Running,Running,Running,Enabled,Updated,Compliant,100,Compliant
2962,2962,Stopped,Running,Running,Enabled,Updated,Compliant,80,Warning
2963,2963,Running,Running,Running,Enabled,Outdated,Compliant,85,Warning
2964,2964,Running,Running,Running,Enabled,Updated,Compliant,100,Compliant
2965,2965,Running,Running,Running,Enabled,Outdated,Compliant,85,Warning
2966,2966,Running,Running,Running,Enabled,Updated,Non-Compliant,90,Compliant
2967,2967,Running,Running,Running,Enabled,Updated,Compliant,100,Compliant
2968,2968,Running,Running,Running,Enabled,Updated,Compliant,100,Compliant
2969,2969,Running,Running,Stopped,Enabled,Updated,Non-Compliant,70,Warning
2970,2970,Running,Running,Running,Enabled,Updated,Compliant,100,Compliant
2971,2971,Stopped,Running,Running,Enabled,Updated,Non-Compliant,70,Warning
2972,2972,Running,Running,Running,Enabled,Updated,Compliant,100,Compliant
2973,2973,Running,Running,Running,Enabled,Updated,Compliant,100,Compliant
2974,2974,Running,Running,Running,Enabled,Updated,Compliant,100,Compliant
2975,2975,Running,Running,Running,Enabled,Updated,Compliant,100,Compliant
2976,2976,Running,Running,Running,Disabled,Updated,Compliant,85,Warning
2977,2977,Stopped,Running,Running,Enabled,Updated,Compliant,80,Warning
2978,2978,Running,Running,Running,Enabled,Updated,Non-Compliant,90,Compliant
2979,2979,Running,Running,Running,Enabled,Updated,Non-Compliant,90,Compliant
2980,2980,Running,Stopped,Running,Enabled,Updated,Compliant,80,Warning
2981,2981,Running,Running,Running,Enabled,Updated,Compliant,100,Compliant
2982,2982,Running,Stopped,Running,Enabled,Updated,Compliant,80,Warning
2983,2983,Running,Running,Running,Enabled,Updated,Compliant,100,Compliant
2984,2984,Running,Running,Running,Enabled,Updated,Compliant,100,Compliant
2985,2985,Running,Running,Running,Enabled,Updated,Compliant,100,Compliant
2986,2986,Running,Running,Running,Enabled,Updated,Compliant,100,Compliant
2987,2987,Running,Running,Running,Enabled,Updated,Compliant,100,Compliant
2988,2988,Running,Running,Running,Enabled,Outdated,Compliant,85,Warning
2989,2989,Running,Running,Running,Enabled,Updated,Compliant,100,Compliant
2990,2990,Running,Running,Running,Enabled,Updated,Non-Compliant,90,Compliant
2991,2991,Running,Running,Running,Enabled,Updated,Compliant,100,Compliant
2992,2992,Running,Running,Running,Enabled,Updated,Compliant,100,Compliant
2993,2993,Running,Running,Running,Enabled,Updated,Compliant,100,Compliant
2994,2994,Stopped,Running,Running,Enabled,Updated,Compliant,80,Warning
2995,2995,Running,Running,Running,Enabled,Updated,Compliant,100,Compliant
2996,2996,Running,Running,Running,Enabled,Updated,Compliant,100,Compliant
2997,2997,Running,Running,Running,Enabled,Updated,Compliant,100,Compliant
2998,2998,Running,Running,Running,Enabled,Updated,Compliant,100,Compliant
2999,2999,Running,Running,Running,Enabled,Updated,Compliant,100,Compliant
3000,3000,Running,Running,Running,Enabled,Updated,Compliant,100,Compliant
3001,3001,Stopped,Running,Running,Enabled,Updated,Compliant,80,Warning
3002,3002,Running,Running,Running,Enabled,Updated,Compliant,100,Compliant
3003,3003,Stopped,Running,Running,Enabled,Updated,Compliant,80,Warning
3004,3004,Running,Running,Running,Enabled,Outdated,Compliant,85,Warning
3005,3005,Running,Running,Running,Enabled,Updated,Compliant,100,Compliant
3006,3006,Running,Running,Running,Enabled,Updated,Compliant,100,Compliant
3007,3007,Running,Running,Running,Enabled,Updated,Compliant,100,Compliant
3008,3008,Running,Running,Running,Enabled,Updated,Compliant,100,Compliant
3009,3009,Running,Running,Running,Enabled,Updated,Compliant,100,Compliant
3010,3010,Running,Stopped,Running,Enabled,Updated,Compliant,80,Warning
3011,3011,Stopped,Running,Running,Enabled,Updated,Compliant,80,Warning
3012,3012,Stopped,Running,Running,Enabled,Updated,Compliant,80,Warning
3013,3013,Running,Running,Running,Enabled,Updated,Compliant,100,Compliant
3014,3014,Running,Running,Running,Enabled,Updated,Compliant,100,Compliant
3015,3015,Running,Running,Running,Enabled,Updated,Compliant,100,Compliant
3016,3016,Running,Running,Running,Enabled,Updated,Compliant,100,Compliant
3017,3017,Running,Running,Running,Enabled,Updated,Compliant,100,Compliant
3018,3018,Running,Running,Running,Enabled,Updated,Compliant,100,Compliant
3019,3019,Running,Running,Running,Enabled,Outdated,Non-Compliant,75,Warning
3020,3020,Running,Running,Running,Enabled,Updated,Non-Compliant,90,Compliant
3021,3021,Running,Running,Running,Enabled,Updated,Compliant,100,Compliant
3022,3022,Running,Running,Running,Enabled,Updated,Compliant,100,Compliant
3023,3023,Running,Running,Running,Enabled,Updated,Compliant,100,Compliant
3024,3024,Running,Running,Running,Enabled,Updated,Compliant,100,Compliant
3025,3025,Running,Running,Running,Enabled,Updated,Non-Compliant,90,Compliant
3026,3026,Running,Running,Running,Enabled,Updated,Non-Compliant,90,Compliant
3027,3027,Running,Running,Running,Enabled,Updated,Compliant,100,Compliant
3028,3028,Running,Running,Running,Enabled,Updated,Compliant,100,Compliant
3029,3029,Running,Running,Running,Enabled,Updated,Compliant,100,Compliant
3030,3030,Running,Running,Running,Enabled,Updated,Compliant,100,Compliant
3031,3031,Running,Running,Running,Enabled,Updated,Compliant,100,Compliant
3032,3032,Running,Running,Running,Enabled,Updated,Compliant,100,Compliant
3033,3033,Running,Running,Running,Enabled,Updated,Compliant,100,Compliant
3034,3034,Running,Running,Running,Enabled,Updated,Non-Compliant,90,Compliant
3035,3035,Running,Running,Running,Enabled,Updated,Compliant,100,Compliant
3036,3036,Running,Running,Running,Enabled,Updated,Compliant,100,Compliant
3037,3037,Running,Running,Running,Enabled,Updated,Compliant,100,Compliant
3038,3038,Running,Stopped,Running,Enabled,Updated,Non-Compliant,70,Warning
3039,3039,Running,Running,Running,Enabled,Updated,Compliant,100,Compliant
3040,3040,Running,Stopped,Running,Enabled,Updated,Compliant,80,Warning
3041,3041,Running,Running,Running,Enabled,Updated,Compliant,100,Compliant
3042,3042,Running,Running,Running,Enabled,Updated,Compliant,100,Compliant
3043,3043,Running,Running,Running,Enabled,Updated,Non-Compliant,90,Compliant
3044,3044,Running,Running,Running,Enabled,Updated,Compliant,100,Compliant
3045,3045,Stopped,Running,Running,Enabled,Updated,Compliant,80,Warning
3046,3046,Running,Running,Running,Enabled,Updated,Compliant,100,Compliant
3047,3047,Running,Running,Running,Enabled,Updated,Non-Compliant,90,Compliant
3048,3048,Running,Running,Running,Enabled,Updated,Compliant,100,Compliant
3049,3049,Running,Running,Running,Enabled,Updated,Compliant,100,Compliant
3050,3050,Running,Running,Running,Enabled,Updated,Compliant,100,Compliant
3051,3051,Running,Running,Running,Enabled,Updated,Compliant,100,Compliant
3052,3052,Running,Running,Running,Enabled,Updated,Compliant,100,Compliant
3053,3053,Running,Running,Running,Enabled,Updated,Compliant,100,Compliant
3054,3054,Running,Running,Running,Enabled,Updated,Compliant,100,Compliant
3055,3055,Running,Stopped,Running,Enabled,Updated,Compliant,80,Warning
3056,3056,Running,Running,Running,Enabled,Updated,Compliant,100,Compliant
3057,3057,Running,Running,Running,Enabled,Updated,Compliant,100,Compliant
3058,3058,Running,Running,Running,Enabled,Updated,Compliant,100,Compliant
3059,3059,Running,Running,Running,Enabled,Updated,Compliant,100,Compliant
3060,3060,Running,Running,Running,Enabled,Updated,Compliant,100,Compliant
3061,3061,Running,Running,Running,Enabled,Updated,Compliant,100,Compliant
3062,3062,Running,Running,Running,Enabled,Updated,Compliant,100,Compliant
3063,3063,Running,Running,Running,Enabled,Updated,Compliant,100,Compliant
3064,3064,Running,Running,Running,Enabled,Updated,Compliant,100,Compliant
3065,3065,Running,Running,Running,Enabled,Updated,Compliant,100,Compliant
3066,3066,Running,Running,Running,Enabled,Updated,Compliant,100,Compliant
3067,3067,Running,Running,Running,Enabled,Updated,Compliant,100,Compliant
3068,3068,Stopped,Running,Running,Enabled,Updated,Compliant,80,Warning
3069,3069,Running,Running,Running,Enabled,Updated,Compliant,100,Compliant
3070,3070,Running,Stopped,Running,Enabled,Updated,Compliant,80,Warning
3071,3071,Running,Running,Running,Enabled,Updated,Non-Compliant,90,Compliant
3072,3072,Running,Running,Running,Enabled,Updated,Compliant,100,Compliant
3073,3073,Running,Running,Running,Enabled,Updated,Compliant,100,Compliant
3074,3074,Running,Running,Running,Enabled,Outdated,Compliant,85,Warning
3075,3075,Running,Running,Running,Enabled,Updated,Non-Compliant,90,Compliant
3076,3076,Running,Running,Running,Enabled,Updated,Compliant,100,Compliant
3077,3077,Running,Running,Running,Enabled,Outdated,Compliant,85,Warning
3078,3078,Running,Running,Running,Enabled,Updated,Non-Compliant,90,Compliant
3079,3079,Running,Running,Running,Enabled,Updated,Compliant,100,Compliant
3080,3080,Running,Running,Running,Enabled,Updated,Compliant,100,Compliant
3081,3081,Running,Running,Running,Enabled,Updated,Compliant,100,Compliant
3082,3082,Running,Running,Running,Enabled,Outdated,Compliant,85,Warning
3083,3083,Running,Running,Running,Enabled,Updated,Compliant,100,Compliant
3084,3084,Running,Running,Running,Enabled,Updated,Compliant,100,Compliant
3085,3085,Running,Running,Stopped,Enabled,Updated,Compliant,80,Warning
3086,3086,Stopped,Running,Running,Enabled,Updated,Compliant,80,Warning
3087,3087,Running,Running,Running,Enabled,Updated,Compliant,100,Compliant
3088,3088,Running,Running,Running,Enabled,Updated,Compliant,100,Compliant
3089,3089,Running,Running,Running,Enabled,Updated,Compliant,100,Compliant
3090,3090,Running,Running,Running,Enabled,Updated,Compliant,100,Compliant
3091,3091,Running,Running,Running,Enabled,Updated,Compliant,100,Compliant
3092,3092,Running,Running,Running,Enabled,Updated,Non-Compliant,90,Compliant
3093,3093,Running,Running,Running,Enabled,Updated,Compliant,100,Compliant
3094,3094,Running,Running,Running,Enabled,Updated,Compliant,100,Compliant
3095,3095,Running,Running,Running,Enabled,Updated,Compliant,100,Compliant
3096,3096,Running,Running,Running,Enabled,Updated,Compliant,100,Compliant
3097,3097,Running,Running,Running,Enabled,Updated,Compliant,100,Compliant
3098,3098,Running,Running,Running,Enabled,Updated,Compliant,100,Compliant
3099,3099,Running,Running,Running,Enabled,Updated,Compliant,100,Compliant
3100,3100,Running,Running,Running,Enabled,Updated,Compliant,100,Compliant
3101,3101,Running,Running,Running,Enabled,Updated,Compliant,100,Compliant
3102,3102,Running,Stopped,Running,Enabled,Updated,Non-Compliant,70,Warning
3103,3103,Running,Running,Running,Enabled,Updated,Compliant,100,Compliant
3104,3104,Running,Running,Running,Enabled,Updated,Compliant,100,Compliant
3105,3105,Running,Running,Running,Enabled,Updated,Compliant,100,Compliant
3106,3106,Running,Running,Running,Enabled,Updated,Compliant,100,Compliant
3107,3107,Running,Running,Running,Enabled,Updated,Non-Compliant,90,Compliant
3108,3108,Running,Running,Running,Enabled,Updated,Compliant,100,Compliant
3109,3109,Stopped,Running,Running,Enabled,Updated,Compliant,80,Warning
3110,3110,Running,Running,Running,Enabled,Updated,Compliant,100,Compliant
3111,3111,Running,Running,Running,Enabled,Updated,Compliant,100,Compliant
3112,3112,Running,Running,Running,Enabled,Updated,Compliant,100,Compliant
3113,3113,Running,Running,Running,Enabled,Updated,Compliant,100,Compliant
3114,3114,Running,Running,Running,Enabled,Outdated,Compliant,85,Warning
3115,3115,Running,Running,Running,Disabled,Updated,Compliant,85,Warning
3116,3116,Running,Running,Running,Enabled,Updated,Compliant,100,Compliant
3117,3117,Running,Running,Running,Enabled,Updated,Compliant,100,Compliant
3118,3118,Running,Running,Running,Enabled,Outdated,Compliant,85,Warning
3119,3119,Running,Running,Running,Enabled,Updated,Compliant,100,Compliant
3120,3120,Running,Running,Running,Enabled,Updated,Compliant,100,Compliant
3121,3121,Running,Running,Running,Enabled,Updated,Compliant,100,Compliant
3122,3122,Stopped,Running,Running,Enabled,Outdated,Compliant,65,Non-Compliant
3123,3123,Running,Running,Running,Enabled,Updated,Compliant,100,Compliant
3124,3124,Running,Running,Running,Enabled,Updated,Compliant,100,Compliant
3125,3125,Running,Running,Running,Enabled,Updated,Non-Compliant,90,Compliant
3126,3126,Running,Running,Running,Enabled,Updated,Compliant,100,Compliant
3127,3127,Running,Running,Running,Enabled,Updated,Compliant,100,Compliant
3128,3128,Running,Running,Running,Enabled,Updated,Compliant,100,Compliant
3129,3129,Stopped,Running,Running,Enabled,Outdated,Compliant,65,Non-Compliant
3130,3130,Running,Running,Running,Enabled,Updated,Compliant,100,Compliant
3131,3131,Running,Running,Running,Enabled,Updated,Compliant,100,Compliant
3132,3132,Running,Running,Running,Enabled,Updated,Compliant,100,Compliant
3133,3133,Running,Running,Running,Enabled,Updated,Compliant,100,Compliant
3134,3134,Running,Running,Running,Enabled,Updated,Compliant,100,Compliant
3135,3135,Running,Running,Running,Enabled,Updated,Compliant,100,Compliant
3136,3136,Running,Running,Running,Enabled,Updated,Compliant,100,Compliant
3137,3137,Running,Running,Running,Enabled,Updated,Compliant,100,Compliant
3138,3138,Running,Running,Running,Enabled,Updated,Non-Compliant,90,Compliant
3139,3139,Running,Running,Running,Enabled,Updated,Non-Compliant,90,Compliant
3140,3140,Running,Running,Running,Enabled,Updated,Compliant,100,Compliant
3141,3141,Running,Running,Running,Enabled,Updated,Compliant,100,Compliant
3142,3142,Running,Running,Running,Enabled,Updated,Compliant,100,Compliant
3143,3143,Running,Running,Running,Enabled,Updated,Compliant,100,Compliant
3144,3144,Running,Running,Running,Enabled,Updated,Compliant,100,Compliant
3145,3145,Running,Running,Running,Enabled,Updated,Compliant,100,Compliant
3146,3146,Running,Running,Running,Enabled,Updated,Compliant,100,Compliant
3147,3147,Running,Running,Running,Enabled,Updated,Compliant,100,Compliant
3148,3148,Running,Running,Running,Enabled,Updated,Compliant,100,Compliant
3149,3149,Running,Running,Running,Enabled,Updated,Compliant,100,Compliant
3150,3150,Running,Running,Running,Enabled,Updated,Compliant,100,Compliant
3151,3151,Running,Running,Running,Enabled,Updated,Compliant,100,Compliant
3152,3152,Stopped,Running,Stopped,Enabled,Outdated,Compliant,45,Non-Compliant
3153,3153,Running,Running,Running,Enabled,Updated,Compliant,100,Compliant
3154,3154,Running,Running,Stopped,Enabled,Updated,Compliant,80,Warning
3155,3155,Stopped,Running,Running,Enabled,Updated,Compliant,80,Warning
3156,3156,Running,Running,Running,Enabled,Updated,Non-Compliant,90,Compliant
3157,3157,Running,Running,Running,Enabled,Updated,Compliant,100,Compliant
3158,3158,Running,Running,Running,Enabled,Updated,Compliant,100,Compliant
3159,3159,Running,Running,Running,Enabled,Updated,Compliant,100,Compliant
3160,3160,Running,Running,Running,Enabled,Updated,Compliant,100,Compliant
3161,3161,Running,Running,Running,Enabled,Outdated,Compliant,85,Warning
3162,3162,Running,Running,Running,Enabled,Updated,Compliant,100,Compliant
3163,3163,Running,Running,Running,Enabled,Updated,Non-Compliant,90,Compliant
3164,3164,Stopped,Running,Running,Enabled,Updated,Compliant,80,Warning
3165,3165,Running,Running,Running,Enabled,Updated,Compliant,100,Compliant
3166,3166,Running,Running,Running,Enabled,Updated,Compliant,100,Compliant
3167,3167,Running,Running,Running,Enabled,Updated,Compliant,100,Compliant
3168,3168,Running,Running,Running,Enabled,Updated,Compliant,100,Compliant
3169,3169,Running,Running,Running,Enabled,Updated,Compliant,100,Compliant
3170,3170,Running,Running,Running,Enabled,Updated,Compliant,100,Compliant
3171,3171,Running,Running,Running,Enabled,Updated,Compliant,100,Compliant
3172,3172,Running,Running,Running,Enabled,Updated,Compliant,100,Compliant
3173,3173,Running,Running,Running,Enabled,Updated,Compliant,100,Compliant
3174,3174,Running,Running,Running,Enabled,Updated,Compliant,100,Compliant
3175,3175,Running,Running,Running,Enabled,Updated,Compliant,100,Compliant
3176,3176,Running,Running,Running,Enabled,Updated,Compliant,100,Compliant
3177,3177,Running,Running,Running,Enabled,Updated,Compliant,100,Compliant
3178,3178,Running,Running,Running,Enabled,Updated,Compliant,100,Compliant
3179,3179,Running,Running,Running,Enabled,Updated,Compliant,100,Compliant
3180,3180,Running,Running,Running,Enabled,Outdated,Compliant,85,Warning
3181,3181,Running,Running,Running,Enabled,Updated,Compliant,100,Compliant
3182,3182,Running,Running,Running,Enabled,Updated,Non-Compliant,90,Compliant
3183,3183,Running,Running,Running,Enabled,Updated,Compliant,100,Compliant
3184,3184,Running,Running,Running,Enabled,Updated,Compliant,100,Compliant
3185,3185,Running,Running,Running,Enabled,Updated,Compliant,100,Compliant
3186,3186,Running,Running,Stopped,Enabled,Updated,Compliant,80,Warning
3187,3187,Running,Running,Running,Enabled,Updated,Compliant,100,Compliant
3188,3188,Running,Running,Running,Enabled,Updated,Compliant,100,Compliant
3189,3189,Running,Running,Running,Enabled,Updated,Compliant,100,Compliant
3190,3190,Running,Running,Running,Enabled,Updated,Compliant,100,Compliant
3191,3191,Running,Running,Running,Enabled,Outdated,Compliant,85,Warning
3192,3192,Running,Running,Running,Enabled,Updated,Compliant,100,Compliant
3193,3193,Running,Running,Running,Enabled,Outdated,Compliant,85,Warning
3194,3194,Running,Running,Running,Enabled,Updated,Compliant,100,Compliant
3195,3195,Running,Running,Running,Enabled,Updated,Compliant,100,Compliant
3196,3196,Running,Running,Running,Disabled,Updated,Compliant,85,Warning
3197,3197,Running,Running,Running,Enabled,Updated,Compliant,100,Compliant
3198,3198,Running,Running,Running,Enabled,Outdated,Compliant,85,Warning
3199,3199,Running,Running,Running,Enabled,Updated,Compliant,100,Compliant
3200,3200,Running,Running,Running,Enabled,Updated,Compliant,100,Compliant
3201,3201,Running,Running,Running,Enabled,Updated,Compliant,100,Compliant
3202,3202,Running,Running,Running,Enabled,Updated,Compliant,100,Compliant
3203,3203,Running,Running,Running,Enabled,Updated,Compliant,100,Compliant
3204,3204,Running,Running,Running,Enabled,Updated,Compliant,100,Compliant
3205,3205,Running,Running,Running,Enabled,Updated,Compliant,100,Compliant
3206,3206,Stopped,Running,Running,Enabled,Updated,Compliant,80,Warning
3207,3207,Running,Running,Running,Enabled,Updated,Compliant,100,Compliant
3208,3208,Running,Running,Running,Disabled,Updated,Compliant,85,Warning
3209,3209,Running,Running,Running,Enabled,Updated,Compliant,100,Compliant
3210,3210,Running,Running,Running,Enabled,Updated,Non-Compliant,90,Compliant
3211,3211,Running,Running,Running,Enabled,Updated,Compliant,100,Compliant
3212,3212,Running,Running,Running,Enabled,Updated,Compliant,100,Compliant
3213,3213,Running,Running,Running,Enabled,Updated,Compliant,100,Compliant
3214,3214,Running,Running,Running,Enabled,Updated,Compliant,100,Compliant
3215,3215,Stopped,Running,Running,Enabled,Updated,Compliant,80,Warning
3216,3216,Running,Running,Running,Enabled,Outdated,Compliant,85,Warning
3217,3217,Running,Running,Running,Enabled,Updated,Compliant,100,Compliant
3218,3218,Running,Running,Running,Enabled,Updated,Compliant,100,Compliant
3219,3219,Running,Running,Running,Enabled,Updated,Compliant,100,Compliant
3220,3220,Running,Running,Running,Enabled,Updated,Compliant,100,Compliant
3221,3221,Running,Running,Running,Enabled,Updated,Non-Compliant,90,Compliant
3222,3222,Running,Running,Running,Enabled,Updated,Compliant,100,Compliant
3223,3223,Running,Running,Running,Enabled,Updated,Non-Compliant,90,Compliant
3224,3224,Running,Stopped,Running,Enabled,Updated,Compliant,80,Warning
3225,3225,Stopped,Running,Running,Enabled,Updated,Compliant,80,Warning
3226,3226,Running,Running,Running,Enabled,Updated,Compliant,100,Compliant
3227,3227,Running,Running,Running,Enabled,Updated,Compliant,100,Compliant
3228,3228,Running,Running,Running,Enabled,Outdated,Compliant,85,Warning
3229,3229,Running,Running,Running,Enabled,Updated,Compliant,100,Compliant
3230,3230,Running,Running,Running,Enabled,Updated,Compliant,100,Compliant
3231,3231,Running,Running,Running,Enabled,Outdated,Compliant,85,Warning
3232,3232,Running,Running,Stopped,Enabled,Updated,Compliant,80,Warning
3233,3233,Running,Running,Running,Enabled,Updated,Non-Compliant,90,Compliant
3234,3234,Running,Running,Running,Enabled,Updated,Compliant,100,Compliant
3235,3235,Running,Running,Running,Enabled,Updated,Compliant,100,Compliant
3236,3236,Running,Running,Running,Enabled,Updated,Compliant,100,Compliant
3237,3237,Running,Running,Running,Enabled,Updated,Compliant,100,Compliant
3238,3238,Running,Running,Running,Enabled,Updated,Compliant,100,Compliant
3239,3239,Running,Running,Running,Enabled,Updated,Compliant,100,Compliant
3240,3240,Running,Running,Running,Enabled,Updated,Compliant,100,Compliant
3241,3241,Running,Running,Running,Enabled,Updated,Compliant,100,Compliant
3242,3242,Running,Running,Running,Enabled,Updated,Compliant,100,Compliant
3243,3243,Stopped,Running,Running,Enabled,Updated,Compliant,80,Warning
3244,3244,Running,Running,Running,Enabled,Updated,Compliant,100,Compliant
3245,3245,Running,Running,Running,Enabled,Outdated,Compliant,85,Warning
3246,3246,Running,Running,Running,Enabled,Updated,Compliant,100,Compliant
3247,3247,Running,Running,Running,Enabled,Outdated,Compliant,85,Warning
3248,3248,Running,Running,Running,Enabled,Updated,Non-Compliant,90,Compliant
3249,3249,Running,Running,Running,Enabled,Outdated,Compliant,85,Warning
3250,3250,Running,Running,Running,Enabled,Updated,Compliant,100,Compliant
3251,3251,Running,Running,Running,Enabled,Updated,Compliant,100,Compliant
3252,3252,Running,Running,Running,Enabled,Updated,Compliant,100,Compliant
3253,3253,Running,Running,Running,Enabled,Updated,Compliant,100,Compliant
3254,3254,Running,Running,Stopped,Disabled,Outdated,Compliant,50,Non-Compliant
3255,3255,Running,Running,Running,Enabled,Outdated,Compliant,85,Warning
3256,3256,Running,Running,Running,Enabled,Updated,Compliant,100,Compliant
3257,3257,Running,Running,Running,Enabled,Updated,Compliant,100,Compliant
3258,3258,Running,Running,Stopped,Enabled,Updated,Compliant,80,Warning
3259,3259,Running,Running,Running,Enabled,Updated,Compliant,100,Compliant
3260,3260,Running,Running,Running,Enabled,Updated,Compliant,100,Compliant
3261,3261,Running,Running,Running,Enabled,Updated,Compliant,100,Compliant
3262,3262,Running,Running,Running,Enabled,Updated,Compliant,100,Compliant
3263,3263,Running,Running,Running,Enabled,Updated,Compliant,100,Compliant
3264,3264,Running,Running,Running,Enabled,Updated,Compliant,100,Compliant
3265,3265,Running,Stopped,Running,Enabled,Updated,Compliant,80,Warning
3266,3266,Running,Running,Running,Enabled,Updated,Compliant,100,Compliant
3267,3267,Running,Running,Running,Enabled,Updated,Compliant,100,Compliant
3268,3268,Running,Running,Running,Enabled,Updated,Compliant,100,Compliant
3269,3269,Running,Running,Running,Enabled,Updated,Non-Compliant,90,Compliant
3270,3270,Running,Running,Running,Enabled,Updated,Compliant,100,Compliant
3271,3271,Running,Running,Running,Enabled,Updated,Compliant,100,Compliant
3272,3272,Running,Running,Running,Enabled,Updated,Compliant,100,Compliant
3273,3273,Running,Running,Running,Enabled,Updated,Compliant,100,Compliant
3274,3274,Running,Running,Running,Enabled,Updated,Compliant,100,Compliant
3275,3275,Running,Running,Running,Disabled,Updated,Compliant,85,Warning
3276,3276,Running,Running,Running,Enabled,Updated,Compliant,100,Compliant
3277,3277,Running,Running,Running,Enabled,Updated,Compliant,100,Compliant
3278,3278,Running,Running,Running,Enabled,Updated,Compliant,100,Compliant
3279,3279,Running,Running,Running,Enabled,Updated,Compliant,100,Compliant
3280,3280,Running,Running,Running,Enabled,Updated,Non-Compliant,90,Compliant
3281,3281,Stopped,Running,Running,Enabled,Outdated,Compliant,65,Non-Compliant
3282,3282,Running,Running,Running,Enabled,Updated,Compliant,100,Compliant
3283,3283,Running,Running,Running,Enabled,Updated,Compliant,100,Compliant
3284,3284,Running,Running,Running,Enabled,Updated,Compliant,100,Compliant
3285,3285,Running,Running,Running,Enabled,Updated,Compliant,100,Compliant
3286,3286,Running,Running,Running,Enabled,Updated,Compliant,100,Compliant
3287,3287,Running,Running,Stopped,Enabled,Updated,Compliant,80,Warning
3288,3288,Stopped,Running,Running,Enabled,Updated,Compliant,80,Warning
3289,3289,Running,Running,Stopped,Enabled,Updated,Compliant,80,Warning
3290,3290,Running,Running,Running,Enabled,Updated,Compliant,100,Compliant
3291,3291,Running,Running,Running,Enabled,Updated,Compliant,100,Compliant
3292,3292,Running,Running,Running,Enabled,Updated,Compliant,100,Compliant
3293,3293,Running,Running,Running,Enabled,Updated,Compliant,100,Compliant
3294,3294,Running,Running,Running,Enabled,Updated,Compliant,100,Compliant
3295,3295,Stopped,Running,Running,Enabled,Updated,Compliant,80,Warning
3296,3296,Running,Running,Running,Enabled,Updated,Compliant,100,Compliant
3297,3297,Running,Running,Running,Enabled,Updated,Compliant,100,Compliant
3298,3298,Running,Running,Running,Enabled,Updated,Non-Compliant,90,Compliant
3299,3299,Running,Running,Running,Enabled,Outdated,Compliant,85,Warning
3300,3300,Running,Running,Running,Enabled,Updated,Compliant,100,Compliant
3301,3301,Running,Running,Running,Enabled,Updated,Compliant,100,Compliant
3302,3302,Running,Running,Running,Enabled,Updated,Compliant,100,Compliant
3303,3303,Running,Running,Running,Enabled,Updated,Compliant,100,Compliant
3304,3304,Stopped,Running,Running,Enabled,Updated,Compliant,80,Warning
3305,3305,Running,Running,Running,Enabled,Updated,Compliant,100,Compliant
3306,3306,Running,Running,Running,Enabled,Updated,Compliant,100,Compliant
3307,3307,Running,Running,Running,Enabled,Updated,Compliant,100,Compliant
3308,3308,Running,Running,Running,Enabled,Updated,Compliant,100,Compliant
3309,3309,Running,Running,Running,Enabled,Updated,Non-Compliant,90,Compliant
3310,3310,Running,Running,Running,Enabled,Updated,Compliant,100,Compliant
3311,3311,Running,Running,Running,Enabled,Updated,Compliant,100,Compliant
3312,3312,Running,Running,Running,Enabled,Updated,Non-Compliant,90,Compliant
3313,3313,Running,Running,Running,Enabled,Updated,Compliant,100,Compliant
3314,3314,Running,Running,Running,Enabled,Updated,Compliant,100,Compliant
3315,3315,Running,Running,Running,Enabled,Outdated,Compliant,85,Warning
3316,3316,Running,Running,Running,Enabled,Updated,Compliant,100,Compliant
3317,3317,Running,Running,Running,Enabled,Updated,Compliant,100,Compliant
3318,3318,Running,Running,Running,Enabled,Updated,Compliant,100,Compliant
3319,3319,Running,Running,Running,Enabled,Updated,Compliant,100,Compliant
3320,3320,Running,Running,Running,Enabled,Outdated,Compliant,85,Warning
3321,3321,Running,Running,Running,Disabled,Updated,Compliant,85,Warning
3322,3322,Running,Running,Running,Enabled,Updated,Compliant,100,Compliant
3323,3323,Running,Running,Running,Enabled,Updated,Compliant,100,Compliant
3324,3324,Running,Running,Running,Enabled,Updated,Compliant,100,Compliant
3325,3325,Running,Running,Running,Enabled,Outdated,Compliant,85,Warning
3326,3326,Running,Running,Running,Enabled,Updated,Compliant,100,Compliant
3327,3327,Running,Running,Running,Enabled,Updated,Compliant,100,Compliant
3328,3328,Running,Running,Running,Enabled,Updated,Compliant,100,Compliant
3329,3329,Running,Running,Running,Enabled,Updated,Compliant,100,Compliant
3330,3330,Running,Running,Running,Enabled,Updated,Non-Compliant,90,Compliant
3331,3331,Running,Running,Running,Enabled,Outdated,Compliant,85,Warning
3332,3332,Running,Running,Running,Enabled,Outdated,Compliant,85,Warning
3333,3333,Running,Running,Running,Enabled,Updated,Compliant,100,Compliant
3334,3334,Running,Running,Running,Enabled,Updated,Compliant,100,Compliant
3335,3335,Running,Running,Running,Enabled,Updated,Compliant,100,Compliant
3336,3336,Running,Running,Running,Enabled,Updated,Compliant,100,Compliant
3337,3337,Running,Running,Running,Enabled,Updated,Compliant,100,Compliant
3338,3338,Running,Running,Stopped,Enabled,Outdated,Compliant,65,Non-Compliant
3339,3339,Running,Running,Running,Enabled,Updated,Compliant,100,Compliant
3340,3340,Running,Running,Running,Enabled,Updated,Compliant,100,Compliant
3341,3341,Running,Running,Running,Enabled,Updated,Compliant,100,Compliant
3342,3342,Running,Running,Running,Enabled,Updated,Compliant,100,Compliant
3343,3343,Running,Running,Running,Enabled,Updated,Compliant,100,Compliant
3344,3344,Running,Running,Running,Enabled,Outdated,Compliant,85,Warning
3345,3345,Running,Running,Running,Enabled,Updated,Compliant,100,Compliant
3346,3346,Running,Running,Running,Disabled,Updated,Compliant,85,Warning
3347,3347,Running,Running,Running,Enabled,Updated,Compliant,100,Compliant
3348,3348,Stopped,Running,Running,Disabled,Updated,Non-Compliant,55,Non-Compliant
3349,3349,Running,Running,Running,Disabled,Updated,Compliant,85,Warning
3350,3350,Running,Running,Running,Enabled,Updated,Compliant,100,Compliant
3351,3351,Running,Running,Running,Enabled,Updated,Compliant,100,Compliant
3352,3352,Running,Running,Running,Enabled,Outdated,Compliant,85,Warning
3353,3353,Running,Running,Running,Enabled,Outdated,Compliant,85,Warning
3354,3354,Running,Running,Running,Disabled,Updated,Compliant,85,Warning
3355,3355,Running,Running,Stopped,Enabled,Outdated,Compliant,65,Non-Compliant
3356,3356,Running,Running,Running,Enabled,Updated,Compliant,100,Compliant
3357,3357,Running,Running,Running,Enabled,Updated,Compliant,100,Compliant
3358,3358,Running,Running,Running,Enabled,Updated,Compliant,100,Compliant
3359,3359,Running,Running,Running,Enabled,Updated,Compliant,100,Compliant
3360,3360,Running,Running,Running,Enabled,Updated,Compliant,100,Compliant
3361,3361,Running,Running,Running,Enabled,Updated,Compliant,100,Compliant
3362,3362,Running,Running,Running,Enabled,Updated,Compliant,100,Compliant
3363,3363,Running,Running,Running,Enabled,Updated,Compliant,100,Compliant
3364,3364,Running,Running,Running,Enabled,Updated,Compliant,100,Compliant
3365,3365,Running,Running,Running,Disabled,Updated,Compliant,85,Warning
3366,3366,Running,Running,Running,Enabled,Outdated,Compliant,85,Warning
3367,3367,Running,Running,Running,Enabled,Updated,Compliant,100,Compliant
3368,3368,Running,Running,Running,Enabled,Updated,Compliant,100,Compliant
3369,3369,Running,Running,Running,Enabled,Outdated,Compliant,85,Warning
3370,3370,Running,Running,Running,Enabled,Updated,Compliant,100,Compliant
3371,3371,Running,Running,Running,Enabled,Outdated,Non-Compliant,75,Warning
3372,3372,Running,Running,Running,Enabled,Updated,Compliant,100,Compliant
3373,3373,Running,Running,Running,Enabled,Updated,Compliant,100,Compliant
3374,3374,Running,Running,Running,Enabled,Updated,Compliant,100,Compliant
3375,3375,Running,Running,Running,Enabled,Updated,Compliant,100,Compliant
3376,3376,Running,Running,Running,Enabled,Updated,Compliant,100,Compliant
3377,3377,Running,Running,Running,Enabled,Updated,Compliant,100,Compliant
3378,3378,Running,Running,Running,Enabled,Updated,Compliant,100,Compliant
3379,3379,Running,Running,Running,Enabled,Updated,Compliant,100,Compliant
3380,3380,Running,Running,Running,Enabled,Updated,Compliant,100,Compliant
3381,3381,Running,Running,Running,Enabled,Updated,Compliant,100,Compliant
3382,3382,Running,Running,Running,Enabled,Updated,Compliant,100,Compliant
3383,3383,Running,Running,Running,Enabled,Updated,Compliant,100,Compliant
3384,3384,Running,Running,Running,Enabled,Updated,Compliant,100,Compliant
3385,3385,Running,Running,Stopped,Enabled,Updated,Compliant,80,Warning
3386,3386,Running,Running,Running,Enabled,Updated,Compliant,100,Compliant
3387,3387,Running,Running,Running,Enabled,Updated,Compliant,100,Compliant
3388,3388,Running,Running,Running,Enabled,Updated,Compliant,100,Compliant
3389,3389,Running,Running,Running,Enabled,Updated,Compliant,100,Compliant
3390,3390,Running,Running,Running,Enabled,Outdated,Compliant,85,Warning
3391,3391,Running,Running,Running,Enabled,Updated,Compliant,100,Compliant
3392,3392,Running,Running,Running,Enabled,Updated,Compliant,100,Compliant
3393,3393,Running,Running,Running,Enabled,Updated,Compliant,100,Compliant
3394,3394,Running,Running,Running,Enabled,Updated,Compliant,100,Compliant
3395,3395,Running,Running,Running,Enabled,Updated,Compliant,100,Compliant
3396,3396,Running,Running,Running,Enabled,Updated,Non-Compliant,90,Compliant
3397,3397,Running,Running,Stopped,Enabled,Updated,Compliant,80,Warning
3398,3398,Running,Running,Running,Enabled,Updated,Non-Compliant,90,Compliant
3399,3399,Running,Running,Running,Enabled,Updated,Compliant,100,Compliant
3400,3400,Running,Running,Running,Enabled,Outdated,Compliant,85,Warning
3401,3401,Running,Running,Running,Enabled,Updated,Compliant,100,Compliant
3402,3402,Stopped,Running,Running,Enabled,Updated,Compliant,80,Warning
3403,3403,Running,Running,Running,Enabled,Updated,Compliant,100,Compliant
3404,3404,Running,Running,Running,Enabled,Updated,Compliant,100,Compliant
3405,3405,Running,Running,Running,Enabled,Updated,Compliant,100,Compliant
3406,3406,Running,Running,Running,Enabled,Updated,Compliant,100,Compliant
3407,3407,Running,Running,Running,Enabled,Updated,Compliant,100,Compliant
3408,3408,Running,Running,Running,Enabled,Updated,Compliant,100,Compliant
3409,3409,Running,Stopped,Running,Enabled,Updated,Compliant,80,Warning
3410,3410,Running,Running,Running,Enabled,Outdated,Compliant,85,Warning
3411,3411,Running,Running,Running,Enabled,Updated,Compliant,100,Compliant
3412,3412,Stopped,Running,Running,Enabled,Updated,Compliant,80,Warning
3413,3413,Running,Stopped,Running,Enabled,Updated,Compliant,80,Warning
3414,3414,Running,Running,Running,Enabled,Updated,Compliant,100,Compliant
3415,3415,Running,Running,Running,Enabled,Updated,Compliant,100,Compliant
3416,3416,Running,Running,Running,Enabled,Updated,Compliant,100,Compliant
3417,3417,Running,Running,Running,Enabled,Updated,Non-Compliant,90,Compliant
3418,3418,Running,Running,Running,Enabled,Updated,Compliant,100,Compliant
3419,3419,Stopped,Running,Running,Enabled,Updated,Compliant,80,Warning
3420,3420,Running,Running,Running,Enabled,Updated,Compliant,100,Compliant
3421,3421,Running,Running,Running,Enabled,Updated,Compliant,100,Compliant
3422,3422,Running,Running,Running,Enabled,Updated,Compliant,100,Compliant
3423,3423,Running,Running,Running,Enabled,Updated,Compliant,100,Compliant
3424,3424,Running,Running,Running,Enabled,Updated,Compliant,100,Compliant
3425,3425,Running,Running,Running,Enabled,Updated,Compliant,100,Compliant
3426,3426,Running,Running,Running,Enabled,Updated,Compliant,100,Compliant
3427,3427,Running,Running,Running,Enabled,Updated,Compliant,100,Compliant
3428,3428,Running,Running,Running,Enabled,Updated,Compliant,100,Compliant
3429,3429,Running,Running,Running,Enabled,Updated,Compliant,100,Compliant
3430,3430,Running,Running,Running,Enabled,Updated,Compliant,100,Compliant
3431,3431,Running,Running,Running,Enabled,Updated,Compliant,100,Compliant
3432,3432,Running,Running,Running,Enabled,Updated,Compliant,100,Compliant
3433,3433,Running,Running,Running,Enabled,Updated,Compliant,100,Compliant
3434,3434,Running,Running,Running,Enabled,Updated,Compliant,100,Compliant
3435,3435,Running,Running,Running,Enabled,Updated,Compliant,100,Compliant
3436,3436,Running,Stopped,Running,Enabled,Updated,Compliant,80,Warning
3437,3437,Stopped,Running,Running,Enabled,Updated,Compliant,80,Warning
3438,3438,Running,Stopped,Running,Enabled,Outdated,Compliant,65,Non-Compliant
3439,3439,Running,Stopped,Running,Enabled,Updated,Compliant,80,Warning
3440,3440,Running,Running,Running,Enabled,Updated,Compliant,100,Compliant
3441,3441,Stopped,Running,Running,Enabled,Updated,Compliant,80,Warning
3442,3442,Running,Running,Running,Enabled,Updated,Compliant,100,Compliant
3443,3443,Running,Running,Running,Enabled,Updated,Compliant,100,Compliant
3444,3444,Running,Running,Running,Enabled,Updated,Compliant,100,Compliant
3445,3445,Running,Running,Running,Enabled,Updated,Compliant,100,Compliant
3446,3446,Running,Running,Running,Enabled,Updated,Compliant,100,Compliant
3447,3447,Running,Running,Stopped,Enabled,Updated,Compliant,80,Warning
3448,3448,Running,Running,Running,Enabled,Updated,Compliant,100,Compliant
3449,3449,Running,Running,Running,Enabled,Updated,Non-Compliant,90,Compliant
3450,3450,Running,Running,Running,Enabled,Updated,Compliant,100,Compliant
3451,3451,Running,Running,Running,Enabled,Updated,Compliant,100,Compliant
3452,3452,Running,Running,Running,Enabled,Updated,Compliant,100,Compliant
3453,3453,Running,Running,Running,Enabled,Updated,Compliant,100,Compliant
3454,3454,Running,Running,Running,Enabled,Updated,Non-Compliant,90,Compliant
3455,3455,Running,Running,Running,Enabled,Updated,Compliant,100,Compliant
3456,3456,Stopped,Running,Running,Enabled,Updated,Compliant,80,Warning
3457,3457,Running,Running,Running,Enabled,Updated,Compliant,100,Compliant
3458,3458,Running,Running,Running,Enabled,Outdated,Non-Compliant,75,Warning
3459,3459,Running,Running,Running,Enabled,Updated,Compliant,100,Compliant
3460,3460,Running,Running,Running,Enabled,Updated,Compliant,100,Compliant
3461,3461,Running,Running,Running,Enabled,Updated,Compliant,100,Compliant
3462,3462,Running,Running,Running,Enabled,Updated,Compliant,100,Compliant
3463,3463,Running,Running,Running,Enabled,Updated,Compliant,100,Compliant
3464,3464,Running,Running,Running,Enabled,Updated,Compliant,100,Compliant
3465,3465,Running,Stopped,Running,Enabled,Updated,Compliant,80,Warning
3466,3466,Running,Running,Running,Enabled,Updated,Compliant,100,Compliant
3467,3467,Running,Running,Running,Enabled,Updated,Compliant,100,Compliant
3468,3468,Stopped,Running,Running,Enabled,Updated,Compliant,80,Warning
3469,3469,Running,Running,Running,Enabled,Updated,Compliant,100,Compliant
3470,3470,Running,Running,Running,Enabled,Updated,Compliant,100,Compliant
3471,3471,Stopped,Running,Stopped,Enabled,Updated,Compliant,60,Non-Compliant
3472,3472,Running,Running,Running,Enabled,Updated,Non-Compliant,90,Compliant
3473,3473,Stopped,Running,Running,Enabled,Updated,Compliant,80,Warning
3474,3474,Running,Running,Running,Enabled,Updated,Compliant,100,Compliant
3475,3475,Running,Running,Running,Enabled,Updated,Compliant,100,Compliant
3476,3476,Running,Running,Running,Enabled,Updated,Compliant,100,Compliant
3477,3477,Running,Running,Running,Enabled,Updated,Non-Compliant,90,Compliant
3478,3478,Stopped,Running,Running,Enabled,Updated,Compliant,80,Warning
3479,3479,Running,Running,Running,Enabled,Outdated,Compliant,85,Warning
3480,3480,Running,Running,Running,Enabled,Updated,Compliant,100,Compliant
3481,3481,Running,Running,Stopped,Enabled,Updated,Non-Compliant,70,Warning
3482,3482,Running,Running,Running,Enabled,Updated,Compliant,100,Compliant
3483,3483,Running,Running,Running,Enabled,Updated,Compliant,100,Compliant
3484,3484,Running,Running,Running,Enabled,Updated,Compliant,100,Compliant
3485,3485,Running,Running,Running,Enabled,Outdated,Compliant,85,Warning
3486,3486,Running,Running,Running,Enabled,Outdated,Compliant,85,Warning
3487,3487,Running,Running,Running,Enabled,Updated,Compliant,100,Compliant
3488,3488,Running,Running,Running,Enabled,Updated,Compliant,100,Compliant
3489,3489,Running,Running,Stopped,Enabled,Updated,Compliant,80,Warning
3490,3490,Running,Running,Running,Enabled,Updated,Compliant,100,Compliant
3491,3491,Running,Running,Running,Enabled,Updated,Compliant,100,Compliant
3492,3492,Running,Running,Running,Enabled,Updated,Compliant,100,Compliant
3493,3493,Running,Running,Running,Enabled,Updated,Compliant,100,Compliant
3494,3494,Running,Running,Running,Enabled,Updated,Compliant,100,Compliant
3495,3495,Running,Running,Running,Enabled,Updated,Compliant,100,Compliant
3496,3496,Running,Running,Running,Enabled,Updated,Compliant,100,Compliant
3497,3497,Running,Running,Running,Enabled,Updated,Compliant,100,Compliant
3498,3498,Running,Running,Running,Enabled,Updated,Compliant,100,Compliant
3499,3499,Running,Running,Running,Enabled,Updated,Non-Compliant,90,Compliant
3500,3500,Stopped,Running,Running,Enabled,Updated,Compliant,80,Warning
3501,3501,Running,Running,Running,Enabled,Updated,Compliant,100,Compliant
3502,3502,Running,Running,Running,Enabled,Updated,Compliant,100,Compliant
3503,3503,Running,Stopped,Running,Enabled,Updated,Compliant,80,Warning
3504,3504,Running,Running,Running,Enabled,Outdated,Compliant,85,Warning
3505,3505,Running,Running,Running,Enabled,Updated,Compliant,100,Compliant
3506,3506,Running,Running,Running,Enabled,Updated,Compliant,100,Compliant
3507,3507,Running,Running,Running,Enabled,Updated,Compliant,100,Compliant
3508,3508,Running,Running,Running,Enabled,Updated,Compliant,100,Compliant
3509,3509,Running,Running,Running,Enabled,Updated,Compliant,100,Compliant
3510,3510,Running,Running,Running,Enabled,Updated,Compliant,100,Compliant
3511,3511,Running,Running,Running,Enabled,Updated,Compliant,100,Compliant
3512,3512,Running,Running,Running,Enabled,Outdated,Compliant,85,Warning
3513,3513,Running,Running,Running,Enabled,Updated,Compliant,100,Compliant
3514,3514,Running,Running,Running,Enabled,Outdated,Compliant,85,Warning
3515,3515,Running,Running,Running,Enabled,Outdated,Compliant,85,Warning
3516,3516,Running,Running,Running,Enabled,Updated,Compliant,100,Compliant
3517,3517,Running,Running,Stopped,Enabled,Outdated,Compliant,65,Non-Compliant
3518,3518,Running,Running,Running,Disabled,Updated,Compliant,85,Warning
3519,3519,Running,Running,Running,Enabled,Updated,Compliant,100,Compliant
3520,3520,Running,Running,Running,Enabled,Updated,Compliant,100,Compliant
3521,3521,Running,Running,Running,Enabled,Updated,Compliant,100,Compliant
3522,3522,Running,Running,Running,Enabled,Updated,Compliant,100,Compliant
3523,3523,Running,Running,Running,Enabled,Updated,Compliant,100,Compliant
3524,3524,Running,Running,Running,Enabled,Updated,Compliant,100,Compliant
3525,3525,Running,Running,Running,Enabled,Updated,Compliant,100,Compliant
3526,3526,Running,Running,Running,Enabled,Updated,Compliant,100,Compliant
3527,3527,Running,Running,Running,Enabled,Updated,Compliant,100,Compliant
3528,3528,Running,Running,Running,Enabled,Updated,Compliant,100,Compliant
3529,3529,Running,Running,Running,Enabled,Updated,Compliant,100,Compliant
3530,3530,Running,Running,Running,Enabled,Updated,Compliant,100,Compliant
3531,3531,Running,Running,Running,Enabled,Updated,Compliant,100,Compliant
3532,3532,Running,Running,Running,Enabled,Updated,Compliant,100,Compliant
3533,3533,Running,Running,Running,Enabled,Updated,Compliant,100,Compliant
3534,3534,Running,Running,Running,Enabled,Updated,Compliant,100,Compliant
3535,3535,Running,Running,Running,Enabled,Updated,Compliant,100,Compliant
3536,3536,Running,Running,Running,Enabled,Updated,Compliant,100,Compliant
3537,3537,Running,Running,Running,Enabled,Updated,Compliant,100,Compliant
3538,3538,Running,Running,Running,Enabled,Updated,Compliant,100,Compliant
3539,3539,Running,Running,Running,Enabled,Updated,Compliant,100,Compliant
3540,3540,Running,Running,Running,Enabled,Updated,Compliant,100,Compliant
3541,3541,Running,Running,Running,Enabled,Updated,Compliant,100,Compliant
3542,3542,Running,Running,Running,Enabled,Updated,Compliant,100,Compliant
3543,3543,Running,Running,Running,Enabled,Outdated,Compliant,85,Warning
3544,3544,Running,Running,Running,Enabled,Updated,Compliant,100,Compliant
3545,3545,Running,Running,Running,Enabled,Updated,Compliant,100,Compliant
3546,3546,Running,Running,Running,Enabled,Updated,Compliant,100,Compliant
3547,3547,Running,Running,Running,Enabled,Updated,Compliant,100,Compliant
3548,3548,Running,Running,Running,Enabled,Outdated,Non-Compliant,75,Warning
3549,3549,Running,Running,Running,Enabled,Updated,Compliant,100,Compliant
3550,3550,Running,Running,Running,Enabled,Updated,Compliant,100,Compliant
3551,3551,Running,Running,Running,Enabled,Outdated,Compliant,85,Warning
3552,3552,Running,Running,Running,Enabled,Updated,Compliant,100,Compliant
3553,3553,Running,Running,Running,Enabled,Updated,Compliant,100,Compliant
3554,3554,Running,Running,Running,Enabled,Updated,Compliant,100,Compliant
3555,3555,Running,Running,Running,Enabled,Updated,Compliant,100,Compliant
3556,3556,Stopped,Running,Running,Enabled,Outdated,Compliant,65,Non-Compliant
3557,3557,Running,Running,Running,Enabled,Outdated,Compliant,85,Warning
3558,3558,Running,Running,Running,Enabled,Updated,Compliant,100,Compliant
3559,3559,Running,Running,Running,Enabled,Outdated,Compliant,85,Warning
3560,3560,Running,Stopped,Running,Enabled,Updated,Compliant,80,Warning
3561,3561,Running,Running,Running,Enabled,Updated,Non-Compliant,90,Compliant
3562,3562,Running,Running,Running,Enabled,Updated,Compliant,100,Compliant
3563,3563,Running,Running,Running,Enabled,Updated,Compliant,100,Compliant
3564,3564,Running,Running,Running,Enabled,Updated,Compliant,100,Compliant
3565,3565,Running,Running,Running,Enabled,Updated,Compliant,100,Compliant
3566,3566,Running,Running,Running,Enabled,Updated,Compliant,100,Compliant
3567,3567,Running,Running,Running,Enabled,Updated,Non-Compliant,90,Compliant
3568,3568,Running,Running,Running,Enabled,Updated,Compliant,100,Compliant
3569,3569,Running,Running,Running,Enabled,Outdated,Compliant,85,Warning
3570,3570,Stopped,Running,Running,Enabled,Updated,Compliant,80,Warning
3571,3571,Running,Running,Running,Enabled,Outdated,Compliant,85,Warning
3572,3572,Running,Running,Running,Enabled,Outdated,Compliant,85,Warning
3573,3573,Running,Running,Running,Enabled,Updated,Compliant,100,Compliant
3574,3574,Running,Running,Running,Enabled,Updated,Compliant,100,Compliant
3575,3575,Running,Running,Running,Enabled,Updated,Compliant,100,Compliant
3576,3576,Running,Running,Running,Enabled,Updated,Compliant,100,Compliant
3577,3577,Running,Running,Running,Enabled,Outdated,Compliant,85,Warning
3578,3578,Running,Running,Running,Enabled,Updated,Compliant,100,Compliant
3579,3579,Running,Running,Running,Enabled,Outdated,Compliant,85,Warning
3580,3580,Stopped,Running,Running,Enabled,Updated,Compliant,80,Warning
3581,3581,Running,Running,Running,Enabled,Updated,Compliant,100,Compliant
3582,3582,Running,Running,Running,Enabled,Updated,Compliant,100,Compliant
3583,3583,Running,Running,Running,Enabled,Updated,Compliant,100,Compliant
3584,3584,Running,Running,Running,Enabled,Updated,Compliant,100,Compliant
3585,3585,Running,Running,Running,Enabled,Updated,Compliant,100,Compliant
3586,3586,Stopped,Running,Running,Enabled,Updated,Compliant,80,Warning
3587,3587,Running,Running,Running,Enabled,Updated,Compliant,100,Compliant
3588,3588,Running,Running,Running,Enabled,Outdated,Compliant,85,Warning
3589,3589,Running,Running,Running,Enabled,Updated,Compliant,100,Compliant
3590,3590,Running,Running,Running,Enabled,Updated,Compliant,100,Compliant
3591,3591,Stopped,Running,Running,Enabled,Updated,Compliant,80,Warning
3592,3592,Running,Running,Running,Enabled,Updated,Compliant,100,Compliant
3593,3593,Stopped,Running,Running,Enabled,Updated,Compliant,80,Warning
3594,3594,Running,Running,Running,Enabled,Outdated,Compliant,85,Warning
3595,3595,Running,Running,Running,Enabled,Updated,Compliant,100,Compliant
3596,3596,Running,Running,Running,Enabled,Updated,Compliant,100,Compliant
3597,3597,Running,Running,Running,Enabled,Updated,Compliant,100,Compliant
3598,3598,Running,Running,Running,Enabled,Updated,Compliant,100,Compliant
3599,3599,Running,Running,Running,Enabled,Updated,Compliant,100,Compliant
3600,3600,Running,Running,Running,Enabled,Updated,Compliant,100,Compliant
3601,3601,Stopped,Running,Running,Enabled,Updated,Compliant,80,Warning
3602,3602,Running,Running,Running,Enabled,Updated,Compliant,100,Compliant
3603,3603,Running,Running,Running,Enabled,Updated,Compliant,100,Compliant
3604,3604,Running,Running,Running,Enabled,Updated,Compliant,100,Compliant
3605,3605,Running,Running,Running,Enabled,Updated,Compliant,100,Compliant
3606,3606,Running,Running,Running,Enabled,Updated,Non-Compliant,90,Compliant
3607,3607,Running,Running,Stopped,Enabled,Updated,Compliant,80,Warning
3608,3608,Running,Running,Running,Enabled,Updated,Non-Compliant,90,Compliant
3609,3609,Stopped,Running,Running,Enabled,Outdated,Compliant,65,Non-Compliant
3610,3610,Running,Running,Running,Enabled,Updated,Non-Compliant,90,Compliant
3611,3611,Running,Running,Running,Enabled,Updated,Compliant,100,Compliant
3612,3612,Running,Running,Running,Enabled,Updated,Compliant,100,Compliant
3613,3613,Running,Running,Running,Enabled,Updated,Compliant,100,Compliant
3614,3614,Running,Running,Running,Enabled,Updated,Compliant,100,Compliant
3615,3615,Running,Running,Running,Enabled,Updated,Compliant,100,Compliant
3616,3616,Running,Running,Running,Enabled,Updated,Compliant,100,Compliant
3617,3617,Running,Running,Running,Enabled,Updated,Compliant,100,Compliant
3618,3618,Running,Running,Running,Enabled,Outdated,Compliant,85,Warning
3619,3619,Running,Running,Running,Enabled,Outdated,Compliant,85,Warning
3620,3620,Running,Running,Running,Enabled,Outdated,Compliant,85,Warning
3621,3621,Running,Running,Running,Enabled,Updated,Non-Compliant,90,Compliant
3622,3622,Running,Running,Running,Enabled,Updated,Compliant,100,Compliant
3623,3623,Running,Running,Running,Enabled,Updated,Compliant,100,Compliant
3624,3624,Running,Running,Running,Enabled,Outdated,Compliant,85,Warning
3625,3625,Running,Running,Running,Enabled,Updated,Compliant,100,Compliant
3626,3626,Running,Running,Running,Enabled,Outdated,Compliant,85,Warning
3627,3627,Running,Running,Running,Enabled,Updated,Compliant,100,Compliant
3628,3628,Running,Running,Running,Enabled,Updated,Compliant,100,Compliant
3629,3629,Running,Running,Running,Enabled,Updated,Compliant,100,Compliant
3630,3630,Running,Running,Running,Enabled,Updated,Compliant,100,Compliant
3631,3631,Running,Running,Running,Enabled,Updated,Compliant,100,Compliant
3632,3632,Running,Running,Running,Enabled,Updated,Compliant,100,Compliant
3633,3633,Running,Running,Running,Enabled,Updated,Compliant,100,Compliant
3634,3634,Running,Running,Running,Disabled,Outdated,Compliant,70,Warning
3635,3635,Running,Running,Running,Enabled,Updated,Compliant,100,Compliant
3636,3636,Stopped,Running,Running,Enabled,Updated,Compliant,80,Warning
3637,3637,Running,Running,Running,Enabled,Updated,Compliant,100,Compliant
3638,3638,Running,Running,Running,Enabled,Updated,Compliant,100,Compliant
3639,3639,Running,Running,Running,Enabled,Updated,Compliant,100,Compliant
3640,3640,Running,Running,Running,Enabled,Updated,Compliant,100,Compliant
3641,3641,Running,Running,Running,Enabled,Updated,Compliant,100,Compliant
3642,3642,Running,Running,Running,Enabled,Updated,Compliant,100,Compliant
3643,3643,Running,Running,Running,Enabled,Updated,Compliant,100,Compliant
3644,3644,Running,Running,Running,Enabled,Updated,Compliant,100,Compliant
3645,3645,Running,Running,Running,Enabled,Updated,Compliant,100,Compliant
3646,3646,Running,Running,Running,Enabled,Updated,Compliant,100,Compliant
3647,3647,Running,Running,Running,Enabled,Outdated,Compliant,85,Warning
3648,3648,Running,Running,Running,Enabled,Updated,Compliant,100,Compliant
3649,3649,Running,Running,Running,Enabled,Updated,Compliant,100,Compliant
3650,3650,Running,Running,Running,Enabled,Updated,Compliant,100,Compliant
3651,3651,Running,Running,Running,Enabled,Updated,Non-Compliant,90,Compliant
3652,3652,Running,Running,Running,Enabled,Updated,Compliant,100,Compliant
3653,3653,Running,Running,Running,Disabled,Updated,Compliant,85,Warning
3654,3654,Running,Stopped,Running,Enabled,Updated,Compliant,80,Warning
3655,3655,Running,Running,Running,Enabled,Updated,Compliant,100,Compliant
3656,3656,Running,Running,Running,Enabled,Outdated,Compliant,85,Warning
3657,3657,Running,Running,Running,Enabled,Outdated,Non-Compliant,75,Warning
3658,3658,Running,Running,Running,Enabled,Updated,Compliant,100,Compliant
3659,3659,Running,Running,Running,Enabled,Updated,Compliant,100,Compliant
3660,3660,Running,Running,Running,Enabled,Updated,Compliant,100,Compliant
3661,3661,Running,Running,Running,Enabled,Updated,Compliant,100,Compliant
3662,3662,Running,Running,Running,Enabled,Updated,Compliant,100,Compliant
3663,3663,Running,Running,Running,Enabled,Updated,Compliant,100,Compliant
3664,3664,Running,Running,Running,Enabled,Updated,Compliant,100,Compliant
3665,3665,Running,Running,Stopped,Enabled,Updated,Non-Compliant,70,Warning
3666,3666,Running,Running,Running,Enabled,Updated,Compliant,100,Compliant
3667,3667,Running,Running,Running,Enabled,Updated,Compliant,100,Compliant
3668,3668,Running,Running,Running,Enabled,Updated,Compliant,100,Compliant
3669,3669,Running,Running,Running,Enabled,Updated,Compliant,100,Compliant
3670,3670,Running,Running,Running,Enabled,Updated,Compliant,100,Compliant
3671,3671,Running,Running,Running,Enabled,Updated,Compliant,100,Compliant
3672,3672,Running,Running,Running,Enabled,Updated,Compliant,100,Compliant
3673,3673,Running,Running,Running,Enabled,Updated,Compliant,100,Compliant
3674,3674,Running,Running,Running,Enabled,Updated,Compliant,100,Compliant
3675,3675,Running,Running,Running,Enabled,Outdated,Non-Compliant,75,Warning
3676,3676,Running,Running,Running,Enabled,Updated,Compliant,100,Compliant
3677,3677,Running,Running,Running,Enabled,Updated,Compliant,100,Compliant
3678,3678,Running,Running,Running,Enabled,Updated,Compliant,100,Compliant
3679,3679,Running,Running,Running,Enabled,Updated,Compliant,100,Compliant
3680,3680,Running,Running,Running,Enabled,Outdated,Compliant,85,Warning
3681,3681,Running,Running,Running,Enabled,Updated,Compliant,100,Compliant
3682,3682,Running,Running,Running,Enabled,Updated,Compliant,100,Compliant
3683,3683,Running,Running,Running,Enabled,Updated,Compliant,100,Compliant
3684,3684,Running,Running,Running,Enabled,Updated,Compliant,100,Compliant
3685,3685,Running,Running,Running,Enabled,Updated,Compliant,100,Compliant
3686,3686,Running,Stopped,Running,Enabled,Updated,Compliant,80,Warning
3687,3687,Running,Running,Running,Enabled,Updated,Compliant,100,Compliant
3688,3688,Running,Running,Running,Enabled,Updated,Compliant,100,Compliant
3689,3689,Running,Running,Running,Enabled,Updated,Compliant,100,Compliant
3690,3690,Running,Running,Running,Enabled,Updated,Non-Compliant,90,Compliant
3691,3691,Running,Running,Running,Enabled,Outdated,Non-Compliant,75,Warning
3692,3692,Running,Running,Running,Enabled,Updated,Compliant,100,Compliant
3693,3693,Running,Running,Running,Enabled,Updated,Compliant,100,Compliant
3694,3694,Running,Running,Running,Disabled,Updated,Compliant,85,Warning
3695,3695,Running,Stopped,Running,Enabled,Updated,Compliant,80,Warning
3696,3696,Running,Running,Running,Enabled,Updated,Compliant,100,Compliant
3697,3697,Running,Running,Running,Enabled,Updated,Compliant,100,Compliant
3698,3698,Running,Running,Running,Enabled,Updated,Non-Compliant,90,Compliant
3699,3699,Stopped,Running,Running,Enabled,Outdated,Compliant,65,Non-Compliant
3700,3700,Running,Running,Running,Enabled,Updated,Compliant,100,Compliant
3701,3701,Running,Running,Running,Enabled,Updated,Compliant,100,Compliant
3702,3702,Running,Running,Running,Enabled,Updated,Compliant,100,Compliant
3703,3703,Running,Running,Running,Enabled,Updated,Non-Compliant,90,Compliant
3704,3704,Stopped,Running,Running,Enabled,Updated,Compliant,80,Warning
3705,3705,Running,Running,Running,Enabled,Updated,Compliant,100,Compliant
3706,3706,Running,Running,Running,Enabled,Updated,Compliant,100,Compliant
3707,3707,Stopped,Running,Running,Enabled,Updated,Compliant,80,Warning
3708,3708,Running,Running,Running,Enabled,Updated,Compliant,100,Compliant
3709,3709,Running,Running,Running,Enabled,Updated,Compliant,100,Compliant
3710,3710,Running,Running,Running,Enabled,Updated,Compliant,100,Compliant
3711,3711,Running,Running,Running,Enabled,Updated,Compliant,100,Compliant
3712,3712,Running,Running,Running,Enabled,Updated,Compliant,100,Compliant
3713,3713,Running,Running,Running,Enabled,Updated,Non-Compliant,90,Compliant
3714,3714,Running,Stopped,Running,Enabled,Updated,Compliant,80,Warning
3715,3715,Running,Running,Running,Enabled,Outdated,Compliant,85,Warning
3716,3716,Running,Running,Running,Enabled,Outdated,Compliant,85,Warning
3717,3717,Running,Running,Running,Disabled,Updated,Compliant,85,Warning
3718,3718,Running,Running,Running,Enabled,Updated,Compliant,100,Compliant
3719,3719,Running,Running,Running,Enabled,Updated,Compliant,100,Compliant
3720,3720,Running,Running,Running,Enabled,Updated,Compliant,100,Compliant
3721,3721,Running,Running,Running,Enabled,Updated,Compliant,100,Compliant
3722,3722,Running,Running,Running,Enabled,Updated,Compliant,100,Compliant
3723,3723,Running,Running,Running,Enabled,Updated,Compliant,100,Compliant
3724,3724,Running,Running,Running,Enabled,Updated,Compliant,100,Compliant
3725,3725,Running,Running,Running,Enabled,Updated,Compliant,100,Compliant
3726,3726,Running,Running,Running,Enabled,Updated,Compliant,100,Compliant
3727,3727,Running,Running,Running,Enabled,Updated,Compliant,100,Compliant
3728,3728,Running,Stopped,Running,Enabled,Updated,Compliant,80,Warning
3729,3729,Running,Running,Running,Enabled,Updated,Compliant,100,Compliant
3730,3730,Running,Running,Running,Enabled,Updated,Compliant,100,Compliant
3731,3731,Running,Running,Running,Enabled,Updated,Non-Compliant,90,Compliant
3732,3732,Running,Running,Running,Enabled,Updated,Compliant,100,Compliant
3733,3733,Running,Running,Running,Enabled,Updated,Compliant,100,Compliant
3734,3734,Running,Running,Running,Enabled,Updated,Compliant,100,Compliant
3735,3735,Running,Running,Running,Enabled,Updated,Compliant,100,Compliant
3736,3736,Running,Running,Running,Enabled,Updated,Compliant,100,Compliant
3737,3737,Running,Running,Running,Enabled,Updated,Compliant,100,Compliant
3738,3738,Running,Running,Running,Disabled,Outdated,Compliant,70,Warning
3739,3739,Running,Running,Running,Enabled,Updated,Compliant,100,Compliant
3740,3740,Running,Running,Stopped,Enabled,Updated,Compliant,80,Warning
3741,3741,Running,Running,Running,Enabled,Outdated,Compliant,85,Warning
3742,3742,Stopped,Running,Running,Enabled,Updated,Compliant,80,Warning
3743,3743,Running,Stopped,Running,Enabled,Updated,Compliant,80,Warning
3744,3744,Running,Running,Running,Enabled,Updated,Compliant,100,Compliant
3745,3745,Running,Running,Running,Enabled,Updated,Compliant,100,Compliant
3746,3746,Running,Running,Running,Enabled,Updated,Compliant,100,Compliant
3747,3747,Running,Running,Running,Enabled,Updated,Non-Compliant,90,Compliant
3748,3748,Running,Running,Running,Enabled,Updated,Compliant,100,Compliant
3749,3749,Running,Running,Running,Enabled,Updated,Compliant,100,Compliant
3750,3750,Running,Running,Running,Enabled,Updated,Compliant,100,Compliant
3751,3751,Running,Running,Running,Enabled,Updated,Compliant,100,Compliant
3752,3752,Running,Stopped,Running,Enabled,Updated,Compliant,80,Warning
3753,3753,Running,Running,Running,Enabled,Updated,Compliant,100,Compliant
3754,3754,Running,Running,Running,Enabled,Updated,Compliant,100,Compliant
3755,3755,Running,Running,Running,Enabled,Updated,Compliant,100,Compliant
3756,3756,Running,Running,Running,Enabled,Updated,Compliant,100,Compliant
3757,3757,Running,Running,Running,Enabled,Updated,Non-Compliant,90,Compliant
3758,3758,Running,Running,Running,Enabled,Updated,Compliant,100,Compliant
3759,3759,Running,Running,Running,Enabled,Updated,Compliant,100,Compliant
3760,3760,Running,Running,Running,Enabled,Updated,Compliant,100,Compliant
3761,3761,Running,Running,Running,Enabled,Updated,Compliant,100,Compliant
3762,3762,Running,Running,Running,Enabled,Updated,Compliant,100,Compliant
3763,3763,Running,Running,Running,Enabled,Updated,Compliant,100,Compliant
3764,3764,Stopped,Running,Running,Enabled,Updated,Compliant,80,Warning
3765,3765,Running,Running,Running,Enabled,Updated,Compliant,100,Compliant
3766,3766,Running,Running,Running,Enabled,Updated,Compliant,100,Compliant
3767,3767,Running,Running,Running,Enabled,Updated,Compliant,100,Compliant
3768,3768,Running,Running,Running,Enabled,Updated,Compliant,100,Compliant
3769,3769,Running,Running,Running,Enabled,Updated,Compliant,100,Compliant
3770,3770,Running,Running,Running,Enabled,Updated,Compliant,100,Compliant
3771,3771,Running,Stopped,Running,Disabled,Updated,Compliant,65,Non-Compliant
3772,3772,Running,Running,Running,Enabled,Updated,Compliant,100,Compliant
3773,3773,Running,Running,Running,Enabled,Updated,Compliant,100,Compliant
3774,3774,Running,Running,Running,Enabled,Updated,Compliant,100,Compliant
3775,3775,Running,Running,Running,Enabled,Updated,Compliant,100,Compliant
3776,3776,Running,Running,Running,Enabled,Updated,Compliant,100,Compliant
3777,3777,Running,Running,Running,Enabled,Updated,Compliant,100,Compliant
3778,3778,Running,Stopped,Stopped,Enabled,Updated,Non-Compliant,50,Non-Compliant
3779,3779,Running,Stopped,Running,Enabled,Updated,Compliant,80,Warning
3780,3780,Running,Running,Running,Enabled,Updated,Compliant,100,Compliant
3781,3781,Running,Running,Running,Enabled,Outdated,Compliant,85,Warning
3782,3782,Running,Running,Running,Enabled,Updated,Compliant,100,Compliant
3783,3783,Running,Running,Running,Enabled,Outdated,Compliant,85,Warning
3784,3784,Running,Running,Running,Enabled,Updated,Compliant,100,Compliant
3785,3785,Running,Running,Running,Enabled,Updated,Compliant,100,Compliant
3786,3786,Running,Running,Running,Enabled,Updated,Compliant,100,Compliant
3787,3787,Running,Running,Running,Enabled,Updated,Compliant,100,Compliant
3788,3788,Running,Running,Running,Enabled,Updated,Compliant,100,Compliant
3789,3789,Running,Running,Running,Enabled,Updated,Compliant,100,Compliant
3790,3790,Running,Running,Running,Enabled,Updated,Compliant,100,Compliant
3791,3791,Running,Running,Running,Enabled,Updated,Compliant,100,Compliant
3792,3792,Running,Stopped,Running,Enabled,Outdated,Compliant,65,Non-Compliant
3793,3793,Stopped,Running,Running,Enabled,Updated,Compliant,80,Warning
3794,3794,Running,Running,Running,Enabled,Updated,Compliant,100,Compliant
3795,3795,Running,Running,Running,Enabled,Updated,Compliant,100,Compliant
3796,3796,Running,Running,Running,Enabled,Updated,Compliant,100,Compliant
3797,3797,Running,Running,Running,Enabled,Updated,Compliant,100,Compliant
3798,3798,Running,Running,Running,Enabled,Updated,Compliant,100,Compliant
3799,3799,Running,Running,Running,Enabled,Updated,Compliant,100,Compliant
3800,3800,Running,Running,Running,Enabled,Updated,Compliant,100,Compliant
3801,3801,Running,Running,Running,Enabled,Updated,Compliant,100,Compliant
3802,3802,Running,Running,Running,Enabled,Updated,Compliant,100,Compliant
3803,3803,Running,Running,Running,Enabled,Updated,Compliant,100,Compliant
3804,3804,Running,Running,Running,Enabled,Updated,Compliant,100,Compliant
3805,3805,Running,Running,Running,Enabled,Updated,Compliant,100,Compliant
3806,3806,Running,Running,Running,Enabled,Updated,Compliant,100,Compliant
3807,3807,Running,Running,Running,Enabled,Updated,Compliant,100,Compliant
3808,3808,Running,Running,Running,Enabled,Updated,Compliant,100,Compliant
3809,3809,Stopped,Running,Stopped,Enabled,Updated,Compliant,60,Non-Compliant
3810,3810,Running,Running,Running,Enabled,Updated,Compliant,100,Compliant
3811,3811,Running,Running,Running,Enabled,Updated,Compliant,100,Compliant
3812,3812,Running,Running,Running,Enabled,Updated,Compliant,100,Compliant
3813,3813,Running,Running,Running,Enabled,Updated,Compliant,100,Compliant
3814,3814,Running,Stopped,Running,Enabled,Updated,Compliant,80,Warning
3815,3815,Running,Running,Running,Enabled,Updated,Compliant,100,Compliant
3816,3816,Running,Running,Running,Enabled,Outdated,Compliant,85,Warning
3817,3817,Running,Running,Running,Enabled,Updated,Compliant,100,Compliant
3818,3818,Running,Running,Running,Enabled,Updated,Non-Compliant,90,Compliant
3819,3819,Running,Running,Running,Enabled,Updated,Non-Compliant,90,Compliant
3820,3820,Running,Running,Running,Enabled,Updated,Non-Compliant,90,Compliant
3821,3821,Running,Running,Running,Enabled,Updated,Compliant,100,Compliant
3822,3822,Running,Running,Running,Enabled,Updated,Compliant,100,Compliant
3823,3823,Stopped,Running,Stopped,Enabled,Outdated,Compliant,45,Non-Compliant
3824,3824,Running,Running,Running,Enabled,Outdated,Compliant,85,Warning
3825,3825,Running,Running,Running,Enabled,Updated,Compliant,100,Compliant
3826,3826,Running,Stopped,Running,Enabled,Updated,Compliant,80,Warning
3827,3827,Running,Running,Running,Enabled,Updated,Compliant,100,Compliant
3828,3828,Stopped,Running,Running,Enabled,Updated,Compliant,80,Warning
3829,3829,Running,Running,Running,Enabled,Updated,Compliant,100,Compliant
3830,3830,Running,Running,Running,Enabled,Updated,Compliant,100,Compliant
3831,3831,Running,Running,Running,Enabled,Outdated,Compliant,85,Warning
3832,3832,Running,Running,Running,Enabled,Updated,Compliant,100,Compliant
3833,3833,Running,Running,Running,Enabled,Outdated,Compliant,85,Warning
3834,3834,Running,Running,Running,Enabled,Updated,Compliant,100,Compliant
3835,3835,Running,Running,Running,Enabled,Outdated,Non-Compliant,75,Warning
3836,3836,Running,Stopped,Running,Enabled,Updated,Compliant,80,Warning
3837,3837,Running,Running,Running,Enabled,Updated,Compliant,100,Compliant
3838,3838,Running,Running,Running,Enabled,Updated,Compliant,100,Compliant
3839,3839,Running,Running,Running,Enabled,Updated,Compliant,100,Compliant
3840,3840,Running,Running,Running,Enabled,Updated,Compliant,100,Compliant
3841,3841,Running,Running,Running,Enabled,Outdated,Compliant,85,Warning
3842,3842,Running,Running,Running,Enabled,Updated,Compliant,100,Compliant
3843,3843,Running,Running,Running,Enabled,Updated,Compliant,100,Compliant
3844,3844,Running,Running,Running,Enabled,Updated,Non-Compliant,90,Compliant
3845,3845,Running,Running,Running,Enabled,Updated,Compliant,100,Compliant
3846,3846,Running,Running,Running,Enabled,Updated,Compliant,100,Compliant
3847,3847,Running,Running,Running,Enabled,Updated,Compliant,100,Compliant
3848,3848,Running,Running,Running,Enabled,Updated,Non-Compliant,90,Compliant
3849,3849,Running,Running,Running,Enabled,Updated,Non-Compliant,90,Compliant
3850,3850,Running,Running,Running,Enabled,Updated,Compliant,100,Compliant
3851,3851,Running,Running,Running,Enabled,Updated,Compliant,100,Compliant
3852,3852,Running,Running,Running,Enabled,Updated,Compliant,100,Compliant
3853,3853,Running,Stopped,Running,Enabled,Updated,Compliant,80,Warning
3854,3854,Running,Running,Running,Enabled,Updated,Compliant,100,Compliant
3855,3855,Running,Running,Running,Enabled,Updated,Compliant,100,Compliant
3856,3856,Running,Running,Running,Enabled,Updated,Compliant,100,Compliant
3857,3857,Running,Running,Running,Enabled,Updated,Compliant,100,Compliant
3858,3858,Running,Running,Running,Enabled,Updated,Non-Compliant,90,Compliant
3859,3859,Running,Running,Running,Enabled,Updated,Compliant,100,Compliant
3860,3860,Running,Running,Running,Enabled,Updated,Compliant,100,Compliant
3861,3861,Running,Running,Running,Enabled,Updated,Compliant,100,Compliant
3862,3862,Running,Running,Running,Enabled,Updated,Compliant,100,Compliant
3863,3863,Running,Running,Running,Enabled,Updated,Compliant,100,Compliant
3864,3864,Running,Running,Running,Enabled,Updated,Compliant,100,Compliant
3865,3865,Running,Running,Running,Enabled,Updated,Compliant,100,Compliant
3866,3866,Running,Running,Running,Enabled,Updated,Compliant,100,Compliant
3867,3867,Running,Running,Running,Enabled,Updated,Compliant,100,Compliant
3868,3868,Running,Running,Running,Enabled,Updated,Compliant,100,Compliant
3869,3869,Running,Running,Running,Enabled,Updated,Compliant,100,Compliant
3870,3870,Running,Running,Running,Enabled,Updated,Compliant,100,Compliant
3871,3871,Running,Running,Running,Enabled,Updated,Compliant,100,Compliant
3872,3872,Running,Running,Running,Enabled,Outdated,Compliant,85,Warning
3873,3873,Running,Running,Running,Enabled,Outdated,Non-Compliant,75,Warning
3874,3874,Running,Running,Running,Enabled,Updated,Compliant,100,Compliant
3875,3875,Running,Running,Running,Enabled,Updated,Compliant,100,Compliant
3876,3876,Running,Running,Running,Enabled,Updated,Compliant,100,Compliant
3877,3877,Running,Running,Running,Enabled,Updated,Compliant,100,Compliant
3878,3878,Running,Running,Running,Enabled,Updated,Compliant,100,Compliant
3879,3879,Running,Running,Running,Enabled,Updated,Compliant,100,Compliant
3880,3880,Running,Running,Running,Enabled,Updated,Compliant,100,Compliant
3881,3881,Running,Running,Running,Enabled,Outdated,Compliant,85,Warning
3882,3882,Running,Running,Running,Enabled,Updated,Compliant,100,Compliant
3883,3883,Running,Running,Running,Enabled,Updated,Compliant,100,Compliant
3884,3884,Running,Running,Running,Enabled,Updated,Compliant,100,Compliant
3885,3885,Running,Running,Running,Enabled,Updated,Compliant,100,Compliant
3886,3886,Running,Running,Running,Enabled,Updated,Compliant,100,Compliant
3887,3887,Running,Running,Running,Enabled,Updated,Compliant,100,Compliant
3888,3888,Running,Running,Running,Enabled,Updated,Compliant,100,Compliant
3889,3889,Running,Running,Running,Enabled,Updated,Compliant,100,Compliant
3890,3890,Running,Running,Running,Enabled,Updated,Non-Compliant,90,Compliant
3891,3891,Stopped,Running,Running,Enabled,Updated,Compliant,80,Warning
3892,3892,Running,Running,Running,Enabled,Updated,Compliant,100,Compliant
3893,3893,Running,Running,Running,Enabled,Outdated,Non-Compliant,75,Warning
3894,3894,Running,Running,Running,Enabled,Updated,Non-Compliant,90,Compliant
3895,3895,Stopped,Running,Running,Enabled,Updated,Compliant,80,Warning
3896,3896,Stopped,Running,Running,Enabled,Outdated,Compliant,65,Non-Compliant
3897,3897,Running,Running,Running,Enabled,Updated,Non-Compliant,90,Compliant
3898,3898,Running,Running,Running,Enabled,Updated,Compliant,100,Compliant
3899,3899,Running,Running,Running,Enabled,Updated,Non-Compliant,90,Compliant
3900,3900,Running,Running,Running,Enabled,Updated,Compliant,100,Compliant
3901,3901,Running,Running,Running,Enabled,Updated,Compliant,100,Compliant
3902,3902,Running,Running,Running,Enabled,Updated,Compliant,100,Compliant
3903,3903,Running,Running,Running,Enabled,Updated,Compliant,100,Compliant
3904,3904,Running,Running,Running,Enabled,Updated,Compliant,100,Compliant
3905,3905,Running,Running,Running,Enabled,Updated,Compliant,100,Compliant
3906,3906,Running,Running,Running,Enabled,Updated,Compliant,100,Compliant
3907,3907,Running,Running,Running,Enabled,Updated,Compliant,100,Compliant
3908,3908,Running,Running,Running,Enabled,Updated,Compliant,100,Compliant
3909,3909,Running,Running,Running,Enabled,Updated,Non-Compliant,90,Compliant
3910,3910,Running,Running,Running,Enabled,Updated,Compliant,100,Compliant
3911,3911,Running,Running,Stopped,Enabled,Updated,Compliant,80,Warning
3912,3912,Running,Running,Running,Enabled,Updated,Non-Compliant,90,Compliant
3913,3913,Running,Running,Running,Enabled,Updated,Compliant,100,Compliant
3914,3914,Running,Running,Running,Enabled,Updated,Compliant,100,Compliant
3915,3915,Running,Running,Running,Enabled,Outdated,Compliant,85,Warning
3916,3916,Running,Running,Running,Enabled,Outdated,Compliant,85,Warning
3917,3917,Running,Running,Running,Enabled,Updated,Compliant,100,Compliant
3918,3918,Running,Running,Running,Enabled,Updated,Compliant,100,Compliant
3919,3919,Stopped,Running,Running,Enabled,Updated,Compliant,80,Warning
3920,3920,Stopped,Running,Running,Enabled,Outdated,Compliant,65,Non-Compliant
3921,3921,Running,Running,Running,Enabled,Updated,Compliant,100,Compliant
3922,3922,Running,Running,Running,Enabled,Outdated,Compliant,85,Warning
3923,3923,Running,Running,Running,Enabled,Updated,Compliant,100,Compliant
3924,3924,Running,Running,Running,Enabled,Updated,Compliant,100,Compliant
3925,3925,Stopped,Running,Running,Enabled,Updated,Compliant,80,Warning
3926,3926,Running,Running,Running,Enabled,Updated,Compliant,100,Compliant
3927,3927,Running,Running,Running,Enabled,Updated,Compliant,100,Compliant
3928,3928,Running,Running,Running,Enabled,Updated,Compliant,100,Compliant
3929,3929,Running,Running,Running,Enabled,Updated,Compliant,100,Compliant
3930,3930,Running,Running,Running,Enabled,Updated,Compliant,100,Compliant
3931,3931,Running,Running,Running,Enabled,Outdated,Compliant,85,Warning
3932,3932,Running,Running,Running,Enabled,Updated,Compliant,100,Compliant
3933,3933,Running,Running,Running,Enabled,Updated,Compliant,100,Compliant
3934,3934,Running,Running,Running,Enabled,Updated,Compliant,100,Compliant
3935,3935,Running,Running,Running,Enabled,Outdated,Compliant,85,Warning
3936,3936,Running,Running,Running,Enabled,Updated,Compliant,100,Compliant
3937,3937,Running,Running,Running,Enabled,Outdated,Non-Compliant,75,Warning
3938,3938,Running,Running,Running,Enabled,Updated,Compliant,100,Compliant
3939,3939,Running,Running,Running,Enabled,Updated,Compliant,100,Compliant
3940,3940,Running,Running,Running,Enabled,Outdated,Compliant,85,Warning
3941,3941,Running,Stopped,Running,Enabled,Updated,Compliant,80,Warning
3942,3942,Running,Running,Running,Enabled,Updated,Compliant,100,Compliant
3943,3943,Running,Running,Running,Enabled,Updated,Compliant,100,Compliant
3944,3944,Running,Running,Running,Enabled,Updated,Non-Compliant,90,Compliant
3945,3945,Running,Running,Running,Enabled,Updated,Compliant,100,Compliant
3946,3946,Running,Running,Running,Enabled,Updated,Compliant,100,Compliant
3947,3947,Running,Running,Running,Enabled,Updated,Non-Compliant,90,Compliant
3948,3948,Running,Running,Running,Enabled,Updated,Compliant,100,Compliant
3949,3949,Running,Running,Running,Enabled,Updated,Compliant,100,Compliant
3950,3950,Stopped,Running,Running,Enabled,Updated,Compliant,80,Warning
3951,3951,Running,Running,Running,Enabled,Updated,Compliant,100,Compliant
3952,3952,Running,Running,Running,Enabled,Updated,Compliant,100,Compliant
3953,3953,Running,Running,Running,Enabled,Updated,Compliant,100,Compliant
3954,3954,Stopped,Running,Running,Enabled,Updated,Compliant,80,Warning
3955,3955,Running,Running,Running,Enabled,Updated,Compliant,100,Compliant
3956,3956,Running,Running,Running,Enabled,Updated,Compliant,100,Compliant
3957,3957,Running,Running,Running,Enabled,Updated,Compliant,100,Compliant
3958,3958,Running,Running,Running,Enabled,Updated,Compliant,100,Compliant
3959,3959,Running,Running,Running,Enabled,Updated,Compliant,100,Compliant
3960,3960,Running,Running,Running,Enabled,Updated,Non-Compliant,90,Compliant
3961,3961,Running,Running,Running,Enabled,Updated,Compliant,100,Compliant
3962,3962,Running,Running,Running,Enabled,Updated,Compliant,100,Compliant
3963,3963,Running,Running,Running,Enabled,Updated,Compliant,100,Compliant
3964,3964,Running,Running,Running,Enabled,Updated,Compliant,100,Compliant
3965,3965,Running,Running,Running,Enabled,Updated,Compliant,100,Compliant
3966,3966,Running,Running,Stopped,Enabled,Updated,Compliant,80,Warning
3967,3967,Running,Running,Running,Enabled,Updated,Compliant,100,Compliant
3968,3968,Running,Running,Running,Enabled,Outdated,Compliant,85,Warning
3969,3969,Running,Running,Running,Enabled,Updated,Compliant,100,Compliant
3970,3970,Running,Running,Running,Enabled,Outdated,Compliant,85,Warning
3971,3971,Running,Stopped,Running,Enabled,Updated,Compliant,80,Warning
3972,3972,Running,Running,Running,Enabled,Updated,Compliant,100,Compliant
3973,3973,Running,Running,Running,Enabled,Updated,Compliant,100,Compliant
3974,3974,Running,Running,Running,Enabled,Updated,Compliant,100,Compliant
3975,3975,Running,Running,Running,Enabled,Updated,Compliant,100,Compliant
3976,3976,Running,Running,Running,Enabled,Updated,Compliant,100,Compliant
3977,3977,Running,Running,Running,Enabled,Updated,Compliant,100,Compliant
3978,3978,Running,Running,Running,Enabled,Updated,Compliant,100,Compliant
3979,3979,Running,Running,Running,Enabled,Updated,Compliant,100,Compliant
3980,3980,Running,Running,Running,Enabled,Updated,Compliant,100,Compliant
3981,3981,Running,Running,Running,Enabled,Updated,Compliant,100,Compliant
3982,3982,Running,Running,Running,Enabled,Updated,Compliant,100,Compliant
3983,3983,Running,Running,Running,Enabled,Updated,Compliant,100,Compliant
3984,3984,Running,Running,Running,Enabled,Updated,Compliant,100,Compliant
3985,3985,Running,Running,Running,Enabled,Updated,Compliant,100,Compliant
3986,3986,Running,Running,Stopped,Enabled,Updated,Compliant,80,Warning
3987,3987,Running,Running,Running,Enabled,Updated,Compliant,100,Compliant
3988,3988,Running,Running,Running,Enabled,Updated,Compliant,100,Compliant
3989,3989,Running,Running,Running,Enabled,Updated,Compliant,100,Compliant
3990,3990,Running,Stopped,Stopped,Enabled,Updated,Compliant,60,Non-Compliant
3991,3991,Running,Running,Running,Enabled,Updated,Compliant,100,Compliant
3992,3992,Running,Running,Running,Enabled,Updated,Compliant,100,Compliant
3993,3993,Running,Running,Running,Enabled,Updated,Compliant,100,Compliant
3994,3994,Running,Running,Running,Enabled,Updated,Compliant,100,Compliant
3995,3995,Running,Running,Running,Enabled,Updated,Compliant,100,Compliant
3996,3996,Running,Running,Running,Enabled,Updated,Compliant,100,Compliant
3997,3997,Running,Running,Running,Enabled,Outdated,Compliant,85,Warning
3998,3998,Running,Running,Running,Enabled,Updated,Compliant,100,Compliant
3999,3999,Running,Running,Running,Enabled,Updated,Compliant,100,Compliant
4000,4000,Running,Running,Running,Enabled,Updated,Compliant,100,Compliant
4001,4001,Running,Running,Running,Enabled,Updated,Compliant,100,Compliant
4002,4002,Running,Running,Running,Enabled,Updated,Compliant,100,Compliant
4003,4003,Running,Running,Running,Enabled,Updated,Compliant,100,Compliant
4004,4004,Running,Running,Running,Enabled,Updated,Compliant,100,Compliant
4005,4005,Running,Running,Running,Enabled,Updated,Compliant,100,Compliant
4006,4006,Running,Running,Running,Enabled,Updated,Compliant,100,Compliant
4007,4007,Stopped,Running,Running,Enabled,Updated,Compliant,80,Warning
4008,4008,Running,Running,Running,Enabled,Updated,Compliant,100,Compliant
4009,4009,Running,Running,Running,Enabled,Updated,Compliant,100,Compliant
4010,4010,Running,Running,Running,Enabled,Updated,Compliant,100,Compliant
4011,4011,Running,Running,Stopped,Enabled,Updated,Compliant,80,Warning
4012,4012,Running,Running,Running,Enabled,Updated,Compliant,100,Compliant
4013,4013,Running,Running,Running,Enabled,Updated,Compliant,100,Compliant
4014,4014,Running,Running,Running,Enabled,Updated,Compliant,100,Compliant
4015,4015,Running,Running,Running,Enabled,Updated,Compliant,100,Compliant
4016,4016,Running,Running,Running,Enabled,Updated,Compliant,100,Compliant
4017,4017,Running,Running,Running,Enabled,Updated,Compliant,100,Compliant
4018,4018,Running,Running,Running,Enabled,Updated,Compliant,100,Compliant
4019,4019,Running,Running,Running,Enabled,Updated,Compliant,100,Compliant
4020,4020,Running,Running,Running,Enabled,Outdated,Compliant,85,Warning
4021,4021,Running,Stopped,Running,Enabled,Updated,Compliant,80,Warning
4022,4022,Running,Running,Running,Disabled,Updated,Non-Compliant,75,Warning
4023,4023,Stopped,Running,Running,Enabled,Outdated,Compliant,65,Non-Compliant
4024,4024,Running,Running,Running,Enabled,Updated,Compliant,100,Compliant
4025,4025,Running,Running,Running,Enabled,Updated,Compliant,100,Compliant
4026,4026,Running,Running,Running,Enabled,Updated,Compliant,100,Compliant
4027,4027,Running,Running,Running,Enabled,Updated,Compliant,100,Compliant
4028,4028,Running,Running,Running,Enabled,Updated,Compliant,100,Compliant
4029,4029,Running,Running,Running,Disabled,Updated,Compliant,85,Warning
4030,4030,Running,Running,Running,Enabled,Updated,Compliant,100,Compliant
4031,4031,Running,Running,Running,Enabled,Outdated,Compliant,85,Warning
4032,4032,Running,Running,Running,Enabled,Outdated,Compliant,85,Warning
4033,4033,Running,Running,Running,Enabled,Updated,Compliant,100,Compliant
4034,4034,Running,Running,Running,Enabled,Updated,Compliant,100,Compliant
4035,4035,Running,Running,Running,Enabled,Updated,Compliant,100,Compliant
4036,4036,Running,Running,Running,Enabled,Updated,Compliant,100,Compliant
4037,4037,Running,Running,Running,Enabled,Updated,Compliant,100,Compliant
4038,4038,Running,Running,Running,Enabled,Updated,Compliant,100,Compliant
4039,4039,Running,Running,Running,Enabled,Updated,Compliant,100,Compliant
4040,4040,Running,Running,Running,Enabled,Updated,Compliant,100,Compliant
4041,4041,Running,Running,Running,Enabled,Updated,Compliant,100,Compliant
4042,4042,Running,Running,Running,Enabled,Updated,Compliant,100,Compliant
4043,4043,Running,Running,Running,Enabled,Updated,Compliant,100,Compliant
4044,4044,Running,Running,Running,Enabled,Updated,Compliant,100,Compliant
4045,4045,Running,Running,Running,Enabled,Updated,Compliant,100,Compliant
4046,4046,Running,Running,Running,Enabled,Updated,Compliant,100,Compliant
4047,4047,Running,Running,Running,Enabled,Outdated,Non-Compliant,75,Warning
4048,4048,Running,Running,Running,Enabled,Updated,Compliant,100,Compliant
4049,4049,Running,Stopped,Running,Enabled,Updated,Compliant,80,Warning
4050,4050,Running,Running,Running,Enabled,Outdated,Compliant,85,Warning
4051,4051,Running,Running,Running,Enabled,Updated,Compliant,100,Compliant
4052,4052,Running,Running,Running,Enabled,Updated,Compliant,100,Compliant
4053,4053,Running,Running,Running,Enabled,Updated,Compliant,100,Compliant
4054,4054,Running,Running,Running,Enabled,Updated,Compliant,100,Compliant
4055,4055,Running,Running,Running,Enabled,Updated,Compliant,100,Compliant
4056,4056,Running,Running,Running,Disabled,Updated,Compliant,85,Warning
4057,4057,Running,Running,Running,Enabled,Updated,Non-Compliant,90,Compliant
4058,4058,Running,Running,Running,Enabled,Updated,Compliant,100,Compliant
4059,4059,Stopped,Running,Running,Enabled,Updated,Compliant,80,Warning
4060,4060,Running,Running,Running,Enabled,Updated,Compliant,100,Compliant
4061,4061,Running,Running,Running,Enabled,Updated,Compliant,100,Compliant
4062,4062,Running,Running,Running,Enabled,Updated,Compliant,100,Compliant
4063,4063,Running,Running,Running,Enabled,Outdated,Compliant,85,Warning
4064,4064,Running,Running,Running,Enabled,Updated,Compliant,100,Compliant
4065,4065,Running,Running,Running,Enabled,Updated,Compliant,100,Compliant
4066,4066,Running,Running,Running,Enabled,Outdated,Compliant,85,Warning
4067,4067,Running,Running,Running,Disabled,Updated,Compliant,85,Warning
4068,4068,Running,Running,Running,Enabled,Updated,Compliant,100,Compliant
4069,4069,Running,Running,Running,Enabled,Updated,Compliant,100,Compliant
4070,4070,Running,Running,Running,Enabled,Updated,Compliant,100,Compliant
4071,4071,Running,Running,Running,Enabled,Updated,Non-Compliant,90,Compliant
4072,4072,Running,Running,Running,Enabled,Updated,Compliant,100,Compliant
4073,4073,Running,Running,Running,Enabled,Updated,Non-Compliant,90,Compliant
4074,4074,Running,Running,Running,Enabled,Updated,Compliant,100,Compliant
4075,4075,Running,Running,Running,Enabled,Updated,Compliant,100,Compliant
4076,4076,Running,Running,Running,Enabled,Updated,Compliant,100,Compliant
4077,4077,Running,Running,Running,Enabled,Updated,Compliant,100,Compliant
4078,4078,Running,Running,Running,Disabled,Updated,Compliant,85,Warning
4079,4079,Running,Running,Running,Enabled,Updated,Compliant,100,Compliant
4080,4080,Running,Running,Running,Enabled,Updated,Compliant,100,Compliant
4081,4081,Running,Running,Running,Enabled,Updated,Compliant,100,Compliant
4082,4082,Running,Running,Running,Enabled,Updated,Compliant,100,Compliant
4083,4083,Running,Running,Running,Enabled,Updated,Compliant,100,Compliant
4084,4084,Running,Running,Running,Disabled,Updated,Compliant,85,Warning
4085,4085,Running,Running,Running,Enabled,Updated,Non-Compliant,90,Compliant
4086,4086,Running,Running,Running,Enabled,Updated,Compliant,100,Compliant
4087,4087,Running,Running,Running,Enabled,Updated,Compliant,100,Compliant
4088,4088,Running,Running,Running,Enabled,Updated,Compliant,100,Compliant
4089,4089,Running,Running,Running,Enabled,Updated,Compliant,100,Compliant
4090,4090,Running,Running,Running,Enabled,Updated,Compliant,100,Compliant
4091,4091,Running,Running,Running,Enabled,Updated,Compliant,100,Compliant
4092,4092,Running,Running,Running,Enabled,Updated,Compliant,100,Compliant
4093,4093,Running,Running,Running,Enabled,Outdated,Compliant,85,Warning
4094,4094,Running,Running,Running,Enabled,Updated,Compliant,100,Compliant
4095,4095,Running,Running,Running,Enabled,Updated,Compliant,100,Compliant
4096,4096,Running,Running,Running,Enabled,Outdated,Compliant,85,Warning
4097,4097,Running,Stopped,Running,Enabled,Updated,Non-Compliant,70,Warning
4098,4098,Running,Running,Running,Enabled,Outdated,Compliant,85,Warning
4099,4099,Running,Running,Running,Enabled,Updated,Compliant,100,Compliant
4100,4100,Running,Running,Running,Enabled,Updated,Non-Compliant,90,Compliant
4101,4101,Running,Running,Running,Enabled,Updated,Compliant,100,Compliant
4102,4102,Running,Running,Running,Enabled,Updated,Compliant,100,Compliant
4103,4103,Running,Running,Running,Enabled,Updated,Compliant,100,Compliant
4104,4104,Running,Running,Running,Enabled,Updated,Compliant,100,Compliant
4105,4105,Running,Running,Running,Enabled,Updated,Compliant,100,Compliant
4106,4106,Running,Running,Running,Enabled,Updated,Non-Compliant,90,Compliant
4107,4107,Running,Running,Running,Enabled,Updated,Compliant,100,Compliant
4108,4108,Running,Running,Running,Enabled,Updated,Compliant,100,Compliant
4109,4109,Running,Running,Running,Enabled,Updated,Non-Compliant,90,Compliant
4110,4110,Running,Running,Running,Enabled,Updated,Compliant,100,Compliant
4111,4111,Running,Running,Running,Enabled,Updated,Non-Compliant,90,Compliant
4112,4112,Running,Running,Running,Enabled,Updated,Compliant,100,Compliant
4113,4113,Running,Running,Running,Enabled,Updated,Compliant,100,Compliant
4114,4114,Running,Running,Running,Enabled,Updated,Compliant,100,Compliant
4115,4115,Running,Running,Running,Enabled,Updated,Compliant,100,Compliant
4116,4116,Running,Running,Running,Enabled,Updated,Compliant,100,Compliant
4117,4117,Running,Running,Running,Enabled,Updated,Compliant,100,Compliant
4118,4118,Running,Running,Running,Enabled,Updated,Compliant,100,Compliant
4119,4119,Stopped,Running,Running,Enabled,Updated,Compliant,80,Warning
4120,4120,Running,Running,Running,Enabled,Updated,Compliant,100,Compliant
4121,4121,Running,Running,Running,Enabled,Updated,Compliant,100,Compliant
4122,4122,Stopped,Running,Running,Enabled,Updated,Compliant,80,Warning
4123,4123,Running,Running,Running,Enabled,Updated,Compliant,100,Compliant
4124,4124,Stopped,Running,Running,Enabled,Updated,Compliant,80,Warning
4125,4125,Running,Running,Running,Enabled,Updated,Compliant,100,Compliant
4126,4126,Running,Running,Running,Enabled,Updated,Compliant,100,Compliant
4127,4127,Stopped,Stopped,Running,Enabled,Updated,Compliant,60,Non-Compliant
4128,4128,Running,Running,Running,Enabled,Updated,Compliant,100,Compliant
4129,4129,Running,Running,Running,Enabled,Updated,Compliant,100,Compliant
4130,4130,Running,Running,Running,Enabled,Updated,Compliant,100,Compliant
4131,4131,Running,Running,Running,Enabled,Updated,Compliant,100,Compliant
4132,4132,Running,Running,Running,Enabled,Updated,Compliant,100,Compliant
4133,4133,Running,Running,Running,Enabled,Updated,Compliant,100,Compliant
4134,4134,Running,Running,Running,Enabled,Updated,Compliant,100,Compliant
4135,4135,Stopped,Running,Running,Enabled,Updated,Compliant,80,Warning
4136,4136,Running,Running,Running,Enabled,Updated,Compliant,100,Compliant
4137,4137,Running,Running,Running,Enabled,Outdated,Compliant,85,Warning
4138,4138,Running,Running,Running,Enabled,Updated,Compliant,100,Compliant
4139,4139,Running,Running,Running,Enabled,Updated,Compliant,100,Compliant
4140,4140,Running,Running,Running,Enabled,Updated,Compliant,100,Compliant
4141,4141,Running,Stopped,Running,Enabled,Updated,Compliant,80,Warning
4142,4142,Running,Running,Running,Enabled,Outdated,Compliant,85,Warning
4143,4143,Running,Running,Running,Enabled,Updated,Compliant,100,Compliant
4144,4144,Running,Running,Running,Enabled,Updated,Compliant,100,Compliant
4145,4145,Running,Running,Running,Enabled,Updated,Compliant,100,Compliant
4146,4146,Running,Stopped,Running,Enabled,Updated,Compliant,80,Warning
4147,4147,Running,Running,Running,Enabled,Updated,Compliant,100,Compliant
4148,4148,Running,Running,Running,Enabled,Updated,Compliant,100,Compliant
4149,4149,Running,Running,Running,Enabled,Updated,Compliant,100,Compliant
4150,4150,Running,Running,Running,Enabled,Updated,Compliant,100,Compliant
4151,4151,Running,Running,Running,Enabled,Updated,Compliant,100,Compliant
4152,4152,Running,Running,Running,Enabled,Updated,Compliant,100,Compliant
4153,4153,Stopped,Running,Running,Enabled,Updated,Compliant,80,Warning
4154,4154,Running,Running,Running,Enabled,Updated,Non-Compliant,90,Compliant
4155,4155,Running,Running,Running,Enabled,Updated,Compliant,100,Compliant
4156,4156,Running,Running,Running,Enabled,Updated,Compliant,100,Compliant
4157,4157,Running,Running,Running,Enabled,Updated,Compliant,100,Compliant
4158,4158,Running,Running,Running,Enabled,Updated,Compliant,100,Compliant
4159,4159,Running,Running,Running,Enabled,Updated,Compliant,100,Compliant
4160,4160,Running,Running,Running,Enabled,Outdated,Compliant,85,Warning
4161,4161,Running,Running,Running,Enabled,Updated,Compliant,100,Compliant
4162,4162,Running,Running,Running,Enabled,Updated,Compliant,100,Compliant
4163,4163,Running,Running,Running,Enabled,Updated,Compliant,100,Compliant
4164,4164,Running,Running,Running,Enabled,Updated,Compliant,100,Compliant
4165,4165,Running,Running,Running,Enabled,Updated,Compliant,100,Compliant
4166,4166,Running,Running,Running,Enabled,Updated,Compliant,100,Compliant
4167,4167,Running,Running,Running,Enabled,Updated,Compliant,100,Compliant
4168,4168,Running,Running,Running,Enabled,Updated,Compliant,100,Compliant
4169,4169,Running,Stopped,Running,Enabled,Updated,Compliant,80,Warning
4170,4170,Running,Running,Running,Enabled,Updated,Compliant,100,Compliant
4171,4171,Running,Running,Running,Enabled,Updated,Compliant,100,Compliant
4172,4172,Running,Running,Running,Enabled,Updated,Compliant,100,Compliant
4173,4173,Running,Running,Running,Enabled,Updated,Compliant,100,Compliant
4174,4174,Running,Running,Running,Enabled,Updated,Non-Compliant,90,Compliant
4175,4175,Running,Running,Running,Enabled,Outdated,Compliant,85,Warning
4176,4176,Running,Running,Running,Enabled,Updated,Non-Compliant,90,Compliant
4177,4177,Running,Running,Running,Enabled,Updated,Compliant,100,Compliant
4178,4178,Running,Running,Stopped,Enabled,Updated,Compliant,80,Warning
4179,4179,Running,Running,Running,Enabled,Updated,Compliant,100,Compliant
4180,4180,Running,Running,Running,Enabled,Updated,Compliant,100,Compliant
4181,4181,Stopped,Running,Running,Enabled,Updated,Compliant,80,Warning
4182,4182,Running,Running,Running,Enabled,Updated,Compliant,100,Compliant
4183,4183,Running,Running,Running,Enabled,Outdated,Compliant,85,Warning
4184,4184,Running,Running,Running,Enabled,Outdated,Compliant,85,Warning
4185,4185,Running,Running,Running,Enabled,Updated,Compliant,100,Compliant
4186,4186,Running,Running,Running,Enabled,Updated,Compliant,100,Compliant
4187,4187,Running,Running,Running,Enabled,Updated,Compliant,100,Compliant
4188,4188,Running,Running,Running,Enabled,Updated,Compliant,100,Compliant
4189,4189,Stopped,Running,Running,Enabled,Updated,Compliant,80,Warning
4190,4190,Running,Running,Running,Enabled,Updated,Compliant,100,Compliant
4191,4191,Running,Running,Running,Enabled,Updated,Compliant,100,Compliant
4192,4192,Running,Running,Running,Enabled,Updated,Compliant,100,Compliant
4193,4193,Running,Running,Running,Enabled,Updated,Compliant,100,Compliant
4194,4194,Running,Running,Running,Enabled,Outdated,Compliant,85,Warning
4195,4195,Running,Running,Running,Enabled,Updated,Compliant,100,Compliant
4196,4196,Running,Running,Running,Enabled,Outdated,Compliant,85,Warning
4197,4197,Running,Running,Running,Enabled,Outdated,Non-Compliant,75,Warning
4198,4198,Running,Running,Running,Enabled,Updated,Compliant,100,Compliant
4199,4199,Running,Running,Running,Enabled,Updated,Compliant,100,Compliant
4200,4200,Running,Running,Running,Enabled,Updated,Compliant,100,Compliant
4201,4201,Running,Running,Running,Enabled,Outdated,Compliant,85,Warning
4202,4202,Running,Running,Running,Enabled,Updated,Compliant,100,Compliant
4203,4203,Running,Running,Running,Enabled,Updated,Compliant,100,Compliant
4204,4204,Running,Running,Running,Enabled,Updated,Compliant,100,Compliant
4205,4205,Running,Running,Running,Enabled,Outdated,Compliant,85,Warning
4206,4206,Running,Running,Running,Enabled,Updated,Compliant,100,Compliant
4207,4207,Running,Running,Running,Enabled,Updated,Non-Compliant,90,Compliant
4208,4208,Running,Running,Running,Enabled,Updated,Compliant,100,Compliant
4209,4209,Stopped,Running,Running,Enabled,Updated,Non-Compliant,70,Warning
4210,4210,Running,Running,Running,Enabled,Updated,Non-Compliant,90,Compliant
4211,4211,Running,Running,Running,Disabled,Updated,Compliant,85,Warning
4212,4212,Running,Running,Running,Enabled,Updated,Compliant,100,Compliant
4213,4213,Running,Stopped,Running,Enabled,Outdated,Compliant,65,Non-Compliant
4214,4214,Running,Running,Running,Enabled,Outdated,Compliant,85,Warning
4215,4215,Running,Running,Running,Enabled,Updated,Compliant,100,Compliant
4216,4216,Running,Running,Running,Enabled,Updated,Compliant,100,Compliant
4217,4217,Running,Stopped,Running,Enabled,Updated,Compliant,80,Warning
4218,4218,Running,Running,Running,Enabled,Updated,Compliant,100,Compliant
4219,4219,Running,Running,Running,Enabled,Updated,Compliant,100,Compliant
4220,4220,Running,Running,Running,Enabled,Updated,Compliant,100,Compliant
4221,4221,Running,Running,Running,Enabled,Updated,Compliant,100,Compliant
4222,4222,Running,Running,Running,Enabled,Updated,Compliant,100,Compliant
4223,4223,Running,Running,Stopped,Enabled,Updated,Compliant,80,Warning
4224,4224,Running,Stopped,Running,Enabled,Updated,Compliant,80,Warning
4225,4225,Running,Running,Running,Enabled,Outdated,Compliant,85,Warning
4226,4226,Running,Running,Running,Enabled,Updated,Compliant,100,Compliant
4227,4227,Running,Running,Running,Enabled,Updated,Compliant,100,Compliant
4228,4228,Running,Running,Running,Enabled,Updated,Compliant,100,Compliant
4229,4229,Running,Running,Running,Enabled,Updated,Compliant,100,Compliant
4230,4230,Running,Running,Running,Enabled,Updated,Compliant,100,Compliant
4231,4231,Running,Running,Running,Enabled,Updated,Compliant,100,Compliant
4232,4232,Running,Running,Running,Enabled,Updated,Compliant,100,Compliant
4233,4233,Running,Stopped,Running,Enabled,Updated,Non-Compliant,70,Warning
4234,4234,Running,Running,Running,Enabled,Updated,Compliant,100,Compliant
4235,4235,Running,Running,Running,Enabled,Updated,Compliant,100,Compliant
4236,4236,Running,Running,Running,Enabled,Updated,Compliant,100,Compliant
4237,4237,Running,Stopped,Running,Enabled,Updated,Compliant,80,Warning
4238,4238,Running,Running,Running,Enabled,Updated,Compliant,100,Compliant
4239,4239,Running,Running,Running,Enabled,Updated,Compliant,100,Compliant
4240,4240,Running,Running,Running,Enabled,Updated,Compliant,100,Compliant
4241,4241,Running,Running,Running,Enabled,Updated,Compliant,100,Compliant
4242,4242,Running,Running,Running,Enabled,Updated,Compliant,100,Compliant
4243,4243,Running,Running,Running,Enabled,Updated,Compliant,100,Compliant
4244,4244,Running,Running,Running,Enabled,Updated,Compliant,100,Compliant
4245,4245,Running,Running,Running,Enabled,Updated,Compliant,100,Compliant
4246,4246,Running,Running,Running,Enabled,Updated,Compliant,100,Compliant
4247,4247,Running,Running,Running,Enabled,Updated,Compliant,100,Compliant
4248,4248,Running,Stopped,Running,Disabled,Updated,Compliant,65,Non-Compliant
4249,4249,Stopped,Running,Running,Enabled,Updated,Compliant,80,Warning
4250,4250,Running,Running,Running,Enabled,Outdated,Compliant,85,Warning
4251,4251,Running,Running,Running,Enabled,Updated,Compliant,100,Compliant
4252,4252,Running,Running,Running,Enabled,Updated,Compliant,100,Compliant
4253,4253,Running,Running,Running,Enabled,Updated,Compliant,100,Compliant
4254,4254,Running,Running,Running,Enabled,Outdated,Compliant,85,Warning
4255,4255,Running,Running,Running,Enabled,Updated,Compliant,100,Compliant
4256,4256,Running,Running,Running,Enabled,Updated,Non-Compliant,90,Compliant
4257,4257,Running,Running,Running,Enabled,Updated,Compliant,100,Compliant
4258,4258,Stopped,Running,Running,Enabled,Updated,Compliant,80,Warning
4259,4259,Running,Running,Running,Enabled,Updated,Compliant,100,Compliant
4260,4260,Running,Running,Running,Enabled,Updated,Compliant,100,Compliant
4261,4261,Running,Running,Running,Enabled,Outdated,Compliant,85,Warning
4262,4262,Running,Running,Running,Enabled,Updated,Compliant,100,Compliant
4263,4263,Running,Running,Running,Enabled,Updated,Compliant,100,Compliant
4264,4264,Running,Running,Running,Enabled,Updated,Compliant,100,Compliant
4265,4265,Running,Running,Running,Enabled,Updated,Compliant,100,Compliant
4266,4266,Running,Running,Running,Enabled,Updated,Compliant,100,Compliant
4267,4267,Running,Running,Running,Enabled,Updated,Compliant,100,Compliant
4268,4268,Running,Running,Running,Enabled,Updated,Compliant,100,Compliant
4269,4269,Running,Running,Running,Enabled,Updated,Compliant,100,Compliant
4270,4270,Running,Running,Running,Enabled,Outdated,Compliant,85,Warning
4271,4271,Running,Running,Running,Enabled,Updated,Compliant,100,Compliant
4272,4272,Running,Running,Running,Enabled,Updated,Compliant,100,Compliant
4273,4273,Running,Running,Running,Enabled,Updated,Compliant,100,Compliant
4274,4274,Running,Running,Running,Enabled,Outdated,Compliant,85,Warning
4275,4275,Running,Running,Running,Enabled,Updated,Compliant,100,Compliant
4276,4276,Running,Running,Running,Enabled,Updated,Compliant,100,Compliant
4277,4277,Running,Running,Running,Enabled,Updated,Compliant,100,Compliant
4278,4278,Running,Running,Running,Enabled,Outdated,Compliant,85,Warning
4279,4279,Running,Running,Running,Enabled,Updated,Compliant,100,Compliant
4280,4280,Running,Running,Running,Enabled,Updated,Compliant,100,Compliant
4281,4281,Running,Running,Running,Enabled,Updated,Compliant,100,Compliant
4282,4282,Running,Running,Running,Enabled,Updated,Compliant,100,Compliant
4283,4283,Running,Running,Running,Enabled,Updated,Compliant,100,Compliant
4284,4284,Running,Running,Running,Enabled,Updated,Compliant,100,Compliant
4285,4285,Running,Running,Running,Enabled,Updated,Compliant,100,Compliant
4286,4286,Running,Running,Running,Enabled,Updated,Compliant,100,Compliant
4287,4287,Running,Running,Running,Enabled,Updated,Compliant,100,Compliant
4288,4288,Running,Running,Running,Enabled,Updated,Compliant,100,Compliant
4289,4289,Running,Running,Running,Enabled,Updated,Compliant,100,Compliant
4290,4290,Running,Running,Running,Enabled,Updated,Compliant,100,Compliant
4291,4291,Running,Running,Running,Enabled,Outdated,Compliant,85,Warning
4292,4292,Running,Running,Running,Enabled,Updated,Compliant,100,Compliant
4293,4293,Running,Running,Running,Disabled,Updated,Compliant,85,Warning
4294,4294,Running,Stopped,Running,Enabled,Updated,Compliant,80,Warning
4295,4295,Running,Running,Running,Enabled,Updated,Compliant,100,Compliant
4296,4296,Running,Running,Running,Enabled,Updated,Compliant,100,Compliant
4297,4297,Running,Running,Running,Enabled,Updated,Compliant,100,Compliant
4298,4298,Running,Running,Running,Enabled,Updated,Compliant,100,Compliant
4299,4299,Running,Running,Running,Enabled,Updated,Compliant,100,Compliant
4300,4300,Running,Stopped,Running,Enabled,Updated,Compliant,80,Warning
4301,4301,Running,Running,Running,Enabled,Updated,Non-Compliant,90,Compliant
4302,4302,Running,Running,Running,Enabled,Outdated,Compliant,85,Warning
4303,4303,Running,Running,Running,Enabled,Updated,Compliant,100,Compliant
4304,4304,Running,Running,Running,Enabled,Updated,Compliant,100,Compliant
4305,4305,Running,Running,Running,Enabled,Updated,Non-Compliant,90,Compliant
4306,4306,Running,Running,Running,Enabled,Updated,Non-Compliant,90,Compliant
4307,4307,Running,Running,Running,Enabled,Updated,Compliant,100,Compliant
4308,4308,Running,Running,Running,Enabled,Updated,Compliant,100,Compliant
4309,4309,Running,Running,Running,Enabled,Updated,Compliant,100,Compliant
4310,4310,Running,Running,Running,Enabled,Updated,Compliant,100,Compliant
4311,4311,Running,Stopped,Running,Enabled,Updated,Compliant,80,Warning
4312,4312,Running,Running,Running,Enabled,Updated,Compliant,100,Compliant
4313,4313,Running,Running,Running,Enabled,Updated,Compliant,100,Compliant
4314,4314,Running,Running,Running,Enabled,Updated,Compliant,100,Compliant
4315,4315,Running,Running,Running,Enabled,Updated,Compliant,100,Compliant
4316,4316,Running,Running,Running,Enabled,Updated,Compliant,100,Compliant
4317,4317,Running,Running,Running,Enabled,Updated,Compliant,100,Compliant
4318,4318,Running,Running,Running,Enabled,Updated,Compliant,100,Compliant
4319,4319,Running,Running,Running,Enabled,Updated,Compliant,100,Compliant
4320,4320,Running,Running,Running,Enabled,Updated,Compliant,100,Compliant
4321,4321,Running,Running,Running,Enabled,Outdated,Compliant,85,Warning
4322,4322,Running,Running,Running,Enabled,Updated,Compliant,100,Compliant
4323,4323,Running,Running,Running,Enabled,Updated,Compliant,100,Compliant
4324,4324,Running,Running,Running,Enabled,Updated,Compliant,100,Compliant
4325,4325,Running,Running,Running,Enabled,Updated,Compliant,100,Compliant
4326,4326,Running,Running,Running,Enabled,Updated,Non-Compliant,90,Compliant
4327,4327,Running,Stopped,Running,Enabled,Updated,Compliant,80,Warning
4328,4328,Running,Running,Running,Enabled,Updated,Compliant,100,Compliant
4329,4329,Running,Running,Running,Enabled,Updated,Compliant,100,Compliant
4330,4330,Running,Running,Running,Enabled,Updated,Compliant,100,Compliant
4331,4331,Running,Running,Running,Enabled,Updated,Compliant,100,Compliant
4332,4332,Running,Running,Running,Enabled,Updated,Compliant,100,Compliant
4333,4333,Running,Running,Running,Enabled,Updated,Compliant,100,Compliant
4334,4334,Stopped,Running,Running,Enabled,Updated,Compliant,80,Warning
4335,4335,Running,Running,Running,Enabled,Updated,Non-Compliant,90,Compliant
4336,4336,Running,Running,Running,Enabled,Updated,Compliant,100,Compliant
4337,4337,Running,Running,Running,Enabled,Updated,Compliant,100,Compliant
4338,4338,Running,Running,Running,Enabled,Updated,Compliant,100,Compliant
4339,4339,Running,Running,Running,Enabled,Updated,Compliant,100,Compliant
4340,4340,Running,Running,Running,Enabled,Updated,Compliant,100,Compliant
4341,4341,Running,Running,Running,Enabled,Updated,Non-Compliant,90,Compliant
4342,4342,Running,Running,Running,Enabled,Updated,Compliant,100,Compliant
4343,4343,Running,Running,Running,Enabled,Outdated,Compliant,85,Warning
4344,4344,Stopped,Running,Running,Enabled,Updated,Compliant,80,Warning
4345,4345,Running,Running,Running,Enabled,Updated,Compliant,100,Compliant
4346,4346,Running,Stopped,Running,Enabled,Updated,Compliant,80,Warning
4347,4347,Running,Running,Running,Enabled,Updated,Compliant,100,Compliant
4348,4348,Running,Running,Running,Enabled,Outdated,Compliant,85,Warning
4349,4349,Running,Running,Running,Enabled,Updated,Compliant,100,Compliant
4350,4350,Running,Running,Running,Enabled,Updated,Compliant,100,Compliant
4351,4351,Running,Running,Running,Enabled,Updated,Compliant,100,Compliant
4352,4352,Running,Running,Running,Enabled,Updated,Compliant,100,Compliant
4353,4353,Running,Running,Running,Enabled,Updated,Compliant,100,Compliant
4354,4354,Running,Running,Running,Enabled,Updated,Compliant,100,Compliant
4355,4355,Running,Running,Running,Enabled,Updated,Compliant,100,Compliant
4356,4356,Running,Running,Running,Enabled,Updated,Compliant,100,Compliant
4357,4357,Running,Running,Running,Enabled,Updated,Compliant,100,Compliant
4358,4358,Running,Running,Running,Enabled,Updated,Compliant,100,Compliant
4359,4359,Running,Running,Running,Enabled,Updated,Compliant,100,Compliant
4360,4360,Running,Running,Running,Enabled,Updated,Compliant,100,Compliant
4361,4361,Running,Running,Running,Enabled,Updated,Compliant,100,Compliant
4362,4362,Running,Running,Running,Enabled,Updated,Compliant,100,Compliant
4363,4363,Running,Running,Running,Enabled,Updated,Compliant,100,Compliant
4364,4364,Running,Running,Running,Enabled,Updated,Compliant,100,Compliant
4365,4365,Running,Running,Running,Enabled,Updated,Compliant,100,Compliant
4366,4366,Running,Running,Running,Enabled,Updated,Compliant,100,Compliant
4367,4367,Running,Running,Running,Enabled,Updated,Compliant,100,Compliant
4368,4368,Stopped,Running,Running,Enabled,Updated,Compliant,80,Warning
4369,4369,Running,Running,Running,Enabled,Updated,Compliant,100,Compliant
4370,4370,Stopped,Running,Running,Enabled,Updated,Compliant,80,Warning
4371,4371,Running,Running,Running,Enabled,Updated,Compliant,100,Compliant
4372,4372,Running,Stopped,Running,Enabled,Updated,Compliant,80,Warning
4373,4373,Stopped,Running,Running,Enabled,Updated,Compliant,80,Warning
4374,4374,Stopped,Running,Running,Enabled,Updated,Compliant,80,Warning
4375,4375,Running,Running,Running,Enabled,Updated,Compliant,100,Compliant
4376,4376,Running,Running,Running,Enabled,Updated,Compliant,100,Compliant
4377,4377,Running,Running,Running,Enabled,Updated,Compliant,100,Compliant
4378,4378,Running,Running,Running,Enabled,Updated,Compliant,100,Compliant
4379,4379,Running,Running,Running,Enabled,Updated,Compliant,100,Compliant
4380,4380,Running,Running,Running,Enabled,Updated,Compliant,100,Compliant
4381,4381,Running,Running,Running,Enabled,Updated,Compliant,100,Compliant
4382,4382,Running,Running,Running,Enabled,Updated,Compliant,100,Compliant
4383,4383,Running,Running,Running,Enabled,Updated,Compliant,100,Compliant
4384,4384,Running,Running,Running,Enabled,Updated,Compliant,100,Compliant
4385,4385,Running,Running,Running,Enabled,Updated,Compliant,100,Compliant
4386,4386,Running,Running,Running,Enabled,Outdated,Compliant,85,Warning
4387,4387,Running,Running,Running,Enabled,Updated,Compliant,100,Compliant
4388,4388,Running,Running,Running,Enabled,Updated,Compliant,100,Compliant
4389,4389,Running,Running,Running,Enabled,Updated,Compliant,100,Compliant
4390,4390,Running,Running,Running,Enabled,Updated,Compliant,100,Compliant
4391,4391,Running,Running,Running,Enabled,Updated,Compliant,100,Compliant
4392,4392,Running,Running,Running,Enabled,Updated,Compliant,100,Compliant
4393,4393,Running,Running,Running,Enabled,Updated,Compliant,100,Compliant
4394,4394,Running,Running,Running,Enabled,Outdated,Compliant,85,Warning
4395,4395,Running,Running,Running,Enabled,Updated,Compliant,100,Compliant
4396,4396,Running,Running,Running,Enabled,Updated,Compliant,100,Compliant
4397,4397,Running,Running,Running,Disabled,Updated,Compliant,85,Warning
4398,4398,Running,Running,Running,Enabled,Outdated,Compliant,85,Warning
4399,4399,Running,Running,Running,Enabled,Updated,Non-Compliant,90,Compliant
4400,4400,Running,Running,Running,Enabled,Updated,Compliant,100,Compliant
4401,4401,Running,Running,Running,Enabled,Updated,Compliant,100,Compliant
4402,4402,Running,Running,Running,Enabled,Updated,Compliant,100,Compliant
4403,4403,Running,Running,Running,Enabled,Updated,Compliant,100,Compliant
4404,4404,Running,Running,Running,Enabled,Updated,Non-Compliant,90,Compliant
4405,4405,Running,Running,Running,Enabled,Updated,Compliant,100,Compliant
4406,4406,Running,Running,Running,Enabled,Updated,Compliant,100,Compliant
4407,4407,Running,Running,Running,Enabled,Updated,Compliant,100,Compliant
4408,4408,Running,Running,Running,Enabled,Updated,Compliant,100,Compliant
4409,4409,Running,Running,Running,Enabled,Updated,Non-Compliant,90,Compliant
4410,4410,Running,Running,Running,Enabled,Updated,Compliant,100,Compliant
4411,4411,Running,Running,Running,Enabled,Outdated,Compliant,85,Warning
4412,4412,Running,Running,Running,Enabled,Updated,Compliant,100,Compliant
4413,4413,Running,Running,Running,Enabled,Updated,Compliant,100,Compliant
4414,4414,Running,Running,Stopped,Enabled,Updated,Compliant,80,Warning
4415,4415,Running,Running,Running,Enabled,Updated,Compliant,100,Compliant
4416,4416,Running,Running,Running,Enabled,Updated,Compliant,100,Compliant
4417,4417,Running,Running,Running,Enabled,Updated,Compliant,100,Compliant
4418,4418,Running,Running,Running,Enabled,Updated,Compliant,100,Compliant
4419,4419,Running,Running,Running,Enabled,Updated,Compliant,100,Compliant
4420,4420,Running,Running,Running,Enabled,Updated,Compliant,100,Compliant
4421,4421,Running,Running,Running,Enabled,Updated,Non-Compliant,90,Compliant
4422,4422,Running,Running,Running,Enabled,Outdated,Compliant,85,Warning
4423,4423,Running,Running,Running,Enabled,Updated,Compliant,100,Compliant
4424,4424,Running,Running,Running,Enabled,Updated,Compliant,100,Compliant
4425,4425,Running,Running,Running,Enabled,Updated,Compliant,100,Compliant
4426,4426,Running,Running,Running,Enabled,Updated,Compliant,100,Compliant
4427,4427,Running,Running,Running,Enabled,Updated,Compliant,100,Compliant
4428,4428,Running,Running,Running,Enabled,Outdated,Compliant,85,Warning
4429,4429,Running,Running,Running,Enabled,Updated,Compliant,100,Compliant
4430,4430,Running,Running,Stopped,Enabled,Updated,Compliant,80,Warning
4431,4431,Running,Running,Running,Enabled,Updated,Compliant,100,Compliant
4432,4432,Running,Running,Running,Enabled,Updated,Compliant,100,Compliant
4433,4433,Running,Running,Running,Enabled,Updated,Compliant,100,Compliant
4434,4434,Running,Running,Running,Enabled,Outdated,Compliant,85,Warning
4435,4435,Running,Running,Running,Enabled,Updated,Compliant,100,Compliant
4436,4436,Running,Running,Running,Enabled,Updated,Compliant,100,Compliant
4437,4437,Stopped,Stopped,Running,Enabled,Updated,Compliant,60,Non-Compliant
4438,4438,Running,Running,Running,Enabled,Outdated,Compliant,85,Warning
4439,4439,Running,Running,Running,Enabled,Updated,Compliant,100,Compliant
4440,4440,Running,Running,Running,Enabled,Updated,Compliant,100,Compliant
4441,4441,Stopped,Running,Running,Enabled,Updated,Compliant,80,Warning
4442,4442,Running,Running,Running,Enabled,Updated,Compliant,100,Compliant
4443,4443,Running,Running,Running,Enabled,Updated,Compliant,100,Compliant
4444,4444,Running,Running,Running,Enabled,Updated,Compliant,100,Compliant
4445,4445,Running,Running,Running,Enabled,Updated,Compliant,100,Compliant
4446,4446,Running,Running,Running,Enabled,Updated,Compliant,100,Compliant
4447,4447,Running,Running,Running,Enabled,Updated,Compliant,100,Compliant
4448,4448,Running,Running,Running,Enabled,Updated,Compliant,100,Compliant
4449,4449,Running,Stopped,Running,Enabled,Updated,Compliant,80,Warning
4450,4450,Running,Running,Running,Enabled,Updated,Compliant,100,Compliant
4451,4451,Running,Running,Running,Enabled,Updated,Compliant,100,Compliant
4452,4452,Running,Running,Running,Enabled,Updated,Compliant,100,Compliant
4453,4453,Running,Stopped,Running,Enabled,Updated,Compliant,80,Warning
4454,4454,Running,Running,Running,Enabled,Updated,Compliant,100,Compliant
4455,4455,Running,Running,Running,Enabled,Outdated,Compliant,85,Warning
4456,4456,Running,Running,Running,Enabled,Updated,Compliant,100,Compliant
4457,4457,Running,Running,Running,Enabled,Outdated,Compliant,85,Warning
4458,4458,Running,Running,Running,Enabled,Updated,Compliant,100,Compliant
4459,4459,Stopped,Running,Running,Enabled,Updated,Compliant,80,Warning
4460,4460,Running,Running,Running,Enabled,Updated,Compliant,100,Compliant
4461,4461,Running,Running,Stopped,Enabled,Updated,Compliant,80,Warning
4462,4462,Running,Running,Running,Enabled,Updated,Non-Compliant,90,Compliant
4463,4463,Running,Running,Running,Enabled,Updated,Compliant,100,Compliant
4464,4464,Running,Running,Running,Enabled,Outdated,Non-Compliant,75,Warning
4465,4465,Running,Running,Running,Enabled,Updated,Non-Compliant,90,Compliant
4466,4466,Running,Running,Running,Enabled,Updated,Compliant,100,Compliant
4467,4467,Running,Running,Running,Enabled,Updated,Compliant,100,Compliant
4468,4468,Running,Running,Running,Enabled,Updated,Compliant,100,Compliant
4469,4469,Running,Running,Running,Enabled,Updated,Non-Compliant,90,Compliant
4470,4470,Running,Running,Running,Enabled,Updated,Non-Compliant,90,Compliant
4471,4471,Running,Running,Running,Enabled,Updated,Compliant,100,Compliant
4472,4472,Running,Running,Running,Enabled,Updated,Compliant,100,Compliant
4473,4473,Running,Running,Running,Enabled,Updated,Compliant,100,Compliant
4474,4474,Running,Running,Running,Enabled,Updated,Compliant,100,Compliant
4475,4475,Running,Running,Running,Enabled,Updated,Compliant,100,Compliant
4476,4476,Running,Running,Running,Enabled,Updated,Compliant,100,Compliant
4477,4477,Running,Running,Running,Enabled,Updated,Compliant,100,Compliant
4478,4478,Running,Running,Running,Enabled,Updated,Compliant,100,Compliant
4479,4479,Running,Running,Running,Enabled,Updated,Compliant,100,Compliant
4480,4480,Running,Running,Running,Enabled,Updated,Compliant,100,Compliant
4481,4481,Running,Running,Running,Enabled,Updated,Compliant,100,Compliant
4482,4482,Running,Running,Running,Enabled,Updated,Compliant,100,Compliant
4483,4483,Running,Running,Running,Enabled,Updated,Compliant,100,Compliant
4484,4484,Running,Running,Running,Enabled,Updated,Compliant,100,Compliant
4485,4485,Running,Running,Running,Enabled,Updated,Non-Compliant,90,Compliant
4486,4486,Running,Running,Running,Enabled,Outdated,Compliant,85,Warning
4487,4487,Running,Running,Running,Enabled,Updated,Compliant,100,Compliant
4488,4488,Running,Running,Running,Disabled,Updated,Compliant,85,Warning
4489,4489,Running,Running,Running,Enabled,Updated,Compliant,100,Compliant
4490,4490,Running,Running,Running,Enabled,Updated,Compliant,100,Compliant
4491,4491,Running,Running,Running,Enabled,Updated,Compliant,100,Compliant
4492,4492,Running,Running,Running,Enabled,Updated,Compliant,100,Compliant
4493,4493,Running,Running,Running,Enabled,Updated,Non-Compliant,90,Compliant
4494,4494,Running,Running,Running,Enabled,Outdated,Compliant,85,Warning
4495,4495,Running,Running,Running,Enabled,Updated,Compliant,100,Compliant
4496,4496,Running,Running,Running,Enabled,Updated,Compliant,100,Compliant
4497,4497,Running,Running,Running,Enabled,Updated,Compliant,100,Compliant
4498,4498,Running,Running,Running,Enabled,Updated,Compliant,100,Compliant
4499,4499,Running,Running,Running,Enabled,Updated,Compliant,100,Compliant
4500,4500,Running,Running,Running,Enabled,Updated,Compliant,100,Compliant
4501,4501,Running,Running,Running,Enabled,Updated,Compliant,100,Compliant
4502,4502,Running,Running,Running,Enabled,Outdated,Compliant,85,Warning
4503,4503,Running,Running,Stopped,Enabled,Outdated,Compliant,65,Non-Compliant
4504,4504,Stopped,Running,Running,Enabled,Updated,Compliant,80,Warning
4505,4505,Running,Running,Running,Enabled,Updated,Compliant,100,Compliant
4506,4506,Running,Running,Running,Enabled,Updated,Compliant,100,Compliant
4507,4507,Running,Running,Running,Enabled,Updated,Compliant,100,Compliant
4508,4508,Running,Running,Running,Enabled,Updated,Non-Compliant,90,Compliant
4509,4509,Running,Running,Running,Enabled,Updated,Compliant,100,Compliant
4510,4510,Running,Running,Running,Enabled,Updated,Compliant,100,Compliant
4511,4511,Running,Running,Running,Enabled,Updated,Non-Compliant,90,Compliant
4512,4512,Running,Running,Running,Enabled,Updated,Compliant,100,Compliant
4513,4513,Running,Running,Running,Enabled,Updated,Compliant,100,Compliant
4514,4514,Running,Running,Running,Enabled,Updated,Compliant,100,Compliant
4515,4515,Running,Running,Running,Enabled,Updated,Compliant,100,Compliant
4516,4516,Running,Running,Running,Enabled,Updated,Compliant,100,Compliant
4517,4517,Stopped,Running,Running,Enabled,Updated,Compliant,80,Warning
4518,4518,Stopped,Running,Running,Enabled,Updated,Non-Compliant,70,Warning
4519,4519,Running,Running,Running,Enabled,Updated,Compliant,100,Compliant
4520,4520,Running,Running,Running,Enabled,Outdated,Non-Compliant,75,Warning
4521,4521,Running,Stopped,Running,Enabled,Updated,Compliant,80,Warning
4522,4522,Running,Running,Running,Enabled,Updated,Compliant,100,Compliant
4523,4523,Running,Running,Running,Enabled,Updated,Compliant,100,Compliant
4524,4524,Running,Running,Running,Enabled,Updated,Compliant,100,Compliant
4525,4525,Running,Stopped,Running,Enabled,Updated,Non-Compliant,70,Warning
4526,4526,Running,Running,Running,Enabled,Updated,Non-Compliant,90,Compliant
4527,4527,Running,Running,Running,Enabled,Updated,Compliant,100,Compliant
4528,4528,Running,Running,Running,Enabled,Updated,Compliant,100,Compliant
4529,4529,Running,Running,Stopped,Enabled,Updated,Compliant,80,Warning
4530,4530,Running,Running,Running,Enabled,Updated,Compliant,100,Compliant
4531,4531,Running,Running,Running,Enabled,Updated,Compliant,100,Compliant
4532,4532,Running,Running,Running,Enabled,Updated,Compliant,100,Compliant
4533,4533,Running,Running,Running,Enabled,Updated,Compliant,100,Compliant
4534,4534,Running,Running,Running,Enabled,Updated,Compliant,100,Compliant
4535,4535,Stopped,Running,Running,Enabled,Updated,Non-Compliant,70,Warning
4536,4536,Running,Running,Running,Enabled,Updated,Compliant,100,Compliant
4537,4537,Stopped,Running,Running,Enabled,Updated,Non-Compliant,70,Warning
4538,4538,Running,Running,Running,Enabled,Updated,Compliant,100,Compliant
4539,4539,Running,Running,Stopped,Enabled,Updated,Compliant,80,Warning
4540,4540,Running,Running,Running,Enabled,Updated,Compliant,100,Compliant
4541,4541,Running,Running,Running,Enabled,Updated,Compliant,100,Compliant
4542,4542,Running,Running,Running,Enabled,Updated,Compliant,100,Compliant
4543,4543,Running,Running,Running,Enabled,Updated,Compliant,100,Compliant
4544,4544,Stopped,Running,Running,Enabled,Updated,Compliant,80,Warning
4545,4545,Running,Running,Running,Enabled,Updated,Compliant,100,Compliant
4546,4546,Running,Running,Running,Enabled,Updated,Compliant,100,Compliant
4547,4547,Running,Running,Running,Enabled,Updated,Non-Compliant,90,Compliant
4548,4548,Running,Running,Running,Enabled,Outdated,Compliant,85,Warning
4549,4549,Running,Running,Running,Enabled,Updated,Compliant,100,Compliant
4550,4550,Running,Running,Running,Enabled,Updated,Compliant,100,Compliant
4551,4551,Running,Running,Running,Enabled,Updated,Compliant,100,Compliant
4552,4552,Running,Running,Running,Enabled,Updated,Compliant,100,Compliant
4553,4553,Running,Running,Running,Enabled,Updated,Compliant,100,Compliant
4554,4554,Running,Running,Running,Enabled,Updated,Compliant,100,Compliant
4555,4555,Running,Running,Running,Enabled,Updated,Compliant,100,Compliant
4556,4556,Running,Running,Running,Enabled,Outdated,Compliant,85,Warning
4557,4557,Running,Running,Running,Enabled,Updated,Compliant,100,Compliant
4558,4558,Running,Running,Running,Enabled,Updated,Compliant,100,Compliant
4559,4559,Stopped,Running,Running,Enabled,Updated,Non-Compliant,70,Warning
4560,4560,Running,Running,Running,Enabled,Updated,Compliant,100,Compliant
4561,4561,Running,Running,Running,Enabled,Outdated,Compliant,85,Warning
4562,4562,Running,Running,Running,Enabled,Updated,Compliant,100,Compliant
4563,4563,Running,Running,Running,Enabled,Updated,Compliant,100,Compliant
4564,4564,Running,Running,Running,Enabled,Updated,Compliant,100,Compliant
4565,4565,Running,Running,Running,Enabled,Updated,Compliant,100,Compliant
4566,4566,Running,Running,Running,Enabled,Updated,Compliant,100,Compliant
4567,4567,Running,Running,Running,Enabled,Updated,Non-Compliant,90,Compliant
4568,4568,Running,Running,Running,Enabled,Updated,Non-Compliant,90,Compliant
4569,4569,Running,Stopped,Running,Enabled,Outdated,Compliant,65,Non-Compliant
4570,4570,Running,Running,Running,Enabled,Updated,Compliant,100,Compliant
4571,4571,Running,Running,Running,Enabled,Updated,Compliant,100,Compliant
4572,4572,Running,Running,Running,Enabled,Updated,Compliant,100,Compliant
4573,4573,Running,Running,Running,Enabled,Updated,Compliant,100,Compliant
4574,4574,Running,Stopped,Running,Enabled,Outdated,Compliant,65,Non-Compliant
4575,4575,Running,Running,Running,Enabled,Updated,Compliant,100,Compliant
4576,4576,Running,Running,Running,Enabled,Updated,Compliant,100,Compliant
4577,4577,Running,Running,Running,Enabled,Updated,Compliant,100,Compliant
4578,4578,Running,Running,Running,Enabled,Updated,Compliant,100,Compliant
4579,4579,Running,Running,Running,Enabled,Updated,Compliant,100,Compliant
4580,4580,Running,Running,Running,Enabled,Updated,Compliant,100,Compliant
4581,4581,Running,Running,Running,Enabled,Updated,Compliant,100,Compliant
4582,4582,Stopped,Running,Running,Enabled,Updated,Compliant,80,Warning
4583,4583,Running,Stopped,Running,Enabled,Updated,Compliant,80,Warning
4584,4584,Running,Running,Running,Enabled,Updated,Non-Compliant,90,Compliant
4585,4585,Running,Running,Running,Enabled,Updated,Compliant,100,Compliant
4586,4586,Stopped,Running,Running,Enabled,Updated,Compliant,80,Warning
4587,4587,Stopped,Running,Running,Enabled,Updated,Compliant,80,Warning
4588,4588,Running,Running,Stopped,Enabled,Updated,Compliant,80,Warning
4589,4589,Running,Running,Running,Enabled,Updated,Compliant,100,Compliant
4590,4590,Running,Running,Running,Enabled,Updated,Compliant,100,Compliant
4591,4591,Running,Running,Running,Enabled,Updated,Compliant,100,Compliant
4592,4592,Running,Running,Running,Enabled,Updated,Compliant,100,Compliant
4593,4593,Running,Running,Running,Enabled,Outdated,Compliant,85,Warning
4594,4594,Running,Running,Running,Enabled,Updated,Compliant,100,Compliant
4595,4595,Running,Running,Running,Enabled,Updated,Compliant,100,Compliant
4596,4596,Stopped,Running,Running,Enabled,Updated,Compliant,80,Warning
4597,4597,Running,Running,Running,Enabled,Updated,Compliant,100,Compliant
4598,4598,Running,Running,Running,Enabled,Updated,Compliant,100,Compliant
4599,4599,Running,Running,Running,Enabled,Updated,Compliant,100,Compliant
4600,4600,Running,Running,Running,Enabled,Updated,Compliant,100,Compliant
4601,4601,Running,Running,Running,Enabled,Updated,Compliant,100,Compliant
4602,4602,Running,Running,Running,Enabled,Updated,Compliant,100,Compliant
4603,4603,Running,Running,Running,Enabled,Updated,Compliant,100,Compliant
4604,4604,Running,Running,Running,Enabled,Updated,Compliant,100,Compliant
4605,4605,Running,Running,Running,Enabled,Updated,Compliant,100,Compliant
4606,4606,Stopped,Running,Running,Enabled,Updated,Compliant,80,Warning
4607,4607,Running,Running,Running,Enabled,Outdated,Compliant,85,Warning
4608,4608,Running,Running,Running,Enabled,Updated,Compliant,100,Compliant
4609,4609,Running,Running,Running,Enabled,Updated,Compliant,100,Compliant
4610,4610,Running,Running,Running,Enabled,Updated,Compliant,100,Compliant
4611,4611,Running,Running,Running,Enabled,Outdated,Compliant,85,Warning
4612,4612,Running,Running,Running,Enabled,Updated,Compliant,100,Compliant
4613,4613,Running,Running,Running,Enabled,Updated,Compliant,100,Compliant
4614,4614,Running,Running,Running,Enabled,Updated,Compliant,100,Compliant
4615,4615,Running,Running,Running,Disabled,Outdated,Non-Compliant,60,Non-Compliant
4616,4616,Running,Running,Running,Enabled,Updated,Compliant,100,Compliant
4617,4617,Stopped,Running,Running,Enabled,Updated,Compliant,80,Warning
4618,4618,Running,Running,Running,Enabled,Updated,Compliant,100,Compliant
4619,4619,Running,Running,Running,Enabled,Updated,Non-Compliant,90,Compliant
4620,4620,Running,Running,Running,Enabled,Updated,Compliant,100,Compliant
4621,4621,Running,Running,Running,Enabled,Updated,Compliant,100,Compliant
4622,4622,Running,Running,Running,Enabled,Outdated,Compliant,85,Warning
4623,4623,Running,Running,Running,Enabled,Updated,Compliant,100,Compliant
4624,4624,Running,Running,Running,Enabled,Updated,Compliant,100,Compliant
4625,4625,Running,Running,Running,Enabled,Updated,Compliant,100,Compliant
4626,4626,Running,Running,Running,Enabled,Updated,Compliant,100,Compliant
4627,4627,Running,Running,Running,Enabled,Updated,Compliant,100,Compliant
4628,4628,Running,Running,Running,Enabled,Updated,Compliant,100,Compliant
4629,4629,Running,Running,Running,Enabled,Updated,Compliant,100,Compliant
4630,4630,Running,Running,Running,Enabled,Updated,Compliant,100,Compliant
4631,4631,Running,Running,Running,Enabled,Updated,Compliant,100,Compliant
4632,4632,Running,Running,Running,Enabled,Updated,Compliant,100,Compliant
4633,4633,Running,Running,Running,Enabled,Outdated,Compliant,85,Warning
4634,4634,Running,Running,Running,Enabled,Updated,Compliant,100,Compliant
4635,4635,Running,Running,Running,Enabled,Updated,Compliant,100,Compliant
4636,4636,Running,Running,Running,Enabled,Updated,Compliant,100,Compliant
4637,4637,Running,Running,Running,Enabled,Updated,Compliant,100,Compliant
4638,4638,Running,Running,Running,Enabled,Updated,Compliant,100,Compliant
4639,4639,Running,Running,Running,Enabled,Updated,Compliant,100,Compliant
4640,4640,Running,Stopped,Running,Enabled,Updated,Compliant,80,Warning
4641,4641,Running,Running,Running,Enabled,Updated,Compliant,100,Compliant
4642,4642,Running,Running,Running,Enabled,Updated,Compliant,100,Compliant
4643,4643,Running,Running,Running,Enabled,Updated,Compliant,100,Compliant
4644,4644,Running,Running,Running,Enabled,Updated,Compliant,100,Compliant
4645,4645,Running,Running,Running,Enabled,Updated,Compliant,100,Compliant
4646,4646,Running,Running,Running,Enabled,Updated,Compliant,100,Compliant
4647,4647,Stopped,Running,Running,Enabled,Updated,Compliant,80,Warning
4648,4648,Running,Running,Running,Enabled,Updated,Compliant,100,Compliant
4649,4649,Running,Running,Running,Enabled,Updated,Compliant,100,Compliant
4650,4650,Running,Running,Running,Enabled,Updated,Compliant,100,Compliant
4651,4651,Running,Running,Running,Enabled,Updated,Compliant,100,Compliant
4652,4652,Running,Running,Running,Enabled,Updated,Compliant,100,Compliant
4653,4653,Running,Running,Running,Enabled,Outdated,Compliant,85,Warning
4654,4654,Running,Running,Running,Enabled,Updated,Compliant,100,Compliant
4655,4655,Running,Running,Running,Enabled,Updated,Compliant,100,Compliant
4656,4656,Running,Running,Running,Enabled,Updated,Compliant,100,Compliant
4657,4657,Running,Running,Running,Enabled,Updated,Compliant,100,Compliant
4658,4658,Running,Running,Running,Enabled,Outdated,Compliant,85,Warning
4659,4659,Running,Running,Running,Enabled,Updated,Compliant,100,Compliant
4660,4660,Running,Running,Running,Enabled,Updated,Compliant,100,Compliant
4661,4661,Running,Running,Running,Enabled,Updated,Compliant,100,Compliant
4662,4662,Running,Running,Running,Enabled,Updated,Compliant,100,Compliant
4663,4663,Running,Running,Running,Enabled,Updated,Compliant,100,Compliant
4664,4664,Running,Running,Running,Enabled,Updated,Compliant,100,Compliant
4665,4665,Running,Running,Running,Enabled,Updated,Compliant,100,Compliant
4666,4666,Running,Running,Running,Enabled,Updated,Compliant,100,Compliant
4667,4667,Running,Running,Running,Enabled,Updated,Compliant,100,Compliant
4668,4668,Running,Running,Running,Enabled,Updated,Compliant,100,Compliant
4669,4669,Running,Running,Running,Enabled,Updated,Compliant,100,Compliant
4670,4670,Running,Running,Running,Enabled,Updated,Compliant,100,Compliant
4671,4671,Running,Running,Running,Enabled,Updated,Compliant,100,Compliant
4672,4672,Running,Running,Running,Enabled,Outdated,Compliant,85,Warning
4673,4673,Running,Running,Running,Enabled,Outdated,Compliant,85,Warning
4674,4674,Running,Running,Running,Enabled,Updated,Compliant,100,Compliant
4675,4675,Running,Running,Running,Enabled,Updated,Compliant,100,Compliant
4676,4676,Running,Running,Running,Enabled,Updated,Non-Compliant,90,Compliant
4677,4677,Running,Running,Running,Disabled,Updated,Compliant,85,Warning
4678,4678,Running,Stopped,Running,Enabled,Outdated,Non-Compliant,55,Non-Compliant
4679,4679,Running,Running,Running,Enabled,Updated,Compliant,100,Compliant
4680,4680,Stopped,Running,Running,Enabled,Updated,Compliant,80,Warning
4681,4681,Running,Running,Running,Enabled,Updated,Compliant,100,Compliant
4682,4682,Running,Running,Running,Enabled,Updated,Compliant,100,Compliant
4683,4683,Running,Running,Running,Enabled,Updated,Compliant,100,Compliant
4684,4684,Running,Running,Running,Enabled,Updated,Compliant,100,Compliant
4685,4685,Running,Running,Running,Enabled,Updated,Compliant,100,Compliant
4686,4686,Running,Running,Stopped,Enabled,Updated,Compliant,80,Warning
4687,4687,Running,Running,Running,Enabled,Updated,Compliant,100,Compliant
4688,4688,Running,Running,Running,Enabled,Updated,Compliant,100,Compliant
4689,4689,Running,Running,Running,Enabled,Updated,Compliant,100,Compliant
4690,4690,Running,Running,Running,Enabled,Updated,Non-Compliant,90,Compliant
4691,4691,Running,Running,Running,Enabled,Outdated,Compliant,85,Warning
4692,4692,Running,Running,Running,Enabled,Updated,Non-Compliant,90,Compliant
4693,4693,Running,Running,Running,Enabled,Updated,Compliant,100,Compliant
4694,4694,Running,Running,Running,Enabled,Updated,Non-Compliant,90,Compliant
4695,4695,Running,Running,Running,Enabled,Outdated,Compliant,85,Warning
4696,4696,Stopped,Running,Running,Enabled,Updated,Compliant,80,Warning
4697,4697,Running,Running,Running,Enabled,Updated,Compliant,100,Compliant
4698,4698,Running,Running,Running,Enabled,Updated,Compliant,100,Compliant
4699,4699,Running,Running,Running,Enabled,Updated,Compliant,100,Compliant
4700,4700,Running,Running,Running,Enabled,Updated,Compliant,100,Compliant
4701,4701,Running,Running,Running,Enabled,Outdated,Compliant,85,Warning
4702,4702,Running,Running,Running,Enabled,Updated,Compliant,100,Compliant
4703,4703,Running,Running,Running,Enabled,Updated,Non-Compliant,90,Compliant
4704,4704,Running,Running,Running,Enabled,Updated,Compliant,100,Compliant
4705,4705,Running,Running,Running,Enabled,Updated,Compliant,100,Compliant
4706,4706,Running,Running,Running,Enabled,Updated,Compliant,100,Compliant
4707,4707,Running,Running,Running,Enabled,Updated,Compliant,100,Compliant
4708,4708,Running,Running,Running,Enabled,Updated,Compliant,100,Compliant
4709,4709,Running,Running,Running,Enabled,Updated,Compliant,100,Compliant
4710,4710,Running,Running,Running,Enabled,Updated,Compliant,100,Compliant
4711,4711,Running,Running,Running,Enabled,Updated,Compliant,100,Compliant
4712,4712,Running,Running,Running,Enabled,Updated,Compliant,100,Compliant
4713,4713,Running,Running,Running,Enabled,Updated,Compliant,100,Compliant
4714,4714,Running,Running,Running,Enabled,Updated,Non-Compliant,90,Compliant
4715,4715,Running,Running,Running,Enabled,Updated,Compliant,100,Compliant
4716,4716,Running,Running,Running,Enabled,Updated,Compliant,100,Compliant
4717,4717,Running,Running,Running,Enabled,Outdated,Compliant,85,Warning
4718,4718,Running,Running,Running,Enabled,Outdated,Compliant,85,Warning
4719,4719,Running,Stopped,Running,Enabled,Updated,Compliant,80,Warning
4720,4720,Running,Running,Running,Enabled,Updated,Compliant,100,Compliant
4721,4721,Running,Running,Running,Enabled,Updated,Compliant,100,Compliant
4722,4722,Running,Running,Running,Enabled,Updated,Compliant,100,Compliant
4723,4723,Running,Running,Running,Enabled,Updated,Compliant,100,Compliant
4724,4724,Running,Running,Running,Enabled,Updated,Compliant,100,Compliant
4725,4725,Running,Running,Running,Enabled,Updated,Compliant,100,Compliant
4726,4726,Running,Running,Running,Enabled,Updated,Compliant,100,Compliant
4727,4727,Running,Running,Running,Enabled,Updated,Compliant,100,Compliant
4728,4728,Running,Running,Running,Enabled,Updated,Compliant,100,Compliant
4729,4729,Running,Running,Running,Enabled,Updated,Compliant,100,Compliant
4730,4730,Running,Running,Running,Disabled,Updated,Compliant,85,Warning
4731,4731,Running,Running,Running,Enabled,Updated,Compliant,100,Compliant
4732,4732,Running,Running,Running,Enabled,Updated,Non-Compliant,90,Compliant
4733,4733,Running,Running,Running,Enabled,Updated,Compliant,100,Compliant
4734,4734,Running,Running,Running,Enabled,Updated,Compliant,100,Compliant
4735,4735,Running,Running,Running,Enabled,Updated,Compliant,100,Compliant
4736,4736,Running,Running,Running,Enabled,Updated,Compliant,100,Compliant
4737,4737,Running,Running,Running,Enabled,Updated,Compliant,100,Compliant
4738,4738,Running,Running,Running,Enabled,Updated,Compliant,100,Compliant
4739,4739,Running,Running,Running,Enabled,Updated,Compliant,100,Compliant
4740,4740,Running,Running,Running,Enabled,Outdated,Compliant,85,Warning
4741,4741,Running,Running,Running,Enabled,Updated,Compliant,100,Compliant
4742,4742,Running,Running,Running,Enabled,Updated,Non-Compliant,90,Compliant
4743,4743,Running,Running,Running,Enabled,Updated,Compliant,100,Compliant
4744,4744,Running,Running,Running,Enabled,Updated,Non-Compliant,90,Compliant
4745,4745,Running,Running,Running,Enabled,Updated,Compliant,100,Compliant
4746,4746,Running,Running,Running,Enabled,Updated,Compliant,100,Compliant
4747,4747,Running,Running,Running,Enabled,Updated,Compliant,100,Compliant
4748,4748,Running,Running,Running,Enabled,Outdated,Compliant,85,Warning
4749,4749,Running,Running,Running,Enabled,Updated,Compliant,100,Compliant
4750,4750,Running,Running,Running,Enabled,Updated,Compliant,100,Compliant
4751,4751,Running,Running,Running,Enabled,Updated,Compliant,100,Compliant
4752,4752,Stopped,Running,Running,Enabled,Updated,Compliant,80,Warning
4753,4753,Running,Running,Running,Enabled,Updated,Compliant,100,Compliant
4754,4754,Running,Running,Running,Enabled,Outdated,Compliant,85,Warning
4755,4755,Running,Running,Running,Enabled,Updated,Compliant,100,Compliant
4756,4756,Running,Running,Running,Enabled,Outdated,Compliant,85,Warning
4757,4757,Running,Running,Running,Enabled,Updated,Compliant,100,Compliant
4758,4758,Stopped,Running,Running,Enabled,Updated,Non-Compliant,70,Warning
4759,4759,Running,Running,Running,Enabled,Updated,Compliant,100,Compliant
4760,4760,Running,Running,Running,Enabled,Updated,Compliant,100,Compliant
4761,4761,Running,Running,Running,Enabled,Updated,Compliant,100,Compliant
4762,4762,Running,Running,Running,Enabled,Updated,Compliant,100,Compliant
4763,4763,Running,Running,Running,Enabled,Updated,Compliant,100,Compliant
4764,4764,Running,Running,Running,Enabled,Updated,Compliant,100,Compliant
4765,4765,Running,Stopped,Running,Enabled,Outdated,Compliant,65,Non-Compliant
4766,4766,Running,Running,Running,Enabled,Updated,Compliant,100,Compliant
4767,4767,Running,Running,Running,Enabled,Updated,Compliant,100,Compliant
4768,4768,Running,Running,Running,Enabled,Updated,Compliant,100,Compliant
4769,4769,Running,Running,Running,Enabled,Updated,Compliant,100,Compliant
4770,4770,Running,Running,Running,Enabled,Updated,Compliant,100,Compliant
4771,4771,Running,Running,Running,Enabled,Updated,Compliant,100,Compliant
4772,4772,Running,Running,Running,Enabled,Updated,Compliant,100,Compliant
4773,4773,Running,Running,Running,Enabled,Updated,Compliant,100,Compliant
4774,4774,Running,Running,Running,Enabled,Updated,Compliant,100,Compliant
4775,4775,Running,Running,Running,Enabled,Updated,Compliant,100,Compliant
4776,4776,Running,Running,Running,Enabled,Updated,Compliant,100,Compliant
4777,4777,Running,Running,Running,Enabled,Updated,Compliant,100,Compliant
4778,4778,Running,Running,Running,Enabled,Updated,Compliant,100,Compliant
4779,4779,Running,Stopped,Running,Enabled,Updated,Compliant,80,Warning
4780,4780,Running,Running,Running,Enabled,Updated,Compliant,100,Compliant
4781,4781,Running,Stopped,Running,Enabled,Updated,Compliant,80,Warning
4782,4782,Running,Running,Running,Enabled,Updated,Non-Compliant,90,Compliant
4783,4783,Running,Running,Running,Enabled,Updated,Compliant,100,Compliant
4784,4784,Running,Running,Running,Enabled,Updated,Compliant,100,Compliant
4785,4785,Running,Running,Running,Enabled,Updated,Compliant,100,Compliant
4786,4786,Running,Running,Running,Enabled,Updated,Compliant,100,Compliant
4787,4787,Running,Running,Running,Enabled,Updated,Compliant,100,Compliant
4788,4788,Running,Stopped,Running,Disabled,Updated,Compliant,65,Non-Compliant
4789,4789,Running,Running,Running,Enabled,Updated,Compliant,100,Compliant
4790,4790,Running,Running,Running,Enabled,Updated,Compliant,100,Compliant
4791,4791,Running,Running,Running,Enabled,Updated,Compliant,100,Compliant
4792,4792,Stopped,Running,Running,Enabled,Updated,Compliant,80,Warning
4793,4793,Stopped,Running,Running,Enabled,Updated,Compliant,80,Warning
4794,4794,Running,Running,Running,Enabled,Outdated,Compliant,85,Warning
4795,4795,Running,Running,Running,Enabled,Updated,Compliant,100,Compliant
4796,4796,Running,Running,Running,Enabled,Updated,Compliant,100,Compliant
4797,4797,Running,Running,Running,Enabled,Updated,Non-Compliant,90,Compliant
4798,4798,Running,Running,Running,Enabled,Updated,Compliant,100,Compliant
4799,4799,Running,Running,Running,Enabled,Updated,Compliant,100,Compliant
4800,4800,Running,Running,Running,Enabled,Updated,Compliant,100,Compliant
4801,4801,Running,Running,Running,Enabled,Updated,Compliant,100,Compliant
4802,4802,Stopped,Running,Running,Enabled,Updated,Compliant,80,Warning
4803,4803,Running,Running,Running,Enabled,Updated,Compliant,100,Compliant
4804,4804,Running,Running,Running,Enabled,Outdated,Compliant,85,Warning
4805,4805,Running,Running,Running,Enabled,Updated,Compliant,100,Compliant
4806,4806,Running,Running,Running,Enabled,Updated,Compliant,100,Compliant
4807,4807,Running,Running,Running,Enabled,Updated,Compliant,100,Compliant
4808,4808,Running,Stopped,Running,Enabled,Updated,Compliant,80,Warning
4809,4809,Running,Running,Running,Enabled,Updated,Compliant,100,Compliant
4810,4810,Running,Running,Running,Enabled,Outdated,Compliant,85,Warning
4811,4811,Running,Running,Running,Enabled,Updated,Compliant,100,Compliant
4812,4812,Running,Running,Running,Enabled,Updated,Compliant,100,Compliant
4813,4813,Running,Running,Running,Enabled,Updated,Compliant,100,Compliant
4814,4814,Running,Running,Running,Enabled,Updated,Compliant,100,Compliant
4815,4815,Running,Running,Running,Enabled,Updated,Non-Compliant,90,Compliant
4816,4816,Running,Running,Running,Enabled,Updated,Compliant,100,Compliant
4817,4817,Running,Running,Running,Enabled,Outdated,Compliant,85,Warning
4818,4818,Running,Running,Running,Enabled,Updated,Compliant,100,Compliant
4819,4819,Running,Running,Running,Enabled,Updated,Compliant,100,Compliant
4820,4820,Running,Running,Running,Enabled,Outdated,Compliant,85,Warning
4821,4821,Running,Running,Running,Enabled,Updated,Non-Compliant,90,Compliant
4822,4822,Running,Running,Running,Enabled,Updated,Compliant,100,Compliant
4823,4823,Running,Running,Running,Enabled,Outdated,Compliant,85,Warning
4824,4824,Running,Running,Running,Enabled,Updated,Compliant,100,Compliant
4825,4825,Running,Running,Running,Enabled,Updated,Compliant,100,Compliant
4826,4826,Running,Running,Running,Enabled,Updated,Compliant,100,Compliant
4827,4827,Running,Running,Running,Enabled,Updated,Compliant,100,Compliant
4828,4828,Running,Running,Running,Enabled,Updated,Compliant,100,Compliant
4829,4829,Running,Running,Running,Enabled,Updated,Non-Compliant,90,Compliant
4830,4830,Running,Running,Running,Enabled,Updated,Compliant,100,Compliant
4831,4831,Running,Running,Running,Enabled,Updated,Compliant,100,Compliant
4832,4832,Running,Running,Running,Enabled,Updated,Compliant,100,Compliant
4833,4833,Running,Running,Running,Enabled,Updated,Compliant,100,Compliant
4834,4834,Running,Running,Running,Enabled,Updated,Compliant,100,Compliant
4835,4835,Running,Running,Running,Enabled,Updated,Compliant,100,Compliant
4836,4836,Running,Running,Running,Enabled,Outdated,Compliant,85,Warning
4837,4837,Running,Running,Running,Enabled,Updated,Compliant,100,Compliant
4838,4838,Stopped,Running,Running,Enabled,Updated,Compliant,80,Warning
4839,4839,Running,Running,Running,Enabled,Updated,Compliant,100,Compliant
4840,4840,Running,Running,Running,Enabled,Updated,Compliant,100,Compliant
4841,4841,Running,Running,Running,Enabled,Updated,Compliant,100,Compliant
4842,4842,Running,Running,Running,Enabled,Outdated,Compliant,85,Warning
4843,4843,Running,Running,Running,Enabled,Updated,Compliant,100,Compliant
4844,4844,Running,Running,Running,Enabled,Updated,Compliant,100,Compliant
4845,4845,Running,Running,Running,Enabled,Updated,Compliant,100,Compliant
4846,4846,Running,Running,Stopped,Enabled,Updated,Compliant,80,Warning
4847,4847,Running,Running,Running,Enabled,Updated,Compliant,100,Compliant
4848,4848,Running,Stopped,Running,Enabled,Updated,Compliant,80,Warning
4849,4849,Running,Stopped,Running,Enabled,Outdated,Compliant,65,Non-Compliant
4850,4850,Stopped,Running,Running,Enabled,Updated,Compliant,80,Warning
4851,4851,Running,Running,Running,Enabled,Updated,Compliant,100,Compliant
4852,4852,Running,Running,Running,Enabled,Outdated,Compliant,85,Warning
4853,4853,Running,Running,Running,Enabled,Updated,Compliant,100,Compliant
4854,4854,Running,Running,Running,Enabled,Updated,Compliant,100,Compliant
4855,4855,Running,Running,Running,Enabled,Updated,Compliant,100,Compliant
4856,4856,Running,Running,Running,Enabled,Updated,Compliant,100,Compliant
4857,4857,Running,Running,Running,Enabled,Updated,Compliant,100,Compliant
4858,4858,Running,Stopped,Running,Enabled,Updated,Compliant,80,Warning
4859,4859,Running,Running,Running,Enabled,Updated,Compliant,100,Compliant
4860,4860,Running,Running,Running,Enabled,Updated,Compliant,100,Compliant
4861,4861,Running,Running,Running,Enabled,Updated,Compliant,100,Compliant
4862,4862,Running,Running,Running,Enabled,Updated,Compliant,100,Compliant
4863,4863,Running,Running,Running,Enabled,Updated,Compliant,100,Compliant
4864,4864,Running,Running,Running,Enabled,Updated,Compliant,100,Compliant
4865,4865,Running,Running,Running,Enabled,Updated,Compliant,100,Compliant
4866,4866,Running,Stopped,Running,Enabled,Updated,Compliant,80,Warning
4867,4867,Running,Running,Running,Enabled,Updated,Compliant,100,Compliant
4868,4868,Running,Running,Running,Enabled,Updated,Compliant,100,Compliant
4869,4869,Running,Running,Running,Enabled,Updated,Non-Compliant,90,Compliant
4870,4870,Running,Running,Running,Enabled,Updated,Compliant,100,Compliant
4871,4871,Running,Running,Running,Enabled,Updated,Compliant,100,Compliant
4872,4872,Running,Running,Running,Enabled,Updated,Compliant,100,Compliant
4873,4873,Running,Running,Running,Enabled,Updated,Compliant,100,Compliant
4874,4874,Running,Running,Running,Enabled,Updated,Compliant,100,Compliant
4875,4875,Running,Running,Running,Enabled,Updated,Compliant,100,Compliant
4876,4876,Running,Running,Running,Enabled,Updated,Compliant,100,Compliant
4877,4877,Running,Running,Running,Enabled,Updated,Compliant,100,Compliant
4878,4878,Running,Running,Running,Enabled,Outdated,Compliant,85,Warning
4879,4879,Stopped,Running,Running,Enabled,Updated,Compliant,80,Warning
4880,4880,Running,Running,Running,Enabled,Updated,Compliant,100,Compliant
4881,4881,Running,Running,Running,Enabled,Updated,Compliant,100,Compliant
4882,4882,Running,Running,Running,Enabled,Updated,Compliant,100,Compliant
4883,4883,Running,Running,Running,Enabled,Updated,Compliant,100,Compliant
4884,4884,Running,Running,Running,Enabled,Outdated,Compliant,85,Warning
4885,4885,Running,Running,Running,Enabled,Updated,Compliant,100,Compliant
4886,4886,Running,Running,Running,Enabled,Outdated,Compliant,85,Warning
4887,4887,Running,Running,Running,Enabled,Updated,Non-Compliant,90,Compliant
4888,4888,Running,Running,Running,Enabled,Updated,Non-Compliant,90,Compliant
4889,4889,Stopped,Running,Running,Enabled,Updated,Compliant,80,Warning
4890,4890,Running,Running,Running,Enabled,Outdated,Compliant,85,Warning
4891,4891,Running,Running,Running,Enabled,Outdated,Compliant,85,Warning
4892,4892,Running,Running,Running,Enabled,Updated,Compliant,100,Compliant
4893,4893,Running,Running,Running,Enabled,Updated,Compliant,100,Compliant
4894,4894,Running,Running,Running,Enabled,Updated,Compliant,100,Compliant
4895,4895,Running,Running,Running,Enabled,Updated,Compliant,100,Compliant
4896,4896,Running,Running,Running,Enabled,Updated,Compliant,100,Compliant
4897,4897,Running,Running,Running,Enabled,Updated,Compliant,100,Compliant
4898,4898,Running,Running,Running,Enabled,Updated,Compliant,100,Compliant
4899,4899,Running,Running,Running,Enabled,Updated,Compliant,100,Compliant
4900,4900,Running,Running,Running,Enabled,Updated,Compliant,100,Compliant
4901,4901,Running,Running,Running,Enabled,Updated,Compliant,100,Compliant
4902,4902,Running,Running,Running,Enabled,Updated,Non-Compliant,90,Compliant
4903,4903,Running,Running,Running,Enabled,Updated,Compliant,100,Compliant
4904,4904,Running,Running,Running,Enabled,Updated,Compliant,100,Compliant
4905,4905,Running,Running,Running,Enabled,Updated,Compliant,100,Compliant
4906,4906,Running,Running,Running,Enabled,Updated,Compliant,100,Compliant
4907,4907,Running,Running,Running,Enabled,Updated,Compliant,100,Compliant
4908,4908,Stopped,Running,Running,Enabled,Updated,Compliant,80,Warning
4909,4909,Running,Running,Running,Enabled,Outdated,Compliant,85,Warning
4910,4910,Running,Running,Running,Enabled,Updated,Compliant,100,Compliant
4911,4911,Running,Running,Running,Enabled,Outdated,Non-Compliant,75,Warning
4912,4912,Running,Running,Running,Enabled,Outdated,Compliant,85,Warning
4913,4913,Running,Running,Running,Enabled,Updated,Compliant,100,Compliant
4914,4914,Running,Running,Running,Enabled,Updated,Non-Compliant,90,Compliant
4915,4915,Running,Running,Running,Enabled,Updated,Compliant,100,Compliant
4916,4916,Running,Running,Running,Enabled,Updated,Compliant,100,Compliant
4917,4917,Running,Running,Running,Enabled,Updated,Compliant,100,Compliant
4918,4918,Running,Running,Running,Enabled,Updated,Compliant,100,Compliant
4919,4919,Running,Running,Running,Enabled,Updated,Non-Compliant,90,Compliant
4920,4920,Running,Running,Running,Enabled,Updated,Compliant,100,Compliant
4921,4921,Running,Running,Running,Enabled,Updated,Compliant,100,Compliant
4922,4922,Running,Running,Running,Enabled,Updated,Compliant,100,Compliant
4923,4923,Running,Running,Running,Enabled,Updated,Compliant,100,Compliant
4924,4924,Running,Running,Running,Enabled,Updated,Compliant,100,Compliant
4925,4925,Running,Running,Running,Enabled,Updated,Compliant,100,Compliant
4926,4926,Running,Running,Running,Enabled,Updated,Compliant,100,Compliant
4927,4927,Running,Running,Running,Enabled,Updated,Compliant,100,Compliant
4928,4928,Running,Running,Running,Enabled,Updated,Non-Compliant,90,Compliant
4929,4929,Running,Running,Running,Enabled,Updated,Compliant,100,Compliant
4930,4930,Running,Running,Running,Enabled,Updated,Compliant,100,Compliant
4931,4931,Running,Running,Running,Enabled,Updated,Non-Compliant,90,Compliant
4932,4932,Running,Running,Running,Enabled,Updated,Compliant,100,Compliant
4933,4933,Running,Running,Running,Enabled,Updated,Compliant,100,Compliant
4934,4934,Running,Running,Running,Enabled,Updated,Compliant,100,Compliant
4935,4935,Running,Running,Running,Enabled,Updated,Compliant,100,Compliant
4936,4936,Running,Running,Running,Enabled,Updated,Non-Compliant,90,Compliant
4937,4937,Running,Running,Running,Enabled,Updated,Compliant,100,Compliant
4938,4938,Running,Running,Running,Enabled,Updated,Compliant,100,Compliant
4939,4939,Running,Running,Running,Enabled,Updated,Compliant,100,Compliant
4940,4940,Running,Running,Stopped,Enabled,Updated,Non-Compliant,70,Warning
4941,4941,Running,Running,Running,Enabled,Outdated,Compliant,85,Warning
4942,4942,Running,Running,Running,Enabled,Updated,Compliant,100,Compliant
4943,4943,Running,Running,Running,Enabled,Updated,Compliant,100,Compliant
4944,4944,Running,Running,Running,Enabled,Updated,Compliant,100,Compliant
4945,4945,Running,Running,Running,Enabled,Updated,Compliant,100,Compliant
4946,4946,Running,Running,Running,Enabled,Updated,Compliant,100,Compliant
4947,4947,Running,Running,Running,Enabled,Outdated,Compliant,85,Warning
4948,4948,Running,Running,Running,Enabled,Updated,Compliant,100,Compliant
4949,4949,Running,Running,Running,Enabled,Updated,Non-Compliant,90,Compliant
4950,4950,Running,Running,Running,Enabled,Updated,Compliant,100,Compliant
4951,4951,Running,Running,Running,Enabled,Updated,Compliant,100,Compliant
4952,4952,Running,Running,Running,Enabled,Updated,Compliant,100,Compliant
4953,4953,Running,Running,Running,Enabled,Updated,Compliant,100,Compliant
4954,4954,Running,Running,Stopped,Enabled,Outdated,Compliant,65,Non-Compliant
4955,4955,Running,Running,Running,Enabled,Updated,Compliant,100,Compliant
4956,4956,Running,Running,Running,Enabled,Updated,Compliant,100,Compliant
4957,4957,Running,Running,Running,Enabled,Updated,Compliant,100,Compliant
4958,4958,Running,Running,Running,Enabled,Updated,Compliant,100,Compliant
4959,4959,Running,Running,Running,Enabled,Updated,Compliant,100,Compliant
4960,4960,Running,Running,Running,Enabled,Updated,Compliant,100,Compliant
4961,4961,Running,Running,Running,Enabled,Updated,Compliant,100,Compliant
4962,4962,Running,Running,Running,Enabled,Updated,Compliant,100,Compliant
4963,4963,Running,Running,Running,Enabled,Updated,Compliant,100,Compliant
4964,4964,Running,Running,Running,Enabled,Updated,Compliant,100,Compliant
4965,4965,Running,Running,Running,Enabled,Updated,Compliant,100,Compliant
4966,4966,Running,Running,Running,Enabled,Updated,Compliant,100,Compliant
4967,4967,Running,Running,Running,Disabled,Updated,Non-Compliant,75,Warning
4968,4968,Running,Running,Running,Enabled,Updated,Compliant,100,Compliant
4969,4969,Running,Running,Running,Enabled,Outdated,Compliant,85,Warning
4970,4970,Running,Running,Running,Enabled,Updated,Compliant,100,Compliant
4971,4971,Running,Running,Running,Enabled,Updated,Compliant,100,Compliant
4972,4972,Running,Running,Running,Enabled,Updated,Compliant,100,Compliant
4973,4973,Running,Running,Stopped,Enabled,Updated,Compliant,80,Warning
4974,4974,Running,Running,Running,Enabled,Updated,Compliant,100,Compliant
4975,4975,Running,Running,Running,Enabled,Updated,Non-Compliant,90,Compliant
4976,4976,Running,Running,Running,Enabled,Updated,Compliant,100,Compliant
4977,4977,Running,Running,Running,Enabled,Updated,Compliant,100,Compliant
4978,4978,Running,Running,Running,Enabled,Outdated,Compliant,85,Warning
4979,4979,Running,Running,Running,Enabled,Updated,Non-Compliant,90,Compliant
4980,4980,Running,Running,Running,Enabled,Updated,Compliant,100,Compliant
4981,4981,Running,Running,Running,Enabled,Outdated,Compliant,85,Warning
4982,4982,Stopped,Running,Running,Enabled,Updated,Non-Compliant,70,Warning
4983,4983,Running,Running,Running,Enabled,Updated,Compliant,100,Compliant
4984,4984,Running,Running,Running,Enabled,Updated,Compliant,100,Compliant
4985,4985,Running,Running,Running,Enabled,Updated,Compliant,100,Compliant
4986,4986,Running,Running,Running,Enabled,Updated,Compliant,100,Compliant
4987,4987,Running,Running,Running,Enabled,Updated,Compliant,100,Compliant
4988,4988,Running,Running,Running,Enabled,Updated,Non-Compliant,90,Compliant
4989,4989,Running,Running,Running,Enabled,Updated,Compliant,100,Compliant
4990,4990,Running,Running,Running,Enabled,Updated,Compliant,100,Compliant
4991,4991,Running,Running,Running,Enabled,Updated,Compliant,100,Compliant
4992,4992,Running,Running,Running,Enabled,Updated,Compliant,100,Compliant
4993,4993,Running,Running,Running,Enabled,Updated,Compliant,100,Compliant
4994,4994,Running,Running,Running,Enabled,Updated,Compliant,100,Compliant
4995,4995,Running,Running,Running,Enabled,Updated,Non-Compliant,90,Compliant
4996,4996,Running,Running,Running,Enabled,Updated,Compliant,100,Compliant
4997,4997,Running,Running,Running,Enabled,Updated,Compliant,100,Compliant
4998,4998,Running,Running,Running,Enabled,Updated,Compliant,100,Compliant
4999,4999,Running,Running,Running,Enabled,Updated,Non-Compliant,90,Compliant
5000,5000,Running,Running,Running,Enabled,Updated,Compliant,100,Compliant
