incident_id,server_id,incident_category,priority,status,assigned_team,resolution_hours,incident_date
1,1,Qualys Agent Missing,P4,Open,Linux Team,15,2025-12-28
2,2,CPU Utilization High,P3,Closed,Database Team,16,2025-10-05
3,3,Server Down,P4,Closed,Windows Team,8,2026-04-11
4,4,CrowdStrike Offline,P1,Resolved,Linux Team,1,2025-08-18
5,5,Splunk Agent Down,P4,Closed,Security Team,64,2026-05-17
6,6,Patch Failure,P4,Open,Windows Team,54,2025-09-08
7,7,Server Down,P4,In Progress,Linux Team,47,2026-02-27
8,8,Firewall Disabled,P3,Closed,Windows Team,17,2026-05-03
9,9,Patch Failure,P4,Closed,Messaging Team,15,2026-03-28
10,10,CrowdStrike Offline,P4,In Progress,Database Team,41,2025-11-04
11,11,Qualys Agent Missing,P4,Resolved,Infrastructure Team,68,2025-07-30
12,12,Disk Space Full,P4,Open,Messaging Team,24,2025-12-09
13,13,Patch Failure,P3,Resolved,Infrastructure Team,6,2026-04-09
14,14,Disk Space Full,P2,Open,Messaging Team,4,2025-12-13
15,15,Patch Failure,P4,Resolved,Security Team,69,2026-04-01
16,16,Qualys Agent Missing,P4,Closed,Database Team,8,2026-03-11
17,17,CrowdStrike Offline,P1,Closed,Infrastructure Team,2,2026-01-27
18,18,Disk Space Full,P4,Closed,Infrastructure Team,22,2025-09-19
19,19,CPU Utilization High,P2,Resolved,Infrastructure Team,8,2026-07-20
20,20,Application Not Responding,P1,Resolved,Security Team,3,2025-10-27
21,21,Disk Space Full,P3,Closed,Windows Team,20,2026-06-02
22,22,Splunk Agent Down,P2,Closed,Linux Team,5,2025-08-03
23,23,Disk Space Full,P3,Resolved,Infrastructure Team,17,2025-10-22
24,24,Firewall Disabled,P4,Closed,Messaging Team,18,2026-06-02
25,25,CrowdStrike Offline,P3,Closed,Infrastructure Team,13,2026-03-09
26,26,Application Not Responding,P3,Resolved,Linux Team,5,2025-08-08
27,27,Disk Space Full,P4,Open,Database Team,69,2025-10-30
28,28,Server Down,P3,Resolved,Windows Team,21,2025-10-29
29,29,Server Down,P3,Resolved,Linux Team,5,2025-12-24
30,30,Patch Failure,P4,Resolved,Linux Team,32,2026-02-11
31,31,Disk Space Full,P3,Resolved,Infrastructure Team,19,2026-04-03
32,32,Server Down,P4,Closed,Messaging Team,58,2025-09-10
33,33,Splunk Agent Down,P2,Resolved,Messaging Team,2,2025-08-07
34,34,Memory Utilization High,P1,Closed,Database Team,2,2026-05-31
35,35,Memory Utilization High,P2,Closed,Infrastructure Team,4,2025-12-07
36,36,CrowdStrike Offline,P3,Resolved,Windows Team,12,2026-01-13
37,37,Qualys Agent Missing,P3,Resolved,Database Team,21,2026-05-02
38,38,Memory Utilization High,P3,Resolved,Infrastructure Team,7,2025-10-16
39,39,Qualys Agent Missing,P2,Resolved,Database Team,4,2025-12-14
40,40,Qualys Agent Missing,P3,Resolved,Database Team,9,2026-04-04
41,41,CPU Utilization High,P3,Resolved,Linux Team,4,2026-06-06
42,42,Splunk Agent Down,P4,Open,Messaging Team,63,2026-04-02
43,43,Server Down,P4,Resolved,Database Team,67,2025-11-22
44,44,Patch Failure,P4,In Progress,Messaging Team,69,2025-07-31
45,45,Server Down,P3,Closed,Infrastructure Team,17,2025-09-02
46,46,Splunk Agent Down,P4,Closed,Linux Team,35,2026-04-23
47,47,CrowdStrike Offline,P3,Closed,Linux Team,15,2026-06-01
48,48,CrowdStrike Offline,P3,Closed,Linux Team,4,2026-05-09
49,49,CPU Utilization High,P3,Resolved,Database Team,18,2026-05-29
50,50,Memory Utilization High,P4,Closed,Infrastructure Team,37,2025-08-20
51,51,Qualys Agent Missing,P1,Closed,Infrastructure Team,1,2025-10-06
52,52,Application Not Responding,P4,In Progress,Database Team,37,2025-08-15
53,53,CPU Utilization High,P3,Closed,Infrastructure Team,14,2026-07-18
54,54,Application Not Responding,P3,Resolved,Messaging Team,9,2026-01-06
55,55,Application Not Responding,P2,In Progress,Database Team,4,2025-10-30
56,56,Server Down,P3,Closed,Infrastructure Team,5,2025-10-27
57,57,Application Not Responding,P3,Open,Infrastructure Team,13,2026-02-20
58,58,CPU Utilization High,P4,Closed,Infrastructure Team,43,2026-05-03
59,59,CrowdStrike Offline,P4,Resolved,Security Team,65,2026-01-15
60,60,Firewall Disabled,P2,Closed,Database Team,7,2025-11-06
61,61,Application Not Responding,P2,Resolved,Security Team,7,2026-04-23
62,62,Disk Space Full,P4,Resolved,Linux Team,65,2026-04-03
63,63,Firewall Disabled,P3,Closed,Linux Team,12,2026-07-23
64,64,Server Down,P2,In Progress,Windows Team,2,2025-10-30
65,65,Splunk Agent Down,P2,Resolved,Windows Team,4,2026-01-01
66,66,Firewall Disabled,P1,Open,Messaging Team,1,2025-09-20
67,67,Firewall Disabled,P4,Resolved,Infrastructure Team,18,2025-12-31
68,68,Server Down,P4,Closed,Linux Team,32,2025-10-24
69,69,CPU Utilization High,P3,Closed,Infrastructure Team,20,2026-05-05
70,70,Firewall Disabled,P4,Closed,Database Team,67,2025-12-05
71,71,Server Down,P4,Closed,Infrastructure Team,44,2025-10-03
72,72,Memory Utilization High,P3,Resolved,Messaging Team,6,2025-09-22
73,73,CPU Utilization High,P4,Closed,Infrastructure Team,17,2026-05-07
74,74,Firewall Disabled,P3,Open,Windows Team,12,2026-02-06
75,75,Application Not Responding,P2,Closed,Infrastructure Team,7,2025-08-26
76,76,Application Not Responding,P4,Closed,Database Team,34,2025-11-04
77,77,CPU Utilization High,P2,In Progress,Infrastructure Team,3,2026-06-04
78,78,Qualys Agent Missing,P2,Closed,Infrastructure Team,6,2025-12-11
79,79,Qualys Agent Missing,P3,Resolved,Infrastructure Team,4,2026-06-23
80,80,CrowdStrike Offline,P3,Resolved,Linux Team,19,2025-08-26
81,81,Qualys Agent Missing,P4,In Progress,Infrastructure Team,65,2026-07-01
82,82,CrowdStrike Offline,P2,Open,Messaging Team,2,2025-08-11
83,83,Firewall Disabled,P4,Resolved,Messaging Team,41,2025-12-19
84,84,Qualys Agent Missing,P1,Resolved,Infrastructure Team,2,2025-12-09
85,85,Server Down,P4,Open,Security Team,24,2026-03-31
86,86,Server Down,P3,Closed,Security Team,14,2025-08-20
87,87,CPU Utilization High,P2,Resolved,Infrastructure Team,5,2025-07-29
88,88,CPU Utilization High,P2,Resolved,Messaging Team,2,2025-11-22
89,89,Qualys Agent Missing,P3,Closed,Security Team,10,2025-11-11
90,90,Server Down,P2,In Progress,Windows Team,2,2026-01-04
91,91,Splunk Agent Down,P4,Resolved,Database Team,63,2025-09-09
92,92,CrowdStrike Offline,P3,Resolved,Infrastructure Team,16,2025-12-20
93,93,CrowdStrike Offline,P1,Resolved,Security Team,1,2025-08-04
94,94,Disk Space Full,P4,In Progress,Security Team,57,2026-03-04
95,95,Qualys Agent Missing,P4,Closed,Database Team,66,2025-09-09
96,96,CrowdStrike Offline,P3,Resolved,Infrastructure Team,14,2026-05-23
97,97,Server Down,P3,Resolved,Infrastructure Team,4,2026-03-06
98,98,CrowdStrike Offline,P1,Closed,Infrastructure Team,4,2026-01-06
99,99,Application Not Responding,P2,Resolved,Database Team,5,2026-05-15
100,100,CPU Utilization High,P4,Closed,Security Team,44,2026-05-21
101,101,CPU Utilization High,P2,In Progress,Security Team,6,2026-05-12
102,102,Application Not Responding,P3,Resolved,Windows Team,19,2026-01-09
103,103,Firewall Disabled,P4,Closed,Infrastructure Team,67,2026-05-15
104,104,Firewall Disabled,P3,Closed,Linux Team,11,2025-09-09
105,105,Disk Space Full,P3,In Progress,Windows Team,15,2025-11-08
106,106,Server Down,P3,Open,Windows Team,15,2025-08-24
107,107,Application Not Responding,P3,Closed,Messaging Team,14,2026-06-07
108,108,Splunk Agent Down,P4,Resolved,Security Team,36,2025-12-18
109,109,Firewall Disabled,P2,Resolved,Messaging Team,4,2026-01-06
110,110,CrowdStrike Offline,P2,In Progress,Infrastructure Team,6,2025-08-23
111,111,Application Not Responding,P3,Resolved,Messaging Team,15,2026-03-15
112,112,Splunk Agent Down,P3,Closed,Infrastructure Team,15,2026-03-05
113,113,Qualys Agent Missing,P4,Resolved,Linux Team,34,2025-10-26
114,114,CrowdStrike Offline,P4,Closed,Windows Team,61,2026-01-10
115,115,Splunk Agent Down,P2,Resolved,Infrastructure Team,6,2025-12-10
116,116,Firewall Disabled,P4,In Progress,Messaging Team,62,2026-02-23
117,117,Server Down,P4,Closed,Infrastructure Team,51,2025-12-27
118,118,Firewall Disabled,P3,Resolved,Messaging Team,8,2026-04-05
119,119,Application Not Responding,P3,Resolved,Security Team,17,2025-09-09
120,120,CPU Utilization High,P4,Resolved,Windows Team,59,2025-08-28
121,121,Disk Space Full,P3,Resolved,Linux Team,17,2026-01-08
122,122,Patch Failure,P4,In Progress,Infrastructure Team,10,2026-04-16
123,123,Patch Failure,P4,Open,Messaging Team,67,2025-09-21
124,124,Splunk Agent Down,P4,In Progress,Infrastructure Team,50,2025-11-13
125,125,Disk Space Full,P4,Open,Messaging Team,60,2025-09-30
126,126,Server Down,P1,Resolved,Windows Team,2,2026-07-03
127,127,CrowdStrike Offline,P3,Closed,Infrastructure Team,16,2026-01-19
128,128,Memory Utilization High,P4,Resolved,Messaging Team,15,2025-08-30
129,129,Application Not Responding,P3,Closed,Infrastructure Team,4,2026-03-19
130,130,Qualys Agent Missing,P4,Resolved,Windows Team,50,2025-11-14
131,131,Memory Utilization High,P4,Resolved,Linux Team,46,2025-09-09
132,132,Firewall Disabled,P4,Resolved,Messaging Team,52,2026-03-12
133,133,Splunk Agent Down,P2,Closed,Windows Team,5,2025-09-26
134,134,Firewall Disabled,P3,Resolved,Messaging Team,8,2026-02-23
135,135,CPU Utilization High,P3,In Progress,Messaging Team,5,2026-02-22
136,136,Memory Utilization High,P4,Closed,Linux Team,45,2026-05-11
137,137,Application Not Responding,P4,Open,Security Team,27,2026-03-06
138,138,Application Not Responding,P2,Closed,Windows Team,2,2026-03-17
139,139,Memory Utilization High,P3,In Progress,Security Team,15,2026-04-20
140,140,Patch Failure,P1,Closed,Linux Team,4,2026-03-12
141,141,Patch Failure,P4,Closed,Linux Team,20,2025-07-30
142,142,Disk Space Full,P3,Closed,Messaging Team,19,2026-06-10
143,143,Firewall Disabled,P3,Resolved,Infrastructure Team,21,2026-04-02
144,144,CrowdStrike Offline,P3,Closed,Infrastructure Team,11,2026-03-19
145,145,Disk Space Full,P4,In Progress,Infrastructure Team,18,2026-01-12
146,146,Firewall Disabled,P2,Resolved,Windows Team,4,2025-11-12
147,147,Patch Failure,P4,Open,Database Team,51,2026-02-19
148,148,Firewall Disabled,P1,In Progress,Windows Team,3,2025-12-13
149,149,Firewall Disabled,P3,Resolved,Windows Team,10,2025-09-01
150,150,CrowdStrike Offline,P2,In Progress,Security Team,7,2025-10-18
151,151,Application Not Responding,P4,In Progress,Infrastructure Team,58,2025-10-30
152,152,CPU Utilization High,P2,Closed,Security Team,3,2026-04-05
153,153,Splunk Agent Down,P3,Closed,Windows Team,24,2025-09-29
154,154,CPU Utilization High,P3,Resolved,Messaging Team,12,2026-01-13
155,155,Qualys Agent Missing,P4,In Progress,Infrastructure Team,64,2025-12-14
156,156,CrowdStrike Offline,P3,Closed,Infrastructure Team,12,2026-02-01
157,157,Patch Failure,P4,In Progress,Infrastructure Team,23,2026-01-07
158,158,Application Not Responding,P2,Resolved,Infrastructure Team,5,2026-06-11
159,159,Patch Failure,P3,Resolved,Infrastructure Team,23,2025-10-24
160,160,Disk Space Full,P4,Resolved,Infrastructure Team,12,2025-08-09
161,161,Disk Space Full,P2,Open,Linux Team,7,2025-12-27
162,162,Splunk Agent Down,P2,Closed,Messaging Team,7,2025-07-27
163,163,CPU Utilization High,P4,Open,Security Team,64,2026-05-01
164,164,Server Down,P4,Resolved,Linux Team,60,2026-05-21
165,165,Qualys Agent Missing,P3,In Progress,Infrastructure Team,18,2026-07-03
166,166,Splunk Agent Down,P4,Closed,Security Team,36,2026-04-27
167,167,Server Down,P2,Open,Linux Team,6,2026-07-22
168,168,Memory Utilization High,P3,Closed,Messaging Team,22,2026-04-14
169,169,Memory Utilization High,P3,Closed,Database Team,11,2026-07-22
170,170,Memory Utilization High,P4,Closed,Messaging Team,10,2025-08-16
171,171,Memory Utilization High,P3,Closed,Database Team,12,2025-09-17
172,172,Application Not Responding,P2,In Progress,Infrastructure Team,5,2026-04-11
173,173,Splunk Agent Down,P3,In Progress,Windows Team,19,2025-11-26
174,174,Server Down,P4,Resolved,Database Team,28,2026-03-02
175,175,Memory Utilization High,P4,Closed,Infrastructure Team,49,2025-12-25
176,176,CPU Utilization High,P3,Closed,Database Team,9,2026-03-14
177,177,Application Not Responding,P4,Resolved,Windows Team,18,2025-07-31
178,178,Patch Failure,P3,Closed,Database Team,7,2025-11-02
179,179,CrowdStrike Offline,P4,In Progress,Infrastructure Team,14,2025-11-03
180,180,Server Down,P3,Open,Security Team,20,2026-06-05
181,181,CPU Utilization High,P3,Closed,Windows Team,23,2026-05-20
182,182,CrowdStrike Offline,P2,Closed,Windows Team,6,2026-04-07
183,183,Patch Failure,P3,Resolved,Windows Team,5,2026-01-18
184,184,Disk Space Full,P3,Resolved,Messaging Team,24,2025-12-01
185,185,Memory Utilization High,P3,Closed,Security Team,23,2026-04-28
186,186,Patch Failure,P4,Resolved,Database Team,69,2026-07-10
187,187,Firewall Disabled,P3,Closed,Windows Team,21,2025-07-27
188,188,Splunk Agent Down,P4,Open,Messaging Team,28,2026-01-07
189,189,Patch Failure,P3,Closed,Messaging Team,6,2025-10-08
190,190,Disk Space Full,P3,Closed,Database Team,14,2026-06-08
191,191,Patch Failure,P4,In Progress,Infrastructure Team,46,2026-02-23
192,192,Memory Utilization High,P4,Resolved,Database Team,45,2026-03-25
193,193,Patch Failure,P3,Closed,Windows Team,11,2026-03-22
194,194,Disk Space Full,P4,Open,Infrastructure Team,27,2026-01-25
195,195,Firewall Disabled,P4,In Progress,Infrastructure Team,54,2025-11-03
196,196,CPU Utilization High,P2,In Progress,Infrastructure Team,3,2026-01-26
197,197,Server Down,P3,Closed,Database Team,21,2025-11-13
198,198,Firewall Disabled,P3,Closed,Messaging Team,23,2026-05-19
199,199,Splunk Agent Down,P4,Closed,Messaging Team,20,2025-11-27
200,200,CPU Utilization High,P3,Closed,Infrastructure Team,20,2026-05-13
201,201,Patch Failure,P2,Closed,Security Team,2,2025-08-29
202,202,Disk Space Full,P4,Closed,Linux Team,52,2025-11-10
203,203,Application Not Responding,P4,In Progress,Messaging Team,72,2026-03-12
204,204,CPU Utilization High,P4,Closed,Messaging Team,15,2026-02-03
205,205,Application Not Responding,P3,Closed,Linux Team,6,2025-08-22
206,206,Application Not Responding,P2,In Progress,Security Team,4,2026-02-15
207,207,Memory Utilization High,P4,In Progress,Infrastructure Team,50,2025-11-22
208,208,Memory Utilization High,P4,Resolved,Infrastructure Team,63,2025-12-28
209,209,Server Down,P2,Resolved,Linux Team,3,2025-11-12
210,210,Server Down,P2,Closed,Infrastructure Team,3,2026-04-18
211,211,CPU Utilization High,P3,In Progress,Windows Team,16,2026-02-13
212,212,CrowdStrike Offline,P4,Closed,Windows Team,44,2026-03-03
213,213,CPU Utilization High,P3,Resolved,Windows Team,14,2026-04-12
214,214,Splunk Agent Down,P2,Resolved,Messaging Team,4,2025-08-23
215,215,Patch Failure,P3,Resolved,Security Team,15,2026-06-23
216,216,CPU Utilization High,P4,Resolved,Linux Team,36,2025-11-16
217,217,Server Down,P3,Resolved,Messaging Team,17,2026-07-06
218,218,Firewall Disabled,P4,Closed,Messaging Team,68,2026-04-02
219,219,Splunk Agent Down,P3,Closed,Messaging Team,12,2026-07-07
220,220,Firewall Disabled,P2,Resolved,Windows Team,6,2025-11-17
221,221,CPU Utilization High,P4,Closed,Database Team,10,2026-01-05
222,222,Application Not Responding,P4,In Progress,Security Team,31,2025-08-03
223,223,Application Not Responding,P4,In Progress,Linux Team,12,2026-06-14
224,224,Memory Utilization High,P4,Resolved,Windows Team,42,2026-06-27
225,225,Qualys Agent Missing,P3,Resolved,Messaging Team,7,2025-08-10
226,226,Patch Failure,P3,Closed,Security Team,5,2026-05-28
227,227,CPU Utilization High,P4,Open,Messaging Team,14,2025-12-26
228,228,CrowdStrike Offline,P3,Closed,Infrastructure Team,4,2025-08-08
229,229,CPU Utilization High,P4,Resolved,Infrastructure Team,50,2025-10-26
230,230,Qualys Agent Missing,P4,Closed,Linux Team,72,2026-07-04
231,231,Patch Failure,P4,Resolved,Infrastructure Team,65,2025-09-06
232,232,Disk Space Full,P4,Resolved,Infrastructure Team,30,2025-10-20
233,233,Application Not Responding,P4,Resolved,Messaging Team,43,2025-08-04
234,234,Disk Space Full,P3,Resolved,Messaging Team,8,2025-08-16
235,235,Firewall Disabled,P4,Closed,Infrastructure Team,24,2025-10-03
236,236,Disk Space Full,P3,Closed,Infrastructure Team,20,2026-06-25
237,237,Application Not Responding,P3,Resolved,Messaging Team,7,2026-01-15
238,238,CPU Utilization High,P4,Closed,Linux Team,22,2026-03-23
239,239,Qualys Agent Missing,P4,Resolved,Security Team,39,2025-09-25
240,240,Memory Utilization High,P3,Open,Security Team,10,2025-09-22
241,241,Server Down,P4,In Progress,Windows Team,45,2025-08-26
242,242,Application Not Responding,P2,Resolved,Linux Team,2,2025-09-03
243,243,Firewall Disabled,P4,Closed,Windows Team,67,2025-08-24
244,244,Qualys Agent Missing,P1,Resolved,Security Team,4,2026-05-26
245,245,Memory Utilization High,P3,In Progress,Messaging Team,17,2026-05-27
246,246,Firewall Disabled,P3,Resolved,Linux Team,14,2026-07-12
247,247,Memory Utilization High,P3,Resolved,Infrastructure Team,23,2025-12-14
248,248,CPU Utilization High,P4,Closed,Infrastructure Team,66,2026-01-17
249,249,Splunk Agent Down,P4,Closed,Windows Team,70,2025-08-19
250,250,Disk Space Full,P4,Closed,Windows Team,28,2026-05-30
251,251,Splunk Agent Down,P3,Closed,Infrastructure Team,8,2025-08-16
252,252,CPU Utilization High,P4,Resolved,Windows Team,46,2026-03-03
253,253,Splunk Agent Down,P1,Closed,Security Team,4,2026-04-12
254,254,Server Down,P4,In Progress,Infrastructure Team,69,2026-04-30
255,255,Firewall Disabled,P1,Closed,Messaging Team,1,2026-01-15
256,256,CPU Utilization High,P4,In Progress,Infrastructure Team,57,2026-03-03
257,257,Firewall Disabled,P4,In Progress,Messaging Team,18,2025-09-27
258,258,Server Down,P3,Closed,Database Team,20,2026-07-17
259,259,Patch Failure,P3,In Progress,Database Team,12,2026-01-29
260,260,CPU Utilization High,P4,Resolved,Linux Team,70,2026-07-09
261,261,Firewall Disabled,P3,Resolved,Infrastructure Team,23,2025-11-03
262,262,Splunk Agent Down,P3,Resolved,Infrastructure Team,16,2026-02-22
263,263,CPU Utilization High,P4,Resolved,Infrastructure Team,69,2025-09-20
264,264,Server Down,P4,In Progress,Windows Team,53,2026-05-16
265,265,Splunk Agent Down,P1,Resolved,Security Team,3,2025-11-10
266,266,Disk Space Full,P3,In Progress,Windows Team,24,2026-02-14
267,267,Patch Failure,P3,Closed,Linux Team,14,2025-07-30
268,268,Memory Utilization High,P4,Resolved,Security Team,71,2025-09-03
269,269,Qualys Agent Missing,P4,Resolved,Windows Team,8,2025-08-12
270,270,Server Down,P4,In Progress,Linux Team,59,2025-12-08
271,271,Patch Failure,P3,Open,Infrastructure Team,16,2025-12-15
272,272,CPU Utilization High,P2,Closed,Database Team,2,2026-02-23
273,273,Splunk Agent Down,P2,Closed,Infrastructure Team,2,2026-05-15
274,274,CPU Utilization High,P3,Resolved,Linux Team,11,2025-09-27
275,275,Disk Space Full,P4,Resolved,Linux Team,48,2025-12-29
276,276,CrowdStrike Offline,P3,Closed,Security Team,11,2025-09-28
277,277,Patch Failure,P3,Closed,Infrastructure Team,4,2026-03-28
278,278,Disk Space Full,P3,Closed,Database Team,18,2026-06-28
279,279,Disk Space Full,P2,Resolved,Messaging Team,3,2026-03-11
280,280,CrowdStrike Offline,P3,Closed,Infrastructure Team,7,2026-07-01
281,281,Application Not Responding,P2,Closed,Database Team,2,2026-01-11
282,282,Qualys Agent Missing,P2,Resolved,Database Team,2,2026-05-06
283,283,Memory Utilization High,P3,Open,Security Team,5,2026-05-20
284,284,Patch Failure,P2,Resolved,Infrastructure Team,8,2026-05-09
285,285,Server Down,P4,Closed,Security Team,63,2025-09-10
286,286,Disk Space Full,P4,Resolved,Database Team,58,2026-05-01
287,287,Splunk Agent Down,P3,Closed,Infrastructure Team,11,2025-09-23
288,288,Application Not Responding,P4,Resolved,Security Team,60,2026-04-27
289,289,Qualys Agent Missing,P3,Resolved,Database Team,15,2026-01-14
290,290,Application Not Responding,P3,Resolved,Linux Team,19,2026-02-05
291,291,Patch Failure,P4,Closed,Database Team,58,2025-09-05
292,292,Disk Space Full,P3,Resolved,Infrastructure Team,19,2026-03-16
293,293,Memory Utilization High,P3,Resolved,Security Team,18,2026-05-05
294,294,Qualys Agent Missing,P4,Resolved,Security Team,19,2026-03-20
295,295,Firewall Disabled,P4,Closed,Infrastructure Team,68,2026-04-21
296,296,CrowdStrike Offline,P3,Resolved,Infrastructure Team,22,2025-08-17
297,297,Server Down,P3,Resolved,Linux Team,19,2026-06-24
298,298,Patch Failure,P3,Closed,Infrastructure Team,14,2025-11-05
299,299,Server Down,P4,In Progress,Infrastructure Team,37,2025-10-05
300,300,Qualys Agent Missing,P4,Closed,Database Team,47,2025-08-07
301,301,Disk Space Full,P3,Closed,Windows Team,10,2026-05-06
302,302,Server Down,P2,Resolved,Database Team,4,2026-05-03
303,303,Server Down,P3,Resolved,Infrastructure Team,15,2025-10-26
304,304,CPU Utilization High,P1,Resolved,Windows Team,1,2026-01-01
305,305,Server Down,P4,Closed,Infrastructure Team,59,2026-05-17
306,306,Application Not Responding,P3,Resolved,Database Team,10,2026-04-07
307,307,Application Not Responding,P4,In Progress,Linux Team,26,2025-12-14
308,308,Firewall Disabled,P4,Resolved,Windows Team,55,2026-03-06
309,309,Firewall Disabled,P3,Resolved,Linux Team,17,2025-12-07
310,310,Disk Space Full,P3,Closed,Database Team,5,2025-11-10
311,311,Firewall Disabled,P2,Resolved,Messaging Team,7,2026-03-05
312,312,Disk Space Full,P3,Resolved,Security Team,10,2026-07-25
313,313,Server Down,P4,Closed,Security Team,67,2026-01-08
314,314,Firewall Disabled,P3,Resolved,Infrastructure Team,13,2025-12-16
315,315,Splunk Agent Down,P2,Resolved,Infrastructure Team,8,2026-07-18
316,316,Memory Utilization High,P4,Open,Security Team,37,2025-08-14
317,317,Patch Failure,P3,In Progress,Infrastructure Team,8,2025-11-19
318,318,Disk Space Full,P2,Resolved,Infrastructure Team,3,2026-06-28
319,319,Patch Failure,P4,Resolved,Security Team,70,2025-09-06
320,320,Splunk Agent Down,P4,Open,Database Team,22,2026-04-16
321,321,Memory Utilization High,P4,Closed,Infrastructure Team,27,2025-12-24
322,322,Memory Utilization High,P4,Closed,Database Team,34,2026-06-30
323,323,Splunk Agent Down,P3,Closed,Infrastructure Team,20,2025-08-22
324,324,Firewall Disabled,P2,Closed,Database Team,4,2025-10-28
325,325,CrowdStrike Offline,P4,Resolved,Database Team,53,2026-03-13
326,326,Firewall Disabled,P3,Resolved,Windows Team,11,2025-11-21
327,327,Application Not Responding,P2,Closed,Messaging Team,3,2025-10-04
328,328,Splunk Agent Down,P4,In Progress,Windows Team,31,2025-09-25
329,329,Application Not Responding,P4,Resolved,Infrastructure Team,12,2026-02-26
330,330,Firewall Disabled,P3,Open,Infrastructure Team,16,2026-03-12
331,331,Disk Space Full,P4,Open,Infrastructure Team,69,2026-02-05
332,332,Application Not Responding,P1,In Progress,Messaging Team,1,2026-03-07
333,333,CPU Utilization High,P4,Closed,Windows Team,72,2026-06-17
334,334,CPU Utilization High,P4,Open,Messaging Team,71,2025-11-03
335,335,Firewall Disabled,P1,Closed,Windows Team,1,2026-02-25
336,336,Server Down,P3,Resolved,Linux Team,13,2026-03-01
337,337,Patch Failure,P4,Closed,Security Team,32,2026-01-28
338,338,Qualys Agent Missing,P4,In Progress,Security Team,10,2026-01-04
339,339,Application Not Responding,P3,Closed,Infrastructure Team,6,2026-02-28
340,340,Qualys Agent Missing,P4,Open,Infrastructure Team,24,2026-01-03
341,341,Firewall Disabled,P3,Closed,Infrastructure Team,17,2026-04-15
342,342,Qualys Agent Missing,P4,Closed,Security Team,44,2026-06-09
343,343,Splunk Agent Down,P4,Resolved,Infrastructure Team,21,2026-05-13
344,344,CrowdStrike Offline,P4,Resolved,Infrastructure Team,28,2026-02-02
345,345,Server Down,P3,In Progress,Messaging Team,11,2025-08-17
346,346,Firewall Disabled,P3,Resolved,Infrastructure Team,22,2025-09-08
347,347,Application Not Responding,P3,Closed,Windows Team,18,2025-12-29
348,348,Disk Space Full,P4,Closed,Windows Team,12,2026-03-09
349,349,Splunk Agent Down,P3,Resolved,Database Team,6,2026-05-12
350,350,Memory Utilization High,P4,In Progress,Database Team,42,2026-03-14
351,351,Server Down,P4,Resolved,Linux Team,72,2026-02-15
352,352,CrowdStrike Offline,P3,Resolved,Messaging Team,10,2025-12-30
353,353,Qualys Agent Missing,P2,In Progress,Security Team,8,2025-11-03
354,354,Patch Failure,P3,Open,Linux Team,14,2026-03-24
355,355,Memory Utilization High,P4,In Progress,Infrastructure Team,64,2025-10-09
356,356,Disk Space Full,P3,Closed,Database Team,6,2026-01-30
357,357,Patch Failure,P3,Open,Messaging Team,4,2025-12-15
358,358,Memory Utilization High,P3,In Progress,Linux Team,21,2025-08-19
359,359,Application Not Responding,P2,In Progress,Infrastructure Team,2,2026-01-31
360,360,Server Down,P3,Closed,Database Team,18,2025-08-21
361,361,CPU Utilization High,P2,Closed,Infrastructure Team,3,2026-04-18
362,362,Splunk Agent Down,P4,Open,Infrastructure Team,16,2025-08-09
363,363,Application Not Responding,P3,Open,Infrastructure Team,5,2025-08-28
364,364,Patch Failure,P4,Resolved,Security Team,9,2026-04-09
365,365,Disk Space Full,P2,Closed,Infrastructure Team,8,2025-10-12
366,366,CrowdStrike Offline,P4,Closed,Database Team,20,2026-07-02
367,367,Firewall Disabled,P3,Closed,Security Team,4,2025-11-23
368,368,Application Not Responding,P4,Resolved,Windows Team,18,2025-09-16
369,369,Application Not Responding,P4,Open,Windows Team,20,2026-01-22
370,370,Qualys Agent Missing,P1,Closed,Messaging Team,1,2025-08-13
371,371,Application Not Responding,P3,Resolved,Linux Team,12,2025-12-02
372,372,Splunk Agent Down,P4,Closed,Linux Team,10,2026-02-02
373,373,Splunk Agent Down,P3,Resolved,Database Team,19,2025-11-03
374,374,Server Down,P3,Open,Messaging Team,20,2026-01-06
375,375,Splunk Agent Down,P2,In Progress,Linux Team,6,2025-10-09
376,376,Application Not Responding,P4,Resolved,Database Team,23,2025-11-01
377,377,Memory Utilization High,P3,Resolved,Security Team,14,2026-04-13
378,378,CrowdStrike Offline,P4,Resolved,Windows Team,72,2026-02-02
379,379,CPU Utilization High,P4,In Progress,Database Team,72,2026-07-02
380,380,Application Not Responding,P1,Closed,Infrastructure Team,4,2025-09-19
381,381,Server Down,P2,Closed,Security Team,3,2025-12-31
382,382,CrowdStrike Offline,P4,Closed,Linux Team,24,2025-08-02
383,383,CrowdStrike Offline,P3,Resolved,Infrastructure Team,5,2025-08-03
384,384,Disk Space Full,P4,In Progress,Linux Team,20,2026-05-29
385,385,Qualys Agent Missing,P3,Closed,Messaging Team,21,2025-11-12
386,386,Qualys Agent Missing,P4,In Progress,Infrastructure Team,44,2026-02-28
387,387,Patch Failure,P2,Closed,Windows Team,8,2025-07-29
388,388,Firewall Disabled,P4,In Progress,Windows Team,33,2026-04-24
389,389,Server Down,P3,Resolved,Infrastructure Team,19,2025-09-18
390,390,Server Down,P3,Resolved,Security Team,17,2025-11-15
391,391,Memory Utilization High,P3,Resolved,Database Team,9,2025-10-26
392,392,Disk Space Full,P3,In Progress,Database Team,13,2026-04-18
393,393,Qualys Agent Missing,P3,Closed,Windows Team,7,2026-05-28
394,394,Splunk Agent Down,P4,Resolved,Infrastructure Team,22,2026-02-03
395,395,Disk Space Full,P3,Open,Messaging Team,9,2026-05-05
396,396,Firewall Disabled,P4,Open,Security Team,31,2025-08-02
397,397,Application Not Responding,P3,Closed,Messaging Team,4,2026-01-05
398,398,Disk Space Full,P2,Closed,Database Team,7,2026-07-24
399,399,Splunk Agent Down,P2,Closed,Security Team,2,2025-10-11
400,400,Patch Failure,P3,Resolved,Infrastructure Team,15,2025-09-11
401,401,Disk Space Full,P2,Closed,Infrastructure Team,4,2025-10-27
402,402,Splunk Agent Down,P4,In Progress,Infrastructure Team,71,2025-08-11
403,403,Application Not Responding,P3,In Progress,Database Team,13,2026-03-18
404,404,CrowdStrike Offline,P3,In Progress,Windows Team,17,2026-03-23
405,405,Memory Utilization High,P3,Closed,Security Team,16,2026-06-02
406,406,Qualys Agent Missing,P3,Closed,Database Team,20,2026-02-20
407,407,Memory Utilization High,P3,Closed,Linux Team,19,2026-03-10
408,408,Splunk Agent Down,P2,Closed,Messaging Team,8,2026-03-15
409,409,CrowdStrike Offline,P4,Resolved,Windows Team,37,2026-07-24
410,410,Qualys Agent Missing,P2,In Progress,Messaging Team,8,2026-07-25
411,411,Application Not Responding,P3,Closed,Windows Team,13,2025-08-14
412,412,CrowdStrike Offline,P3,Resolved,Messaging Team,21,2026-01-31
413,413,Memory Utilization High,P4,Resolved,Security Team,64,2026-05-11
414,414,Splunk Agent Down,P4,In Progress,Security Team,49,2026-01-12
415,415,Splunk Agent Down,P1,Closed,Infrastructure Team,2,2026-04-09
416,416,Firewall Disabled,P4,Closed,Infrastructure Team,16,2026-02-22
417,417,Qualys Agent Missing,P4,Open,Linux Team,11,2025-09-01
418,418,Firewall Disabled,P4,Closed,Windows Team,67,2025-11-15
419,419,Patch Failure,P3,Resolved,Database Team,16,2026-04-08
420,420,Disk Space Full,P4,In Progress,Messaging Team,52,2025-07-27
421,421,Patch Failure,P4,In Progress,Infrastructure Team,18,2025-11-25
422,422,Memory Utilization High,P3,Closed,Security Team,19,2026-01-09
423,423,Patch Failure,P1,Closed,Database Team,2,2025-11-15
424,424,Firewall Disabled,P4,In Progress,Infrastructure Team,57,2025-11-25
425,425,Application Not Responding,P3,Closed,Linux Team,8,2026-04-02
426,426,Server Down,P3,Closed,Linux Team,4,2026-04-02
427,427,CrowdStrike Offline,P2,Resolved,Messaging Team,8,2026-02-11
428,428,Splunk Agent Down,P3,In Progress,Infrastructure Team,6,2026-02-08
429,429,Qualys Agent Missing,P3,Closed,Infrastructure Team,15,2026-06-02
430,430,Splunk Agent Down,P3,Resolved,Security Team,15,2025-09-10
431,431,Memory Utilization High,P4,Resolved,Windows Team,65,2026-04-16
432,432,Firewall Disabled,P4,Closed,Messaging Team,59,2026-03-10
433,433,Qualys Agent Missing,P4,Resolved,Messaging Team,17,2026-05-27
434,434,Firewall Disabled,P4,Closed,Security Team,25,2025-12-26
435,435,Disk Space Full,P3,Resolved,Infrastructure Team,5,2026-02-24
436,436,Patch Failure,P1,In Progress,Infrastructure Team,4,2026-03-17
437,437,Patch Failure,P3,Closed,Messaging Team,12,2025-08-06
438,438,CPU Utilization High,P4,Resolved,Security Team,49,2026-04-19
439,439,Patch Failure,P4,Resolved,Database Team,42,2025-08-05
440,440,Qualys Agent Missing,P4,Closed,Linux Team,43,2026-01-24
441,441,Application Not Responding,P4,Closed,Infrastructure Team,71,2026-05-13
442,442,Disk Space Full,P4,Closed,Linux Team,51,2025-09-09
443,443,Qualys Agent Missing,P2,Closed,Infrastructure Team,5,2025-09-18
444,444,CPU Utilization High,P2,Resolved,Infrastructure Team,8,2026-02-12
445,445,CPU Utilization High,P1,In Progress,Security Team,2,2025-08-07
446,446,Firewall Disabled,P3,Resolved,Linux Team,6,2026-01-03
447,447,Disk Space Full,P3,Closed,Messaging Team,6,2026-03-09
448,448,Disk Space Full,P4,In Progress,Messaging Team,10,2026-04-14
449,449,Splunk Agent Down,P2,Closed,Messaging Team,8,2025-08-08
450,450,Firewall Disabled,P4,Resolved,Linux Team,48,2026-02-15
451,451,CrowdStrike Offline,P4,Closed,Linux Team,14,2025-08-26
452,452,CrowdStrike Offline,P4,In Progress,Infrastructure Team,20,2026-04-07
453,453,CPU Utilization High,P2,Open,Infrastructure Team,7,2025-09-08
454,454,Splunk Agent Down,P3,Closed,Infrastructure Team,14,2026-05-20
455,455,Qualys Agent Missing,P4,Resolved,Windows Team,26,2025-12-18
456,456,Firewall Disabled,P1,Closed,Messaging Team,2,2025-08-05
457,457,Disk Space Full,P2,Resolved,Infrastructure Team,3,2026-01-05
458,458,Application Not Responding,P2,Resolved,Infrastructure Team,3,2026-06-11
459,459,Memory Utilization High,P4,Open,Database Team,33,2026-03-22
460,460,Memory Utilization High,P4,Closed,Infrastructure Team,51,2025-08-20
461,461,Patch Failure,P4,Closed,Security Team,53,2025-11-17
462,462,Server Down,P4,Resolved,Database Team,32,2026-03-04
463,463,Qualys Agent Missing,P3,Resolved,Linux Team,9,2026-07-20
464,464,Server Down,P1,Closed,Database Team,4,2026-02-04
465,465,Patch Failure,P2,In Progress,Infrastructure Team,3,2025-10-31
466,466,Firewall Disabled,P3,Closed,Database Team,12,2026-06-02
467,467,CPU Utilization High,P4,Closed,Security Team,24,2026-04-24
468,468,Firewall Disabled,P3,Resolved,Windows Team,6,2026-01-17
469,469,Memory Utilization High,P3,In Progress,Windows Team,15,2025-12-15
470,470,Splunk Agent Down,P2,Resolved,Database Team,6,2026-02-17
471,471,Qualys Agent Missing,P3,Closed,Infrastructure Team,12,2025-09-30
472,472,Application Not Responding,P4,Closed,Infrastructure Team,32,2026-04-11
473,473,Patch Failure,P3,Closed,Infrastructure Team,12,2026-03-26
474,474,CrowdStrike Offline,P4,Closed,Security Team,71,2025-09-07
475,475,CPU Utilization High,P4,Resolved,Messaging Team,67,2025-11-30
476,476,CrowdStrike Offline,P4,Closed,Infrastructure Team,34,2026-02-10
477,477,Firewall Disabled,P4,Closed,Infrastructure Team,29,2025-09-09
478,478,Splunk Agent Down,P3,Resolved,Infrastructure Team,20,2025-10-11
479,479,Application Not Responding,P3,Resolved,Windows Team,24,2026-01-14
480,480,Memory Utilization High,P4,Resolved,Infrastructure Team,14,2025-08-05
481,481,Disk Space Full,P2,Closed,Messaging Team,8,2025-12-11
482,482,CrowdStrike Offline,P4,In Progress,Infrastructure Team,10,2025-09-10
483,483,Memory Utilization High,P4,Closed,Database Team,23,2026-04-16
484,484,Application Not Responding,P2,Closed,Windows Team,6,2025-12-16
485,485,Application Not Responding,P2,In Progress,Infrastructure Team,4,2026-06-17
486,486,Qualys Agent Missing,P3,Resolved,Linux Team,20,2025-09-19
487,487,Disk Space Full,P4,In Progress,Infrastructure Team,55,2025-10-02
488,488,Application Not Responding,P4,Closed,Windows Team,32,2026-07-11
489,489,Splunk Agent Down,P4,Resolved,Infrastructure Team,24,2026-04-18
490,490,Application Not Responding,P1,In Progress,Infrastructure Team,4,2026-07-18
491,491,Firewall Disabled,P4,Open,Infrastructure Team,42,2026-03-20
492,492,Splunk Agent Down,P4,Resolved,Infrastructure Team,19,2026-03-09
493,493,Qualys Agent Missing,P4,Resolved,Linux Team,20,2026-07-05
494,494,Patch Failure,P3,Open,Messaging Team,17,2025-12-13
495,495,CPU Utilization High,P3,Resolved,Security Team,17,2025-12-30
496,496,CrowdStrike Offline,P1,Resolved,Infrastructure Team,4,2025-09-13
497,497,Server Down,P4,Resolved,Infrastructure Team,42,2026-07-09
498,498,CPU Utilization High,P1,Closed,Windows Team,1,2025-10-24
499,499,Memory Utilization High,P3,Resolved,Messaging Team,4,2025-10-07
500,500,Memory Utilization High,P4,Resolved,Security Team,41,2026-06-26
501,501,Disk Space Full,P4,Resolved,Security Team,63,2026-03-04
502,502,Qualys Agent Missing,P3,Closed,Linux Team,4,2026-02-10
503,503,CPU Utilization High,P3,In Progress,Infrastructure Team,9,2025-09-30
504,504,Server Down,P4,Resolved,Linux Team,42,2026-05-30
505,505,Splunk Agent Down,P1,Resolved,Security Team,1,2026-03-07
506,506,Application Not Responding,P3,Closed,Windows Team,14,2025-11-05
507,507,Memory Utilization High,P4,In Progress,Messaging Team,57,2025-10-04
508,508,Application Not Responding,P4,Resolved,Infrastructure Team,66,2025-11-07
509,509,Qualys Agent Missing,P3,Open,Infrastructure Team,5,2026-04-20
510,510,Splunk Agent Down,P2,Closed,Security Team,5,2025-10-18
511,511,CrowdStrike Offline,P4,Closed,Security Team,39,2025-11-09
512,512,CPU Utilization High,P4,In Progress,Security Team,22,2025-09-17
513,513,Memory Utilization High,P3,Closed,Linux Team,6,2026-02-08
514,514,Application Not Responding,P4,Resolved,Windows Team,43,2026-01-02
515,515,Application Not Responding,P2,Resolved,Windows Team,8,2025-12-23
516,516,Qualys Agent Missing,P3,Closed,Database Team,19,2026-01-22
517,517,Server Down,P3,Resolved,Infrastructure Team,23,2026-06-24
518,518,Qualys Agent Missing,P4,In Progress,Messaging Team,42,2025-11-06
519,519,CPU Utilization High,P4,In Progress,Security Team,34,2026-06-01
520,520,Firewall Disabled,P3,Resolved,Infrastructure Team,21,2026-01-24
521,521,Server Down,P3,Resolved,Windows Team,14,2026-05-09
522,522,Patch Failure,P3,Closed,Infrastructure Team,18,2026-01-24
523,523,Patch Failure,P2,Resolved,Linux Team,5,2025-10-28
524,524,Disk Space Full,P2,In Progress,Windows Team,8,2025-12-11
525,525,Patch Failure,P3,Closed,Infrastructure Team,7,2026-04-09
526,526,CPU Utilization High,P4,Closed,Infrastructure Team,40,2025-08-17
527,527,Firewall Disabled,P3,Resolved,Windows Team,16,2026-04-24
528,528,CrowdStrike Offline,P3,Resolved,Database Team,24,2025-11-04
529,529,Disk Space Full,P4,Open,Windows Team,20,2025-09-24
530,530,CrowdStrike Offline,P1,In Progress,Security Team,3,2025-11-28
531,531,Patch Failure,P3,Open,Messaging Team,24,2025-11-30
532,532,CrowdStrike Offline,P1,In Progress,Infrastructure Team,4,2026-04-16
533,533,CrowdStrike Offline,P1,In Progress,Linux Team,2,2025-12-09
534,534,Disk Space Full,P4,Closed,Database Team,18,2025-09-27
535,535,Firewall Disabled,P3,Resolved,Database Team,19,2025-12-30
536,536,Splunk Agent Down,P4,Closed,Windows Team,22,2025-08-03
537,537,Disk Space Full,P4,Resolved,Linux Team,11,2025-11-15
538,538,Server Down,P3,Resolved,Messaging Team,5,2025-11-17
539,539,Server Down,P3,Resolved,Database Team,5,2026-06-23
540,540,Server Down,P2,Resolved,Infrastructure Team,2,2025-10-01
541,541,Application Not Responding,P3,In Progress,Infrastructure Team,15,2025-08-31
542,542,Patch Failure,P4,Resolved,Database Team,15,2026-02-27
543,543,Splunk Agent Down,P2,Closed,Messaging Team,8,2026-05-05
544,544,Disk Space Full,P4,In Progress,Database Team,46,2026-02-06
545,545,Memory Utilization High,P1,In Progress,Security Team,4,2026-04-24
546,546,Firewall Disabled,P3,Closed,Infrastructure Team,8,2026-07-10
547,547,CrowdStrike Offline,P3,Closed,Windows Team,22,2025-09-07
548,548,CrowdStrike Offline,P3,In Progress,Linux Team,18,2025-11-21
549,549,Qualys Agent Missing,P4,Open,Infrastructure Team,38,2026-07-05
550,550,Disk Space Full,P4,Closed,Infrastructure Team,34,2025-10-10
551,551,Server Down,P4,In Progress,Messaging Team,13,2026-01-19
552,552,Splunk Agent Down,P1,In Progress,Linux Team,2,2026-04-30
553,553,CrowdStrike Offline,P4,Closed,Windows Team,64,2026-05-26
554,554,Firewall Disabled,P4,Closed,Database Team,67,2026-06-22
555,555,Memory Utilization High,P3,Closed,Linux Team,11,2026-04-16
556,556,CPU Utilization High,P3,Resolved,Messaging Team,4,2026-02-07
557,557,Qualys Agent Missing,P4,Resolved,Windows Team,36,2026-05-14
558,558,Splunk Agent Down,P1,Resolved,Infrastructure Team,2,2026-07-23
559,559,Memory Utilization High,P2,Resolved,Infrastructure Team,5,2025-08-02
560,560,Disk Space Full,P4,Resolved,Linux Team,71,2026-04-12
561,561,CPU Utilization High,P3,In Progress,Messaging Team,24,2026-06-07
562,562,Server Down,P4,Resolved,Database Team,66,2025-08-07
563,563,Memory Utilization High,P4,Resolved,Database Team,39,2025-08-04
564,564,Server Down,P3,Closed,Infrastructure Team,22,2026-05-21
565,565,Server Down,P1,Resolved,Security Team,4,2026-02-03
566,566,CPU Utilization High,P3,Resolved,Messaging Team,22,2026-04-10
567,567,Memory Utilization High,P3,Closed,Messaging Team,13,2026-04-07
568,568,Memory Utilization High,P3,Closed,Infrastructure Team,22,2025-08-18
569,569,Server Down,P3,Closed,Database Team,14,2026-03-02
570,570,Server Down,P4,Closed,Linux Team,23,2026-04-25
571,571,Application Not Responding,P3,In Progress,Security Team,8,2025-12-16
572,572,Memory Utilization High,P3,Closed,Windows Team,10,2025-10-29
573,573,Disk Space Full,P4,Closed,Security Team,37,2025-11-17
574,574,CrowdStrike Offline,P3,In Progress,Database Team,15,2026-01-18
575,575,CPU Utilization High,P4,In Progress,Security Team,31,2025-12-15
576,576,Disk Space Full,P4,Resolved,Linux Team,50,2025-12-22
577,577,Disk Space Full,P2,Closed,Messaging Team,6,2025-11-27
578,578,Firewall Disabled,P3,Resolved,Database Team,14,2025-12-05
579,579,Qualys Agent Missing,P4,Closed,Messaging Team,27,2025-12-31
580,580,Patch Failure,P3,Closed,Messaging Team,16,2025-12-24
581,581,Splunk Agent Down,P3,Resolved,Database Team,14,2026-05-15
582,582,Splunk Agent Down,P4,Closed,Infrastructure Team,53,2026-01-18
583,583,Qualys Agent Missing,P3,Closed,Messaging Team,12,2026-07-15
584,584,Patch Failure,P3,Open,Linux Team,9,2025-08-04
585,585,Qualys Agent Missing,P4,Closed,Infrastructure Team,29,2026-06-16
586,586,CrowdStrike Offline,P3,Open,Messaging Team,16,2025-11-05
587,587,Splunk Agent Down,P3,Resolved,Windows Team,18,2025-08-04
588,588,Firewall Disabled,P1,Closed,Windows Team,2,2026-06-13
589,589,Splunk Agent Down,P4,In Progress,Messaging Team,59,2026-03-23
590,590,Patch Failure,P3,In Progress,Messaging Team,6,2025-10-11
591,591,Qualys Agent Missing,P3,In Progress,Infrastructure Team,24,2026-03-28
592,592,Splunk Agent Down,P4,In Progress,Infrastructure Team,67,2026-01-13
593,593,Patch Failure,P4,In Progress,Windows Team,67,2026-03-18
594,594,CPU Utilization High,P1,Closed,Infrastructure Team,4,2026-06-19
595,595,Memory Utilization High,P4,Resolved,Windows Team,50,2026-06-05
596,596,CrowdStrike Offline,P4,Closed,Database Team,54,2026-04-01
597,597,Server Down,P2,Resolved,Windows Team,8,2025-10-14
598,598,Qualys Agent Missing,P3,In Progress,Linux Team,23,2025-12-07
599,599,Qualys Agent Missing,P3,Closed,Infrastructure Team,21,2025-09-27
600,600,Server Down,P3,In Progress,Database Team,17,2026-07-01
601,601,Patch Failure,P4,Closed,Messaging Team,55,2025-11-27
602,602,Application Not Responding,P1,Closed,Messaging Team,1,2026-03-30
603,603,Disk Space Full,P3,Closed,Infrastructure Team,12,2025-09-11
604,604,Application Not Responding,P4,Closed,Security Team,48,2025-09-04
605,605,Disk Space Full,P4,Resolved,Linux Team,34,2026-06-11
606,606,CPU Utilization High,P2,In Progress,Database Team,8,2026-04-01
607,607,CrowdStrike Offline,P3,Closed,Security Team,7,2025-10-29
608,608,CrowdStrike Offline,P3,Closed,Messaging Team,9,2025-08-26
609,609,Memory Utilization High,P4,Resolved,Security Team,42,2026-04-27
610,610,Memory Utilization High,P4,Closed,Database Team,38,2026-01-20
611,611,CPU Utilization High,P4,In Progress,Linux Team,70,2025-11-21
612,612,CPU Utilization High,P4,Resolved,Linux Team,32,2025-12-12
613,613,Server Down,P3,Closed,Infrastructure Team,7,2026-01-15
614,614,Firewall Disabled,P3,Open,Security Team,12,2026-01-05
615,615,CPU Utilization High,P2,Closed,Infrastructure Team,2,2025-09-25
616,616,Firewall Disabled,P3,Open,Linux Team,23,2025-08-14
617,617,CrowdStrike Offline,P3,Open,Messaging Team,21,2026-03-19
618,618,Patch Failure,P4,Resolved,Database Team,60,2026-02-27
619,619,Server Down,P2,Closed,Messaging Team,3,2026-02-19
620,620,CrowdStrike Offline,P3,Closed,Infrastructure Team,8,2026-07-05
621,621,Server Down,P4,Closed,Infrastructure Team,23,2026-05-12
622,622,Memory Utilization High,P4,Closed,Infrastructure Team,37,2025-10-15
623,623,Server Down,P4,Closed,Infrastructure Team,47,2025-08-09
624,624,Disk Space Full,P4,Resolved,Messaging Team,26,2025-09-13
625,625,CPU Utilization High,P3,Closed,Infrastructure Team,11,2026-06-14
626,626,Firewall Disabled,P3,In Progress,Infrastructure Team,16,2025-08-31
627,627,Splunk Agent Down,P3,Closed,Windows Team,20,2026-01-21
628,628,Application Not Responding,P3,Open,Linux Team,5,2026-06-12
629,629,Patch Failure,P4,In Progress,Infrastructure Team,44,2026-04-03
630,630,Application Not Responding,P3,Resolved,Linux Team,15,2026-03-11
631,631,Server Down,P4,In Progress,Infrastructure Team,69,2025-12-25
632,632,CPU Utilization High,P1,Closed,Windows Team,4,2026-01-13
633,633,CrowdStrike Offline,P4,Resolved,Database Team,29,2026-05-10
634,634,Qualys Agent Missing,P2,Closed,Infrastructure Team,7,2026-07-03
635,635,Qualys Agent Missing,P3,Closed,Infrastructure Team,13,2025-08-01
636,636,Server Down,P1,Resolved,Infrastructure Team,3,2025-10-08
637,637,Memory Utilization High,P2,Closed,Database Team,2,2026-06-25
638,638,Patch Failure,P3,Closed,Security Team,17,2025-07-28
639,639,CrowdStrike Offline,P3,In Progress,Messaging Team,12,2025-10-03
640,640,Splunk Agent Down,P3,Closed,Infrastructure Team,9,2025-12-04
641,641,Splunk Agent Down,P3,Closed,Infrastructure Team,21,2026-07-02
642,642,Splunk Agent Down,P3,Closed,Infrastructure Team,21,2026-06-09
643,643,CrowdStrike Offline,P2,Resolved,Linux Team,3,2025-11-12
644,644,CPU Utilization High,P4,Closed,Linux Team,56,2025-08-09
645,645,CPU Utilization High,P3,Open,Windows Team,13,2026-05-31
646,646,Splunk Agent Down,P4,In Progress,Database Team,19,2025-12-26
647,647,Memory Utilization High,P3,Closed,Security Team,20,2025-11-10
648,648,Patch Failure,P2,Resolved,Security Team,8,2026-01-10
649,649,CPU Utilization High,P3,Closed,Infrastructure Team,18,2025-12-25
650,650,CPU Utilization High,P1,In Progress,Windows Team,3,2026-06-16
651,651,Server Down,P2,In Progress,Database Team,5,2025-09-29
652,652,Splunk Agent Down,P4,Resolved,Linux Team,17,2025-10-04
653,653,CPU Utilization High,P3,Closed,Security Team,24,2026-01-04
654,654,Application Not Responding,P2,Closed,Windows Team,4,2026-05-31
655,655,Disk Space Full,P3,Closed,Infrastructure Team,13,2026-07-24
656,656,Memory Utilization High,P2,Closed,Linux Team,4,2026-05-13
657,657,CPU Utilization High,P3,In Progress,Infrastructure Team,7,2026-01-19
658,658,Patch Failure,P3,Closed,Security Team,19,2026-04-06
659,659,Memory Utilization High,P4,Resolved,Infrastructure Team,11,2026-01-20
660,660,Server Down,P3,Resolved,Linux Team,15,2025-12-07
661,661,Patch Failure,P3,Resolved,Windows Team,17,2025-08-23
662,662,Firewall Disabled,P3,Resolved,Database Team,22,2025-08-10
663,663,CPU Utilization High,P4,Closed,Windows Team,65,2026-02-03
664,664,Splunk Agent Down,P3,In Progress,Linux Team,18,2026-06-24
665,665,Patch Failure,P2,Resolved,Infrastructure Team,3,2025-08-02
666,666,Application Not Responding,P2,Resolved,Linux Team,7,2025-10-12
667,667,Firewall Disabled,P3,In Progress,Security Team,22,2026-02-14
668,668,CrowdStrike Offline,P3,In Progress,Security Team,19,2025-07-26
669,669,Disk Space Full,P2,Resolved,Messaging Team,6,2026-03-06
670,670,Firewall Disabled,P4,In Progress,Infrastructure Team,28,2026-07-20
671,671,Splunk Agent Down,P3,Open,Linux Team,4,2025-12-17
672,672,CPU Utilization High,P3,In Progress,Infrastructure Team,16,2026-07-13
673,673,Application Not Responding,P3,Resolved,Infrastructure Team,15,2026-01-23
674,674,CrowdStrike Offline,P4,Open,Infrastructure Team,38,2025-08-03
675,675,CPU Utilization High,P4,Closed,Infrastructure Team,9,2025-10-06
676,676,Server Down,P1,Closed,Messaging Team,1,2026-03-29
677,677,Firewall Disabled,P3,Resolved,Messaging Team,24,2026-07-20
678,678,Disk Space Full,P3,In Progress,Messaging Team,12,2026-05-27
679,679,Disk Space Full,P3,Closed,Security Team,24,2025-08-02
680,680,Memory Utilization High,P2,Closed,Security Team,2,2025-10-02
681,681,Disk Space Full,P3,Closed,Infrastructure Team,24,2026-05-15
682,682,CPU Utilization High,P4,Closed,Infrastructure Team,67,2026-01-06
683,683,CPU Utilization High,P4,Closed,Messaging Team,35,2026-01-26
684,684,Memory Utilization High,P4,Closed,Security Team,23,2025-08-16
685,685,CPU Utilization High,P4,Resolved,Infrastructure Team,42,2025-08-07
686,686,Disk Space Full,P1,Open,Infrastructure Team,4,2026-01-20
687,687,CrowdStrike Offline,P4,Resolved,Messaging Team,44,2026-01-04
688,688,Memory Utilization High,P4,Resolved,Infrastructure Team,19,2026-06-22
689,689,CPU Utilization High,P4,Resolved,Security Team,9,2025-09-11
690,690,Application Not Responding,P3,Closed,Messaging Team,15,2026-06-10
691,691,Firewall Disabled,P2,In Progress,Messaging Team,5,2025-12-09
692,692,Disk Space Full,P4,Resolved,Messaging Team,47,2026-07-02
693,693,Disk Space Full,P1,In Progress,Infrastructure Team,4,2026-04-10
694,694,Qualys Agent Missing,P2,Closed,Linux Team,8,2025-08-20
695,695,CPU Utilization High,P4,Closed,Infrastructure Team,52,2025-11-27
696,696,CrowdStrike Offline,P3,In Progress,Database Team,20,2026-07-25
697,697,Application Not Responding,P3,Closed,Messaging Team,20,2025-10-13
698,698,Firewall Disabled,P2,Resolved,Security Team,4,2025-08-08
699,699,Server Down,P3,Open,Linux Team,13,2026-02-05
700,700,Qualys Agent Missing,P4,In Progress,Linux Team,41,2026-05-11
701,701,Patch Failure,P2,Closed,Security Team,3,2025-11-21
702,702,Qualys Agent Missing,P3,Resolved,Security Team,5,2025-09-10
703,703,Firewall Disabled,P4,Resolved,Infrastructure Team,32,2026-03-22
704,704,Application Not Responding,P3,Resolved,Windows Team,13,2026-05-02
705,705,Disk Space Full,P4,Resolved,Messaging Team,12,2026-07-05
706,706,CrowdStrike Offline,P3,Open,Windows Team,21,2026-03-24
707,707,Application Not Responding,P4,Open,Messaging Team,29,2025-11-13
708,708,Patch Failure,P3,Resolved,Infrastructure Team,21,2025-12-22
709,709,Application Not Responding,P3,Closed,Linux Team,20,2026-07-25
710,710,Server Down,P3,Closed,Infrastructure Team,12,2026-05-09
711,711,Application Not Responding,P3,Closed,Security Team,6,2026-03-05
712,712,Application Not Responding,P2,Resolved,Linux Team,6,2025-10-19
713,713,Firewall Disabled,P4,Closed,Messaging Team,54,2026-06-25
714,714,CPU Utilization High,P4,Resolved,Messaging Team,17,2026-03-31
715,715,CPU Utilization High,P4,In Progress,Messaging Team,23,2025-08-12
716,716,CrowdStrike Offline,P3,Resolved,Windows Team,11,2025-12-06
717,717,CPU Utilization High,P4,In Progress,Windows Team,64,2025-12-16
718,718,Application Not Responding,P4,Closed,Windows Team,11,2025-11-02
719,719,Application Not Responding,P3,Closed,Infrastructure Team,6,2025-12-05
720,720,CrowdStrike Offline,P3,Resolved,Linux Team,9,2025-11-24
721,721,Qualys Agent Missing,P4,Resolved,Database Team,48,2026-05-04
722,722,Memory Utilization High,P2,Closed,Security Team,4,2025-12-03
723,723,Memory Utilization High,P2,In Progress,Windows Team,3,2026-01-10
724,724,Application Not Responding,P3,Closed,Windows Team,10,2025-08-20
725,725,CPU Utilization High,P2,Resolved,Linux Team,6,2025-12-21
726,726,Disk Space Full,P4,Closed,Linux Team,47,2025-09-16
727,727,Disk Space Full,P4,Closed,Security Team,13,2026-04-05
728,728,Firewall Disabled,P3,Open,Infrastructure Team,8,2026-04-08
729,729,Disk Space Full,P4,Closed,Linux Team,21,2025-11-27
730,730,Disk Space Full,P2,Resolved,Windows Team,4,2025-12-21
731,731,Application Not Responding,P3,Closed,Linux Team,7,2026-04-03
732,732,Splunk Agent Down,P4,Resolved,Security Team,40,2025-09-18
733,733,Application Not Responding,P2,In Progress,Infrastructure Team,6,2026-02-08
734,734,Server Down,P4,Resolved,Security Team,44,2026-04-11
735,735,Patch Failure,P2,Closed,Database Team,3,2026-03-14
736,736,Firewall Disabled,P4,Open,Windows Team,50,2025-09-11
737,737,Qualys Agent Missing,P4,In Progress,Messaging Team,68,2026-04-02
738,738,Firewall Disabled,P4,Closed,Security Team,48,2026-07-12
739,739,Memory Utilization High,P4,In Progress,Windows Team,29,2025-09-07
740,740,Application Not Responding,P4,Closed,Infrastructure Team,21,2026-01-06
741,741,Firewall Disabled,P2,Open,Linux Team,8,2025-10-26
742,742,CPU Utilization High,P2,Closed,Database Team,7,2025-12-23
743,743,Server Down,P4,Closed,Messaging Team,40,2026-05-14
744,744,Firewall Disabled,P3,Closed,Linux Team,6,2026-05-05
745,745,Disk Space Full,P4,Resolved,Infrastructure Team,43,2026-06-11
746,746,Disk Space Full,P2,Closed,Infrastructure Team,7,2025-10-23
747,747,Patch Failure,P4,In Progress,Database Team,60,2025-12-19
748,748,CPU Utilization High,P4,Closed,Windows Team,32,2026-06-17
749,749,Firewall Disabled,P4,Closed,Database Team,26,2025-10-12
750,750,CrowdStrike Offline,P4,Closed,Security Team,65,2026-02-05
751,751,Firewall Disabled,P4,Open,Linux Team,18,2025-10-14
752,752,Server Down,P4,Open,Messaging Team,59,2025-12-12
753,753,CrowdStrike Offline,P3,Open,Windows Team,5,2025-09-08
754,754,Server Down,P2,Closed,Database Team,2,2026-05-31
755,755,Splunk Agent Down,P4,Closed,Infrastructure Team,67,2026-01-22
756,756,Disk Space Full,P3,Resolved,Database Team,13,2026-03-02
757,757,Disk Space Full,P2,Closed,Infrastructure Team,5,2026-02-07
758,758,Firewall Disabled,P2,Resolved,Messaging Team,7,2025-12-03
759,759,Qualys Agent Missing,P3,Resolved,Windows Team,5,2026-05-29
760,760,CPU Utilization High,P3,Resolved,Messaging Team,14,2026-03-10
761,761,Firewall Disabled,P4,Closed,Infrastructure Team,71,2025-11-29
762,762,Qualys Agent Missing,P4,Resolved,Messaging Team,26,2026-03-15
763,763,Server Down,P3,Resolved,Security Team,13,2025-11-01
764,764,CPU Utilization High,P2,In Progress,Infrastructure Team,8,2026-02-07
765,765,CrowdStrike Offline,P4,Resolved,Windows Team,42,2026-05-02
766,766,Patch Failure,P4,Closed,Windows Team,63,2025-12-01
767,767,CrowdStrike Offline,P3,Resolved,Infrastructure Team,15,2026-07-25
768,768,Server Down,P4,Resolved,Messaging Team,27,2026-05-13
769,769,CrowdStrike Offline,P3,Closed,Infrastructure Team,19,2025-09-12
770,770,Splunk Agent Down,P4,Closed,Infrastructure Team,34,2026-02-27
771,771,Application Not Responding,P2,Closed,Windows Team,2,2026-07-22
772,772,Application Not Responding,P4,In Progress,Security Team,42,2026-02-02
773,773,Server Down,P4,Closed,Infrastructure Team,40,2026-07-11
774,774,Server Down,P4,Resolved,Windows Team,37,2026-03-20
775,775,Server Down,P1,Closed,Infrastructure Team,4,2025-10-12
776,776,Patch Failure,P4,In Progress,Linux Team,14,2025-08-27
777,777,Disk Space Full,P4,Closed,Database Team,65,2026-04-28
778,778,CrowdStrike Offline,P3,Resolved,Infrastructure Team,12,2026-07-22
779,779,Server Down,P4,Resolved,Security Team,59,2025-12-15
780,780,Application Not Responding,P3,Closed,Security Team,10,2026-07-16
781,781,Patch Failure,P3,Closed,Linux Team,14,2026-05-05
782,782,Patch Failure,P3,Resolved,Windows Team,8,2026-05-11
783,783,Patch Failure,P2,Resolved,Windows Team,8,2025-12-08
784,784,Patch Failure,P1,In Progress,Messaging Team,1,2025-09-30
785,785,CPU Utilization High,P4,Closed,Linux Team,16,2025-12-31
786,786,Memory Utilization High,P2,Closed,Linux Team,6,2026-05-26
787,787,Qualys Agent Missing,P2,Open,Database Team,2,2025-10-02
788,788,CrowdStrike Offline,P3,In Progress,Database Team,8,2026-04-02
789,789,CPU Utilization High,P4,Resolved,Infrastructure Team,13,2026-01-04
790,790,Application Not Responding,P4,Resolved,Security Team,68,2026-07-20
791,791,Qualys Agent Missing,P2,In Progress,Windows Team,3,2025-11-02
792,792,Splunk Agent Down,P3,Closed,Security Team,19,2026-06-11
793,793,Splunk Agent Down,P3,Open,Windows Team,11,2026-07-03
794,794,Application Not Responding,P3,Open,Windows Team,4,2025-12-22
795,795,Patch Failure,P3,In Progress,Database Team,10,2026-07-12
796,796,Memory Utilization High,P3,Closed,Database Team,16,2026-03-13
797,797,CPU Utilization High,P3,Resolved,Infrastructure Team,4,2026-03-09
798,798,Server Down,P4,In Progress,Infrastructure Team,30,2026-02-11
799,799,Disk Space Full,P4,In Progress,Linux Team,41,2026-02-01
800,800,Splunk Agent Down,P4,Resolved,Messaging Team,38,2025-10-24
801,801,Server Down,P1,Closed,Security Team,1,2026-04-24
802,802,CrowdStrike Offline,P1,Resolved,Infrastructure Team,4,2025-12-18
803,803,Memory Utilization High,P3,In Progress,Infrastructure Team,15,2026-07-18
804,804,Firewall Disabled,P4,Resolved,Infrastructure Team,48,2025-09-10
805,805,CrowdStrike Offline,P4,Closed,Infrastructure Team,16,2025-07-27
806,806,Firewall Disabled,P3,Open,Security Team,13,2026-02-22
807,807,Application Not Responding,P3,Closed,Windows Team,11,2026-03-11
808,808,Disk Space Full,P4,In Progress,Windows Team,71,2026-07-03
809,809,Patch Failure,P3,Closed,Windows Team,18,2025-08-23
810,810,Firewall Disabled,P4,Open,Security Team,70,2026-05-31
811,811,CPU Utilization High,P3,Closed,Messaging Team,9,2026-04-08
812,812,CrowdStrike Offline,P3,In Progress,Database Team,14,2026-03-20
813,813,Qualys Agent Missing,P3,Resolved,Infrastructure Team,4,2026-01-20
814,814,Disk Space Full,P2,Closed,Infrastructure Team,3,2025-08-14
815,815,Qualys Agent Missing,P4,Resolved,Infrastructure Team,40,2026-03-04
816,816,CPU Utilization High,P2,Resolved,Security Team,6,2026-05-14
817,817,Patch Failure,P3,Resolved,Linux Team,20,2026-04-15
818,818,Memory Utilization High,P3,In Progress,Infrastructure Team,4,2025-10-10
819,819,Splunk Agent Down,P1,Resolved,Windows Team,3,2026-03-29
820,820,Patch Failure,P1,Closed,Security Team,4,2025-11-21
821,821,Disk Space Full,P2,In Progress,Infrastructure Team,7,2025-08-21
822,822,CrowdStrike Offline,P4,Resolved,Database Team,10,2026-01-19
823,823,CPU Utilization High,P3,Closed,Windows Team,21,2025-11-28
824,824,CPU Utilization High,P4,Closed,Messaging Team,8,2026-02-04
825,825,Splunk Agent Down,P1,Closed,Database Team,4,2025-10-26
826,826,Firewall Disabled,P3,Closed,Security Team,8,2026-06-17
827,827,Server Down,P3,In Progress,Linux Team,4,2025-10-13
828,828,CrowdStrike Offline,P3,Resolved,Messaging Team,6,2026-07-19
829,829,Application Not Responding,P4,Closed,Database Team,71,2026-02-20
830,830,CPU Utilization High,P4,Resolved,Database Team,8,2026-05-20
831,831,Firewall Disabled,P2,Resolved,Messaging Team,2,2026-01-24
832,832,Splunk Agent Down,P3,Closed,Infrastructure Team,23,2026-04-21
833,833,Qualys Agent Missing,P4,Open,Messaging Team,48,2025-12-16
834,834,CPU Utilization High,P4,Closed,Infrastructure Team,70,2025-08-22
835,835,Firewall Disabled,P2,Resolved,Database Team,6,2026-04-19
836,836,Splunk Agent Down,P3,Resolved,Security Team,7,2025-12-28
837,837,Qualys Agent Missing,P4,Resolved,Database Team,38,2026-02-06
838,838,CrowdStrike Offline,P3,Resolved,Security Team,22,2026-01-15
839,839,Application Not Responding,P3,Resolved,Messaging Team,6,2025-11-26
840,840,Patch Failure,P4,In Progress,Security Team,24,2025-09-15
841,841,Disk Space Full,P4,Closed,Windows Team,59,2026-03-10
842,842,Firewall Disabled,P3,Closed,Security Team,13,2025-08-14
843,843,Application Not Responding,P1,In Progress,Security Team,1,2025-10-17
844,844,Splunk Agent Down,P2,Resolved,Security Team,2,2025-08-01
845,845,Firewall Disabled,P4,Closed,Database Team,43,2026-04-12
846,846,Memory Utilization High,P3,Closed,Windows Team,12,2026-05-10
847,847,Splunk Agent Down,P2,Closed,Messaging Team,3,2026-05-28
848,848,Patch Failure,P3,Open,Database Team,22,2026-01-18
849,849,Memory Utilization High,P3,Closed,Messaging Team,17,2025-09-23
850,850,Splunk Agent Down,P3,Resolved,Database Team,7,2025-11-03
851,851,Splunk Agent Down,P3,Open,Linux Team,21,2025-09-14
852,852,Qualys Agent Missing,P4,Resolved,Infrastructure Team,46,2025-09-23
853,853,Server Down,P3,Closed,Messaging Team,18,2026-02-05
854,854,Memory Utilization High,P2,Open,Linux Team,5,2026-06-22
855,855,CPU Utilization High,P3,Resolved,Database Team,15,2026-06-25
856,856,Firewall Disabled,P1,Open,Linux Team,2,2025-11-10
857,857,Disk Space Full,P2,Closed,Messaging Team,8,2025-11-20
858,858,Memory Utilization High,P4,Resolved,Messaging Team,45,2025-11-17
859,859,Qualys Agent Missing,P2,Closed,Database Team,8,2025-10-16
860,860,CPU Utilization High,P2,Resolved,Windows Team,5,2025-10-06
861,861,Firewall Disabled,P4,Resolved,Windows Team,65,2026-02-08
862,862,Patch Failure,P4,In Progress,Windows Team,44,2026-01-08
863,863,Qualys Agent Missing,P3,Open,Messaging Team,7,2025-12-07
864,864,Server Down,P4,Resolved,Infrastructure Team,23,2025-12-06
865,865,Firewall Disabled,P4,Resolved,Linux Team,9,2026-01-04
866,866,Qualys Agent Missing,P3,Open,Infrastructure Team,11,2025-10-20
867,867,Splunk Agent Down,P2,Closed,Database Team,3,2025-09-29
868,868,CPU Utilization High,P4,Resolved,Linux Team,71,2025-09-28
869,869,CrowdStrike Offline,P3,Closed,Infrastructure Team,23,2026-06-15
870,870,Patch Failure,P3,Closed,Linux Team,11,2026-05-01
871,871,Disk Space Full,P4,Closed,Database Team,42,2025-10-18
872,872,Patch Failure,P1,In Progress,Windows Team,1,2025-09-10
873,873,CrowdStrike Offline,P4,Resolved,Linux Team,59,2026-03-15
874,874,Splunk Agent Down,P2,Closed,Security Team,2,2026-03-06
875,875,CPU Utilization High,P4,Resolved,Security Team,25,2025-10-13
876,876,Application Not Responding,P2,Closed,Messaging Team,3,2026-04-29
877,877,Server Down,P2,Closed,Windows Team,8,2026-04-12
878,878,Patch Failure,P3,Closed,Infrastructure Team,24,2025-10-21
879,879,Qualys Agent Missing,P3,Closed,Security Team,8,2025-12-13
880,880,Application Not Responding,P3,In Progress,Database Team,6,2025-09-04
881,881,Application Not Responding,P4,In Progress,Database Team,27,2026-01-16
882,882,Firewall Disabled,P2,Closed,Security Team,2,2025-10-16
883,883,Qualys Agent Missing,P3,Resolved,Security Team,20,2025-11-06
884,884,CPU Utilization High,P2,Closed,Infrastructure Team,8,2025-11-15
885,885,Server Down,P1,Closed,Infrastructure Team,2,2026-06-18
886,886,Splunk Agent Down,P3,Resolved,Infrastructure Team,13,2025-11-02
887,887,CPU Utilization High,P3,Resolved,Linux Team,19,2025-08-10
888,888,Firewall Disabled,P3,Closed,Linux Team,6,2026-01-02
889,889,Application Not Responding,P2,Closed,Windows Team,3,2025-10-14
890,890,Splunk Agent Down,P3,Closed,Linux Team,23,2025-08-22
891,891,Patch Failure,P3,Closed,Infrastructure Team,22,2025-11-27
892,892,Disk Space Full,P3,Resolved,Security Team,20,2026-03-27
893,893,Splunk Agent Down,P3,Resolved,Security Team,4,2026-06-09
894,894,Splunk Agent Down,P3,Closed,Windows Team,11,2026-05-08
895,895,Memory Utilization High,P2,Resolved,Windows Team,2,2025-11-05
896,896,CrowdStrike Offline,P2,Closed,Database Team,7,2026-07-20
897,897,CrowdStrike Offline,P2,Closed,Infrastructure Team,8,2025-08-21
898,898,Patch Failure,P3,Closed,Messaging Team,15,2026-03-23
899,899,CrowdStrike Offline,P3,In Progress,Infrastructure Team,4,2026-06-28
900,900,Disk Space Full,P4,Open,Linux Team,62,2026-05-16
901,901,Qualys Agent Missing,P1,Open,Infrastructure Team,4,2025-08-01
902,902,Patch Failure,P4,Closed,Messaging Team,10,2026-01-27
903,903,Qualys Agent Missing,P4,Closed,Messaging Team,60,2025-09-30
904,904,CPU Utilization High,P3,Resolved,Windows Team,16,2026-01-09
905,905,Splunk Agent Down,P3,Open,Linux Team,24,2025-10-26
906,906,Splunk Agent Down,P4,Resolved,Security Team,36,2025-09-15
907,907,Firewall Disabled,P3,Resolved,Linux Team,20,2026-03-22
908,908,CrowdStrike Offline,P4,Resolved,Security Team,66,2025-10-02
909,909,Application Not Responding,P2,Closed,Windows Team,5,2025-10-26
910,910,Firewall Disabled,P4,Open,Infrastructure Team,18,2025-09-08
911,911,Disk Space Full,P3,In Progress,Infrastructure Team,17,2025-11-04
912,912,Disk Space Full,P2,Resolved,Security Team,3,2025-09-07
913,913,Server Down,P3,Resolved,Linux Team,6,2026-03-20
914,914,Application Not Responding,P2,Resolved,Windows Team,3,2026-03-06
915,915,Application Not Responding,P4,Closed,Database Team,19,2026-02-24
916,916,Patch Failure,P3,Resolved,Infrastructure Team,24,2026-05-11
917,917,Application Not Responding,P4,In Progress,Linux Team,65,2025-08-23
918,918,Splunk Agent Down,P3,Open,Messaging Team,19,2025-10-14
919,919,Memory Utilization High,P4,Closed,Messaging Team,51,2026-01-04
920,920,Disk Space Full,P2,Closed,Windows Team,7,2025-08-20
921,921,Patch Failure,P3,Resolved,Linux Team,13,2025-12-09
922,922,Qualys Agent Missing,P1,Closed,Windows Team,4,2025-10-18
923,923,Application Not Responding,P4,In Progress,Database Team,9,2025-09-19
924,924,CrowdStrike Offline,P3,Closed,Infrastructure Team,6,2025-09-11
925,925,Qualys Agent Missing,P3,Closed,Database Team,16,2025-09-18
926,926,CPU Utilization High,P3,Resolved,Windows Team,4,2025-08-18
927,927,Disk Space Full,P3,Open,Database Team,24,2025-08-30
928,928,Server Down,P2,Resolved,Messaging Team,4,2026-05-19
929,929,Server Down,P2,Open,Linux Team,5,2026-06-11
930,930,Splunk Agent Down,P4,Open,Infrastructure Team,41,2025-09-22
931,931,Application Not Responding,P3,Resolved,Messaging Team,10,2026-03-04
932,932,Memory Utilization High,P2,Resolved,Database Team,3,2025-10-24
933,933,CrowdStrike Offline,P4,Closed,Database Team,25,2025-07-26
934,934,CrowdStrike Offline,P2,Closed,Security Team,2,2026-01-09
935,935,Memory Utilization High,P3,Closed,Security Team,11,2025-07-30
936,936,Firewall Disabled,P4,In Progress,Windows Team,38,2026-05-01
937,937,Splunk Agent Down,P1,Closed,Infrastructure Team,3,2026-04-25
938,938,CrowdStrike Offline,P1,Resolved,Windows Team,1,2025-10-05
939,939,Memory Utilization High,P3,Closed,Infrastructure Team,9,2025-10-08
940,940,Qualys Agent Missing,P4,Closed,Infrastructure Team,18,2025-10-01
941,941,Server Down,P3,In Progress,Infrastructure Team,9,2025-11-19
942,942,Disk Space Full,P3,Closed,Infrastructure Team,4,2025-08-28
943,943,Disk Space Full,P4,Closed,Database Team,63,2026-04-09
944,944,Patch Failure,P4,Closed,Infrastructure Team,9,2025-12-21
945,945,Disk Space Full,P4,Resolved,Linux Team,44,2026-05-24
946,946,Splunk Agent Down,P3,Resolved,Linux Team,17,2026-07-23
947,947,Disk Space Full,P2,In Progress,Security Team,4,2025-07-30
948,948,Qualys Agent Missing,P4,Closed,Security Team,48,2026-03-10
949,949,Application Not Responding,P4,Open,Infrastructure Team,55,2025-11-30
950,950,Patch Failure,P4,Closed,Windows Team,26,2026-07-06
951,951,Disk Space Full,P2,Closed,Database Team,8,2025-09-07
952,952,Application Not Responding,P3,Closed,Security Team,5,2026-07-09
953,953,Application Not Responding,P3,Resolved,Security Team,7,2026-06-14
954,954,CrowdStrike Offline,P3,Resolved,Security Team,13,2025-11-25
955,955,CPU Utilization High,P2,Closed,Windows Team,4,2026-04-06
956,956,Disk Space Full,P3,Closed,Database Team,17,2025-11-26
957,957,Firewall Disabled,P3,Resolved,Linux Team,22,2025-12-21
958,958,Splunk Agent Down,P4,Open,Security Team,36,2026-05-11
959,959,Memory Utilization High,P3,Open,Security Team,24,2025-08-26
960,960,Memory Utilization High,P2,Closed,Database Team,5,2026-06-05
961,961,Splunk Agent Down,P4,Closed,Messaging Team,36,2025-08-20
962,962,Firewall Disabled,P3,Open,Linux Team,18,2025-08-31
963,963,Server Down,P3,Resolved,Windows Team,13,2025-09-29
964,964,Server Down,P3,Resolved,Infrastructure Team,20,2025-09-19
965,965,Server Down,P1,Resolved,Infrastructure Team,2,2026-06-07
966,966,Disk Space Full,P4,Resolved,Database Team,57,2025-12-11
967,967,CPU Utilization High,P4,Open,Windows Team,13,2026-02-05
968,968,Disk Space Full,P3,In Progress,Windows Team,11,2026-05-25
969,969,Disk Space Full,P3,Open,Linux Team,11,2026-05-15
970,970,Patch Failure,P1,Resolved,Infrastructure Team,2,2026-04-13
971,971,Application Not Responding,P4,Resolved,Linux Team,71,2026-04-02
972,972,Disk Space Full,P3,Open,Linux Team,17,2025-12-14
973,973,CrowdStrike Offline,P3,Closed,Database Team,22,2026-04-05
974,974,Server Down,P3,Closed,Database Team,12,2025-10-11
975,975,CrowdStrike Offline,P3,Resolved,Messaging Team,18,2026-06-04
976,976,Patch Failure,P4,Resolved,Infrastructure Team,43,2026-01-28
977,977,CrowdStrike Offline,P3,In Progress,Infrastructure Team,10,2026-02-10
978,978,Server Down,P3,Resolved,Security Team,16,2026-01-06
979,979,Application Not Responding,P4,Open,Messaging Team,25,2025-07-26
980,980,Memory Utilization High,P3,Closed,Security Team,23,2026-06-21
981,981,CrowdStrike Offline,P4,Resolved,Infrastructure Team,16,2026-03-06
982,982,Splunk Agent Down,P4,Closed,Infrastructure Team,18,2025-11-20
983,983,CrowdStrike Offline,P3,Closed,Linux Team,13,2026-03-04
984,984,Application Not Responding,P3,In Progress,Infrastructure Team,24,2025-11-09
985,985,Server Down,P2,Open,Linux Team,6,2026-05-22
986,986,CrowdStrike Offline,P3,Open,Windows Team,8,2025-11-08
987,987,Patch Failure,P1,Closed,Linux Team,2,2026-05-09
988,988,Qualys Agent Missing,P3,Resolved,Infrastructure Team,21,2025-10-18
989,989,CPU Utilization High,P3,Resolved,Security Team,16,2026-05-15
990,990,Splunk Agent Down,P3,In Progress,Infrastructure Team,17,2026-02-04
991,991,Patch Failure,P1,Resolved,Messaging Team,1,2025-10-20
992,992,Disk Space Full,P4,Resolved,Linux Team,57,2025-11-06
993,993,CPU Utilization High,P4,Resolved,Security Team,13,2026-02-26
994,994,Memory Utilization High,P3,Closed,Database Team,16,2026-07-25
995,995,CrowdStrike Offline,P4,Closed,Infrastructure Team,12,2026-05-10
996,996,CrowdStrike Offline,P2,Open,Windows Team,6,2026-05-04
997,997,Server Down,P4,Closed,Infrastructure Team,33,2025-07-30
998,998,Disk Space Full,P2,In Progress,Windows Team,3,2026-03-01
999,999,Application Not Responding,P3,In Progress,Security Team,6,2025-09-24
1000,1000,Disk Space Full,P4,Resolved,Infrastructure Team,14,2026-01-07
1001,1001,Patch Failure,P3,In Progress,Windows Team,12,2025-07-28
1002,1002,Patch Failure,P4,Resolved,Database Team,45,2025-10-28
1003,1003,CPU Utilization High,P4,In Progress,Infrastructure Team,41,2026-06-08
1004,1004,Firewall Disabled,P3,Resolved,Infrastructure Team,13,2026-03-22
1005,1005,Server Down,P4,Closed,Security Team,35,2025-12-20
1006,1006,Memory Utilization High,P4,Resolved,Messaging Team,56,2026-07-25
1007,1007,CPU Utilization High,P3,In Progress,Messaging Team,6,2026-06-07
1008,1008,Splunk Agent Down,P3,Resolved,Messaging Team,11,2026-05-14
1009,1009,Server Down,P3,Closed,Linux Team,24,2026-06-14
1010,1010,Disk Space Full,P4,Resolved,Linux Team,68,2025-08-09
1011,1011,Patch Failure,P3,Closed,Infrastructure Team,5,2025-12-03
1012,1012,Server Down,P2,Resolved,Messaging Team,8,2025-11-27
1013,1013,Firewall Disabled,P4,Open,Security Team,29,2025-10-24
1014,1014,Memory Utilization High,P3,Resolved,Security Team,4,2026-01-17
1015,1015,Memory Utilization High,P2,Resolved,Windows Team,4,2025-12-30
1016,1016,Memory Utilization High,P4,Resolved,Windows Team,11,2026-02-21
1017,1017,Qualys Agent Missing,P4,Closed,Windows Team,60,2026-06-01
1018,1018,Splunk Agent Down,P1,Closed,Infrastructure Team,3,2026-03-09
1019,1019,Patch Failure,P4,Closed,Linux Team,18,2026-04-05
1020,1020,Splunk Agent Down,P3,Resolved,Infrastructure Team,5,2025-09-04
1021,1021,Application Not Responding,P3,Closed,Infrastructure Team,6,2025-10-26
1022,1022,CrowdStrike Offline,P4,Closed,Messaging Team,51,2026-05-19
1023,1023,Firewall Disabled,P4,In Progress,Infrastructure Team,46,2025-10-22
1024,1024,Server Down,P4,Resolved,Infrastructure Team,51,2026-01-03
1025,1025,Memory Utilization High,P3,Resolved,Windows Team,5,2026-02-18
1026,1026,Firewall Disabled,P3,Closed,Infrastructure Team,22,2026-01-26
1027,1027,Splunk Agent Down,P4,Resolved,Security Team,32,2026-03-17
1028,1028,Disk Space Full,P4,Closed,Messaging Team,50,2026-05-28
1029,1029,CPU Utilization High,P3,In Progress,Infrastructure Team,4,2026-01-06
1030,1030,CrowdStrike Offline,P3,Closed,Infrastructure Team,23,2026-06-06
1031,1031,Server Down,P4,Closed,Linux Team,29,2025-11-29
1032,1032,Patch Failure,P3,Closed,Security Team,17,2025-10-08
1033,1033,Disk Space Full,P3,Closed,Infrastructure Team,18,2026-05-06
1034,1034,Memory Utilization High,P3,Closed,Security Team,13,2025-12-28
1035,1035,Qualys Agent Missing,P4,Closed,Messaging Team,30,2026-01-29
1036,1036,Application Not Responding,P4,Open,Linux Team,49,2026-07-23
1037,1037,Disk Space Full,P2,Resolved,Linux Team,7,2026-05-02
1038,1038,Disk Space Full,P3,Closed,Database Team,18,2026-04-19
1039,1039,Server Down,P2,Resolved,Infrastructure Team,7,2026-02-03
1040,1040,CPU Utilization High,P4,Closed,Security Team,64,2026-01-18
1041,1041,Memory Utilization High,P3,In Progress,Messaging Team,13,2026-06-25
1042,1042,Application Not Responding,P3,In Progress,Database Team,9,2025-09-09
1043,1043,Disk Space Full,P3,Closed,Windows Team,16,2025-09-16
1044,1044,Firewall Disabled,P3,In Progress,Messaging Team,9,2026-04-07
1045,1045,Disk Space Full,P2,In Progress,Security Team,2,2026-07-14
1046,1046,Server Down,P4,In Progress,Linux Team,25,2026-03-29
1047,1047,Qualys Agent Missing,P3,Open,Infrastructure Team,9,2025-10-06
1048,1048,Application Not Responding,P3,Closed,Security Team,11,2026-02-20
1049,1049,Qualys Agent Missing,P4,Open,Infrastructure Team,47,2026-07-18
1050,1050,Server Down,P1,Closed,Messaging Team,4,2025-10-24
1051,1051,Qualys Agent Missing,P3,Closed,Infrastructure Team,14,2025-07-31
1052,1052,Qualys Agent Missing,P3,Open,Messaging Team,20,2026-03-10
1053,1053,Qualys Agent Missing,P3,Resolved,Database Team,19,2025-08-12
1054,1054,Splunk Agent Down,P4,Resolved,Infrastructure Team,25,2026-04-16
1055,1055,Memory Utilization High,P3,Open,Database Team,6,2025-10-25
1056,1056,CPU Utilization High,P2,Closed,Windows Team,2,2026-02-22
1057,1057,Firewall Disabled,P3,Closed,Infrastructure Team,8,2026-01-25
1058,1058,Server Down,P3,Resolved,Security Team,15,2025-10-14
1059,1059,Disk Space Full,P4,Closed,Database Team,38,2025-09-29
1060,1060,Firewall Disabled,P4,Resolved,Linux Team,19,2025-08-19
1061,1061,Application Not Responding,P4,In Progress,Security Team,44,2026-03-28
1062,1062,Server Down,P3,Resolved,Security Team,16,2026-03-18
1063,1063,Firewall Disabled,P4,Resolved,Linux Team,47,2025-09-13
1064,1064,Splunk Agent Down,P3,Closed,Linux Team,17,2026-07-01
1065,1065,Firewall Disabled,P3,Open,Infrastructure Team,17,2026-05-18
1066,1066,Splunk Agent Down,P1,Resolved,Messaging Team,1,2025-10-17
1067,1067,Application Not Responding,P1,Resolved,Security Team,4,2025-11-04
1068,1068,Firewall Disabled,P4,Closed,Database Team,11,2026-07-01
1069,1069,CPU Utilization High,P4,Resolved,Windows Team,18,2026-05-26
1070,1070,Qualys Agent Missing,P4,Closed,Infrastructure Team,40,2026-07-07
1071,1071,Memory Utilization High,P3,In Progress,Windows Team,8,2025-09-08
1072,1072,CrowdStrike Offline,P1,Closed,Linux Team,3,2026-03-08
1073,1073,Disk Space Full,P3,Closed,Linux Team,13,2026-03-14
1074,1074,Server Down,P4,Closed,Windows Team,33,2025-10-25
1075,1075,Application Not Responding,P3,Resolved,Database Team,20,2026-01-26
1076,1076,Disk Space Full,P1,Resolved,Linux Team,1,2025-11-04
1077,1077,Memory Utilization High,P2,Resolved,Messaging Team,6,2026-03-05
1078,1078,Patch Failure,P3,Resolved,Infrastructure Team,12,2026-07-21
1079,1079,Qualys Agent Missing,P2,Closed,Infrastructure Team,8,2026-06-30
1080,1080,Firewall Disabled,P4,Closed,Security Team,57,2025-12-10
1081,1081,Memory Utilization High,P3,Closed,Linux Team,14,2025-11-06
1082,1082,CrowdStrike Offline,P3,Resolved,Linux Team,16,2026-06-28
1083,1083,CPU Utilization High,P2,Open,Infrastructure Team,5,2025-11-29
1084,1084,Application Not Responding,P2,Closed,Linux Team,4,2025-09-06
1085,1085,Memory Utilization High,P3,Resolved,Database Team,4,2026-05-21
1086,1086,Application Not Responding,P3,Closed,Windows Team,6,2025-11-11
1087,1087,Firewall Disabled,P2,In Progress,Database Team,4,2025-11-07
1088,1088,CPU Utilization High,P3,Resolved,Infrastructure Team,12,2025-11-04
1089,1089,Patch Failure,P3,Resolved,Messaging Team,17,2026-02-27
1090,1090,Application Not Responding,P4,Resolved,Security Team,45,2026-03-06
1091,1091,Qualys Agent Missing,P3,Resolved,Security Team,23,2026-01-07
1092,1092,Splunk Agent Down,P1,Closed,Database Team,4,2025-10-15
1093,1093,Firewall Disabled,P1,Closed,Infrastructure Team,3,2025-07-28
1094,1094,Memory Utilization High,P4,Resolved,Security Team,15,2026-07-14
1095,1095,Qualys Agent Missing,P3,Resolved,Windows Team,11,2026-06-08
1096,1096,Memory Utilization High,P2,In Progress,Security Team,6,2026-03-19
1097,1097,CPU Utilization High,P3,Closed,Linux Team,20,2026-04-01
1098,1098,Qualys Agent Missing,P2,Closed,Linux Team,6,2025-08-12
1099,1099,Patch Failure,P3,Resolved,Infrastructure Team,21,2025-10-25
1100,1100,Server Down,P2,Closed,Database Team,7,2026-03-23
1101,1101,Memory Utilization High,P3,Open,Windows Team,14,2025-09-30
1102,1102,Qualys Agent Missing,P4,Closed,Infrastructure Team,71,2026-04-01
1103,1103,Server Down,P4,Open,Infrastructure Team,20,2026-05-15
1104,1104,Firewall Disabled,P1,Closed,Infrastructure Team,1,2026-02-14
1105,1105,Memory Utilization High,P3,Closed,Infrastructure Team,4,2025-08-18
1106,1106,Qualys Agent Missing,P4,In Progress,Infrastructure Team,65,2025-12-03
1107,1107,CPU Utilization High,P3,Resolved,Database Team,22,2026-02-17
1108,1108,Memory Utilization High,P3,Resolved,Security Team,15,2026-04-18
1109,1109,CrowdStrike Offline,P2,Resolved,Linux Team,7,2026-06-19
1110,1110,CrowdStrike Offline,P4,Resolved,Security Team,59,2026-07-05
1111,1111,Application Not Responding,P4,Resolved,Windows Team,25,2026-06-27
1112,1112,Memory Utilization High,P3,Closed,Linux Team,24,2025-11-30
1113,1113,Splunk Agent Down,P4,Resolved,Messaging Team,20,2026-06-15
1114,1114,Qualys Agent Missing,P1,Closed,Windows Team,3,2025-11-12
1115,1115,Splunk Agent Down,P3,Closed,Security Team,10,2026-07-16
1116,1116,Server Down,P3,Resolved,Infrastructure Team,20,2026-01-24
1117,1117,Server Down,P4,Open,Windows Team,30,2025-10-22
1118,1118,Memory Utilization High,P2,Resolved,Windows Team,6,2025-11-27
1119,1119,Splunk Agent Down,P4,Resolved,Windows Team,32,2025-08-17
1120,1120,Memory Utilization High,P2,Closed,Linux Team,7,2025-08-15
1121,1121,Application Not Responding,P4,Resolved,Security Team,68,2025-11-03
1122,1122,Server Down,P4,Resolved,Linux Team,61,2025-09-30
1123,1123,Firewall Disabled,P4,Open,Linux Team,34,2026-03-27
1124,1124,CrowdStrike Offline,P4,Closed,Windows Team,25,2026-01-31
1125,1125,Firewall Disabled,P4,Resolved,Infrastructure Team,21,2026-03-04
1126,1126,CrowdStrike Offline,P2,Resolved,Database Team,8,2026-03-11
1127,1127,Server Down,P4,Resolved,Messaging Team,64,2025-11-02
1128,1128,Memory Utilization High,P3,Resolved,Security Team,4,2025-12-03
1129,1129,Firewall Disabled,P3,Closed,Messaging Team,10,2025-09-27
1130,1130,CrowdStrike Offline,P3,Closed,Database Team,13,2025-10-09
1131,1131,Server Down,P4,In Progress,Messaging Team,68,2025-09-29
1132,1132,Patch Failure,P4,In Progress,Infrastructure Team,59,2025-11-22
1133,1133,Qualys Agent Missing,P3,Open,Infrastructure Team,19,2025-12-28
1134,1134,Splunk Agent Down,P3,In Progress,Linux Team,24,2026-05-22
1135,1135,Memory Utilization High,P4,Closed,Database Team,66,2025-11-21
1136,1136,CPU Utilization High,P3,Resolved,Windows Team,14,2026-02-25
1137,1137,Patch Failure,P1,In Progress,Infrastructure Team,2,2025-10-22
1138,1138,Patch Failure,P2,Resolved,Windows Team,5,2026-03-03
1139,1139,Memory Utilization High,P4,Resolved,Database Team,62,2026-02-12
1140,1140,Patch Failure,P4,Closed,Infrastructure Team,44,2026-07-22
1141,1141,Qualys Agent Missing,P3,Closed,Database Team,11,2026-01-11
1142,1142,Application Not Responding,P4,In Progress,Database Team,72,2026-06-20
1143,1143,Disk Space Full,P4,Closed,Infrastructure Team,23,2025-12-16
1144,1144,Server Down,P3,Resolved,Windows Team,15,2025-08-07
1145,1145,Disk Space Full,P4,Closed,Security Team,8,2026-05-13
1146,1146,CrowdStrike Offline,P3,Resolved,Messaging Team,23,2026-04-22
1147,1147,Splunk Agent Down,P1,Closed,Windows Team,1,2025-11-15
1148,1148,Server Down,P3,Resolved,Infrastructure Team,7,2026-01-28
1149,1149,Splunk Agent Down,P4,Closed,Messaging Team,35,2026-01-22
1150,1150,Firewall Disabled,P2,Closed,Infrastructure Team,4,2025-11-16
1151,1151,CPU Utilization High,P2,Resolved,Windows Team,4,2025-08-14
1152,1152,Patch Failure,P3,In Progress,Infrastructure Team,11,2025-12-26
1153,1153,Splunk Agent Down,P4,Closed,Linux Team,19,2026-04-07
1154,1154,Disk Space Full,P3,In Progress,Windows Team,9,2025-07-26
1155,1155,Patch Failure,P1,In Progress,Infrastructure Team,3,2025-08-31
1156,1156,Patch Failure,P4,Resolved,Infrastructure Team,63,2026-04-08
1157,1157,CrowdStrike Offline,P3,Closed,Messaging Team,5,2026-04-14
1158,1158,Application Not Responding,P2,Closed,Windows Team,4,2025-12-05
1159,1159,Application Not Responding,P3,In Progress,Linux Team,11,2026-05-19
1160,1160,Application Not Responding,P4,In Progress,Database Team,62,2026-03-10
1161,1161,Disk Space Full,P2,Closed,Infrastructure Team,6,2025-07-29
1162,1162,Firewall Disabled,P4,Closed,Messaging Team,72,2026-03-02
1163,1163,Memory Utilization High,P3,Closed,Database Team,22,2025-12-08
1164,1164,Patch Failure,P4,Closed,Windows Team,44,2026-06-05
1165,1165,Firewall Disabled,P3,In Progress,Linux Team,10,2025-08-19
1166,1166,Splunk Agent Down,P4,In Progress,Infrastructure Team,53,2025-11-24
1167,1167,Patch Failure,P3,Resolved,Windows Team,18,2025-11-11
1168,1168,Firewall Disabled,P3,Closed,Infrastructure Team,23,2025-11-13
1169,1169,Application Not Responding,P4,Closed,Windows Team,8,2026-07-10
1170,1170,Patch Failure,P4,Resolved,Infrastructure Team,33,2026-01-13
1171,1171,CrowdStrike Offline,P3,Closed,Security Team,8,2025-09-05
1172,1172,Firewall Disabled,P4,Closed,Messaging Team,47,2025-12-16
1173,1173,Qualys Agent Missing,P4,Closed,Infrastructure Team,56,2026-01-16
1174,1174,Application Not Responding,P4,Resolved,Database Team,25,2026-03-06
1175,1175,Splunk Agent Down,P4,Resolved,Windows Team,18,2026-03-05
1176,1176,Firewall Disabled,P4,In Progress,Infrastructure Team,67,2026-04-06
1177,1177,Qualys Agent Missing,P4,Closed,Security Team,32,2026-02-15
1178,1178,Memory Utilization High,P1,Resolved,Windows Team,3,2026-03-12
1179,1179,Server Down,P3,Resolved,Infrastructure Team,24,2026-04-22
1180,1180,CPU Utilization High,P2,Resolved,Security Team,5,2026-03-16
1181,1181,Memory Utilization High,P4,Closed,Windows Team,69,2026-05-03
1182,1182,Memory Utilization High,P2,Open,Infrastructure Team,6,2026-07-17
1183,1183,Firewall Disabled,P4,Open,Linux Team,24,2026-06-27
1184,1184,Application Not Responding,P1,Closed,Infrastructure Team,1,2025-09-23
1185,1185,Application Not Responding,P3,Resolved,Linux Team,9,2025-11-25
1186,1186,Memory Utilization High,P3,Closed,Database Team,13,2025-12-26
1187,1187,Disk Space Full,P3,Closed,Infrastructure Team,13,2026-06-17
1188,1188,CrowdStrike Offline,P4,Open,Linux Team,70,2026-05-22
1189,1189,Application Not Responding,P2,Closed,Database Team,8,2026-03-20
1190,1190,CrowdStrike Offline,P4,Open,Database Team,13,2025-09-09
1191,1191,Server Down,P4,Closed,Infrastructure Team,66,2026-05-26
1192,1192,Firewall Disabled,P4,In Progress,Messaging Team,60,2025-12-05
1193,1193,Server Down,P3,Resolved,Infrastructure Team,7,2025-12-29
1194,1194,Application Not Responding,P4,Closed,Messaging Team,28,2026-01-12
1195,1195,Splunk Agent Down,P4,Resolved,Linux Team,32,2025-11-06
1196,1196,CPU Utilization High,P3,Resolved,Infrastructure Team,5,2025-09-07
1197,1197,Firewall Disabled,P2,Open,Messaging Team,6,2026-04-08
1198,1198,Firewall Disabled,P1,Closed,Infrastructure Team,1,2026-05-13
1199,1199,CrowdStrike Offline,P4,Resolved,Database Team,55,2026-03-12
1200,1200,Disk Space Full,P4,Resolved,Infrastructure Team,65,2026-04-30
1201,1201,CPU Utilization High,P1,Resolved,Infrastructure Team,3,2025-11-30
1202,1202,Qualys Agent Missing,P4,Resolved,Windows Team,46,2026-02-04
1203,1203,CrowdStrike Offline,P4,Closed,Security Team,46,2025-10-10
1204,1204,CrowdStrike Offline,P3,Resolved,Linux Team,14,2026-05-16
1205,1205,Server Down,P3,Closed,Infrastructure Team,17,2025-08-16
1206,1206,Application Not Responding,P1,Closed,Messaging Team,3,2026-02-03
1207,1207,Patch Failure,P3,Closed,Windows Team,12,2026-03-24
1208,1208,Disk Space Full,P3,Resolved,Messaging Team,6,2026-05-03
1209,1209,Firewall Disabled,P3,Open,Linux Team,18,2026-07-25
1210,1210,CPU Utilization High,P3,Resolved,Security Team,21,2026-05-31
1211,1211,Qualys Agent Missing,P3,Resolved,Infrastructure Team,5,2026-05-24
1212,1212,Disk Space Full,P3,Closed,Infrastructure Team,10,2026-02-25
1213,1213,CrowdStrike Offline,P1,Resolved,Security Team,4,2025-09-01
1214,1214,Splunk Agent Down,P3,Resolved,Security Team,7,2026-03-26
1215,1215,Server Down,P2,In Progress,Messaging Team,6,2026-03-24
1216,1216,Firewall Disabled,P3,Resolved,Infrastructure Team,19,2025-09-09
1217,1217,Qualys Agent Missing,P4,In Progress,Messaging Team,56,2025-11-29
1218,1218,Server Down,P4,In Progress,Database Team,28,2025-11-12
1219,1219,Application Not Responding,P3,Closed,Linux Team,19,2026-04-23
1220,1220,CrowdStrike Offline,P3,Closed,Database Team,21,2026-01-10
1221,1221,Application Not Responding,P2,In Progress,Linux Team,3,2026-02-08
1222,1222,Memory Utilization High,P4,Closed,Database Team,54,2025-12-03
1223,1223,Qualys Agent Missing,P3,Resolved,Infrastructure Team,21,2026-03-07
1224,1224,Disk Space Full,P4,Closed,Messaging Team,52,2025-07-26
1225,1225,Disk Space Full,P4,In Progress,Security Team,55,2025-08-29
1226,1226,Qualys Agent Missing,P1,Resolved,Security Team,2,2026-05-29
1227,1227,CPU Utilization High,P4,Closed,Linux Team,54,2026-03-31
1228,1228,Server Down,P4,In Progress,Messaging Team,54,2026-03-03
1229,1229,CrowdStrike Offline,P4,Resolved,Windows Team,15,2025-10-19
1230,1230,Server Down,P4,Closed,Security Team,37,2026-05-27
1231,1231,Firewall Disabled,P4,Closed,Windows Team,49,2025-09-21
1232,1232,Server Down,P3,Closed,Database Team,23,2025-08-02
1233,1233,Memory Utilization High,P3,Resolved,Windows Team,21,2026-07-08
1234,1234,Disk Space Full,P3,Closed,Windows Team,5,2026-05-12
1235,1235,Splunk Agent Down,P3,Open,Infrastructure Team,15,2025-10-06
1236,1236,Disk Space Full,P3,Resolved,Linux Team,11,2026-04-19
1237,1237,CPU Utilization High,P4,Resolved,Messaging Team,53,2026-06-03
1238,1238,CrowdStrike Offline,P3,Closed,Database Team,14,2026-07-01
1239,1239,CrowdStrike Offline,P3,Closed,Linux Team,5,2025-09-13
1240,1240,Qualys Agent Missing,P3,Closed,Windows Team,23,2026-02-09
1241,1241,Disk Space Full,P3,Closed,Infrastructure Team,6,2026-02-09
1242,1242,Qualys Agent Missing,P3,Closed,Windows Team,7,2025-12-10
1243,1243,CPU Utilization High,P2,Closed,Database Team,5,2026-03-24
1244,1244,Patch Failure,P3,Closed,Database Team,21,2026-07-10
1245,1245,CrowdStrike Offline,P3,Closed,Infrastructure Team,11,2026-02-01
1246,1246,Patch Failure,P4,Open,Security Team,46,2025-08-16
1247,1247,Firewall Disabled,P1,Resolved,Linux Team,2,2025-10-17
1248,1248,Memory Utilization High,P3,Open,Security Team,10,2026-05-27
1249,1249,Disk Space Full,P4,Resolved,Database Team,8,2026-07-12
1250,1250,Qualys Agent Missing,P3,Resolved,Infrastructure Team,9,2026-07-14
1251,1251,CrowdStrike Offline,P4,Resolved,Database Team,29,2025-08-12
1252,1252,Application Not Responding,P2,Resolved,Infrastructure Team,7,2025-09-05
1253,1253,Qualys Agent Missing,P2,Closed,Linux Team,2,2025-10-19
1254,1254,Firewall Disabled,P2,Closed,Database Team,5,2026-01-17
1255,1255,Memory Utilization High,P4,Resolved,Infrastructure Team,46,2026-05-18
1256,1256,Patch Failure,P4,Resolved,Security Team,63,2026-01-06
1257,1257,Qualys Agent Missing,P3,Closed,Infrastructure Team,19,2025-12-02
1258,1258,Disk Space Full,P3,Resolved,Security Team,14,2026-01-10
1259,1259,CPU Utilization High,P4,Closed,Infrastructure Team,44,2026-06-19
1260,1260,Application Not Responding,P3,Resolved,Infrastructure Team,12,2026-02-28
1261,1261,Qualys Agent Missing,P4,Open,Linux Team,12,2026-04-30
1262,1262,Memory Utilization High,P3,Open,Linux Team,4,2026-04-22
1263,1263,Memory Utilization High,P4,Closed,Messaging Team,24,2025-09-03
1264,1264,Splunk Agent Down,P3,Resolved,Infrastructure Team,10,2026-06-23
1265,1265,CPU Utilization High,P4,Resolved,Infrastructure Team,36,2025-10-23
1266,1266,CPU Utilization High,P4,In Progress,Messaging Team,65,2026-06-12
1267,1267,CPU Utilization High,P4,Closed,Infrastructure Team,27,2026-06-14
1268,1268,Patch Failure,P3,Resolved,Linux Team,10,2026-06-30
1269,1269,Firewall Disabled,P4,Resolved,Messaging Team,22,2025-09-25
1270,1270,Application Not Responding,P4,In Progress,Security Team,28,2025-09-29
1271,1271,Firewall Disabled,P3,Closed,Infrastructure Team,21,2026-03-02
1272,1272,CPU Utilization High,P3,In Progress,Infrastructure Team,9,2025-10-29
1273,1273,Patch Failure,P4,Resolved,Messaging Team,50,2025-11-23
1274,1274,Qualys Agent Missing,P4,Closed,Linux Team,67,2026-07-09
1275,1275,Patch Failure,P2,Closed,Database Team,5,2026-03-31
1276,1276,Application Not Responding,P4,Closed,Infrastructure Team,30,2025-10-26
1277,1277,Server Down,P4,In Progress,Windows Team,50,2026-02-04
1278,1278,Patch Failure,P3,Resolved,Linux Team,4,2026-03-31
1279,1279,Application Not Responding,P3,In Progress,Messaging Team,9,2026-01-14
1280,1280,Disk Space Full,P3,Resolved,Security Team,20,2026-01-03
1281,1281,CPU Utilization High,P4,Closed,Infrastructure Team,62,2026-05-20
1282,1282,Firewall Disabled,P3,In Progress,Windows Team,19,2026-05-20
1283,1283,Disk Space Full,P4,Closed,Linux Team,38,2026-01-23
1284,1284,Server Down,P2,Resolved,Security Team,8,2026-07-15
1285,1285,Splunk Agent Down,P3,In Progress,Linux Team,7,2025-08-15
1286,1286,Memory Utilization High,P2,Resolved,Security Team,5,2026-02-27
1287,1287,Server Down,P3,Closed,Security Team,11,2025-11-26
1288,1288,CrowdStrike Offline,P3,Resolved,Database Team,9,2025-11-16
1289,1289,Patch Failure,P3,In Progress,Infrastructure Team,17,2026-02-21
1290,1290,Qualys Agent Missing,P3,Closed,Messaging Team,7,2026-07-16
1291,1291,Qualys Agent Missing,P4,In Progress,Security Team,57,2025-11-14
1292,1292,Server Down,P1,In Progress,Messaging Team,1,2026-04-04
1293,1293,Firewall Disabled,P4,Resolved,Linux Team,19,2026-01-22
1294,1294,Patch Failure,P3,Resolved,Infrastructure Team,15,2026-05-27
1295,1295,Server Down,P3,In Progress,Database Team,9,2026-01-20
1296,1296,Application Not Responding,P3,Resolved,Windows Team,13,2026-06-16
1297,1297,Application Not Responding,P2,In Progress,Infrastructure Team,5,2025-09-16
1298,1298,Disk Space Full,P4,Resolved,Database Team,48,2026-01-26
1299,1299,Application Not Responding,P3,Resolved,Messaging Team,9,2026-05-17
1300,1300,Application Not Responding,P3,Closed,Messaging Team,14,2025-08-28
1301,1301,Application Not Responding,P2,Resolved,Infrastructure Team,6,2025-12-29
1302,1302,CrowdStrike Offline,P3,Closed,Linux Team,23,2026-04-08
1303,1303,Patch Failure,P3,Closed,Messaging Team,6,2026-02-12
1304,1304,CPU Utilization High,P2,In Progress,Security Team,7,2025-12-07
1305,1305,Memory Utilization High,P3,Resolved,Linux Team,21,2025-09-11
1306,1306,Patch Failure,P3,Resolved,Infrastructure Team,9,2026-02-13
1307,1307,Disk Space Full,P3,In Progress,Infrastructure Team,12,2026-04-18
1308,1308,CPU Utilization High,P1,Resolved,Infrastructure Team,1,2025-12-13
1309,1309,CrowdStrike Offline,P2,Closed,Database Team,7,2025-12-13
1310,1310,Patch Failure,P4,Resolved,Infrastructure Team,45,2025-11-20
1311,1311,CPU Utilization High,P3,Resolved,Infrastructure Team,24,2026-05-04
1312,1312,Application Not Responding,P3,Resolved,Messaging Team,22,2026-05-26
1313,1313,Server Down,P1,In Progress,Database Team,3,2026-05-06
1314,1314,CPU Utilization High,P2,Resolved,Security Team,4,2025-08-05
1315,1315,Disk Space Full,P1,In Progress,Database Team,1,2025-07-26
1316,1316,Server Down,P3,Resolved,Infrastructure Team,11,2026-04-10
1317,1317,Qualys Agent Missing,P3,In Progress,Security Team,7,2026-04-12
1318,1318,Server Down,P4,Closed,Messaging Team,20,2025-11-04
1319,1319,CrowdStrike Offline,P4,In Progress,Infrastructure Team,41,2025-08-01
1320,1320,Splunk Agent Down,P4,Open,Messaging Team,29,2026-05-20
1321,1321,Disk Space Full,P3,Open,Database Team,23,2025-08-07
1322,1322,Application Not Responding,P2,Closed,Infrastructure Team,8,2025-10-23
1323,1323,Splunk Agent Down,P3,In Progress,Linux Team,17,2025-12-19
1324,1324,Qualys Agent Missing,P3,Resolved,Messaging Team,15,2026-05-14
1325,1325,Firewall Disabled,P4,Closed,Windows Team,30,2025-12-28
1326,1326,CrowdStrike Offline,P3,Resolved,Database Team,11,2026-02-06
1327,1327,Qualys Agent Missing,P3,Resolved,Messaging Team,16,2026-01-18
1328,1328,CrowdStrike Offline,P3,In Progress,Windows Team,5,2025-12-19
1329,1329,Splunk Agent Down,P3,Resolved,Database Team,7,2026-04-24
1330,1330,Splunk Agent Down,P3,Resolved,Messaging Team,13,2026-05-10
1331,1331,CrowdStrike Offline,P3,Open,Security Team,5,2026-04-06
1332,1332,CrowdStrike Offline,P3,In Progress,Windows Team,11,2025-07-26
1333,1333,Patch Failure,P1,In Progress,Messaging Team,3,2026-04-05
1334,1334,Patch Failure,P1,Resolved,Infrastructure Team,3,2025-09-17
1335,1335,Memory Utilization High,P3,Closed,Infrastructure Team,5,2026-06-02
1336,1336,Memory Utilization High,P4,Closed,Messaging Team,56,2026-01-11
1337,1337,Application Not Responding,P4,Resolved,Security Team,22,2026-01-07
1338,1338,Memory Utilization High,P3,In Progress,Windows Team,8,2026-01-17
1339,1339,CPU Utilization High,P2,Resolved,Messaging Team,8,2025-10-30
1340,1340,CPU Utilization High,P4,Open,Infrastructure Team,71,2026-02-25
1341,1341,Qualys Agent Missing,P4,Resolved,Messaging Team,24,2026-06-08
1342,1342,Patch Failure,P4,Resolved,Security Team,18,2025-08-14
1343,1343,CrowdStrike Offline,P2,Open,Windows Team,5,2026-07-06
1344,1344,Patch Failure,P3,Closed,Database Team,15,2026-01-09
1345,1345,Disk Space Full,P4,Open,Infrastructure Team,13,2025-09-14
1346,1346,Firewall Disabled,P3,Closed,Linux Team,20,2025-11-03
1347,1347,Application Not Responding,P3,Closed,Infrastructure Team,15,2026-01-17
1348,1348,Memory Utilization High,P3,Resolved,Security Team,19,2025-08-10
1349,1349,Disk Space Full,P3,Closed,Windows Team,9,2026-04-07
1350,1350,Disk Space Full,P3,Closed,Messaging Team,14,2026-03-03
1351,1351,Memory Utilization High,P1,Resolved,Infrastructure Team,4,2026-01-21
1352,1352,Disk Space Full,P4,Closed,Messaging Team,36,2026-04-06
1353,1353,Memory Utilization High,P2,Open,Windows Team,4,2025-10-24
1354,1354,Qualys Agent Missing,P4,Open,Database Team,36,2026-06-21
1355,1355,Splunk Agent Down,P4,Closed,Infrastructure Team,62,2025-10-17
1356,1356,CrowdStrike Offline,P2,Resolved,Security Team,6,2026-05-25
1357,1357,CPU Utilization High,P4,Closed,Messaging Team,40,2025-08-21
1358,1358,CPU Utilization High,P4,Resolved,Windows Team,48,2025-08-10
1359,1359,Patch Failure,P2,Resolved,Windows Team,6,2026-03-09
1360,1360,Disk Space Full,P3,Resolved,Database Team,11,2025-11-18
1361,1361,Server Down,P4,Closed,Linux Team,52,2025-09-23
1362,1362,Patch Failure,P3,Resolved,Infrastructure Team,10,2026-03-17
1363,1363,Patch Failure,P2,Resolved,Windows Team,8,2025-08-26
1364,1364,CPU Utilization High,P4,Closed,Infrastructure Team,24,2025-08-31
1365,1365,Qualys Agent Missing,P4,Resolved,Linux Team,52,2026-04-11
1366,1366,Memory Utilization High,P2,Resolved,Messaging Team,8,2026-03-12
1367,1367,Server Down,P3,Closed,Messaging Team,22,2025-11-02
1368,1368,Firewall Disabled,P3,Closed,Infrastructure Team,16,2026-03-22
1369,1369,Firewall Disabled,P4,Resolved,Security Team,30,2025-10-19
1370,1370,Disk Space Full,P3,Resolved,Security Team,8,2025-09-26
1371,1371,Application Not Responding,P2,Resolved,Linux Team,7,2026-02-06
1372,1372,CrowdStrike Offline,P4,Open,Infrastructure Team,21,2025-12-04
1373,1373,Application Not Responding,P2,Closed,Messaging Team,6,2025-11-07
1374,1374,Application Not Responding,P4,Closed,Security Team,72,2025-10-01
1375,1375,CPU Utilization High,P3,Closed,Messaging Team,15,2026-01-19
1376,1376,Splunk Agent Down,P2,In Progress,Messaging Team,2,2026-01-03
1377,1377,Application Not Responding,P2,Closed,Messaging Team,5,2026-03-21
1378,1378,Application Not Responding,P3,Closed,Security Team,12,2026-03-13
1379,1379,CrowdStrike Offline,P4,Closed,Windows Team,48,2026-02-16
1380,1380,CPU Utilization High,P3,Closed,Database Team,6,2025-10-07
1381,1381,Memory Utilization High,P4,Closed,Windows Team,65,2025-08-30
1382,1382,Memory Utilization High,P2,Closed,Infrastructure Team,4,2026-01-18
1383,1383,Disk Space Full,P3,Closed,Database Team,18,2026-04-01
1384,1384,CrowdStrike Offline,P4,Closed,Infrastructure Team,18,2026-01-19
1385,1385,Firewall Disabled,P2,Resolved,Messaging Team,6,2026-02-09
1386,1386,Memory Utilization High,P1,Closed,Windows Team,1,2025-08-16
1387,1387,Application Not Responding,P4,Resolved,Windows Team,31,2026-04-19
1388,1388,CPU Utilization High,P3,Resolved,Database Team,20,2026-04-15
1389,1389,Qualys Agent Missing,P2,Closed,Messaging Team,5,2026-03-10
1390,1390,CrowdStrike Offline,P2,Open,Infrastructure Team,6,2026-03-24
1391,1391,CrowdStrike Offline,P4,Resolved,Linux Team,11,2026-06-05
1392,1392,Application Not Responding,P2,Resolved,Linux Team,7,2026-03-06
1393,1393,Splunk Agent Down,P4,In Progress,Linux Team,44,2026-03-28
1394,1394,Qualys Agent Missing,P4,Resolved,Infrastructure Team,61,2025-11-13
1395,1395,Memory Utilization High,P4,Open,Security Team,62,2025-09-16
1396,1396,Disk Space Full,P4,Resolved,Infrastructure Team,14,2026-02-23
1397,1397,Qualys Agent Missing,P4,Resolved,Security Team,65,2025-09-13
1398,1398,Patch Failure,P4,In Progress,Infrastructure Team,42,2026-01-04
1399,1399,Memory Utilization High,P2,Resolved,Database Team,4,2025-09-22
1400,1400,Splunk Agent Down,P4,Resolved,Windows Team,15,2026-05-24
1401,1401,CPU Utilization High,P4,Closed,Infrastructure Team,29,2025-11-01
1402,1402,Server Down,P3,Closed,Linux Team,24,2026-03-26
1403,1403,Memory Utilization High,P3,Resolved,Linux Team,23,2026-01-19
1404,1404,Splunk Agent Down,P2,In Progress,Security Team,7,2026-05-18
1405,1405,Splunk Agent Down,P4,Resolved,Infrastructure Team,51,2025-12-21
1406,1406,Server Down,P3,Open,Infrastructure Team,23,2025-08-06
1407,1407,Splunk Agent Down,P1,Open,Security Team,1,2026-06-16
1408,1408,CPU Utilization High,P3,Closed,Infrastructure Team,19,2025-11-26
1409,1409,Firewall Disabled,P2,Resolved,Messaging Team,8,2026-02-13
1410,1410,Server Down,P2,In Progress,Messaging Team,5,2025-11-22
1411,1411,Patch Failure,P2,Resolved,Windows Team,6,2025-09-01
1412,1412,Splunk Agent Down,P1,Open,Infrastructure Team,4,2025-12-13
1413,1413,Firewall Disabled,P4,Resolved,Database Team,27,2026-03-07
1414,1414,CPU Utilization High,P4,Closed,Messaging Team,36,2025-10-11
1415,1415,Application Not Responding,P4,Resolved,Database Team,9,2025-11-06
1416,1416,CrowdStrike Offline,P2,Resolved,Windows Team,7,2025-09-01
1417,1417,Memory Utilization High,P2,Open,Infrastructure Team,6,2026-07-23
1418,1418,Server Down,P4,Open,Infrastructure Team,52,2025-11-06
1419,1419,Memory Utilization High,P3,Open,Linux Team,7,2026-03-21
1420,1420,Disk Space Full,P3,Open,Linux Team,12,2025-10-17
1421,1421,Firewall Disabled,P4,Open,Infrastructure Team,20,2025-11-15
1422,1422,Memory Utilization High,P3,Closed,Messaging Team,8,2026-04-17
1423,1423,CPU Utilization High,P4,Closed,Linux Team,36,2025-10-08
1424,1424,CPU Utilization High,P4,Resolved,Security Team,61,2026-06-29
1425,1425,Server Down,P3,Open,Database Team,6,2025-11-27
1426,1426,CPU Utilization High,P3,Closed,Infrastructure Team,22,2026-05-08
1427,1427,CrowdStrike Offline,P3,Closed,Database Team,4,2025-07-30
1428,1428,Server Down,P3,Closed,Database Team,13,2025-09-29
1429,1429,Memory Utilization High,P3,Resolved,Security Team,16,2026-03-15
1430,1430,Firewall Disabled,P3,Closed,Security Team,11,2026-07-01
1431,1431,Qualys Agent Missing,P1,Closed,Database Team,3,2025-09-01
1432,1432,CrowdStrike Offline,P4,Resolved,Infrastructure Team,35,2026-06-03
1433,1433,Application Not Responding,P3,Resolved,Security Team,16,2025-11-07
1434,1434,CPU Utilization High,P3,Resolved,Infrastructure Team,7,2025-11-20
1435,1435,Disk Space Full,P2,Closed,Messaging Team,7,2025-12-26
1436,1436,CPU Utilization High,P4,Closed,Infrastructure Team,28,2025-08-15
1437,1437,Patch Failure,P4,Closed,Infrastructure Team,68,2026-02-22
1438,1438,Firewall Disabled,P4,Closed,Messaging Team,50,2025-08-15
1439,1439,Qualys Agent Missing,P4,Closed,Infrastructure Team,70,2025-09-16
1440,1440,Firewall Disabled,P4,Closed,Infrastructure Team,47,2025-09-28
1441,1441,Qualys Agent Missing,P3,In Progress,Security Team,22,2026-05-23
1442,1442,CPU Utilization High,P4,Closed,Linux Team,29,2025-12-25
1443,1443,Server Down,P3,Open,Linux Team,19,2025-12-22
1444,1444,Disk Space Full,P2,Resolved,Messaging Team,4,2026-03-14
1445,1445,Splunk Agent Down,P3,Resolved,Messaging Team,10,2025-09-25
1446,1446,Application Not Responding,P4,Closed,Infrastructure Team,46,2026-02-26
1447,1447,Disk Space Full,P4,Closed,Database Team,63,2025-08-07
1448,1448,Server Down,P3,Resolved,Messaging Team,9,2026-01-12
1449,1449,Firewall Disabled,P3,Open,Windows Team,10,2025-09-16
1450,1450,CPU Utilization High,P1,Resolved,Messaging Team,1,2025-08-16
1451,1451,CrowdStrike Offline,P4,Closed,Database Team,20,2026-04-13
1452,1452,Application Not Responding,P4,Closed,Infrastructure Team,64,2025-11-25
1453,1453,CPU Utilization High,P4,Resolved,Linux Team,30,2025-09-24
1454,1454,Firewall Disabled,P4,Resolved,Linux Team,47,2025-08-25
1455,1455,CrowdStrike Offline,P4,Resolved,Linux Team,55,2025-12-12
1456,1456,CPU Utilization High,P3,Closed,Messaging Team,18,2025-10-06
1457,1457,Splunk Agent Down,P2,Resolved,Linux Team,8,2026-02-08
1458,1458,Firewall Disabled,P3,Resolved,Database Team,4,2025-12-25
1459,1459,CPU Utilization High,P3,Resolved,Infrastructure Team,20,2025-11-16
1460,1460,Firewall Disabled,P2,Resolved,Linux Team,6,2025-08-29
1461,1461,Splunk Agent Down,P4,Closed,Security Team,26,2026-03-21
1462,1462,Patch Failure,P4,Resolved,Database Team,49,2026-02-02
1463,1463,Qualys Agent Missing,P4,Resolved,Linux Team,19,2025-11-25
1464,1464,Patch Failure,P3,Resolved,Windows Team,23,2026-06-26
1465,1465,Patch Failure,P3,Resolved,Infrastructure Team,12,2026-05-20
1466,1466,Disk Space Full,P2,Closed,Database Team,8,2026-05-02
1467,1467,Application Not Responding,P4,Resolved,Messaging Team,22,2026-06-14
1468,1468,Patch Failure,P3,In Progress,Database Team,21,2025-09-10
1469,1469,Disk Space Full,P4,Closed,Infrastructure Team,64,2025-09-23
1470,1470,Application Not Responding,P3,Closed,Database Team,20,2025-12-29
1471,1471,CrowdStrike Offline,P3,Resolved,Linux Team,20,2025-11-29
1472,1472,Splunk Agent Down,P3,In Progress,Linux Team,8,2025-09-22
1473,1473,Memory Utilization High,P3,Resolved,Security Team,19,2026-05-20
1474,1474,Firewall Disabled,P4,Closed,Security Team,69,2026-04-14
1475,1475,CrowdStrike Offline,P4,Resolved,Infrastructure Team,21,2026-07-03
1476,1476,Server Down,P4,Resolved,Database Team,30,2025-12-23
1477,1477,Qualys Agent Missing,P3,Closed,Messaging Team,23,2025-07-27
1478,1478,Server Down,P4,In Progress,Messaging Team,19,2026-04-23
1479,1479,Server Down,P4,In Progress,Database Team,33,2025-10-03
1480,1480,Splunk Agent Down,P4,Closed,Database Team,51,2026-05-12
1481,1481,Memory Utilization High,P3,Resolved,Messaging Team,20,2026-02-14
1482,1482,Splunk Agent Down,P4,In Progress,Infrastructure Team,57,2026-02-10
1483,1483,Memory Utilization High,P4,Resolved,Database Team,70,2026-05-18
1484,1484,Splunk Agent Down,P4,Resolved,Windows Team,60,2026-01-23
1485,1485,Memory Utilization High,P2,Closed,Linux Team,3,2025-10-11
1486,1486,Memory Utilization High,P3,In Progress,Linux Team,19,2025-11-25
1487,1487,Disk Space Full,P4,Resolved,Database Team,54,2025-09-11
1488,1488,Splunk Agent Down,P4,In Progress,Security Team,60,2025-09-01
1489,1489,Server Down,P4,In Progress,Security Team,37,2025-08-04
1490,1490,Qualys Agent Missing,P3,Resolved,Infrastructure Team,20,2026-06-28
1491,1491,Splunk Agent Down,P4,Closed,Infrastructure Team,27,2025-08-04
1492,1492,Splunk Agent Down,P4,Open,Infrastructure Team,56,2025-08-04
1493,1493,Application Not Responding,P2,Resolved,Windows Team,2,2026-06-25
1494,1494,Memory Utilization High,P4,Closed,Linux Team,56,2026-07-24
1495,1495,Application Not Responding,P4,Closed,Windows Team,21,2025-11-12
1496,1496,Application Not Responding,P2,Closed,Database Team,2,2026-03-26
1497,1497,Qualys Agent Missing,P4,Closed,Windows Team,44,2025-10-08
1498,1498,Server Down,P3,Closed,Windows Team,14,2026-05-09
1499,1499,Patch Failure,P4,Closed,Infrastructure Team,17,2025-09-15
1500,1500,Disk Space Full,P2,Closed,Messaging Team,3,2025-12-25
1501,1501,Splunk Agent Down,P4,Closed,Windows Team,8,2026-06-03
1502,1502,CrowdStrike Offline,P4,Resolved,Security Team,34,2025-12-05
1503,1503,Application Not Responding,P3,Resolved,Windows Team,5,2026-01-20
1504,1504,Patch Failure,P4,Closed,Infrastructure Team,49,2026-06-01
1505,1505,Patch Failure,P3,In Progress,Infrastructure Team,8,2026-03-21
1506,1506,Qualys Agent Missing,P3,Closed,Security Team,18,2025-07-30
1507,1507,CPU Utilization High,P2,Resolved,Infrastructure Team,3,2025-11-11
1508,1508,Qualys Agent Missing,P4,Closed,Windows Team,57,2026-04-05
1509,1509,Patch Failure,P3,Closed,Messaging Team,21,2025-08-29
1510,1510,Application Not Responding,P4,In Progress,Infrastructure Team,67,2026-07-03
1511,1511,CrowdStrike Offline,P4,Closed,Infrastructure Team,35,2025-08-22
1512,1512,Firewall Disabled,P3,Closed,Messaging Team,18,2026-01-22
1513,1513,Memory Utilization High,P3,In Progress,Security Team,9,2026-01-12
1514,1514,Qualys Agent Missing,P3,Closed,Infrastructure Team,13,2025-11-16
1515,1515,CPU Utilization High,P3,In Progress,Security Team,23,2026-07-25
1516,1516,Application Not Responding,P4,In Progress,Windows Team,57,2025-09-15
1517,1517,Firewall Disabled,P4,Resolved,Infrastructure Team,17,2026-04-15
1518,1518,Qualys Agent Missing,P4,In Progress,Security Team,16,2026-06-05
1519,1519,Server Down,P2,In Progress,Messaging Team,5,2026-02-06
1520,1520,Memory Utilization High,P2,In Progress,Database Team,4,2025-11-30
1521,1521,Patch Failure,P3,Resolved,Infrastructure Team,23,2026-07-12
1522,1522,CrowdStrike Offline,P3,Closed,Linux Team,9,2025-09-25
1523,1523,Splunk Agent Down,P4,In Progress,Windows Team,67,2026-03-27
1524,1524,Server Down,P4,Closed,Linux Team,62,2025-09-08
1525,1525,Server Down,P4,In Progress,Infrastructure Team,59,2025-09-17
1526,1526,Application Not Responding,P3,Closed,Infrastructure Team,8,2026-07-09
1527,1527,Disk Space Full,P2,Resolved,Windows Team,6,2026-07-08
1528,1528,Patch Failure,P2,Closed,Infrastructure Team,6,2026-03-21
1529,1529,CPU Utilization High,P4,Closed,Security Team,32,2026-05-07
1530,1530,Firewall Disabled,P4,Closed,Windows Team,48,2026-04-09
1531,1531,CPU Utilization High,P3,Closed,Infrastructure Team,7,2026-05-02
1532,1532,Disk Space Full,P4,Open,Messaging Team,28,2026-02-01
1533,1533,Application Not Responding,P3,Resolved,Messaging Team,11,2026-04-15
1534,1534,Server Down,P4,Closed,Security Team,45,2025-08-18
1535,1535,Firewall Disabled,P3,Closed,Messaging Team,22,2025-12-21
1536,1536,CrowdStrike Offline,P2,Resolved,Security Team,2,2025-07-31
1537,1537,Firewall Disabled,P3,Resolved,Database Team,14,2026-07-12
1538,1538,CrowdStrike Offline,P3,Resolved,Windows Team,8,2026-02-06
1539,1539,Disk Space Full,P1,Closed,Database Team,1,2026-01-05
1540,1540,CrowdStrike Offline,P2,Resolved,Windows Team,5,2026-04-25
1541,1541,Disk Space Full,P3,Resolved,Messaging Team,6,2026-04-13
1542,1542,CrowdStrike Offline,P3,Resolved,Infrastructure Team,12,2026-03-10
1543,1543,Patch Failure,P4,Resolved,Windows Team,31,2026-07-15
1544,1544,Firewall Disabled,P2,In Progress,Security Team,3,2025-10-04
1545,1545,Disk Space Full,P4,Resolved,Messaging Team,64,2026-04-19
1546,1546,Server Down,P1,In Progress,Infrastructure Team,3,2025-09-21
1547,1547,Application Not Responding,P3,Resolved,Messaging Team,10,2026-05-26
1548,1548,Qualys Agent Missing,P1,Resolved,Messaging Team,4,2026-07-13
1549,1549,Application Not Responding,P3,Resolved,Messaging Team,20,2026-03-24
1550,1550,CrowdStrike Offline,P3,In Progress,Security Team,24,2025-12-22
1551,1551,Firewall Disabled,P4,In Progress,Linux Team,71,2026-03-25
1552,1552,CPU Utilization High,P3,In Progress,Infrastructure Team,6,2026-05-28
1553,1553,Memory Utilization High,P3,Closed,Messaging Team,18,2025-10-03
1554,1554,Patch Failure,P2,Resolved,Database Team,6,2026-01-26
1555,1555,Splunk Agent Down,P4,Closed,Database Team,15,2026-01-12
1556,1556,Splunk Agent Down,P1,Closed,Windows Team,2,2026-01-23
1557,1557,Application Not Responding,P2,Resolved,Windows Team,5,2026-05-24
1558,1558,Splunk Agent Down,P2,Closed,Database Team,8,2025-12-09
1559,1559,Splunk Agent Down,P3,Resolved,Linux Team,12,2026-01-12
1560,1560,Qualys Agent Missing,P2,Resolved,Infrastructure Team,3,2025-09-14
1561,1561,Disk Space Full,P3,Closed,Security Team,24,2026-01-26
1562,1562,Application Not Responding,P4,Resolved,Windows Team,38,2026-02-27
1563,1563,Memory Utilization High,P3,Resolved,Linux Team,12,2026-07-22
1564,1564,Disk Space Full,P3,Closed,Linux Team,16,2026-06-10
1565,1565,Qualys Agent Missing,P3,Resolved,Messaging Team,7,2026-06-24
1566,1566,Disk Space Full,P3,Open,Infrastructure Team,11,2025-12-24
1567,1567,Splunk Agent Down,P3,Open,Security Team,9,2025-09-27
1568,1568,Qualys Agent Missing,P3,Resolved,Windows Team,5,2026-07-01
1569,1569,CPU Utilization High,P3,Closed,Infrastructure Team,7,2025-10-20
1570,1570,Firewall Disabled,P2,Resolved,Security Team,2,2025-10-18
1571,1571,Splunk Agent Down,P4,Closed,Windows Team,31,2025-12-02
1572,1572,Application Not Responding,P4,Closed,Infrastructure Team,15,2025-11-03
1573,1573,Splunk Agent Down,P4,Resolved,Database Team,55,2026-01-03
1574,1574,CPU Utilization High,P3,Resolved,Windows Team,11,2025-10-12
1575,1575,CrowdStrike Offline,P3,Resolved,Windows Team,21,2026-02-25
1576,1576,Application Not Responding,P4,Resolved,Messaging Team,21,2025-12-02
1577,1577,Qualys Agent Missing,P3,Closed,Windows Team,24,2026-03-04
1578,1578,Disk Space Full,P4,Closed,Security Team,11,2025-08-05
1579,1579,CrowdStrike Offline,P4,Closed,Infrastructure Team,33,2026-03-12
1580,1580,Application Not Responding,P3,Closed,Security Team,5,2026-06-11
1581,1581,Splunk Agent Down,P2,Closed,Security Team,7,2025-08-06
1582,1582,Patch Failure,P3,In Progress,Infrastructure Team,10,2025-10-05
1583,1583,Firewall Disabled,P2,Closed,Database Team,3,2025-12-04
1584,1584,Firewall Disabled,P4,Closed,Infrastructure Team,70,2025-10-01
1585,1585,Application Not Responding,P3,Resolved,Windows Team,8,2026-02-14
1586,1586,Application Not Responding,P4,Closed,Infrastructure Team,32,2026-03-14
1587,1587,Server Down,P3,In Progress,Infrastructure Team,15,2026-03-26
1588,1588,Splunk Agent Down,P4,In Progress,Windows Team,55,2026-04-18
1589,1589,Disk Space Full,P4,Closed,Messaging Team,53,2026-03-26
1590,1590,Disk Space Full,P4,Closed,Database Team,9,2025-10-16
1591,1591,Server Down,P4,Open,Linux Team,58,2025-09-15
1592,1592,Splunk Agent Down,P3,Resolved,Infrastructure Team,21,2025-12-27
1593,1593,Qualys Agent Missing,P4,Resolved,Infrastructure Team,36,2026-07-14
1594,1594,Qualys Agent Missing,P3,Closed,Infrastructure Team,9,2025-11-28
1595,1595,Memory Utilization High,P1,Resolved,Database Team,1,2025-10-07
1596,1596,Disk Space Full,P3,In Progress,Database Team,10,2025-12-06
1597,1597,Patch Failure,P2,Closed,Windows Team,5,2026-03-10
1598,1598,Patch Failure,P2,Resolved,Database Team,3,2025-09-24
1599,1599,Patch Failure,P3,Closed,Infrastructure Team,20,2025-08-15
1600,1600,Memory Utilization High,P4,Resolved,Database Team,38,2025-08-29
1601,1601,Server Down,P2,Resolved,Messaging Team,6,2025-10-08
1602,1602,Application Not Responding,P2,Resolved,Infrastructure Team,8,2026-03-22
1603,1603,Memory Utilization High,P2,Closed,Infrastructure Team,4,2025-11-06
1604,1604,Patch Failure,P2,Resolved,Infrastructure Team,5,2025-10-07
1605,1605,CrowdStrike Offline,P4,Closed,Database Team,52,2025-09-08
1606,1606,Server Down,P4,Resolved,Security Team,64,2026-06-07
1607,1607,Qualys Agent Missing,P2,Closed,Infrastructure Team,5,2025-10-03
1608,1608,Qualys Agent Missing,P4,Resolved,Database Team,54,2025-10-08
1609,1609,Qualys Agent Missing,P4,Closed,Messaging Team,60,2026-04-05
1610,1610,Firewall Disabled,P3,Closed,Linux Team,20,2025-09-19
1611,1611,Server Down,P4,Resolved,Messaging Team,28,2026-05-19
1612,1612,CrowdStrike Offline,P3,Resolved,Linux Team,23,2026-07-15
1613,1613,Firewall Disabled,P3,In Progress,Windows Team,4,2025-10-24
1614,1614,Disk Space Full,P4,Resolved,Infrastructure Team,62,2026-06-17
1615,1615,Disk Space Full,P2,Open,Database Team,5,2026-03-20
1616,1616,Patch Failure,P3,Resolved,Messaging Team,4,2025-09-11
1617,1617,Server Down,P2,Closed,Database Team,8,2025-12-21
1618,1618,Memory Utilization High,P3,Resolved,Windows Team,13,2026-06-19
1619,1619,Patch Failure,P2,Resolved,Linux Team,4,2026-07-11
1620,1620,CPU Utilization High,P3,In Progress,Infrastructure Team,20,2026-06-21
1621,1621,Splunk Agent Down,P3,Resolved,Security Team,8,2026-01-08
1622,1622,Disk Space Full,P4,Open,Linux Team,60,2026-07-06
1623,1623,Qualys Agent Missing,P3,In Progress,Infrastructure Team,9,2026-04-08
1624,1624,Disk Space Full,P3,Closed,Windows Team,19,2026-05-04
1625,1625,Patch Failure,P2,Closed,Messaging Team,5,2026-07-16
1626,1626,Application Not Responding,P3,Open,Security Team,21,2025-11-11
1627,1627,Patch Failure,P4,Closed,Linux Team,12,2025-10-09
1628,1628,CPU Utilization High,P3,Resolved,Messaging Team,24,2026-03-31
1629,1629,Memory Utilization High,P3,Resolved,Database Team,10,2025-08-23
1630,1630,Firewall Disabled,P3,Closed,Database Team,14,2026-07-07
1631,1631,Firewall Disabled,P4,Closed,Database Team,13,2025-11-26
1632,1632,Server Down,P4,Resolved,Messaging Team,61,2026-01-07
1633,1633,Patch Failure,P2,Resolved,Database Team,6,2026-06-22
1634,1634,Memory Utilization High,P3,Resolved,Infrastructure Team,19,2026-03-28
1635,1635,Splunk Agent Down,P2,Closed,Messaging Team,5,2026-03-20
1636,1636,Server Down,P4,In Progress,Linux Team,43,2026-05-23
1637,1637,Memory Utilization High,P4,In Progress,Database Team,50,2025-11-14
1638,1638,Application Not Responding,P4,Closed,Database Team,61,2025-12-19
1639,1639,Server Down,P1,Resolved,Windows Team,1,2025-09-18
1640,1640,Server Down,P4,Resolved,Infrastructure Team,47,2026-05-02
1641,1641,Firewall Disabled,P4,Resolved,Infrastructure Team,69,2026-04-01
1642,1642,Application Not Responding,P2,Closed,Security Team,5,2026-02-25
1643,1643,Application Not Responding,P4,In Progress,Database Team,32,2025-11-17
1644,1644,Firewall Disabled,P3,Resolved,Infrastructure Team,14,2026-01-25
1645,1645,Server Down,P4,Closed,Infrastructure Team,32,2026-01-18
1646,1646,Splunk Agent Down,P4,Closed,Windows Team,63,2026-03-14
1647,1647,Server Down,P4,In Progress,Security Team,56,2026-06-23
1648,1648,Disk Space Full,P4,Resolved,Security Team,47,2026-06-19
1649,1649,Disk Space Full,P3,Resolved,Database Team,20,2026-05-04
1650,1650,Patch Failure,P3,Resolved,Infrastructure Team,7,2026-04-26
1651,1651,Qualys Agent Missing,P1,Closed,Infrastructure Team,1,2025-09-28
1652,1652,Memory Utilization High,P3,Closed,Windows Team,12,2025-10-31
1653,1653,Patch Failure,P3,Open,Infrastructure Team,11,2025-11-23
1654,1654,Splunk Agent Down,P4,In Progress,Infrastructure Team,50,2026-03-23
1655,1655,Qualys Agent Missing,P2,Open,Database Team,2,2025-08-07
1656,1656,Application Not Responding,P4,Resolved,Linux Team,39,2025-10-26
1657,1657,Qualys Agent Missing,P3,In Progress,Security Team,12,2025-10-18
1658,1658,Firewall Disabled,P4,In Progress,Infrastructure Team,68,2026-05-18
1659,1659,Firewall Disabled,P4,Closed,Windows Team,48,2026-04-12
1660,1660,Server Down,P3,Closed,Messaging Team,16,2026-04-15
1661,1661,Firewall Disabled,P3,Closed,Infrastructure Team,8,2025-11-11
1662,1662,Patch Failure,P4,Closed,Linux Team,50,2026-06-27
1663,1663,Disk Space Full,P1,Resolved,Infrastructure Team,1,2026-01-17
1664,1664,Memory Utilization High,P1,Resolved,Infrastructure Team,2,2025-09-24
1665,1665,CrowdStrike Offline,P2,Resolved,Windows Team,6,2026-07-24
1666,1666,Qualys Agent Missing,P1,Closed,Windows Team,1,2026-07-24
1667,1667,Disk Space Full,P2,In Progress,Database Team,8,2026-05-11
1668,1668,Firewall Disabled,P3,In Progress,Infrastructure Team,9,2025-12-23
1669,1669,CPU Utilization High,P4,Resolved,Messaging Team,24,2025-09-18
1670,1670,Firewall Disabled,P4,Closed,Security Team,17,2026-01-15
1671,1671,Splunk Agent Down,P4,Closed,Messaging Team,59,2025-09-09
1672,1672,Disk Space Full,P2,Open,Infrastructure Team,3,2026-05-01
1673,1673,CrowdStrike Offline,P4,Open,Security Team,40,2025-09-07
1674,1674,CPU Utilization High,P2,Closed,Database Team,6,2026-03-24
1675,1675,Patch Failure,P4,Closed,Infrastructure Team,8,2025-08-31
1676,1676,Disk Space Full,P3,Resolved,Infrastructure Team,21,2026-03-20
1677,1677,CPU Utilization High,P4,Closed,Infrastructure Team,35,2026-03-08
1678,1678,Disk Space Full,P4,In Progress,Linux Team,35,2026-02-24
1679,1679,Qualys Agent Missing,P4,Open,Infrastructure Team,27,2026-07-22
1680,1680,Memory Utilization High,P4,Resolved,Messaging Team,22,2026-07-25
1681,1681,Splunk Agent Down,P3,Closed,Infrastructure Team,6,2026-04-14
1682,1682,Splunk Agent Down,P2,Closed,Messaging Team,3,2025-10-31
1683,1683,Application Not Responding,P3,Open,Database Team,21,2025-11-14
1684,1684,Splunk Agent Down,P1,Resolved,Security Team,4,2025-07-28
1685,1685,Disk Space Full,P4,Resolved,Windows Team,62,2026-02-23
1686,1686,CPU Utilization High,P3,Resolved,Infrastructure Team,21,2026-04-25
1687,1687,Firewall Disabled,P4,Closed,Windows Team,8,2026-07-13
1688,1688,Splunk Agent Down,P4,Resolved,Linux Team,29,2025-08-21
1689,1689,Firewall Disabled,P2,Closed,Linux Team,6,2026-07-07
1690,1690,Patch Failure,P1,In Progress,Infrastructure Team,2,2026-05-14
1691,1691,Qualys Agent Missing,P4,Resolved,Messaging Team,37,2025-10-27
1692,1692,CrowdStrike Offline,P1,Resolved,Infrastructure Team,3,2026-07-13
1693,1693,Disk Space Full,P3,Closed,Linux Team,23,2026-02-26
1694,1694,Patch Failure,P4,Closed,Security Team,18,2025-09-02
1695,1695,Memory Utilization High,P4,Closed,Database Team,48,2026-07-13
1696,1696,Qualys Agent Missing,P4,Resolved,Database Team,21,2026-01-24
1697,1697,Disk Space Full,P2,Closed,Infrastructure Team,5,2026-03-31
1698,1698,Patch Failure,P3,Closed,Linux Team,6,2026-06-16
1699,1699,CPU Utilization High,P1,Closed,Messaging Team,4,2026-07-02
1700,1700,Splunk Agent Down,P4,Open,Infrastructure Team,18,2025-09-25
1701,1701,Patch Failure,P2,Resolved,Infrastructure Team,5,2025-10-04
1702,1702,CPU Utilization High,P1,Resolved,Linux Team,1,2026-02-16
1703,1703,Application Not Responding,P4,Resolved,Infrastructure Team,64,2025-08-10
1704,1704,Qualys Agent Missing,P1,Closed,Messaging Team,1,2025-09-15
1705,1705,Application Not Responding,P4,Closed,Infrastructure Team,65,2026-07-20
1706,1706,Splunk Agent Down,P4,Resolved,Database Team,31,2026-01-10
1707,1707,Memory Utilization High,P4,Resolved,Infrastructure Team,13,2026-04-09
1708,1708,Server Down,P4,Resolved,Database Team,27,2026-02-22
1709,1709,Qualys Agent Missing,P4,Resolved,Infrastructure Team,50,2026-04-27
1710,1710,Splunk Agent Down,P3,Open,Infrastructure Team,10,2026-05-17
1711,1711,Application Not Responding,P3,Resolved,Messaging Team,8,2025-09-21
1712,1712,Application Not Responding,P1,Closed,Infrastructure Team,4,2025-11-11
1713,1713,CrowdStrike Offline,P4,Closed,Linux Team,68,2026-06-11
1714,1714,CPU Utilization High,P3,Open,Windows Team,20,2026-05-26
1715,1715,Memory Utilization High,P4,Resolved,Linux Team,51,2026-07-08
1716,1716,Patch Failure,P3,Open,Database Team,16,2026-01-31
1717,1717,Server Down,P4,Resolved,Infrastructure Team,26,2026-04-29
1718,1718,Splunk Agent Down,P4,Resolved,Infrastructure Team,71,2025-09-03
1719,1719,Memory Utilization High,P3,In Progress,Linux Team,4,2026-01-11
1720,1720,Splunk Agent Down,P3,Closed,Linux Team,22,2025-10-07
1721,1721,Application Not Responding,P3,Closed,Database Team,11,2026-04-28
1722,1722,CPU Utilization High,P4,In Progress,Infrastructure Team,11,2026-07-23
1723,1723,Server Down,P3,In Progress,Messaging Team,24,2025-11-02
1724,1724,Firewall Disabled,P3,Resolved,Linux Team,21,2026-05-07
1725,1725,CrowdStrike Offline,P4,Resolved,Linux Team,34,2026-03-27
1726,1726,Firewall Disabled,P4,Resolved,Infrastructure Team,22,2026-02-24
1727,1727,CrowdStrike Offline,P4,Closed,Database Team,16,2026-06-28
1728,1728,CrowdStrike Offline,P4,In Progress,Infrastructure Team,71,2025-08-02
1729,1729,Patch Failure,P1,Resolved,Linux Team,3,2025-11-15
1730,1730,CPU Utilization High,P4,Closed,Linux Team,57,2025-12-04
1731,1731,Splunk Agent Down,P4,Closed,Windows Team,56,2026-05-31
1732,1732,Splunk Agent Down,P2,Resolved,Security Team,2,2026-04-23
1733,1733,Patch Failure,P2,Closed,Messaging Team,8,2025-08-03
1734,1734,Qualys Agent Missing,P3,In Progress,Linux Team,19,2026-02-26
1735,1735,CrowdStrike Offline,P4,In Progress,Security Team,15,2025-08-12
1736,1736,Qualys Agent Missing,P3,Resolved,Infrastructure Team,19,2026-02-24
1737,1737,Disk Space Full,P2,Closed,Windows Team,6,2025-11-02
1738,1738,CrowdStrike Offline,P4,Open,Infrastructure Team,29,2026-02-19
1739,1739,Splunk Agent Down,P2,Open,Windows Team,6,2026-03-06
1740,1740,Splunk Agent Down,P4,Closed,Database Team,62,2026-07-07
1741,1741,Server Down,P4,Closed,Infrastructure Team,17,2026-03-23
1742,1742,Memory Utilization High,P4,Resolved,Messaging Team,51,2025-12-27
1743,1743,Application Not Responding,P2,Resolved,Infrastructure Team,8,2026-05-06
1744,1744,CPU Utilization High,P1,Closed,Database Team,3,2026-05-11
1745,1745,CrowdStrike Offline,P3,Closed,Linux Team,22,2025-09-08
1746,1746,CPU Utilization High,P3,Closed,Security Team,12,2025-07-25
1747,1747,Server Down,P4,Resolved,Security Team,65,2025-08-17
1748,1748,Qualys Agent Missing,P3,In Progress,Windows Team,8,2026-05-09
1749,1749,Memory Utilization High,P1,Closed,Infrastructure Team,3,2025-10-31
1750,1750,Server Down,P3,Resolved,Infrastructure Team,12,2026-07-19
1751,1751,Server Down,P3,In Progress,Infrastructure Team,22,2025-12-22
1752,1752,Splunk Agent Down,P4,Resolved,Security Team,45,2026-03-02
1753,1753,Firewall Disabled,P2,Resolved,Security Team,2,2025-12-03
1754,1754,Patch Failure,P1,Resolved,Security Team,2,2026-05-26
1755,1755,Application Not Responding,P4,Resolved,Security Team,10,2026-01-25
1756,1756,Disk Space Full,P3,Closed,Infrastructure Team,20,2025-12-08
1757,1757,Patch Failure,P2,Open,Infrastructure Team,8,2026-03-05
1758,1758,CrowdStrike Offline,P4,Closed,Database Team,17,2025-11-10
1759,1759,Patch Failure,P4,Resolved,Database Team,51,2025-08-17
1760,1760,CPU Utilization High,P4,Open,Linux Team,39,2026-07-07
1761,1761,Disk Space Full,P3,Closed,Database Team,10,2026-04-21
1762,1762,Disk Space Full,P3,Open,Windows Team,24,2026-06-15
1763,1763,CrowdStrike Offline,P3,Closed,Infrastructure Team,20,2026-06-16
1764,1764,Server Down,P4,Open,Database Team,48,2025-09-21
1765,1765,Firewall Disabled,P4,Closed,Messaging Team,23,2026-02-26
1766,1766,Firewall Disabled,P3,Closed,Security Team,16,2026-01-25
1767,1767,CPU Utilization High,P4,In Progress,Linux Team,50,2026-01-28
1768,1768,Splunk Agent Down,P4,Resolved,Database Team,34,2025-11-27
1769,1769,CPU Utilization High,P4,Closed,Linux Team,40,2026-01-09
1770,1770,CrowdStrike Offline,P2,In Progress,Infrastructure Team,6,2025-09-22
1771,1771,Qualys Agent Missing,P3,Closed,Linux Team,15,2025-10-21
1772,1772,Memory Utilization High,P4,Closed,Windows Team,39,2026-03-11
1773,1773,Patch Failure,P4,Closed,Linux Team,11,2025-12-19
1774,1774,CPU Utilization High,P3,In Progress,Infrastructure Team,12,2026-02-09
1775,1775,Application Not Responding,P3,Closed,Windows Team,12,2026-06-06
1776,1776,Application Not Responding,P3,Open,Database Team,24,2026-06-02
1777,1777,CPU Utilization High,P2,In Progress,Linux Team,4,2025-08-25
1778,1778,CrowdStrike Offline,P2,Closed,Linux Team,2,2025-08-24
1779,1779,Splunk Agent Down,P2,Resolved,Windows Team,5,2025-09-01
1780,1780,Firewall Disabled,P3,Closed,Windows Team,18,2025-10-29
1781,1781,Splunk Agent Down,P1,Closed,Linux Team,2,2026-06-23
1782,1782,CrowdStrike Offline,P4,Resolved,Windows Team,17,2026-01-15
1783,1783,Disk Space Full,P4,In Progress,Messaging Team,15,2026-06-09
1784,1784,Disk Space Full,P4,Closed,Security Team,45,2026-06-05
1785,1785,Server Down,P1,In Progress,Infrastructure Team,4,2026-04-02
1786,1786,Patch Failure,P4,Closed,Linux Team,27,2026-06-23
1787,1787,Application Not Responding,P3,In Progress,Messaging Team,9,2026-02-15
1788,1788,Splunk Agent Down,P4,Closed,Infrastructure Team,47,2026-05-10
1789,1789,Disk Space Full,P3,Resolved,Infrastructure Team,6,2026-05-13
1790,1790,Application Not Responding,P4,In Progress,Security Team,40,2026-02-15
1791,1791,Firewall Disabled,P4,Open,Infrastructure Team,34,2026-02-03
1792,1792,Qualys Agent Missing,P3,Open,Messaging Team,24,2026-07-19
1793,1793,Firewall Disabled,P4,Closed,Messaging Team,13,2026-05-24
1794,1794,Application Not Responding,P4,Closed,Infrastructure Team,69,2025-09-04
1795,1795,Memory Utilization High,P4,Closed,Infrastructure Team,15,2026-02-07
1796,1796,Patch Failure,P4,In Progress,Messaging Team,67,2026-01-04
1797,1797,Firewall Disabled,P4,Resolved,Infrastructure Team,65,2025-08-09
1798,1798,Application Not Responding,P4,In Progress,Database Team,42,2025-10-30
1799,1799,Firewall Disabled,P4,Closed,Infrastructure Team,20,2025-12-02
1800,1800,CPU Utilization High,P3,Resolved,Infrastructure Team,17,2026-05-24
1801,1801,CrowdStrike Offline,P3,Resolved,Infrastructure Team,9,2026-01-04
1802,1802,CPU Utilization High,P4,Closed,Infrastructure Team,70,2026-05-23
1803,1803,Disk Space Full,P2,Closed,Windows Team,6,2026-03-26
1804,1804,Patch Failure,P4,Resolved,Infrastructure Team,66,2026-07-14
1805,1805,Application Not Responding,P4,Resolved,Windows Team,64,2026-07-17
1806,1806,Server Down,P4,In Progress,Security Team,70,2026-06-05
1807,1807,Application Not Responding,P4,Closed,Security Team,39,2025-09-11
1808,1808,Firewall Disabled,P4,In Progress,Windows Team,29,2025-08-13
1809,1809,Patch Failure,P4,Closed,Windows Team,35,2026-06-24
1810,1810,Application Not Responding,P2,Resolved,Linux Team,8,2025-11-28
1811,1811,Patch Failure,P4,Open,Messaging Team,18,2026-03-09
1812,1812,Application Not Responding,P2,In Progress,Linux Team,2,2026-05-02
1813,1813,Disk Space Full,P3,Resolved,Database Team,14,2025-09-25
1814,1814,CPU Utilization High,P3,Closed,Messaging Team,14,2025-08-06
1815,1815,Server Down,P4,In Progress,Database Team,64,2026-05-26
1816,1816,Application Not Responding,P3,Closed,Database Team,5,2026-03-03
1817,1817,Firewall Disabled,P4,Closed,Security Team,37,2025-11-30
1818,1818,Memory Utilization High,P2,Open,Infrastructure Team,2,2026-01-04
1819,1819,CrowdStrike Offline,P3,Resolved,Messaging Team,6,2026-02-24
1820,1820,Qualys Agent Missing,P3,Closed,Messaging Team,20,2026-02-17
1821,1821,CPU Utilization High,P4,Closed,Infrastructure Team,67,2025-08-04
1822,1822,Patch Failure,P3,Closed,Database Team,20,2025-11-07
1823,1823,Application Not Responding,P3,Closed,Infrastructure Team,15,2026-06-20
1824,1824,CPU Utilization High,P3,Closed,Database Team,19,2025-08-16
1825,1825,Firewall Disabled,P4,In Progress,Windows Team,9,2026-03-31
1826,1826,Splunk Agent Down,P3,Resolved,Windows Team,21,2026-05-30
1827,1827,Disk Space Full,P4,Resolved,Security Team,54,2025-12-14
1828,1828,Firewall Disabled,P2,Resolved,Messaging Team,7,2025-09-15
1829,1829,CPU Utilization High,P2,Closed,Infrastructure Team,5,2026-01-19
1830,1830,Server Down,P4,In Progress,Linux Team,35,2025-09-03
1831,1831,Server Down,P2,Closed,Infrastructure Team,4,2026-01-04
1832,1832,Server Down,P4,In Progress,Database Team,59,2025-08-21
1833,1833,Patch Failure,P3,In Progress,Infrastructure Team,19,2025-10-20
1834,1834,CPU Utilization High,P3,Resolved,Infrastructure Team,6,2026-01-08
1835,1835,Disk Space Full,P1,Closed,Database Team,2,2025-08-18
1836,1836,Splunk Agent Down,P3,Closed,Database Team,4,2026-03-16
1837,1837,Server Down,P1,In Progress,Infrastructure Team,4,2026-04-09
1838,1838,Memory Utilization High,P4,Resolved,Windows Team,26,2025-10-03
1839,1839,Disk Space Full,P2,Resolved,Database Team,3,2025-07-30
1840,1840,Server Down,P2,Closed,Database Team,8,2026-07-13
1841,1841,Qualys Agent Missing,P4,Resolved,Windows Team,30,2026-05-03
1842,1842,Qualys Agent Missing,P4,Resolved,Messaging Team,69,2025-08-31
1843,1843,CPU Utilization High,P3,In Progress,Linux Team,10,2026-07-15
1844,1844,Firewall Disabled,P4,Resolved,Infrastructure Team,37,2026-04-06
1845,1845,Application Not Responding,P3,Closed,Security Team,12,2026-04-28
1846,1846,CrowdStrike Offline,P1,In Progress,Messaging Team,1,2026-05-31
1847,1847,Server Down,P1,Closed,Infrastructure Team,3,2025-12-19
1848,1848,Splunk Agent Down,P4,Open,Security Team,54,2025-12-01
1849,1849,Application Not Responding,P3,Closed,Security Team,9,2026-05-26
1850,1850,Memory Utilization High,P3,Closed,Messaging Team,24,2026-02-09
1851,1851,CrowdStrike Offline,P3,Resolved,Messaging Team,12,2025-09-04
1852,1852,Firewall Disabled,P1,Closed,Database Team,1,2026-05-18
1853,1853,CPU Utilization High,P2,Open,Windows Team,5,2026-01-05
1854,1854,Application Not Responding,P2,Resolved,Infrastructure Team,3,2026-05-01
1855,1855,CPU Utilization High,P2,Resolved,Infrastructure Team,8,2026-03-09
1856,1856,Firewall Disabled,P4,Resolved,Security Team,49,2026-01-08
1857,1857,Qualys Agent Missing,P4,Closed,Windows Team,71,2026-02-09
1858,1858,CPU Utilization High,P4,In Progress,Security Team,69,2026-03-31
1859,1859,Server Down,P3,Resolved,Messaging Team,7,2025-08-11
1860,1860,Disk Space Full,P1,Closed,Infrastructure Team,4,2025-09-27
1861,1861,Splunk Agent Down,P3,Resolved,Messaging Team,22,2026-03-31
1862,1862,Server Down,P3,Resolved,Security Team,16,2025-10-20
1863,1863,Disk Space Full,P3,In Progress,Infrastructure Team,21,2025-08-25
1864,1864,Memory Utilization High,P4,Resolved,Windows Team,40,2025-12-17
1865,1865,Qualys Agent Missing,P3,Closed,Infrastructure Team,17,2025-11-02
1866,1866,Disk Space Full,P4,In Progress,Infrastructure Team,29,2026-06-11
1867,1867,CrowdStrike Offline,P2,In Progress,Infrastructure Team,7,2025-12-27
1868,1868,Firewall Disabled,P1,In Progress,Database Team,4,2025-08-28
1869,1869,CPU Utilization High,P3,Closed,Database Team,11,2025-10-16
1870,1870,Memory Utilization High,P4,Resolved,Messaging Team,21,2026-02-18
1871,1871,Patch Failure,P3,Closed,Windows Team,18,2025-09-19
1872,1872,Firewall Disabled,P4,Resolved,Infrastructure Team,32,2026-02-02
1873,1873,Patch Failure,P3,Resolved,Infrastructure Team,24,2026-02-08
1874,1874,Firewall Disabled,P3,In Progress,Messaging Team,9,2025-09-23
1875,1875,CrowdStrike Offline,P3,Open,Windows Team,12,2026-06-03
1876,1876,Disk Space Full,P2,Open,Infrastructure Team,6,2025-12-05
1877,1877,Server Down,P3,Resolved,Infrastructure Team,19,2025-10-13
1878,1878,CPU Utilization High,P3,In Progress,Linux Team,24,2025-11-16
1879,1879,CrowdStrike Offline,P3,Open,Messaging Team,12,2026-07-18
1880,1880,Disk Space Full,P4,Resolved,Database Team,34,2026-07-10
1881,1881,Memory Utilization High,P1,Closed,Security Team,3,2026-01-01
1882,1882,Disk Space Full,P2,Resolved,Infrastructure Team,7,2025-11-08
1883,1883,Splunk Agent Down,P4,Open,Linux Team,72,2026-05-20
1884,1884,Memory Utilization High,P4,Resolved,Infrastructure Team,18,2026-02-06
1885,1885,Splunk Agent Down,P3,Resolved,Database Team,14,2026-03-24
1886,1886,Splunk Agent Down,P3,Resolved,Security Team,15,2026-02-02
1887,1887,CPU Utilization High,P4,Resolved,Security Team,25,2025-10-22
1888,1888,Memory Utilization High,P3,Closed,Security Team,24,2025-12-27
1889,1889,Memory Utilization High,P3,Open,Windows Team,16,2026-06-19
1890,1890,Qualys Agent Missing,P4,In Progress,Windows Team,24,2026-05-16
1891,1891,CrowdStrike Offline,P2,Resolved,Infrastructure Team,6,2026-06-30
1892,1892,Splunk Agent Down,P3,Resolved,Infrastructure Team,7,2026-06-28
1893,1893,Server Down,P4,Closed,Windows Team,18,2026-04-25
1894,1894,Patch Failure,P2,Closed,Messaging Team,5,2026-01-17
1895,1895,Disk Space Full,P2,Open,Security Team,2,2026-01-23
1896,1896,Disk Space Full,P3,Closed,Windows Team,13,2025-08-11
1897,1897,CrowdStrike Offline,P3,Resolved,Windows Team,7,2026-01-03
1898,1898,Patch Failure,P4,Closed,Windows Team,15,2026-07-07
1899,1899,CPU Utilization High,P4,Resolved,Messaging Team,26,2025-08-29
1900,1900,Disk Space Full,P4,Closed,Windows Team,47,2025-08-23
1901,1901,Patch Failure,P3,Closed,Windows Team,21,2026-05-07
1902,1902,Qualys Agent Missing,P3,Closed,Linux Team,23,2026-01-18
1903,1903,CrowdStrike Offline,P2,Closed,Windows Team,4,2025-11-12
1904,1904,Memory Utilization High,P3,Resolved,Windows Team,6,2026-07-18
1905,1905,Splunk Agent Down,P4,Resolved,Messaging Team,46,2026-07-23
1906,1906,Qualys Agent Missing,P3,Closed,Messaging Team,15,2026-05-31
1907,1907,Firewall Disabled,P4,Resolved,Messaging Team,26,2025-10-12
1908,1908,Splunk Agent Down,P4,In Progress,Infrastructure Team,45,2026-04-11
1909,1909,CrowdStrike Offline,P4,Resolved,Infrastructure Team,63,2025-11-17
1910,1910,CrowdStrike Offline,P2,Closed,Infrastructure Team,8,2026-05-12
1911,1911,CPU Utilization High,P2,Closed,Database Team,7,2025-12-04
1912,1912,Patch Failure,P4,Resolved,Linux Team,19,2026-07-23
1913,1913,Firewall Disabled,P3,Closed,Windows Team,15,2025-07-26
1914,1914,Qualys Agent Missing,P3,Closed,Infrastructure Team,5,2025-10-05
1915,1915,Memory Utilization High,P3,Resolved,Linux Team,4,2025-08-10
1916,1916,Patch Failure,P2,Closed,Infrastructure Team,7,2026-02-14
1917,1917,Firewall Disabled,P3,Closed,Linux Team,19,2025-11-25
1918,1918,Disk Space Full,P4,Resolved,Infrastructure Team,36,2025-08-20
1919,1919,CPU Utilization High,P3,Closed,Database Team,10,2026-04-11
1920,1920,Firewall Disabled,P4,Closed,Infrastructure Team,24,2026-05-12
1921,1921,Firewall Disabled,P4,Closed,Security Team,50,2025-09-19
1922,1922,CrowdStrike Offline,P4,Closed,Linux Team,43,2026-03-07
1923,1923,Memory Utilization High,P4,Resolved,Security Team,69,2025-10-23
1924,1924,Server Down,P4,Resolved,Security Team,61,2026-05-30
1925,1925,CrowdStrike Offline,P4,Closed,Infrastructure Team,57,2026-01-23
1926,1926,CPU Utilization High,P3,Resolved,Database Team,6,2026-06-26
1927,1927,Firewall Disabled,P3,Resolved,Messaging Team,24,2025-09-26
1928,1928,Qualys Agent Missing,P1,Resolved,Windows Team,2,2026-04-02
1929,1929,Patch Failure,P3,In Progress,Security Team,15,2026-04-10
1930,1930,Splunk Agent Down,P3,Resolved,Security Team,17,2025-08-03
1931,1931,Splunk Agent Down,P4,Resolved,Infrastructure Team,38,2026-04-08
1932,1932,Memory Utilization High,P2,In Progress,Linux Team,2,2026-02-28
1933,1933,Server Down,P1,Resolved,Infrastructure Team,4,2025-12-05
1934,1934,Memory Utilization High,P4,Open,Messaging Team,28,2026-04-19
1935,1935,Memory Utilization High,P2,In Progress,Database Team,8,2026-04-19
1936,1936,Firewall Disabled,P4,Open,Security Team,29,2026-05-20
1937,1937,Server Down,P2,In Progress,Messaging Team,4,2026-05-27
1938,1938,Application Not Responding,P3,In Progress,Database Team,18,2025-10-03
1939,1939,Disk Space Full,P4,Closed,Infrastructure Team,72,2026-04-18
1940,1940,Disk Space Full,P3,Closed,Infrastructure Team,20,2025-10-01
1941,1941,Firewall Disabled,P4,Closed,Messaging Team,68,2026-02-01
1942,1942,Memory Utilization High,P2,Resolved,Messaging Team,8,2025-12-15
1943,1943,CPU Utilization High,P4,Resolved,Security Team,59,2026-04-26
1944,1944,Disk Space Full,P3,Closed,Infrastructure Team,9,2025-08-14
1945,1945,Firewall Disabled,P2,Closed,Messaging Team,2,2026-07-06
1946,1946,Splunk Agent Down,P3,Resolved,Windows Team,12,2025-09-06
1947,1947,Splunk Agent Down,P3,Resolved,Windows Team,13,2026-02-16
1948,1948,CPU Utilization High,P1,Open,Windows Team,2,2026-04-20
1949,1949,Server Down,P4,In Progress,Linux Team,45,2026-07-03
1950,1950,CPU Utilization High,P4,Closed,Windows Team,58,2026-05-13
1951,1951,Memory Utilization High,P3,Open,Linux Team,22,2025-11-19
1952,1952,Disk Space Full,P4,Resolved,Infrastructure Team,14,2026-05-01
1953,1953,Memory Utilization High,P4,Closed,Infrastructure Team,59,2025-12-23
1954,1954,CPU Utilization High,P3,Closed,Messaging Team,6,2026-06-10
1955,1955,Memory Utilization High,P1,Resolved,Linux Team,1,2026-05-28
1956,1956,CPU Utilization High,P4,Resolved,Database Team,13,2025-11-14
1957,1957,CPU Utilization High,P2,Closed,Windows Team,3,2025-07-27
1958,1958,Splunk Agent Down,P3,Open,Security Team,7,2025-09-11
1959,1959,Memory Utilization High,P3,Resolved,Infrastructure Team,17,2026-06-03
1960,1960,CrowdStrike Offline,P4,Closed,Messaging Team,34,2026-03-26
1961,1961,Splunk Agent Down,P3,Closed,Infrastructure Team,20,2025-08-15
1962,1962,CPU Utilization High,P3,In Progress,Infrastructure Team,12,2026-06-04
1963,1963,CPU Utilization High,P3,Closed,Database Team,15,2025-11-10
1964,1964,CrowdStrike Offline,P4,In Progress,Messaging Team,48,2026-03-17
1965,1965,Patch Failure,P3,Resolved,Linux Team,13,2025-12-13
1966,1966,CrowdStrike Offline,P2,In Progress,Messaging Team,4,2025-12-07
1967,1967,Firewall Disabled,P3,In Progress,Security Team,22,2025-11-01
1968,1968,Disk Space Full,P4,Closed,Database Team,42,2026-07-04
1969,1969,Firewall Disabled,P3,Closed,Security Team,22,2025-08-10
1970,1970,Qualys Agent Missing,P3,Closed,Security Team,15,2025-07-31
1971,1971,Server Down,P3,Closed,Windows Team,7,2026-02-05
1972,1972,Memory Utilization High,P2,Closed,Security Team,3,2025-10-08
1973,1973,Patch Failure,P3,Closed,Infrastructure Team,19,2025-11-23
1974,1974,CrowdStrike Offline,P4,Open,Database Team,25,2025-11-03
1975,1975,Firewall Disabled,P3,Closed,Windows Team,11,2026-05-22
1976,1976,Disk Space Full,P4,Open,Linux Team,65,2026-06-30
1977,1977,Firewall Disabled,P4,Closed,Linux Team,51,2025-08-22
1978,1978,Application Not Responding,P1,Closed,Database Team,2,2025-10-02
1979,1979,Memory Utilization High,P4,Open,Linux Team,22,2026-02-01
1980,1980,CPU Utilization High,P3,Closed,Infrastructure Team,7,2025-11-25
1981,1981,Qualys Agent Missing,P4,Closed,Windows Team,29,2025-11-10
1982,1982,Memory Utilization High,P4,Resolved,Windows Team,34,2026-01-05
1983,1983,Memory Utilization High,P3,Closed,Database Team,5,2026-01-31
1984,1984,CPU Utilization High,P2,Closed,Infrastructure Team,7,2025-09-07
1985,1985,CPU Utilization High,P4,Open,Infrastructure Team,44,2026-05-11
1986,1986,Firewall Disabled,P4,Closed,Messaging Team,25,2026-02-11
1987,1987,Server Down,P4,Closed,Security Team,33,2025-12-05
1988,1988,Firewall Disabled,P3,Resolved,Database Team,19,2026-06-26
1989,1989,Memory Utilization High,P4,Open,Linux Team,10,2026-02-08
1990,1990,CrowdStrike Offline,P3,Resolved,Database Team,5,2025-12-12
1991,1991,CrowdStrike Offline,P4,Closed,Linux Team,23,2025-09-05
1992,1992,Firewall Disabled,P4,Resolved,Messaging Team,24,2026-06-30
1993,1993,Server Down,P1,Closed,Windows Team,4,2026-02-04
1994,1994,Disk Space Full,P3,Closed,Messaging Team,24,2026-06-05
1995,1995,Firewall Disabled,P3,Open,Windows Team,7,2025-08-28
1996,1996,CrowdStrike Offline,P4,Resolved,Infrastructure Team,70,2026-07-17
1997,1997,Firewall Disabled,P3,Resolved,Infrastructure Team,8,2025-08-17
1998,1998,Qualys Agent Missing,P4,Resolved,Database Team,57,2026-05-06
1999,1999,Application Not Responding,P4,Closed,Security Team,57,2025-10-30
2000,2000,Server Down,P4,Closed,Database Team,63,2025-07-29
2001,2001,Qualys Agent Missing,P4,Resolved,Infrastructure Team,64,2026-05-26
2002,2002,Server Down,P3,Closed,Messaging Team,22,2026-07-06
2003,2003,Server Down,P2,In Progress,Security Team,2,2025-12-25
2004,2004,Application Not Responding,P4,Closed,Infrastructure Team,21,2026-03-28
2005,2005,Application Not Responding,P4,Open,Security Team,49,2026-03-03
2006,2006,Application Not Responding,P2,Resolved,Linux Team,2,2026-04-21
2007,2007,Patch Failure,P3,Closed,Messaging Team,13,2026-07-24
2008,2008,Splunk Agent Down,P4,Closed,Messaging Team,15,2025-10-26
2009,2009,Disk Space Full,P3,Closed,Database Team,18,2026-04-26
2010,2010,CPU Utilization High,P4,In Progress,Database Team,21,2026-05-18
2011,2011,Patch Failure,P3,Resolved,Infrastructure Team,20,2026-02-18
2012,2012,Application Not Responding,P3,Resolved,Infrastructure Team,18,2026-07-23
2013,2013,Memory Utilization High,P3,In Progress,Messaging Team,12,2026-03-17
2014,2014,Splunk Agent Down,P2,In Progress,Security Team,7,2026-07-21
2015,2015,Memory Utilization High,P4,Resolved,Security Team,43,2025-12-13
2016,2016,Disk Space Full,P3,Closed,Linux Team,6,2026-01-01
2017,2017,Splunk Agent Down,P3,In Progress,Linux Team,18,2025-08-17
2018,2018,Qualys Agent Missing,P1,In Progress,Linux Team,1,2025-08-23
2019,2019,CPU Utilization High,P4,Resolved,Security Team,34,2025-10-08
2020,2020,Disk Space Full,P3,Resolved,Infrastructure Team,20,2026-04-20
2021,2021,Application Not Responding,P3,In Progress,Windows Team,11,2026-03-05
2022,2022,Qualys Agent Missing,P4,Closed,Windows Team,67,2026-02-26
2023,2023,Firewall Disabled,P3,Resolved,Messaging Team,16,2026-02-10
2024,2024,Server Down,P3,Closed,Messaging Team,21,2025-09-13
2025,2025,Disk Space Full,P4,In Progress,Windows Team,34,2026-02-05
2026,2026,Memory Utilization High,P3,Resolved,Messaging Team,8,2025-12-24
2027,2027,Application Not Responding,P4,In Progress,Security Team,71,2026-03-05
2028,2028,Application Not Responding,P4,Closed,Security Team,68,2025-11-01
2029,2029,CrowdStrike Offline,P3,Resolved,Database Team,13,2026-05-25
2030,2030,Disk Space Full,P3,Closed,Linux Team,10,2025-10-01
2031,2031,Disk Space Full,P4,Resolved,Messaging Team,38,2025-10-17
2032,2032,Disk Space Full,P2,Resolved,Security Team,2,2026-06-09
2033,2033,Disk Space Full,P2,Resolved,Security Team,7,2026-01-16
2034,2034,Splunk Agent Down,P3,Closed,Windows Team,11,2026-03-11
2035,2035,Memory Utilization High,P4,Open,Database Team,36,2026-03-28
2036,2036,Patch Failure,P3,Resolved,Messaging Team,15,2025-11-30
2037,2037,CrowdStrike Offline,P4,Closed,Linux Team,53,2026-07-06
2038,2038,Application Not Responding,P4,Closed,Linux Team,56,2025-12-12
2039,2039,Memory Utilization High,P4,Resolved,Linux Team,41,2025-11-15
2040,2040,Disk Space Full,P4,Resolved,Messaging Team,64,2025-11-18
2041,2041,Application Not Responding,P4,Closed,Messaging Team,40,2026-06-28
2042,2042,CrowdStrike Offline,P3,Resolved,Linux Team,15,2025-12-28
2043,2043,Qualys Agent Missing,P3,Resolved,Infrastructure Team,8,2026-02-21
2044,2044,Application Not Responding,P3,Closed,Infrastructure Team,20,2026-07-16
2045,2045,Application Not Responding,P3,In Progress,Linux Team,23,2026-03-13
2046,2046,Memory Utilization High,P4,Resolved,Infrastructure Team,68,2026-06-12
2047,2047,Server Down,P4,Closed,Database Team,31,2025-08-18
2048,2048,Application Not Responding,P4,Resolved,Linux Team,23,2026-01-13
2049,2049,Splunk Agent Down,P4,Resolved,Infrastructure Team,48,2026-07-08
2050,2050,Qualys Agent Missing,P4,In Progress,Database Team,31,2025-08-03
2051,2051,Memory Utilization High,P2,Closed,Security Team,8,2025-07-30
2052,2052,Patch Failure,P4,Open,Database Team,22,2026-07-01
2053,2053,Patch Failure,P4,Closed,Infrastructure Team,24,2026-06-25
2054,2054,Patch Failure,P4,Closed,Infrastructure Team,20,2025-10-01
2055,2055,Disk Space Full,P3,Closed,Database Team,7,2026-03-29
2056,2056,Qualys Agent Missing,P3,In Progress,Windows Team,20,2025-12-04
2057,2057,CPU Utilization High,P1,Closed,Infrastructure Team,2,2026-05-11
2058,2058,Patch Failure,P4,Closed,Infrastructure Team,12,2025-11-24
2059,2059,Disk Space Full,P4,Resolved,Infrastructure Team,59,2026-01-30
2060,2060,Patch Failure,P3,Closed,Linux Team,20,2026-01-21
2061,2061,Memory Utilization High,P3,Resolved,Messaging Team,8,2025-08-01
2062,2062,CPU Utilization High,P3,Resolved,Messaging Team,8,2026-05-12
2063,2063,CPU Utilization High,P3,Open,Security Team,6,2026-06-21
2064,2064,Qualys Agent Missing,P4,Resolved,Infrastructure Team,58,2025-12-19
2065,2065,Splunk Agent Down,P2,In Progress,Infrastructure Team,5,2025-12-21
2066,2066,Disk Space Full,P4,Closed,Database Team,17,2025-09-12
2067,2067,Application Not Responding,P4,Closed,Security Team,49,2025-09-07
2068,2068,Qualys Agent Missing,P3,Resolved,Infrastructure Team,23,2026-06-17
2069,2069,Qualys Agent Missing,P3,In Progress,Security Team,15,2025-11-04
2070,2070,Firewall Disabled,P4,Closed,Linux Team,63,2025-09-08
2071,2071,Memory Utilization High,P3,Open,Database Team,13,2026-01-10
2072,2072,Memory Utilization High,P3,Resolved,Linux Team,11,2025-12-10
2073,2073,Firewall Disabled,P4,Resolved,Security Team,64,2026-06-30
2074,2074,Memory Utilization High,P4,Closed,Windows Team,64,2026-03-10
2075,2075,CrowdStrike Offline,P3,Resolved,Infrastructure Team,23,2026-04-16
2076,2076,Qualys Agent Missing,P4,Closed,Infrastructure Team,33,2026-07-18
2077,2077,CrowdStrike Offline,P3,Resolved,Linux Team,10,2026-02-14
2078,2078,Qualys Agent Missing,P4,Closed,Windows Team,20,2026-02-13
2079,2079,Splunk Agent Down,P3,Closed,Infrastructure Team,12,2026-06-04
2080,2080,Memory Utilization High,P2,Open,Messaging Team,8,2026-07-10
2081,2081,CrowdStrike Offline,P4,In Progress,Windows Team,34,2026-02-14
2082,2082,Disk Space Full,P3,Resolved,Database Team,23,2026-02-17
2083,2083,Firewall Disabled,P1,Resolved,Database Team,2,2026-03-16
2084,2084,Qualys Agent Missing,P4,In Progress,Database Team,38,2026-02-18
2085,2085,Patch Failure,P4,Closed,Infrastructure Team,44,2025-11-11
2086,2086,Qualys Agent Missing,P4,In Progress,Windows Team,53,2026-06-01
2087,2087,Disk Space Full,P3,Resolved,Windows Team,24,2025-11-29
2088,2088,Patch Failure,P3,In Progress,Linux Team,10,2025-10-15
2089,2089,CPU Utilization High,P3,In Progress,Security Team,17,2025-09-23
2090,2090,Disk Space Full,P4,Closed,Security Team,33,2025-10-25
2091,2091,CPU Utilization High,P4,Closed,Windows Team,70,2025-10-28
2092,2092,Splunk Agent Down,P2,Closed,Database Team,3,2026-03-28
2093,2093,Firewall Disabled,P3,Resolved,Linux Team,24,2025-11-25
2094,2094,Qualys Agent Missing,P3,Closed,Security Team,18,2026-05-15
2095,2095,Server Down,P3,Closed,Infrastructure Team,22,2025-10-11
2096,2096,Patch Failure,P4,Resolved,Infrastructure Team,65,2025-11-25
2097,2097,Qualys Agent Missing,P3,Closed,Database Team,19,2026-07-23
2098,2098,CrowdStrike Offline,P4,In Progress,Messaging Team,33,2025-12-21
2099,2099,Memory Utilization High,P2,Resolved,Windows Team,7,2026-07-15
2100,2100,Server Down,P4,Closed,Windows Team,10,2025-12-19
2101,2101,Patch Failure,P2,Resolved,Security Team,3,2026-02-04
2102,2102,Disk Space Full,P4,Resolved,Linux Team,32,2025-11-27
2103,2103,Qualys Agent Missing,P4,Closed,Security Team,35,2026-04-21
2104,2104,Splunk Agent Down,P1,Resolved,Database Team,1,2025-11-06
2105,2105,Disk Space Full,P4,In Progress,Linux Team,27,2025-07-26
2106,2106,Qualys Agent Missing,P3,In Progress,Windows Team,21,2025-07-31
2107,2107,Splunk Agent Down,P3,Resolved,Security Team,22,2025-10-04
2108,2108,Server Down,P2,In Progress,Infrastructure Team,4,2026-01-30
2109,2109,Firewall Disabled,P3,Resolved,Infrastructure Team,24,2025-11-19
2110,2110,Application Not Responding,P2,In Progress,Linux Team,3,2025-12-22
2111,2111,CPU Utilization High,P3,Resolved,Infrastructure Team,23,2026-02-16
2112,2112,CPU Utilization High,P2,Closed,Messaging Team,3,2025-10-08
2113,2113,Server Down,P3,In Progress,Database Team,18,2026-02-14
2114,2114,Patch Failure,P4,Resolved,Windows Team,59,2025-08-11
2115,2115,Server Down,P3,Closed,Infrastructure Team,19,2025-12-10
2116,2116,Server Down,P2,Resolved,Infrastructure Team,8,2025-08-25
2117,2117,Disk Space Full,P1,Resolved,Security Team,2,2025-09-15
2118,2118,CPU Utilization High,P4,Closed,Linux Team,53,2025-08-26
2119,2119,Disk Space Full,P2,Resolved,Messaging Team,2,2026-01-19
2120,2120,Splunk Agent Down,P3,In Progress,Infrastructure Team,5,2025-12-09
2121,2121,Application Not Responding,P4,Resolved,Linux Team,48,2025-08-15
2122,2122,CrowdStrike Offline,P4,Closed,Database Team,15,2026-01-22
2123,2123,Application Not Responding,P3,Closed,Windows Team,12,2026-04-23
2124,2124,CPU Utilization High,P4,Resolved,Linux Team,13,2026-01-26
2125,2125,CrowdStrike Offline,P4,Open,Security Team,26,2026-03-11
2126,2126,Server Down,P4,In Progress,Windows Team,23,2026-04-28
2127,2127,Splunk Agent Down,P4,Open,Infrastructure Team,69,2025-12-04
2128,2128,Disk Space Full,P2,In Progress,Infrastructure Team,3,2025-11-14
2129,2129,Splunk Agent Down,P4,Closed,Messaging Team,17,2025-12-08
2130,2130,Memory Utilization High,P2,Resolved,Infrastructure Team,8,2026-03-27
2131,2131,Patch Failure,P3,Resolved,Infrastructure Team,19,2025-09-02
2132,2132,Disk Space Full,P3,Closed,Linux Team,21,2026-07-12
2133,2133,Firewall Disabled,P3,Resolved,Windows Team,9,2026-03-19
2134,2134,CrowdStrike Offline,P4,In Progress,Messaging Team,32,2026-05-26
2135,2135,Patch Failure,P4,Closed,Security Team,59,2025-10-07
2136,2136,Firewall Disabled,P3,Closed,Linux Team,10,2025-09-16
2137,2137,CPU Utilization High,P3,In Progress,Infrastructure Team,21,2026-07-01
2138,2138,CrowdStrike Offline,P4,Closed,Messaging Team,45,2025-08-02
2139,2139,Memory Utilization High,P2,Open,Security Team,7,2026-05-09
2140,2140,Memory Utilization High,P4,In Progress,Database Team,27,2025-10-29
2141,2141,Firewall Disabled,P4,In Progress,Security Team,14,2026-05-25
2142,2142,Patch Failure,P3,Resolved,Database Team,6,2025-12-22
2143,2143,Patch Failure,P2,Closed,Infrastructure Team,7,2025-09-12
2144,2144,Memory Utilization High,P4,Closed,Linux Team,59,2026-05-31
2145,2145,CrowdStrike Offline,P3,Resolved,Messaging Team,8,2026-03-08
2146,2146,Splunk Agent Down,P3,Closed,Infrastructure Team,10,2026-02-24
2147,2147,Memory Utilization High,P4,Resolved,Security Team,64,2026-05-19
2148,2148,CPU Utilization High,P3,In Progress,Messaging Team,24,2026-02-23
2149,2149,Memory Utilization High,P3,Resolved,Infrastructure Team,18,2026-01-11
2150,2150,Memory Utilization High,P4,Resolved,Messaging Team,50,2025-09-26
2151,2151,Disk Space Full,P3,Resolved,Linux Team,22,2025-11-14
2152,2152,CrowdStrike Offline,P3,Closed,Infrastructure Team,6,2025-10-18
2153,2153,Splunk Agent Down,P3,Closed,Infrastructure Team,22,2025-08-11
2154,2154,Firewall Disabled,P3,Closed,Security Team,9,2026-06-14
2155,2155,Disk Space Full,P4,Closed,Infrastructure Team,14,2025-09-19
2156,2156,Application Not Responding,P4,In Progress,Infrastructure Team,41,2025-12-25
2157,2157,Qualys Agent Missing,P2,In Progress,Infrastructure Team,8,2025-07-25
2158,2158,Disk Space Full,P3,Open,Infrastructure Team,8,2025-08-13
2159,2159,CrowdStrike Offline,P2,In Progress,Infrastructure Team,3,2026-03-02
2160,2160,Server Down,P3,Open,Infrastructure Team,24,2026-06-04
2161,2161,Memory Utilization High,P4,Resolved,Windows Team,21,2025-08-05
2162,2162,Disk Space Full,P4,In Progress,Security Team,69,2026-04-25
2163,2163,Disk Space Full,P3,Resolved,Infrastructure Team,16,2026-02-20
2164,2164,Splunk Agent Down,P3,Closed,Security Team,18,2026-06-27
2165,2165,Qualys Agent Missing,P4,Resolved,Infrastructure Team,35,2025-09-11
2166,2166,Disk Space Full,P3,Closed,Linux Team,21,2025-08-25
2167,2167,CrowdStrike Offline,P3,In Progress,Windows Team,24,2026-04-21
2168,2168,Qualys Agent Missing,P3,Resolved,Messaging Team,13,2026-07-21
2169,2169,CPU Utilization High,P4,Closed,Infrastructure Team,23,2026-04-09
2170,2170,Memory Utilization High,P2,Resolved,Database Team,7,2025-10-30
2171,2171,Application Not Responding,P4,Closed,Linux Team,53,2025-11-27
2172,2172,Application Not Responding,P2,Resolved,Linux Team,8,2026-02-04
2173,2173,Memory Utilization High,P3,Closed,Infrastructure Team,21,2025-11-14
2174,2174,Splunk Agent Down,P4,Resolved,Windows Team,44,2025-12-09
2175,2175,Qualys Agent Missing,P2,Closed,Infrastructure Team,4,2025-12-07
2176,2176,Splunk Agent Down,P3,Resolved,Infrastructure Team,18,2026-01-25
2177,2177,Server Down,P4,Resolved,Windows Team,25,2026-03-04
2178,2178,Server Down,P4,Closed,Database Team,29,2026-01-10
2179,2179,CrowdStrike Offline,P4,Resolved,Infrastructure Team,9,2025-12-06
2180,2180,Disk Space Full,P4,Resolved,Database Team,43,2026-03-01
2181,2181,Memory Utilization High,P4,Closed,Linux Team,36,2025-12-10
2182,2182,CrowdStrike Offline,P4,Closed,Database Team,14,2026-07-25
2183,2183,Splunk Agent Down,P4,Open,Database Team,65,2026-03-24
2184,2184,Patch Failure,P2,Resolved,Database Team,4,2026-02-21
2185,2185,Patch Failure,P4,Closed,Infrastructure Team,52,2025-10-16
2186,2186,Disk Space Full,P3,In Progress,Messaging Team,16,2025-10-23
2187,2187,Memory Utilization High,P4,Closed,Security Team,11,2025-12-07
2188,2188,Patch Failure,P3,Resolved,Linux Team,9,2025-12-04
2189,2189,Server Down,P1,Open,Security Team,4,2026-05-18
2190,2190,Server Down,P3,Closed,Security Team,20,2026-06-07
2191,2191,Server Down,P4,In Progress,Infrastructure Team,42,2026-02-27
2192,2192,CrowdStrike Offline,P1,Closed,Linux Team,3,2026-03-28
2193,2193,CrowdStrike Offline,P3,Closed,Security Team,11,2025-10-28
2194,2194,Disk Space Full,P4,Closed,Infrastructure Team,15,2025-09-15
2195,2195,Patch Failure,P3,Open,Database Team,21,2026-01-17
2196,2196,Patch Failure,P1,Resolved,Infrastructure Team,4,2026-04-22
2197,2197,Patch Failure,P3,Resolved,Windows Team,11,2026-02-09
2198,2198,CPU Utilization High,P3,Resolved,Infrastructure Team,5,2026-02-03
2199,2199,Disk Space Full,P4,Resolved,Security Team,44,2026-02-08
2200,2200,Patch Failure,P4,Resolved,Database Team,51,2026-02-07
2201,2201,Firewall Disabled,P4,Closed,Linux Team,51,2025-12-04
2202,2202,CrowdStrike Offline,P3,Closed,Infrastructure Team,12,2026-04-18
2203,2203,Patch Failure,P3,Resolved,Security Team,8,2025-12-24
2204,2204,Disk Space Full,P4,Resolved,Security Team,64,2025-11-11
2205,2205,Memory Utilization High,P4,Resolved,Infrastructure Team,56,2025-10-20
2206,2206,Server Down,P4,Resolved,Messaging Team,54,2026-01-22
2207,2207,Splunk Agent Down,P3,Closed,Linux Team,5,2025-08-13
2208,2208,Qualys Agent Missing,P4,In Progress,Infrastructure Team,38,2025-08-13
2209,2209,Firewall Disabled,P3,Resolved,Windows Team,19,2026-03-05
2210,2210,Qualys Agent Missing,P4,Closed,Linux Team,62,2026-02-16
2211,2211,Application Not Responding,P4,Resolved,Linux Team,66,2025-10-16
2212,2212,Firewall Disabled,P4,Resolved,Infrastructure Team,55,2026-01-05
2213,2213,Application Not Responding,P4,Closed,Messaging Team,62,2025-11-21
2214,2214,Memory Utilization High,P4,Resolved,Linux Team,67,2025-11-16
2215,2215,Patch Failure,P1,Resolved,Infrastructure Team,2,2025-12-12
2216,2216,Memory Utilization High,P2,Resolved,Security Team,2,2025-12-15
2217,2217,CrowdStrike Offline,P3,Resolved,Database Team,14,2025-10-21
2218,2218,Disk Space Full,P4,Closed,Infrastructure Team,52,2025-09-24
2219,2219,Qualys Agent Missing,P3,Closed,Linux Team,12,2026-04-27
2220,2220,Memory Utilization High,P4,Resolved,Infrastructure Team,36,2026-01-23
2221,2221,Splunk Agent Down,P3,Closed,Infrastructure Team,8,2025-12-09
2222,2222,Qualys Agent Missing,P4,Resolved,Linux Team,14,2025-10-10
2223,2223,Firewall Disabled,P4,In Progress,Windows Team,53,2025-09-12
2224,2224,Qualys Agent Missing,P4,Closed,Messaging Team,37,2026-03-22
2225,2225,CPU Utilization High,P4,Open,Messaging Team,33,2026-04-29
2226,2226,Disk Space Full,P4,Resolved,Linux Team,33,2026-06-12
2227,2227,Disk Space Full,P3,Closed,Messaging Team,14,2026-06-21
2228,2228,Disk Space Full,P4,Closed,Security Team,29,2026-05-23
2229,2229,Splunk Agent Down,P1,Closed,Windows Team,3,2026-06-11
2230,2230,Memory Utilization High,P3,Closed,Database Team,23,2026-02-02
2231,2231,Disk Space Full,P4,Resolved,Linux Team,24,2025-09-22
2232,2232,Application Not Responding,P2,Open,Database Team,8,2026-01-16
2233,2233,Memory Utilization High,P3,Resolved,Security Team,13,2026-06-13
2234,2234,Disk Space Full,P4,In Progress,Security Team,36,2026-06-24
2235,2235,Qualys Agent Missing,P3,Resolved,Messaging Team,15,2025-08-05
2236,2236,Server Down,P4,Closed,Messaging Team,45,2026-05-06
2237,2237,Splunk Agent Down,P3,Open,Infrastructure Team,12,2026-02-14
2238,2238,CrowdStrike Offline,P4,Resolved,Infrastructure Team,61,2026-05-01
2239,2239,Splunk Agent Down,P4,Resolved,Database Team,61,2026-04-07
2240,2240,CrowdStrike Offline,P4,Resolved,Infrastructure Team,54,2025-11-10
2241,2241,Application Not Responding,P2,Closed,Linux Team,5,2025-11-27
2242,2242,CrowdStrike Offline,P3,Closed,Windows Team,18,2025-09-13
2243,2243,CPU Utilization High,P4,Closed,Linux Team,30,2026-02-22
2244,2244,Application Not Responding,P3,Closed,Database Team,15,2025-11-24
2245,2245,Server Down,P4,Resolved,Windows Team,34,2026-05-15
2246,2246,Patch Failure,P3,Resolved,Infrastructure Team,8,2026-07-03
2247,2247,Application Not Responding,P3,Closed,Linux Team,13,2025-07-27
2248,2248,Patch Failure,P2,Closed,Security Team,7,2026-03-28
2249,2249,CPU Utilization High,P3,Resolved,Infrastructure Team,15,2026-03-04
2250,2250,CrowdStrike Offline,P2,Resolved,Database Team,4,2025-09-07
2251,2251,CPU Utilization High,P3,Open,Windows Team,10,2025-09-26
2252,2252,Qualys Agent Missing,P2,In Progress,Infrastructure Team,5,2026-05-24
2253,2253,CPU Utilization High,P4,Closed,Infrastructure Team,17,2025-11-22
2254,2254,Firewall Disabled,P3,Closed,Windows Team,18,2025-08-27
2255,2255,Patch Failure,P3,Resolved,Database Team,18,2026-03-06
2256,2256,Qualys Agent Missing,P2,Resolved,Messaging Team,5,2026-03-26
2257,2257,CPU Utilization High,P4,Resolved,Windows Team,24,2025-11-06
2258,2258,Disk Space Full,P3,In Progress,Linux Team,14,2026-03-18
2259,2259,Patch Failure,P4,Open,Messaging Team,40,2025-10-20
2260,2260,Qualys Agent Missing,P4,In Progress,Database Team,59,2026-03-02
2261,2261,Application Not Responding,P4,Closed,Windows Team,47,2026-02-24
2262,2262,CrowdStrike Offline,P2,Resolved,Security Team,6,2025-08-04
2263,2263,Patch Failure,P2,Closed,Database Team,7,2025-08-05
2264,2264,CPU Utilization High,P3,Closed,Security Team,10,2026-07-05
2265,2265,CPU Utilization High,P4,Resolved,Database Team,52,2025-09-26
2266,2266,Application Not Responding,P2,Open,Infrastructure Team,7,2026-01-31
2267,2267,Qualys Agent Missing,P3,In Progress,Infrastructure Team,14,2025-07-27
2268,2268,Memory Utilization High,P4,Closed,Infrastructure Team,41,2025-09-01
2269,2269,Application Not Responding,P4,Resolved,Messaging Team,34,2026-04-29
2270,2270,Qualys Agent Missing,P3,In Progress,Security Team,8,2025-09-03
2271,2271,Firewall Disabled,P4,Resolved,Linux Team,48,2026-04-18
2272,2272,Patch Failure,P4,Resolved,Infrastructure Team,11,2026-02-14
2273,2273,Qualys Agent Missing,P4,Closed,Windows Team,25,2026-05-10
2274,2274,Qualys Agent Missing,P4,Closed,Messaging Team,34,2026-02-10
2275,2275,Patch Failure,P3,Resolved,Database Team,7,2026-02-23
2276,2276,CPU Utilization High,P4,Open,Infrastructure Team,9,2025-09-23
2277,2277,Qualys Agent Missing,P4,Closed,Security Team,12,2026-03-05
2278,2278,Qualys Agent Missing,P3,Resolved,Database Team,17,2025-10-01
2279,2279,Splunk Agent Down,P3,Closed,Security Team,14,2025-12-05
2280,2280,Patch Failure,P3,Closed,Database Team,23,2026-06-20
2281,2281,Splunk Agent Down,P3,Closed,Infrastructure Team,19,2026-07-08
2282,2282,Application Not Responding,P4,In Progress,Security Team,30,2026-01-27
2283,2283,Disk Space Full,P4,Resolved,Windows Team,30,2026-05-05
2284,2284,Disk Space Full,P3,Resolved,Messaging Team,12,2026-04-09
2285,2285,Memory Utilization High,P3,Resolved,Database Team,23,2025-08-23
2286,2286,Patch Failure,P3,Resolved,Windows Team,11,2025-07-26
2287,2287,Application Not Responding,P2,In Progress,Infrastructure Team,5,2026-01-19
2288,2288,Patch Failure,P4,Open,Messaging Team,56,2026-07-11
2289,2289,Qualys Agent Missing,P4,Closed,Windows Team,72,2026-06-07
2290,2290,Firewall Disabled,P4,Resolved,Infrastructure Team,19,2026-03-27
2291,2291,CPU Utilization High,P3,Resolved,Security Team,6,2026-05-02
2292,2292,Qualys Agent Missing,P4,Resolved,Windows Team,49,2026-07-22
2293,2293,CrowdStrike Offline,P4,Resolved,Linux Team,48,2025-11-06
2294,2294,CrowdStrike Offline,P4,Resolved,Database Team,45,2026-05-29
2295,2295,Memory Utilization High,P4,Resolved,Messaging Team,27,2025-11-07
2296,2296,Firewall Disabled,P3,Open,Infrastructure Team,21,2025-10-13
2297,2297,Patch Failure,P3,Open,Security Team,17,2026-02-02
2298,2298,Application Not Responding,P4,Resolved,Security Team,62,2026-06-10
2299,2299,Memory Utilization High,P3,Closed,Messaging Team,16,2026-06-15
2300,2300,Server Down,P2,Resolved,Linux Team,4,2025-12-27
2301,2301,Memory Utilization High,P3,Closed,Infrastructure Team,23,2026-03-02
2302,2302,Application Not Responding,P2,Resolved,Security Team,4,2026-04-15
2303,2303,Splunk Agent Down,P2,Resolved,Infrastructure Team,8,2026-03-24
2304,2304,CrowdStrike Offline,P4,Resolved,Infrastructure Team,29,2025-09-30
2305,2305,CPU Utilization High,P3,Resolved,Database Team,24,2026-02-03
2306,2306,Server Down,P4,Resolved,Messaging Team,30,2025-10-16
2307,2307,Application Not Responding,P2,Resolved,Security Team,8,2025-11-23
2308,2308,Patch Failure,P4,Closed,Windows Team,18,2026-03-27
2309,2309,Qualys Agent Missing,P3,In Progress,Security Team,6,2026-02-10
2310,2310,CPU Utilization High,P2,In Progress,Security Team,4,2025-11-27
2311,2311,Application Not Responding,P3,Closed,Windows Team,6,2026-05-05
2312,2312,Firewall Disabled,P3,Closed,Database Team,18,2026-07-14
2313,2313,CrowdStrike Offline,P3,Closed,Database Team,23,2025-12-06
2314,2314,Firewall Disabled,P3,Closed,Messaging Team,4,2026-04-29
2315,2315,Server Down,P4,Closed,Messaging Team,30,2026-03-18
2316,2316,CrowdStrike Offline,P3,In Progress,Database Team,8,2026-06-02
2317,2317,Application Not Responding,P2,Closed,Security Team,6,2026-06-19
2318,2318,CPU Utilization High,P2,Resolved,Infrastructure Team,5,2025-11-05
2319,2319,Application Not Responding,P4,Closed,Database Team,64,2026-05-25
2320,2320,Patch Failure,P2,Resolved,Messaging Team,5,2025-12-26
2321,2321,Qualys Agent Missing,P4,Open,Linux Team,27,2025-10-11
2322,2322,Disk Space Full,P3,Open,Infrastructure Team,8,2025-11-07
2323,2323,CrowdStrike Offline,P4,Closed,Messaging Team,36,2025-12-16
2324,2324,Server Down,P3,Open,Security Team,7,2026-01-04
2325,2325,CrowdStrike Offline,P2,Closed,Infrastructure Team,2,2026-06-02
2326,2326,Disk Space Full,P3,In Progress,Database Team,11,2026-03-24
2327,2327,Memory Utilization High,P4,In Progress,Database Team,25,2026-06-11
2328,2328,Application Not Responding,P4,Resolved,Security Team,62,2026-05-26
2329,2329,Disk Space Full,P1,Closed,Security Team,3,2026-01-07
2330,2330,Disk Space Full,P3,Closed,Security Team,8,2026-05-03
2331,2331,Application Not Responding,P4,Closed,Windows Team,46,2026-07-19
2332,2332,Server Down,P2,Closed,Infrastructure Team,5,2025-08-28
2333,2333,CrowdStrike Offline,P3,Closed,Infrastructure Team,24,2026-01-20
2334,2334,Splunk Agent Down,P1,Open,Infrastructure Team,3,2026-05-15
2335,2335,Disk Space Full,P3,Closed,Linux Team,9,2026-04-20
2336,2336,CrowdStrike Offline,P4,Resolved,Windows Team,16,2025-10-18
2337,2337,Firewall Disabled,P4,Resolved,Infrastructure Team,39,2026-01-27
2338,2338,Splunk Agent Down,P3,In Progress,Security Team,6,2025-10-04
2339,2339,Application Not Responding,P3,Closed,Database Team,22,2026-01-11
2340,2340,Qualys Agent Missing,P4,Resolved,Security Team,67,2026-03-11
2341,2341,Memory Utilization High,P4,Resolved,Messaging Team,47,2025-11-28
2342,2342,Application Not Responding,P2,In Progress,Database Team,3,2026-02-14
2343,2343,Firewall Disabled,P4,Resolved,Linux Team,49,2025-08-27
2344,2344,Memory Utilization High,P4,Closed,Messaging Team,37,2025-11-29
2345,2345,Memory Utilization High,P3,Closed,Linux Team,7,2025-11-06
2346,2346,Splunk Agent Down,P4,Closed,Security Team,15,2025-11-01
2347,2347,CPU Utilization High,P3,Resolved,Linux Team,20,2026-03-18
2348,2348,CPU Utilization High,P4,Closed,Security Team,54,2025-10-18
2349,2349,CPU Utilization High,P3,Resolved,Infrastructure Team,20,2025-08-06
2350,2350,Server Down,P4,Closed,Linux Team,53,2026-02-04
2351,2351,Qualys Agent Missing,P4,Closed,Infrastructure Team,59,2025-08-09
2352,2352,Patch Failure,P4,Resolved,Linux Team,66,2026-05-09
2353,2353,Qualys Agent Missing,P2,Resolved,Database Team,2,2026-01-23
2354,2354,Application Not Responding,P4,Resolved,Security Team,21,2026-04-04
2355,2355,Server Down,P2,Closed,Messaging Team,7,2025-09-11
2356,2356,Disk Space Full,P4,Closed,Security Team,24,2026-03-10
2357,2357,Firewall Disabled,P4,Open,Database Team,34,2025-09-06
2358,2358,Application Not Responding,P4,In Progress,Infrastructure Team,29,2025-12-06
2359,2359,Application Not Responding,P4,Resolved,Security Team,39,2025-12-19
2360,2360,Qualys Agent Missing,P2,Closed,Messaging Team,2,2026-02-07
2361,2361,Firewall Disabled,P3,Resolved,Infrastructure Team,16,2026-02-13
2362,2362,Application Not Responding,P4,Resolved,Messaging Team,24,2026-01-27
2363,2363,Server Down,P4,Resolved,Infrastructure Team,14,2025-08-30
2364,2364,Patch Failure,P3,Resolved,Database Team,20,2026-04-08
2365,2365,Firewall Disabled,P4,In Progress,Database Team,13,2026-04-20
2366,2366,Firewall Disabled,P2,Closed,Messaging Team,6,2026-04-29
2367,2367,CPU Utilization High,P4,In Progress,Infrastructure Team,51,2026-06-03
2368,2368,CrowdStrike Offline,P4,In Progress,Database Team,54,2025-10-07
2369,2369,CPU Utilization High,P4,In Progress,Database Team,30,2025-10-16
2370,2370,CrowdStrike Offline,P3,Resolved,Infrastructure Team,15,2026-06-10
2371,2371,Disk Space Full,P4,Closed,Linux Team,52,2025-10-07
2372,2372,Application Not Responding,P3,Closed,Security Team,13,2026-06-17
2373,2373,Application Not Responding,P2,Resolved,Infrastructure Team,7,2026-02-17
2374,2374,CrowdStrike Offline,P1,Closed,Database Team,2,2026-03-11
2375,2375,Application Not Responding,P4,Resolved,Linux Team,36,2025-11-21
2376,2376,Memory Utilization High,P3,Resolved,Database Team,19,2025-12-26
2377,2377,Memory Utilization High,P2,In Progress,Security Team,8,2025-09-26
2378,2378,Patch Failure,P3,Closed,Security Team,13,2025-12-06
2379,2379,CPU Utilization High,P3,Closed,Security Team,10,2026-06-19
2380,2380,Splunk Agent Down,P3,Resolved,Infrastructure Team,17,2026-07-14
2381,2381,Patch Failure,P3,Closed,Security Team,23,2025-10-07
2382,2382,Splunk Agent Down,P2,Resolved,Infrastructure Team,5,2025-08-16
2383,2383,Memory Utilization High,P1,Resolved,Messaging Team,1,2026-03-16
2384,2384,Firewall Disabled,P4,Closed,Infrastructure Team,19,2026-04-30
2385,2385,Application Not Responding,P3,In Progress,Infrastructure Team,5,2026-04-25
2386,2386,Firewall Disabled,P2,Open,Linux Team,6,2026-04-01
2387,2387,CrowdStrike Offline,P4,Open,Infrastructure Team,12,2026-03-05
2388,2388,Memory Utilization High,P3,In Progress,Messaging Team,8,2026-06-09
2389,2389,Patch Failure,P4,Resolved,Infrastructure Team,71,2026-01-24
2390,2390,Disk Space Full,P4,Closed,Linux Team,35,2026-07-19
2391,2391,Patch Failure,P3,Closed,Messaging Team,6,2026-05-02
2392,2392,Patch Failure,P4,Closed,Windows Team,56,2026-01-08
2393,2393,Firewall Disabled,P4,Resolved,Infrastructure Team,30,2026-06-21
2394,2394,CPU Utilization High,P4,Closed,Linux Team,14,2025-09-29
2395,2395,Server Down,P4,Closed,Security Team,15,2025-09-22
2396,2396,Application Not Responding,P4,Resolved,Database Team,8,2026-02-22
2397,2397,Disk Space Full,P4,Resolved,Database Team,56,2025-10-01
2398,2398,CPU Utilization High,P3,Closed,Linux Team,22,2025-09-23
2399,2399,Memory Utilization High,P4,Resolved,Infrastructure Team,63,2026-06-15
2400,2400,Splunk Agent Down,P4,Closed,Linux Team,26,2026-03-26
2401,2401,Memory Utilization High,P4,Resolved,Messaging Team,56,2025-12-01
2402,2402,Patch Failure,P3,Closed,Linux Team,17,2025-09-17
2403,2403,Qualys Agent Missing,P4,Closed,Windows Team,27,2025-08-27
2404,2404,Firewall Disabled,P4,Open,Windows Team,37,2025-12-12
2405,2405,Patch Failure,P3,Closed,Database Team,13,2026-07-10
2406,2406,Disk Space Full,P4,Resolved,Windows Team,33,2025-12-04
2407,2407,Server Down,P3,Closed,Security Team,14,2025-12-15
2408,2408,Disk Space Full,P2,Closed,Database Team,8,2025-09-23
2409,2409,Firewall Disabled,P3,Closed,Windows Team,15,2026-04-11
2410,2410,CrowdStrike Offline,P3,Resolved,Windows Team,21,2026-01-07
2411,2411,Application Not Responding,P1,Resolved,Infrastructure Team,4,2026-06-08
2412,2412,Patch Failure,P4,Open,Database Team,70,2025-08-08
2413,2413,Qualys Agent Missing,P3,Closed,Messaging Team,15,2026-03-15
2414,2414,Memory Utilization High,P2,Closed,Infrastructure Team,2,2025-11-11
2415,2415,CPU Utilization High,P3,Resolved,Security Team,6,2025-11-05
2416,2416,CrowdStrike Offline,P2,Closed,Infrastructure Team,8,2026-04-24
2417,2417,Disk Space Full,P3,Closed,Linux Team,24,2025-09-04
2418,2418,Memory Utilization High,P4,Closed,Database Team,18,2025-12-27
2419,2419,Qualys Agent Missing,P2,Resolved,Messaging Team,3,2026-05-08
2420,2420,Disk Space Full,P4,Resolved,Infrastructure Team,45,2025-09-23
2421,2421,Splunk Agent Down,P3,In Progress,Windows Team,20,2026-04-12
2422,2422,CrowdStrike Offline,P1,Closed,Infrastructure Team,2,2026-01-21
2423,2423,Qualys Agent Missing,P4,Resolved,Database Team,38,2026-06-02
2424,2424,Application Not Responding,P4,In Progress,Security Team,49,2026-03-03
2425,2425,Application Not Responding,P4,In Progress,Linux Team,59,2026-07-25
2426,2426,Server Down,P4,Closed,Messaging Team,55,2026-01-22
2427,2427,Qualys Agent Missing,P2,Closed,Linux Team,3,2026-04-01
2428,2428,Application Not Responding,P4,Resolved,Database Team,65,2026-01-07
2429,2429,Patch Failure,P3,In Progress,Infrastructure Team,20,2026-04-01
2430,2430,Memory Utilization High,P4,Resolved,Infrastructure Team,62,2026-02-03
2431,2431,Firewall Disabled,P3,Resolved,Security Team,6,2026-03-31
2432,2432,Disk Space Full,P4,Resolved,Linux Team,52,2026-05-05
2433,2433,Server Down,P4,Closed,Database Team,68,2025-08-13
2434,2434,CrowdStrike Offline,P4,Closed,Messaging Team,26,2025-09-06
2435,2435,Application Not Responding,P4,Resolved,Security Team,22,2026-04-14
2436,2436,Application Not Responding,P2,In Progress,Messaging Team,6,2026-06-22
2437,2437,CPU Utilization High,P3,In Progress,Infrastructure Team,17,2026-05-03
2438,2438,Qualys Agent Missing,P4,Closed,Messaging Team,62,2026-06-30
2439,2439,Disk Space Full,P4,Closed,Database Team,53,2026-04-13
2440,2440,Disk Space Full,P3,Resolved,Infrastructure Team,21,2026-06-27
2441,2441,Firewall Disabled,P3,Closed,Windows Team,16,2026-04-08
2442,2442,CrowdStrike Offline,P4,Closed,Infrastructure Team,13,2026-05-26
2443,2443,Firewall Disabled,P3,Closed,Infrastructure Team,13,2026-06-01
2444,2444,Disk Space Full,P2,Closed,Infrastructure Team,3,2025-11-24
2445,2445,CPU Utilization High,P2,Open,Database Team,3,2025-08-03
2446,2446,Splunk Agent Down,P4,Closed,Database Team,29,2026-07-16
2447,2447,Application Not Responding,P4,Resolved,Infrastructure Team,45,2025-12-06
2448,2448,Application Not Responding,P4,Closed,Linux Team,45,2026-04-08
2449,2449,Patch Failure,P3,Closed,Infrastructure Team,23,2026-04-24
2450,2450,Disk Space Full,P3,Resolved,Database Team,14,2026-03-21
2451,2451,Patch Failure,P1,Open,Windows Team,3,2026-06-04
2452,2452,Patch Failure,P4,Open,Infrastructure Team,62,2026-04-17
2453,2453,Server Down,P4,Resolved,Linux Team,25,2026-04-27
2454,2454,CPU Utilization High,P3,Resolved,Infrastructure Team,6,2026-04-27
2455,2455,Patch Failure,P4,Closed,Infrastructure Team,63,2025-12-19
2456,2456,Splunk Agent Down,P3,In Progress,Security Team,17,2025-09-27
2457,2457,CrowdStrike Offline,P3,Open,Infrastructure Team,8,2025-09-11
2458,2458,CPU Utilization High,P3,Resolved,Linux Team,10,2025-11-14
2459,2459,CrowdStrike Offline,P4,Open,Infrastructure Team,71,2025-12-05
2460,2460,Memory Utilization High,P4,Closed,Linux Team,55,2026-02-10
2461,2461,CrowdStrike Offline,P4,Closed,Windows Team,26,2025-11-26
2462,2462,CrowdStrike Offline,P4,In Progress,Database Team,34,2025-09-03
2463,2463,Patch Failure,P3,Closed,Messaging Team,13,2026-04-21
2464,2464,Splunk Agent Down,P4,Closed,Database Team,30,2026-01-23
2465,2465,Application Not Responding,P3,Resolved,Infrastructure Team,4,2026-04-17
2466,2466,Firewall Disabled,P4,Closed,Infrastructure Team,67,2026-01-23
2467,2467,Memory Utilization High,P3,Closed,Linux Team,10,2026-05-14
2468,2468,CrowdStrike Offline,P2,Closed,Infrastructure Team,8,2026-03-22
2469,2469,Firewall Disabled,P4,In Progress,Linux Team,55,2026-07-23
2470,2470,Disk Space Full,P3,Resolved,Database Team,20,2025-10-26
2471,2471,Qualys Agent Missing,P4,Closed,Security Team,65,2026-01-15
2472,2472,Server Down,P3,Resolved,Security Team,8,2026-05-14
2473,2473,Memory Utilization High,P4,Resolved,Database Team,21,2026-02-27
2474,2474,Server Down,P4,In Progress,Infrastructure Team,38,2026-03-06
2475,2475,Splunk Agent Down,P3,Closed,Messaging Team,14,2026-06-16
2476,2476,Firewall Disabled,P3,In Progress,Windows Team,20,2026-03-05
2477,2477,Splunk Agent Down,P4,Closed,Linux Team,25,2026-04-30
2478,2478,Splunk Agent Down,P3,Closed,Infrastructure Team,7,2026-01-20
2479,2479,Disk Space Full,P4,Resolved,Messaging Team,61,2025-09-14
2480,2480,Patch Failure,P1,Closed,Infrastructure Team,3,2025-09-06
2481,2481,Firewall Disabled,P3,Resolved,Infrastructure Team,15,2026-04-09
2482,2482,CPU Utilization High,P4,Closed,Infrastructure Team,34,2025-08-08
2483,2483,Server Down,P2,Closed,Security Team,4,2026-04-16
2484,2484,Firewall Disabled,P4,In Progress,Linux Team,34,2026-06-14
2485,2485,Server Down,P3,Resolved,Windows Team,4,2025-11-22
2486,2486,Disk Space Full,P2,Closed,Database Team,5,2026-01-18
2487,2487,Firewall Disabled,P4,Resolved,Linux Team,21,2026-03-23
2488,2488,Splunk Agent Down,P3,Closed,Security Team,16,2025-11-08
2489,2489,Splunk Agent Down,P4,Closed,Linux Team,45,2026-05-26
2490,2490,Qualys Agent Missing,P3,Closed,Infrastructure Team,22,2025-09-22
2491,2491,Firewall Disabled,P3,Closed,Security Team,7,2026-04-07
2492,2492,Server Down,P3,Open,Linux Team,20,2026-01-22
2493,2493,Disk Space Full,P4,Closed,Security Team,19,2026-04-20
2494,2494,Memory Utilization High,P4,In Progress,Database Team,35,2025-12-31
2495,2495,Qualys Agent Missing,P4,Closed,Infrastructure Team,54,2026-03-06
2496,2496,CPU Utilization High,P2,Closed,Linux Team,8,2025-08-25
2497,2497,CrowdStrike Offline,P1,Closed,Linux Team,4,2026-07-13
2498,2498,Memory Utilization High,P4,Closed,Windows Team,58,2025-07-25
2499,2499,Application Not Responding,P3,Closed,Linux Team,20,2025-11-01
2500,2500,Server Down,P3,Closed,Linux Team,23,2026-02-05
2501,2501,CPU Utilization High,P2,In Progress,Infrastructure Team,3,2025-09-18
2502,2502,CPU Utilization High,P3,Closed,Security Team,17,2026-05-08
2503,2503,Splunk Agent Down,P3,Resolved,Windows Team,7,2026-05-25
2504,2504,Memory Utilization High,P3,Open,Messaging Team,23,2026-02-13
2505,2505,CPU Utilization High,P2,Closed,Messaging Team,2,2025-12-06
2506,2506,Firewall Disabled,P4,Resolved,Windows Team,29,2025-09-28
2507,2507,Memory Utilization High,P2,Resolved,Security Team,5,2026-01-31
2508,2508,Memory Utilization High,P4,Closed,Linux Team,46,2025-12-02
2509,2509,Server Down,P3,Closed,Security Team,14,2026-02-11
2510,2510,Firewall Disabled,P4,Closed,Messaging Team,46,2026-03-05
2511,2511,Server Down,P3,Resolved,Database Team,12,2025-09-21
2512,2512,Server Down,P2,Closed,Database Team,2,2026-01-03
2513,2513,Disk Space Full,P2,In Progress,Windows Team,4,2025-11-13
2514,2514,CrowdStrike Offline,P3,In Progress,Database Team,18,2026-05-30
2515,2515,Splunk Agent Down,P3,In Progress,Windows Team,13,2026-03-12
2516,2516,Memory Utilization High,P4,In Progress,Messaging Team,49,2026-06-19
2517,2517,CrowdStrike Offline,P4,In Progress,Database Team,22,2026-06-05
2518,2518,Firewall Disabled,P3,Open,Database Team,10,2025-08-12
2519,2519,Qualys Agent Missing,P4,Closed,Windows Team,66,2025-12-15
2520,2520,Memory Utilization High,P4,Resolved,Infrastructure Team,47,2026-06-16
2521,2521,CPU Utilization High,P4,In Progress,Linux Team,47,2026-05-11
2522,2522,Server Down,P3,Resolved,Infrastructure Team,8,2025-12-05
2523,2523,Splunk Agent Down,P3,Closed,Infrastructure Team,17,2026-03-14
2524,2524,Patch Failure,P3,Closed,Linux Team,23,2025-11-15
2525,2525,CPU Utilization High,P2,Resolved,Database Team,4,2026-07-17
2526,2526,Patch Failure,P1,Closed,Database Team,2,2026-05-29
2527,2527,Memory Utilization High,P3,In Progress,Linux Team,4,2026-06-20
2528,2528,Disk Space Full,P3,In Progress,Linux Team,21,2026-03-13
2529,2529,Disk Space Full,P3,Open,Infrastructure Team,17,2025-11-27
2530,2530,Memory Utilization High,P3,In Progress,Database Team,21,2026-01-30
2531,2531,Server Down,P4,Closed,Linux Team,26,2025-10-16
2532,2532,CrowdStrike Offline,P2,Resolved,Windows Team,3,2025-09-07
2533,2533,CPU Utilization High,P3,In Progress,Infrastructure Team,13,2026-06-01
2534,2534,CrowdStrike Offline,P2,Closed,Infrastructure Team,7,2026-07-14
2535,2535,Memory Utilization High,P2,In Progress,Messaging Team,3,2026-06-05
2536,2536,CrowdStrike Offline,P4,In Progress,Messaging Team,63,2026-03-04
2537,2537,CPU Utilization High,P3,In Progress,Database Team,7,2025-12-17
2538,2538,CPU Utilization High,P4,Resolved,Linux Team,25,2025-11-25
2539,2539,Disk Space Full,P3,Open,Linux Team,11,2025-10-01
2540,2540,Patch Failure,P3,Open,Infrastructure Team,9,2026-06-26
2541,2541,Application Not Responding,P2,In Progress,Database Team,6,2026-06-16
2542,2542,Splunk Agent Down,P3,Resolved,Database Team,22,2025-12-29
2543,2543,Splunk Agent Down,P3,Closed,Security Team,10,2026-03-20
2544,2544,Patch Failure,P3,Resolved,Database Team,12,2025-12-06
2545,2545,Disk Space Full,P3,In Progress,Windows Team,23,2025-08-20
2546,2546,Server Down,P4,Closed,Messaging Team,50,2026-03-08
2547,2547,Qualys Agent Missing,P4,In Progress,Windows Team,64,2026-03-29
2548,2548,CrowdStrike Offline,P2,Open,Linux Team,7,2026-06-30
2549,2549,CrowdStrike Offline,P4,In Progress,Linux Team,47,2025-11-26
2550,2550,Disk Space Full,P3,In Progress,Infrastructure Team,23,2026-02-15
2551,2551,Firewall Disabled,P3,Resolved,Messaging Team,16,2026-06-07
2552,2552,Firewall Disabled,P4,In Progress,Linux Team,9,2026-06-24
2553,2553,Qualys Agent Missing,P3,Closed,Linux Team,22,2025-11-22
2554,2554,Qualys Agent Missing,P2,Closed,Security Team,4,2026-03-07
2555,2555,Application Not Responding,P3,Resolved,Windows Team,13,2026-06-01
2556,2556,Server Down,P3,Closed,Messaging Team,4,2025-10-17
2557,2557,Disk Space Full,P2,In Progress,Infrastructure Team,7,2025-11-26
2558,2558,Server Down,P3,Resolved,Messaging Team,6,2025-12-05
2559,2559,Firewall Disabled,P3,Resolved,Messaging Team,10,2025-09-23
2560,2560,Disk Space Full,P3,Closed,Infrastructure Team,22,2026-01-24
2561,2561,Patch Failure,P3,In Progress,Security Team,10,2026-04-09
2562,2562,Disk Space Full,P2,Closed,Security Team,3,2025-07-25
2563,2563,CrowdStrike Offline,P4,Closed,Messaging Team,19,2026-05-07
2564,2564,Patch Failure,P3,Resolved,Windows Team,19,2026-06-01
2565,2565,Disk Space Full,P3,Resolved,Linux Team,6,2026-02-04
2566,2566,Splunk Agent Down,P3,Resolved,Messaging Team,23,2026-06-13
2567,2567,CPU Utilization High,P3,Closed,Infrastructure Team,8,2026-05-22
2568,2568,Qualys Agent Missing,P3,Open,Security Team,7,2026-04-14
2569,2569,Firewall Disabled,P3,Closed,Infrastructure Team,23,2025-10-08
2570,2570,CPU Utilization High,P4,Resolved,Database Team,20,2026-06-11
2571,2571,Memory Utilization High,P3,Resolved,Windows Team,23,2026-07-08
2572,2572,Firewall Disabled,P4,Closed,Infrastructure Team,11,2025-12-27
2573,2573,CrowdStrike Offline,P1,Closed,Infrastructure Team,4,2026-05-20
2574,2574,CrowdStrike Offline,P3,Closed,Infrastructure Team,24,2025-08-16
2575,2575,Application Not Responding,P2,In Progress,Infrastructure Team,8,2026-03-29
2576,2576,Firewall Disabled,P3,Closed,Messaging Team,11,2025-10-09
2577,2577,Memory Utilization High,P3,Resolved,Windows Team,24,2025-12-04
2578,2578,Application Not Responding,P4,Resolved,Security Team,18,2026-03-17
2579,2579,Server Down,P4,Resolved,Windows Team,25,2026-02-04
2580,2580,Server Down,P4,Resolved,Infrastructure Team,58,2025-08-12
2581,2581,Application Not Responding,P4,Resolved,Database Team,54,2025-11-24
2582,2582,CPU Utilization High,P3,Resolved,Linux Team,23,2025-11-18
2583,2583,Splunk Agent Down,P2,Resolved,Linux Team,4,2026-04-09
2584,2584,Firewall Disabled,P3,Closed,Infrastructure Team,23,2026-02-24
2585,2585,Qualys Agent Missing,P4,Closed,Security Team,57,2025-09-07
2586,2586,Splunk Agent Down,P3,Closed,Windows Team,8,2026-01-15
2587,2587,CrowdStrike Offline,P4,Open,Linux Team,31,2026-01-17
2588,2588,CrowdStrike Offline,P3,Open,Linux Team,23,2026-03-26
2589,2589,CrowdStrike Offline,P4,Closed,Security Team,58,2025-07-28
2590,2590,CPU Utilization High,P3,Resolved,Messaging Team,14,2025-07-27
2591,2591,CPU Utilization High,P2,In Progress,Security Team,7,2026-02-19
2592,2592,Firewall Disabled,P4,Resolved,Infrastructure Team,34,2025-09-17
2593,2593,Patch Failure,P4,Closed,Infrastructure Team,34,2025-09-16
2594,2594,Qualys Agent Missing,P2,Resolved,Database Team,4,2026-05-28
2595,2595,CPU Utilization High,P4,In Progress,Database Team,35,2025-12-30
2596,2596,Qualys Agent Missing,P2,Open,Security Team,6,2025-09-22
2597,2597,Application Not Responding,P3,In Progress,Messaging Team,13,2026-04-19
2598,2598,Firewall Disabled,P4,Resolved,Infrastructure Team,66,2025-07-29
2599,2599,Qualys Agent Missing,P3,Resolved,Windows Team,22,2025-11-23
2600,2600,CrowdStrike Offline,P4,Closed,Security Team,67,2025-12-13
2601,2601,Disk Space Full,P3,Resolved,Linux Team,9,2025-07-30
2602,2602,CPU Utilization High,P4,In Progress,Messaging Team,30,2025-09-26
2603,2603,CrowdStrike Offline,P3,Open,Messaging Team,17,2026-02-25
2604,2604,Application Not Responding,P4,Closed,Linux Team,17,2026-02-20
2605,2605,CPU Utilization High,P4,Resolved,Database Team,67,2026-05-07
2606,2606,Disk Space Full,P4,Open,Windows Team,69,2026-06-22
2607,2607,Patch Failure,P4,Closed,Windows Team,36,2025-10-01
2608,2608,Firewall Disabled,P3,Resolved,Messaging Team,8,2025-11-13
2609,2609,CPU Utilization High,P4,Open,Infrastructure Team,72,2026-02-25
2610,2610,Qualys Agent Missing,P3,Resolved,Windows Team,7,2025-12-02
2611,2611,CPU Utilization High,P3,Resolved,Linux Team,23,2025-08-12
2612,2612,Qualys Agent Missing,P4,Resolved,Infrastructure Team,24,2025-08-29
2613,2613,Disk Space Full,P4,Resolved,Windows Team,52,2025-10-04
2614,2614,Application Not Responding,P4,Closed,Windows Team,43,2026-02-08
2615,2615,Disk Space Full,P1,Resolved,Messaging Team,4,2025-10-09
2616,2616,Splunk Agent Down,P3,Open,Infrastructure Team,16,2026-01-10
2617,2617,Firewall Disabled,P2,Resolved,Linux Team,7,2026-01-18
2618,2618,Server Down,P3,Closed,Infrastructure Team,12,2025-10-01
2619,2619,CPU Utilization High,P3,Closed,Database Team,5,2026-07-20
2620,2620,Firewall Disabled,P4,Resolved,Messaging Team,33,2025-12-22
2621,2621,Firewall Disabled,P3,Closed,Security Team,23,2025-08-09
2622,2622,Firewall Disabled,P1,Closed,Messaging Team,1,2026-06-11
2623,2623,CrowdStrike Offline,P4,Closed,Windows Team,58,2026-07-06
2624,2624,CPU Utilization High,P4,Closed,Linux Team,43,2026-03-27
2625,2625,CrowdStrike Offline,P4,Resolved,Database Team,59,2026-03-20
2626,2626,Patch Failure,P3,Open,Database Team,7,2025-08-31
2627,2627,CrowdStrike Offline,P4,Open,Infrastructure Team,52,2025-08-26
2628,2628,Splunk Agent Down,P4,In Progress,Database Team,45,2026-03-20
2629,2629,Qualys Agent Missing,P4,Closed,Linux Team,70,2025-09-19
2630,2630,Firewall Disabled,P2,Resolved,Infrastructure Team,2,2025-10-04
2631,2631,Memory Utilization High,P4,Open,Security Team,65,2026-03-19
2632,2632,Patch Failure,P4,Resolved,Infrastructure Team,16,2025-12-26
2633,2633,CrowdStrike Offline,P3,Closed,Linux Team,21,2026-01-26
2634,2634,Memory Utilization High,P3,Closed,Infrastructure Team,14,2026-06-03
2635,2635,Qualys Agent Missing,P3,Resolved,Messaging Team,23,2025-12-13
2636,2636,CPU Utilization High,P2,Closed,Database Team,3,2025-10-15
2637,2637,Application Not Responding,P4,In Progress,Messaging Team,32,2025-11-27
2638,2638,Server Down,P4,Closed,Security Team,39,2026-04-17
2639,2639,Memory Utilization High,P2,In Progress,Security Team,5,2025-09-16
2640,2640,CPU Utilization High,P3,Resolved,Messaging Team,10,2026-02-04
2641,2641,Server Down,P4,Closed,Security Team,37,2026-07-25
2642,2642,Qualys Agent Missing,P3,Closed,Messaging Team,23,2025-08-28
2643,2643,Patch Failure,P3,Closed,Database Team,11,2025-08-11
2644,2644,Qualys Agent Missing,P3,Closed,Infrastructure Team,12,2026-01-09
2645,2645,CPU Utilization High,P2,Resolved,Linux Team,3,2026-01-30
2646,2646,CPU Utilization High,P2,Resolved,Windows Team,3,2025-12-31
2647,2647,Disk Space Full,P4,Closed,Windows Team,48,2025-10-23
2648,2648,Server Down,P3,Closed,Database Team,24,2026-02-09
2649,2649,CPU Utilization High,P4,Closed,Windows Team,22,2025-11-14
2650,2650,Qualys Agent Missing,P4,Resolved,Infrastructure Team,10,2025-12-13
2651,2651,Memory Utilization High,P3,Resolved,Security Team,9,2026-01-06
2652,2652,Application Not Responding,P2,In Progress,Linux Team,7,2026-02-02
2653,2653,Qualys Agent Missing,P4,Resolved,Windows Team,47,2025-09-04
2654,2654,Firewall Disabled,P4,Resolved,Messaging Team,22,2026-02-05
2655,2655,Server Down,P3,Resolved,Infrastructure Team,21,2026-03-03
2656,2656,CPU Utilization High,P4,In Progress,Database Team,59,2026-04-10
2657,2657,Firewall Disabled,P2,Resolved,Security Team,5,2026-01-02
2658,2658,Patch Failure,P3,Open,Infrastructure Team,9,2026-05-16
2659,2659,Firewall Disabled,P3,Closed,Windows Team,9,2026-01-28
2660,2660,Disk Space Full,P2,In Progress,Linux Team,8,2025-12-22
2661,2661,CPU Utilization High,P2,Resolved,Infrastructure Team,8,2026-04-24
2662,2662,CPU Utilization High,P4,Resolved,Linux Team,58,2025-08-09
2663,2663,Firewall Disabled,P1,Resolved,Messaging Team,4,2025-11-08
2664,2664,Firewall Disabled,P4,Closed,Database Team,67,2026-07-24
2665,2665,Patch Failure,P2,Open,Windows Team,7,2026-07-16
2666,2666,Memory Utilization High,P4,Resolved,Messaging Team,27,2026-05-15
2667,2667,Disk Space Full,P3,Closed,Messaging Team,20,2025-10-15
2668,2668,CrowdStrike Offline,P3,Resolved,Windows Team,17,2026-03-29
2669,2669,Splunk Agent Down,P4,In Progress,Database Team,70,2026-06-22
2670,2670,CPU Utilization High,P4,Resolved,Messaging Team,53,2026-02-14
2671,2671,Application Not Responding,P4,Resolved,Messaging Team,30,2026-04-16
2672,2672,Firewall Disabled,P3,Closed,Database Team,9,2026-05-23
2673,2673,Splunk Agent Down,P4,Resolved,Database Team,51,2026-02-02
2674,2674,Server Down,P3,Closed,Database Team,6,2026-06-24
2675,2675,Patch Failure,P4,Resolved,Infrastructure Team,54,2026-05-07
2676,2676,Application Not Responding,P3,In Progress,Infrastructure Team,22,2026-03-29
2677,2677,Patch Failure,P3,Resolved,Security Team,22,2025-08-26
2678,2678,CPU Utilization High,P2,Resolved,Windows Team,3,2025-08-11
2679,2679,Memory Utilization High,P3,Closed,Windows Team,4,2026-06-01
2680,2680,CPU Utilization High,P2,In Progress,Security Team,3,2026-07-14
2681,2681,Memory Utilization High,P4,Resolved,Security Team,15,2025-09-26
2682,2682,Patch Failure,P4,Closed,Messaging Team,24,2026-02-02
2683,2683,Splunk Agent Down,P4,Closed,Messaging Team,20,2026-04-10
2684,2684,CrowdStrike Offline,P4,In Progress,Messaging Team,69,2026-06-17
2685,2685,Patch Failure,P1,Closed,Messaging Team,2,2025-09-08
2686,2686,Patch Failure,P2,Closed,Database Team,7,2025-11-07
2687,2687,Qualys Agent Missing,P4,Closed,Database Team,71,2026-01-16
2688,2688,CrowdStrike Offline,P3,Closed,Security Team,12,2025-12-18
2689,2689,Splunk Agent Down,P4,Resolved,Windows Team,46,2026-04-12
2690,2690,CrowdStrike Offline,P3,In Progress,Infrastructure Team,14,2026-03-31
2691,2691,Patch Failure,P4,Closed,Security Team,21,2025-09-22
2692,2692,Application Not Responding,P4,Open,Security Team,16,2026-01-30
2693,2693,Firewall Disabled,P4,In Progress,Linux Team,66,2025-08-28
2694,2694,Memory Utilization High,P3,Closed,Database Team,14,2026-02-21
2695,2695,Server Down,P4,In Progress,Windows Team,66,2026-06-29
2696,2696,Disk Space Full,P4,Resolved,Database Team,51,2026-06-11
2697,2697,Memory Utilization High,P4,Resolved,Infrastructure Team,40,2025-12-08
2698,2698,Disk Space Full,P2,In Progress,Database Team,5,2026-04-07
2699,2699,Splunk Agent Down,P2,Resolved,Messaging Team,7,2026-02-19
2700,2700,Server Down,P1,Closed,Security Team,3,2025-12-27
2701,2701,Splunk Agent Down,P2,In Progress,Infrastructure Team,8,2026-06-07
2702,2702,Disk Space Full,P4,Resolved,Messaging Team,39,2025-12-28
2703,2703,Qualys Agent Missing,P3,In Progress,Linux Team,15,2025-11-12
2704,2704,CrowdStrike Offline,P3,Open,Linux Team,10,2025-11-27
2705,2705,Application Not Responding,P3,In Progress,Infrastructure Team,9,2026-03-31
2706,2706,Patch Failure,P4,Resolved,Infrastructure Team,19,2026-04-19
2707,2707,Splunk Agent Down,P3,Resolved,Messaging Team,12,2026-02-12
2708,2708,Server Down,P2,Closed,Security Team,5,2026-02-28
2709,2709,Disk Space Full,P4,Open,Linux Team,34,2025-12-20
2710,2710,Firewall Disabled,P2,Resolved,Infrastructure Team,3,2026-03-30
2711,2711,Qualys Agent Missing,P1,Resolved,Database Team,3,2026-04-03
2712,2712,CPU Utilization High,P4,Resolved,Security Team,59,2025-09-02
2713,2713,CrowdStrike Offline,P4,Closed,Database Team,18,2025-09-24
2714,2714,Memory Utilization High,P2,Closed,Infrastructure Team,7,2026-02-17
2715,2715,Disk Space Full,P3,Closed,Infrastructure Team,4,2026-05-17
2716,2716,Qualys Agent Missing,P4,In Progress,Database Team,50,2025-08-15
2717,2717,Disk Space Full,P2,Closed,Infrastructure Team,4,2026-02-17
2718,2718,Patch Failure,P3,Closed,Database Team,12,2025-10-10
2719,2719,Patch Failure,P1,Resolved,Messaging Team,3,2025-09-27
2720,2720,Server Down,P4,Closed,Messaging Team,20,2026-06-05
2721,2721,Firewall Disabled,P3,Closed,Windows Team,7,2025-11-30
2722,2722,Firewall Disabled,P2,Closed,Security Team,4,2026-01-27
2723,2723,CPU Utilization High,P3,Closed,Infrastructure Team,8,2025-09-17
2724,2724,Patch Failure,P2,Resolved,Linux Team,6,2025-10-03
2725,2725,Patch Failure,P4,In Progress,Linux Team,31,2026-04-04
2726,2726,Disk Space Full,P4,Closed,Windows Team,32,2026-05-21
2727,2727,Application Not Responding,P3,Resolved,Security Team,14,2026-03-01
2728,2728,CPU Utilization High,P4,Resolved,Infrastructure Team,28,2025-12-14
2729,2729,Server Down,P4,Resolved,Infrastructure Team,21,2026-03-03
2730,2730,Splunk Agent Down,P3,Resolved,Messaging Team,5,2026-07-09
2731,2731,CrowdStrike Offline,P2,Closed,Security Team,6,2026-02-17
2732,2732,Memory Utilization High,P3,Resolved,Database Team,12,2026-02-04
2733,2733,Disk Space Full,P2,In Progress,Infrastructure Team,2,2026-01-11
2734,2734,Patch Failure,P4,Resolved,Windows Team,48,2025-10-30
2735,2735,Application Not Responding,P4,Resolved,Security Team,36,2025-12-22
2736,2736,CPU Utilization High,P4,Closed,Windows Team,68,2026-03-14
2737,2737,Qualys Agent Missing,P4,Open,Messaging Team,33,2026-01-03
2738,2738,Server Down,P3,Closed,Database Team,22,2026-05-24
2739,2739,Application Not Responding,P4,Closed,Security Team,19,2025-12-11
2740,2740,Application Not Responding,P4,Resolved,Windows Team,67,2026-05-29
2741,2741,Qualys Agent Missing,P3,Closed,Security Team,10,2026-03-17
2742,2742,Server Down,P3,Open,Infrastructure Team,13,2026-06-11
2743,2743,Application Not Responding,P4,Closed,Infrastructure Team,10,2026-03-31
2744,2744,Memory Utilization High,P3,Open,Infrastructure Team,7,2025-09-13
2745,2745,CrowdStrike Offline,P4,In Progress,Linux Team,72,2026-05-26
2746,2746,Patch Failure,P2,In Progress,Linux Team,5,2026-04-25
2747,2747,Server Down,P3,Resolved,Infrastructure Team,20,2026-04-26
2748,2748,Application Not Responding,P3,Resolved,Linux Team,11,2026-06-04
2749,2749,CrowdStrike Offline,P1,Open,Windows Team,3,2025-11-19
2750,2750,Qualys Agent Missing,P3,Resolved,Infrastructure Team,11,2026-04-04
2751,2751,CrowdStrike Offline,P3,Resolved,Database Team,24,2025-12-21
2752,2752,Qualys Agent Missing,P2,Open,Infrastructure Team,2,2025-11-18
2753,2753,CPU Utilization High,P3,Resolved,Messaging Team,4,2025-12-18
2754,2754,Patch Failure,P3,Open,Messaging Team,23,2025-08-23
2755,2755,Firewall Disabled,P4,Resolved,Windows Team,64,2026-03-16
2756,2756,CPU Utilization High,P3,Resolved,Security Team,24,2025-09-30
2757,2757,Qualys Agent Missing,P3,Open,Security Team,20,2026-05-06
2758,2758,Splunk Agent Down,P4,Closed,Linux Team,32,2026-02-11
2759,2759,Splunk Agent Down,P3,Resolved,Infrastructure Team,15,2026-01-06
2760,2760,Firewall Disabled,P3,Resolved,Infrastructure Team,20,2026-05-28
2761,2761,CPU Utilization High,P3,Resolved,Security Team,23,2025-08-15
2762,2762,Server Down,P2,Closed,Messaging Team,6,2025-10-13
2763,2763,CrowdStrike Offline,P3,Closed,Windows Team,8,2025-08-22
2764,2764,CrowdStrike Offline,P2,Resolved,Windows Team,4,2026-02-10
2765,2765,CPU Utilization High,P3,Closed,Infrastructure Team,8,2025-09-11
2766,2766,Splunk Agent Down,P4,Open,Database Team,25,2025-10-29
2767,2767,Patch Failure,P4,In Progress,Infrastructure Team,53,2025-12-04
2768,2768,Firewall Disabled,P4,Closed,Infrastructure Team,24,2025-10-24
2769,2769,Server Down,P4,In Progress,Infrastructure Team,62,2026-06-09
2770,2770,Application Not Responding,P4,Closed,Linux Team,46,2026-04-02
2771,2771,Qualys Agent Missing,P4,Resolved,Database Team,50,2026-06-23
2772,2772,Patch Failure,P4,In Progress,Windows Team,50,2026-06-23
2773,2773,Firewall Disabled,P1,Closed,Linux Team,4,2025-10-03
2774,2774,Splunk Agent Down,P3,Closed,Windows Team,7,2026-02-13
2775,2775,Firewall Disabled,P1,Resolved,Infrastructure Team,3,2025-11-22
2776,2776,CrowdStrike Offline,P4,Resolved,Infrastructure Team,10,2026-05-30
2777,2777,Disk Space Full,P2,Open,Linux Team,6,2025-08-23
2778,2778,Splunk Agent Down,P4,Resolved,Infrastructure Team,28,2026-06-10
2779,2779,Application Not Responding,P2,Closed,Messaging Team,2,2026-06-13
2780,2780,Splunk Agent Down,P2,Open,Infrastructure Team,8,2026-01-17
2781,2781,Splunk Agent Down,P4,Resolved,Infrastructure Team,14,2025-10-27
2782,2782,Memory Utilization High,P4,Closed,Windows Team,34,2025-08-18
2783,2783,CrowdStrike Offline,P4,Resolved,Messaging Team,9,2026-01-09
2784,2784,Splunk Agent Down,P4,Resolved,Infrastructure Team,17,2025-12-17
2785,2785,Patch Failure,P1,Closed,Infrastructure Team,3,2026-03-25
2786,2786,Server Down,P3,Closed,Infrastructure Team,22,2025-11-12
2787,2787,Application Not Responding,P3,Resolved,Security Team,9,2026-01-19
2788,2788,CrowdStrike Offline,P3,Closed,Infrastructure Team,9,2025-12-01
2789,2789,Splunk Agent Down,P3,Closed,Security Team,5,2026-06-14
2790,2790,Memory Utilization High,P3,Open,Linux Team,24,2025-11-03
2791,2791,Application Not Responding,P4,Resolved,Messaging Team,21,2026-05-23
2792,2792,Server Down,P4,In Progress,Linux Team,17,2026-05-04
2793,2793,CrowdStrike Offline,P3,Closed,Windows Team,4,2026-01-31
2794,2794,Qualys Agent Missing,P4,Open,Linux Team,13,2026-05-31
2795,2795,Server Down,P3,Closed,Infrastructure Team,23,2025-11-08
2796,2796,Splunk Agent Down,P4,Open,Messaging Team,25,2026-05-31
2797,2797,Splunk Agent Down,P4,Closed,Security Team,71,2025-09-15
2798,2798,Disk Space Full,P4,Resolved,Linux Team,38,2026-02-21
2799,2799,Firewall Disabled,P4,In Progress,Infrastructure Team,20,2025-11-09
2800,2800,Splunk Agent Down,P4,Resolved,Security Team,61,2026-05-14
2801,2801,CPU Utilization High,P3,Open,Infrastructure Team,20,2025-11-12
2802,2802,CrowdStrike Offline,P3,Resolved,Linux Team,7,2025-09-29
2803,2803,Patch Failure,P4,Resolved,Linux Team,31,2026-05-30
2804,2804,CPU Utilization High,P2,In Progress,Infrastructure Team,7,2025-07-27
2805,2805,Firewall Disabled,P4,Resolved,Infrastructure Team,9,2025-08-03
2806,2806,Splunk Agent Down,P3,Resolved,Windows Team,23,2025-09-10
2807,2807,CPU Utilization High,P3,Resolved,Linux Team,21,2025-08-30
2808,2808,Memory Utilization High,P2,Closed,Linux Team,2,2026-06-06
2809,2809,Firewall Disabled,P4,Open,Infrastructure Team,53,2025-08-29
2810,2810,Memory Utilization High,P3,In Progress,Infrastructure Team,24,2026-03-25
2811,2811,Patch Failure,P3,Resolved,Security Team,14,2026-01-30
2812,2812,CrowdStrike Offline,P2,In Progress,Database Team,4,2025-10-10
2813,2813,Qualys Agent Missing,P2,Resolved,Infrastructure Team,7,2026-01-26
2814,2814,Application Not Responding,P3,Resolved,Infrastructure Team,10,2026-02-04
2815,2815,Server Down,P4,Closed,Linux Team,19,2026-07-09
2816,2816,Disk Space Full,P3,In Progress,Database Team,9,2025-10-01
2817,2817,CrowdStrike Offline,P4,Closed,Linux Team,19,2026-02-11
2818,2818,Firewall Disabled,P4,Resolved,Linux Team,60,2026-06-16
2819,2819,Disk Space Full,P2,Open,Database Team,2,2026-07-24
2820,2820,Patch Failure,P3,Closed,Database Team,18,2026-07-04
2821,2821,CrowdStrike Offline,P4,Open,Infrastructure Team,46,2025-08-17
2822,2822,CrowdStrike Offline,P3,Closed,Messaging Team,22,2026-04-17
2823,2823,Patch Failure,P4,Closed,Windows Team,13,2026-03-14
2824,2824,Server Down,P4,Open,Database Team,39,2025-09-13
2825,2825,CrowdStrike Offline,P4,Resolved,Infrastructure Team,25,2026-01-15
2826,2826,Application Not Responding,P1,Closed,Infrastructure Team,4,2025-08-27
2827,2827,Memory Utilization High,P4,Closed,Linux Team,37,2026-05-08
2828,2828,Firewall Disabled,P4,Closed,Database Team,64,2026-01-22
2829,2829,CrowdStrike Offline,P3,Open,Infrastructure Team,13,2026-01-19
2830,2830,Disk Space Full,P2,Resolved,Database Team,2,2026-03-25
2831,2831,Firewall Disabled,P1,Closed,Security Team,3,2025-12-13
2832,2832,Patch Failure,P3,Closed,Infrastructure Team,13,2026-04-08
2833,2833,Disk Space Full,P2,In Progress,Database Team,7,2026-04-15
2834,2834,Server Down,P4,Closed,Security Team,43,2026-02-01
2835,2835,Qualys Agent Missing,P1,Resolved,Messaging Team,4,2025-10-14
2836,2836,Firewall Disabled,P3,Closed,Database Team,8,2025-08-05
2837,2837,CrowdStrike Offline,P3,Resolved,Infrastructure Team,16,2025-09-21
2838,2838,Disk Space Full,P4,Resolved,Infrastructure Team,18,2025-09-24
2839,2839,Patch Failure,P3,In Progress,Database Team,20,2025-08-31
2840,2840,Disk Space Full,P3,Closed,Infrastructure Team,7,2025-09-11
2841,2841,Firewall Disabled,P4,Closed,Windows Team,15,2026-06-04
2842,2842,CrowdStrike Offline,P4,Closed,Infrastructure Team,9,2026-01-09
2843,2843,Application Not Responding,P2,Open,Infrastructure Team,7,2026-03-05
2844,2844,Firewall Disabled,P3,Closed,Messaging Team,15,2026-04-03
2845,2845,Memory Utilization High,P4,Resolved,Security Team,67,2025-12-23
2846,2846,Memory Utilization High,P2,Resolved,Security Team,6,2025-10-02
2847,2847,CrowdStrike Offline,P4,Closed,Linux Team,67,2026-02-07
2848,2848,CPU Utilization High,P3,In Progress,Linux Team,16,2026-03-31
2849,2849,Disk Space Full,P3,Closed,Database Team,22,2026-06-13
2850,2850,Patch Failure,P2,Closed,Security Team,2,2025-08-27
2851,2851,Qualys Agent Missing,P2,In Progress,Linux Team,3,2025-12-13
2852,2852,Disk Space Full,P3,In Progress,Linux Team,8,2025-10-25
2853,2853,Application Not Responding,P2,In Progress,Windows Team,5,2026-02-15
2854,2854,Application Not Responding,P3,In Progress,Infrastructure Team,17,2026-01-15
2855,2855,Qualys Agent Missing,P4,Resolved,Infrastructure Team,37,2025-09-24
2856,2856,Firewall Disabled,P4,Closed,Linux Team,51,2025-12-06
2857,2857,Firewall Disabled,P4,Resolved,Infrastructure Team,49,2026-04-29
2858,2858,Memory Utilization High,P4,Closed,Windows Team,34,2025-07-25
2859,2859,Patch Failure,P4,Resolved,Linux Team,50,2026-02-27
2860,2860,Qualys Agent Missing,P2,Closed,Infrastructure Team,3,2025-11-08
2861,2861,Patch Failure,P4,Closed,Linux Team,46,2025-09-24
2862,2862,Splunk Agent Down,P4,Closed,Infrastructure Team,66,2026-03-02
2863,2863,Server Down,P3,Resolved,Windows Team,21,2026-03-30
2864,2864,CPU Utilization High,P3,Closed,Messaging Team,22,2025-07-31
2865,2865,CPU Utilization High,P3,Closed,Infrastructure Team,17,2026-01-03
2866,2866,CPU Utilization High,P1,Resolved,Database Team,4,2025-08-24
2867,2867,Splunk Agent Down,P3,Closed,Database Team,24,2025-09-18
2868,2868,Server Down,P2,Closed,Linux Team,4,2026-01-13
2869,2869,Qualys Agent Missing,P4,Open,Linux Team,16,2026-02-27
2870,2870,Disk Space Full,P4,In Progress,Messaging Team,42,2025-10-12
2871,2871,Firewall Disabled,P3,In Progress,Messaging Team,16,2025-10-27
2872,2872,CrowdStrike Offline,P3,Resolved,Security Team,24,2026-07-16
2873,2873,Qualys Agent Missing,P3,Resolved,Linux Team,18,2026-03-31
2874,2874,Firewall Disabled,P3,In Progress,Security Team,18,2025-12-18
2875,2875,Splunk Agent Down,P3,Closed,Infrastructure Team,6,2025-12-04
2876,2876,Application Not Responding,P3,Resolved,Security Team,17,2026-05-12
2877,2877,Firewall Disabled,P4,Open,Infrastructure Team,13,2026-05-22
2878,2878,Application Not Responding,P3,Closed,Messaging Team,24,2026-02-23
2879,2879,Firewall Disabled,P4,Closed,Database Team,55,2025-08-24
2880,2880,Splunk Agent Down,P2,Resolved,Infrastructure Team,4,2025-09-25
2881,2881,Disk Space Full,P3,In Progress,Windows Team,21,2025-12-02
2882,2882,Patch Failure,P2,Resolved,Security Team,7,2025-08-21
2883,2883,CrowdStrike Offline,P3,Resolved,Windows Team,22,2026-07-25
2884,2884,Qualys Agent Missing,P4,Resolved,Security Team,26,2026-04-05
2885,2885,Disk Space Full,P3,Closed,Linux Team,13,2025-08-12
2886,2886,Application Not Responding,P3,Closed,Infrastructure Team,4,2026-01-31
2887,2887,CrowdStrike Offline,P3,Closed,Infrastructure Team,5,2026-02-19
2888,2888,Qualys Agent Missing,P4,Closed,Linux Team,69,2026-02-04
2889,2889,Splunk Agent Down,P1,Open,Security Team,4,2025-10-05
2890,2890,Patch Failure,P3,Open,Database Team,21,2026-05-13
2891,2891,Disk Space Full,P2,Closed,Security Team,5,2025-11-19
2892,2892,Disk Space Full,P3,Closed,Infrastructure Team,9,2026-01-11
2893,2893,Patch Failure,P2,Closed,Windows Team,8,2026-01-13
2894,2894,CPU Utilization High,P1,Open,Security Team,2,2026-02-11
2895,2895,Disk Space Full,P3,Closed,Linux Team,6,2026-01-03
2896,2896,Server Down,P4,Resolved,Linux Team,26,2026-07-03
2897,2897,CPU Utilization High,P3,Resolved,Windows Team,12,2025-07-26
2898,2898,CrowdStrike Offline,P4,Closed,Database Team,18,2026-06-04
2899,2899,Memory Utilization High,P3,Closed,Linux Team,7,2025-09-23
2900,2900,CPU Utilization High,P4,In Progress,Security Team,27,2025-10-11
2901,2901,Qualys Agent Missing,P3,In Progress,Linux Team,20,2026-03-01
2902,2902,Firewall Disabled,P3,Closed,Infrastructure Team,15,2025-12-08
2903,2903,Server Down,P4,Closed,Security Team,10,2026-03-31
2904,2904,Server Down,P2,Closed,Infrastructure Team,4,2026-05-23
2905,2905,CrowdStrike Offline,P4,Closed,Security Team,56,2025-10-12
2906,2906,Memory Utilization High,P3,Closed,Linux Team,11,2026-06-05
2907,2907,CPU Utilization High,P3,In Progress,Windows Team,20,2025-12-24
2908,2908,Firewall Disabled,P3,Open,Infrastructure Team,9,2025-12-31
2909,2909,Qualys Agent Missing,P3,In Progress,Messaging Team,13,2025-12-14
2910,2910,Patch Failure,P3,Open,Messaging Team,17,2025-10-02
2911,2911,Disk Space Full,P3,In Progress,Windows Team,10,2025-10-04
2912,2912,Application Not Responding,P3,Resolved,Infrastructure Team,23,2025-08-04
2913,2913,Server Down,P3,Resolved,Infrastructure Team,17,2025-08-12
2914,2914,Patch Failure,P2,Resolved,Infrastructure Team,4,2025-12-11
2915,2915,Disk Space Full,P4,Resolved,Database Team,46,2025-08-30
2916,2916,CrowdStrike Offline,P3,Open,Linux Team,17,2025-11-15
2917,2917,Server Down,P4,Resolved,Windows Team,18,2025-10-06
2918,2918,Qualys Agent Missing,P4,Resolved,Infrastructure Team,69,2026-04-22
2919,2919,Qualys Agent Missing,P2,Resolved,Infrastructure Team,3,2026-05-22
2920,2920,Qualys Agent Missing,P4,Resolved,Messaging Team,46,2026-06-04
2921,2921,CPU Utilization High,P3,Closed,Messaging Team,9,2026-01-31
2922,2922,Application Not Responding,P4,Closed,Database Team,38,2025-12-09
2923,2923,Server Down,P4,Resolved,Infrastructure Team,35,2026-02-08
2924,2924,Firewall Disabled,P4,Open,Linux Team,41,2025-08-13
2925,2925,Memory Utilization High,P3,Resolved,Infrastructure Team,15,2026-05-08
2926,2926,CrowdStrike Offline,P1,Closed,Security Team,3,2025-09-14
2927,2927,Splunk Agent Down,P4,Resolved,Messaging Team,51,2026-07-11
2928,2928,Disk Space Full,P4,In Progress,Database Team,15,2026-03-16
2929,2929,Splunk Agent Down,P4,Resolved,Database Team,10,2025-10-24
2930,2930,CrowdStrike Offline,P3,Closed,Messaging Team,17,2026-02-11
2931,2931,Firewall Disabled,P1,Closed,Infrastructure Team,4,2025-12-20
2932,2932,Server Down,P4,Closed,Windows Team,26,2026-02-09
2933,2933,Disk Space Full,P2,Closed,Database Team,6,2026-06-17
2934,2934,Application Not Responding,P3,In Progress,Infrastructure Team,7,2026-03-04
2935,2935,CrowdStrike Offline,P1,Closed,Database Team,2,2025-08-10
2936,2936,Firewall Disabled,P4,Resolved,Messaging Team,16,2025-09-25
2937,2937,Qualys Agent Missing,P4,In Progress,Windows Team,30,2025-11-06
2938,2938,Firewall Disabled,P3,Resolved,Messaging Team,8,2026-02-20
2939,2939,Disk Space Full,P4,Closed,Windows Team,12,2025-09-07
2940,2940,Qualys Agent Missing,P3,Closed,Database Team,10,2026-01-03
2941,2941,Firewall Disabled,P4,Closed,Windows Team,60,2026-01-06
2942,2942,CPU Utilization High,P4,Closed,Infrastructure Team,65,2026-06-27
2943,2943,Firewall Disabled,P3,Closed,Infrastructure Team,22,2026-04-05
2944,2944,Disk Space Full,P3,Resolved,Security Team,20,2025-10-07
2945,2945,Server Down,P3,Resolved,Infrastructure Team,15,2026-01-03
2946,2946,Server Down,P3,Open,Database Team,6,2026-03-12
2947,2947,Disk Space Full,P3,Resolved,Infrastructure Team,15,2026-06-26
2948,2948,CPU Utilization High,P4,Closed,Infrastructure Team,27,2026-06-08
2949,2949,Splunk Agent Down,P3,Resolved,Database Team,11,2026-05-09
2950,2950,Splunk Agent Down,P4,Open,Database Team,47,2026-05-23
2951,2951,Server Down,P3,Resolved,Database Team,7,2026-06-04
2952,2952,Patch Failure,P4,Resolved,Windows Team,61,2025-12-08
2953,2953,Server Down,P3,Closed,Messaging Team,15,2026-05-10
2954,2954,Firewall Disabled,P4,In Progress,Database Team,27,2025-12-02
2955,2955,Splunk Agent Down,P3,Resolved,Windows Team,20,2026-05-03
2956,2956,CPU Utilization High,P3,Closed,Database Team,19,2026-04-12
2957,2957,Application Not Responding,P4,Resolved,Linux Team,10,2026-06-23
2958,2958,Firewall Disabled,P4,Closed,Infrastructure Team,62,2025-11-15
2959,2959,CrowdStrike Offline,P3,Closed,Database Team,15,2026-05-18
2960,2960,Patch Failure,P3,Resolved,Windows Team,12,2025-11-09
2961,2961,Application Not Responding,P4,In Progress,Security Team,70,2025-08-06
2962,2962,Qualys Agent Missing,P3,Resolved,Infrastructure Team,11,2025-11-12
2963,2963,Patch Failure,P4,Closed,Security Team,55,2026-01-31
2964,2964,Application Not Responding,P3,Resolved,Security Team,4,2025-08-29
2965,2965,Patch Failure,P4,Resolved,Infrastructure Team,8,2026-04-24
2966,2966,Qualys Agent Missing,P3,Closed,Infrastructure Team,24,2025-07-31
2967,2967,CPU Utilization High,P3,Open,Security Team,11,2025-09-04
2968,2968,Memory Utilization High,P4,Resolved,Messaging Team,69,2025-12-04
2969,2969,Firewall Disabled,P3,Open,Windows Team,13,2026-02-23
2970,2970,Disk Space Full,P4,Closed,Infrastructure Team,28,2026-05-14
2971,2971,Memory Utilization High,P3,Closed,Infrastructure Team,13,2025-08-05
2972,2972,Qualys Agent Missing,P3,Resolved,Windows Team,11,2026-07-24
2973,2973,Patch Failure,P3,Closed,Messaging Team,11,2026-07-05
2974,2974,Server Down,P4,Closed,Messaging Team,71,2026-05-23
2975,2975,Qualys Agent Missing,P2,Closed,Database Team,7,2025-08-09
2976,2976,CrowdStrike Offline,P4,Resolved,Messaging Team,28,2026-02-28
2977,2977,Server Down,P3,Open,Infrastructure Team,21,2025-10-24
2978,2978,Disk Space Full,P3,Open,Messaging Team,4,2025-12-31
2979,2979,Qualys Agent Missing,P4,Closed,Messaging Team,10,2025-08-27
2980,2980,Patch Failure,P4,Resolved,Linux Team,54,2025-09-23
2981,2981,Splunk Agent Down,P1,Resolved,Database Team,2,2025-09-17
2982,2982,Firewall Disabled,P3,Closed,Database Team,15,2026-07-20
2983,2983,Application Not Responding,P4,In Progress,Linux Team,46,2026-05-17
2984,2984,CPU Utilization High,P3,Resolved,Infrastructure Team,7,2026-04-28
2985,2985,CrowdStrike Offline,P3,Closed,Linux Team,11,2025-08-12
2986,2986,Application Not Responding,P2,Closed,Infrastructure Team,6,2026-03-29
2987,2987,Firewall Disabled,P2,Closed,Infrastructure Team,7,2025-09-11
2988,2988,Memory Utilization High,P4,Closed,Database Team,44,2026-01-23
2989,2989,Qualys Agent Missing,P2,Closed,Security Team,7,2026-01-31
2990,2990,CrowdStrike Offline,P4,Resolved,Infrastructure Team,43,2026-04-11
2991,2991,Server Down,P2,Closed,Security Team,7,2026-04-14
2992,2992,Patch Failure,P4,Open,Linux Team,63,2026-06-14
2993,2993,Disk Space Full,P3,Open,Messaging Team,16,2026-01-03
2994,2994,Firewall Disabled,P4,In Progress,Infrastructure Team,23,2025-08-05
2995,2995,CPU Utilization High,P3,Open,Infrastructure Team,12,2025-08-31
2996,2996,Patch Failure,P1,Resolved,Infrastructure Team,2,2026-03-31
2997,2997,Firewall Disabled,P4,Resolved,Security Team,66,2026-04-20
2998,2998,CrowdStrike Offline,P3,Closed,Infrastructure Team,22,2026-02-18
2999,2999,Application Not Responding,P2,Closed,Linux Team,6,2025-11-19
3000,3000,Application Not Responding,P2,Resolved,Infrastructure Team,4,2026-05-09
3001,3001,Qualys Agent Missing,P3,Closed,Security Team,7,2025-08-05
3002,3002,Application Not Responding,P4,Closed,Database Team,57,2025-09-14
3003,3003,Splunk Agent Down,P3,In Progress,Infrastructure Team,12,2026-07-14
3004,3004,Patch Failure,P4,Resolved,Security Team,39,2025-12-26
3005,3005,Qualys Agent Missing,P4,Resolved,Security Team,67,2026-03-14
3006,3006,CPU Utilization High,P2,In Progress,Windows Team,8,2025-11-22
3007,3007,Memory Utilization High,P4,Closed,Infrastructure Team,25,2026-02-02
3008,3008,Splunk Agent Down,P3,Closed,Windows Team,14,2026-04-21
3009,3009,Server Down,P4,Closed,Messaging Team,66,2025-09-23
3010,3010,Splunk Agent Down,P2,In Progress,Linux Team,5,2026-07-08
3011,3011,Disk Space Full,P1,In Progress,Database Team,2,2026-04-02
3012,3012,Memory Utilization High,P3,Resolved,Infrastructure Team,18,2025-12-05
3013,3013,Splunk Agent Down,P3,Closed,Infrastructure Team,10,2026-06-17
3014,3014,Application Not Responding,P3,Closed,Security Team,22,2025-08-19
3015,3015,CPU Utilization High,P3,Closed,Security Team,10,2025-08-10
3016,3016,Server Down,P2,Closed,Security Team,5,2025-08-01
3017,3017,Disk Space Full,P4,Closed,Infrastructure Team,51,2025-11-23
3018,3018,Firewall Disabled,P3,Resolved,Linux Team,4,2026-06-15
3019,3019,Disk Space Full,P3,In Progress,Infrastructure Team,9,2025-10-28
3020,3020,Patch Failure,P3,Closed,Messaging Team,23,2025-10-05
3021,3021,Patch Failure,P3,Closed,Messaging Team,20,2026-06-10
3022,3022,Firewall Disabled,P3,Resolved,Linux Team,19,2026-04-23
3023,3023,CPU Utilization High,P3,Closed,Linux Team,10,2025-11-04
3024,3024,CPU Utilization High,P3,Closed,Database Team,13,2025-08-05
3025,3025,Qualys Agent Missing,P4,Closed,Database Team,16,2026-05-30
3026,3026,CrowdStrike Offline,P4,In Progress,Database Team,58,2025-09-06
3027,3027,Qualys Agent Missing,P3,Resolved,Windows Team,8,2025-09-25
3028,3028,Patch Failure,P4,Open,Database Team,13,2026-05-08
3029,3029,Qualys Agent Missing,P3,Open,Messaging Team,11,2026-01-31
3030,3030,CrowdStrike Offline,P2,Closed,Linux Team,6,2026-06-11
3031,3031,Splunk Agent Down,P4,Resolved,Linux Team,31,2026-06-07
3032,3032,Splunk Agent Down,P3,In Progress,Security Team,20,2026-07-08
3033,3033,Server Down,P1,Open,Database Team,1,2025-08-10
3034,3034,Server Down,P3,In Progress,Windows Team,19,2026-04-08
3035,3035,Server Down,P3,Closed,Linux Team,20,2026-01-23
3036,3036,Splunk Agent Down,P3,In Progress,Messaging Team,18,2025-08-08
3037,3037,Firewall Disabled,P4,Resolved,Infrastructure Team,22,2025-11-08
3038,3038,Firewall Disabled,P3,In Progress,Messaging Team,16,2025-11-09
3039,3039,Qualys Agent Missing,P1,Closed,Messaging Team,4,2026-03-24
3040,3040,Qualys Agent Missing,P3,Resolved,Messaging Team,15,2025-08-26
3041,3041,Memory Utilization High,P3,Resolved,Infrastructure Team,5,2026-01-02
3042,3042,Server Down,P3,Resolved,Messaging Team,19,2026-01-02
3043,3043,Patch Failure,P4,Resolved,Linux Team,23,2026-04-04
3044,3044,Application Not Responding,P4,Closed,Infrastructure Team,15,2026-02-12
3045,3045,Disk Space Full,P3,Resolved,Infrastructure Team,8,2026-06-05
3046,3046,Patch Failure,P3,Closed,Messaging Team,14,2026-07-11
3047,3047,Disk Space Full,P3,Resolved,Infrastructure Team,8,2026-01-14
3048,3048,Splunk Agent Down,P4,Closed,Database Team,66,2025-08-29
3049,3049,CPU Utilization High,P4,Resolved,Messaging Team,71,2026-05-08
3050,3050,CPU Utilization High,P2,In Progress,Infrastructure Team,4,2026-03-10
3051,3051,Disk Space Full,P4,Resolved,Windows Team,38,2026-01-04
3052,3052,Application Not Responding,P1,In Progress,Security Team,2,2026-06-15
3053,3053,CPU Utilization High,P3,Resolved,Infrastructure Team,14,2026-01-14
3054,3054,Splunk Agent Down,P3,Closed,Database Team,22,2025-09-02
3055,3055,Splunk Agent Down,P3,Resolved,Windows Team,22,2026-04-10
3056,3056,CPU Utilization High,P2,In Progress,Messaging Team,5,2026-04-01
3057,3057,Application Not Responding,P3,Resolved,Messaging Team,5,2026-06-02
3058,3058,Memory Utilization High,P3,Closed,Windows Team,9,2026-02-24
3059,3059,Firewall Disabled,P3,Resolved,Database Team,8,2025-09-04
3060,3060,Memory Utilization High,P4,In Progress,Linux Team,62,2025-12-30
3061,3061,CrowdStrike Offline,P3,Closed,Infrastructure Team,8,2026-07-23
3062,3062,Memory Utilization High,P4,Closed,Windows Team,68,2025-08-21
3063,3063,CPU Utilization High,P4,Open,Security Team,48,2026-03-06
3064,3064,Splunk Agent Down,P4,Resolved,Infrastructure Team,55,2025-12-10
3065,3065,Patch Failure,P3,Closed,Linux Team,10,2026-03-18
3066,3066,Memory Utilization High,P4,Resolved,Infrastructure Team,11,2025-12-10
3067,3067,Application Not Responding,P4,Closed,Database Team,19,2025-12-21
3068,3068,CrowdStrike Offline,P1,Resolved,Linux Team,3,2025-11-16
3069,3069,Application Not Responding,P3,Closed,Database Team,12,2025-12-04
3070,3070,Application Not Responding,P3,Resolved,Security Team,14,2025-09-17
3071,3071,Patch Failure,P4,Closed,Infrastructure Team,64,2026-04-29
3072,3072,Disk Space Full,P4,Resolved,Linux Team,16,2026-03-28
3073,3073,Patch Failure,P3,Closed,Windows Team,20,2025-11-05
3074,3074,Firewall Disabled,P4,Closed,Database Team,13,2026-02-04
3075,3075,CrowdStrike Offline,P3,Closed,Infrastructure Team,20,2025-08-30
3076,3076,Splunk Agent Down,P1,Closed,Linux Team,2,2026-07-17
3077,3077,Splunk Agent Down,P4,Closed,Database Team,64,2026-05-09
3078,3078,Memory Utilization High,P4,Closed,Database Team,9,2025-11-26
3079,3079,Disk Space Full,P3,In Progress,Messaging Team,23,2026-04-09
3080,3080,Server Down,P2,Closed,Infrastructure Team,8,2025-09-05
3081,3081,Patch Failure,P3,Resolved,Messaging Team,11,2025-10-06
3082,3082,CPU Utilization High,P4,Resolved,Infrastructure Team,33,2026-04-19
3083,3083,Splunk Agent Down,P3,Closed,Linux Team,11,2026-07-03
3084,3084,Firewall Disabled,P4,Resolved,Infrastructure Team,52,2026-06-08
3085,3085,Application Not Responding,P3,Resolved,Database Team,14,2025-10-11
3086,3086,CrowdStrike Offline,P4,Closed,Linux Team,28,2025-12-11
3087,3087,Application Not Responding,P4,Closed,Messaging Team,30,2025-08-12
3088,3088,CPU Utilization High,P2,Closed,Windows Team,3,2025-08-14
3089,3089,CPU Utilization High,P3,In Progress,Linux Team,4,2025-10-09
3090,3090,Firewall Disabled,P3,Resolved,Windows Team,23,2026-01-31
3091,3091,Firewall Disabled,P3,Resolved,Infrastructure Team,6,2025-10-10
3092,3092,Server Down,P4,Closed,Infrastructure Team,14,2026-02-02
3093,3093,Application Not Responding,P3,Closed,Windows Team,12,2026-07-25
3094,3094,Server Down,P4,In Progress,Security Team,43,2026-03-06
3095,3095,Application Not Responding,P4,In Progress,Infrastructure Team,54,2026-06-14
3096,3096,Server Down,P3,Resolved,Linux Team,13,2026-03-12
3097,3097,Patch Failure,P4,Resolved,Database Team,23,2025-11-23
3098,3098,Qualys Agent Missing,P4,Resolved,Linux Team,34,2026-06-03
3099,3099,Splunk Agent Down,P2,Closed,Security Team,4,2025-09-06
3100,3100,CrowdStrike Offline,P3,Closed,Linux Team,14,2026-02-08
3101,3101,Application Not Responding,P2,In Progress,Security Team,4,2025-10-15
3102,3102,Memory Utilization High,P4,Resolved,Infrastructure Team,31,2026-05-15
3103,3103,Memory Utilization High,P3,In Progress,Linux Team,20,2026-04-12
3104,3104,Patch Failure,P3,Closed,Database Team,21,2026-07-19
3105,3105,Splunk Agent Down,P4,Open,Infrastructure Team,32,2026-07-17
3106,3106,CrowdStrike Offline,P3,Resolved,Security Team,9,2025-12-01
3107,3107,Firewall Disabled,P3,Closed,Security Team,9,2025-12-11
3108,3108,Patch Failure,P3,Resolved,Infrastructure Team,20,2025-08-24
3109,3109,CPU Utilization High,P3,In Progress,Database Team,17,2026-03-01
3110,3110,CrowdStrike Offline,P3,Resolved,Infrastructure Team,7,2025-12-14
3111,3111,Disk Space Full,P3,Resolved,Messaging Team,7,2026-07-19
3112,3112,Application Not Responding,P3,Resolved,Infrastructure Team,10,2026-01-25
3113,3113,CPU Utilization High,P3,Open,Infrastructure Team,21,2026-03-28
3114,3114,CrowdStrike Offline,P4,Resolved,Security Team,14,2026-04-09
3115,3115,Patch Failure,P4,Resolved,Messaging Team,41,2026-01-21
3116,3116,Splunk Agent Down,P3,Closed,Linux Team,11,2026-04-13
3117,3117,Firewall Disabled,P3,Open,Infrastructure Team,5,2026-01-25
3118,3118,Patch Failure,P1,Closed,Windows Team,4,2026-01-24
3119,3119,CrowdStrike Offline,P3,Resolved,Messaging Team,17,2026-02-04
3120,3120,Splunk Agent Down,P3,In Progress,Database Team,20,2026-03-01
3121,3121,CPU Utilization High,P3,In Progress,Windows Team,23,2026-03-05
3122,3122,Server Down,P3,Closed,Database Team,14,2026-03-15
3123,3123,Application Not Responding,P3,Open,Infrastructure Team,20,2025-09-16
3124,3124,CPU Utilization High,P4,Resolved,Messaging Team,18,2025-12-23
3125,3125,Qualys Agent Missing,P3,In Progress,Messaging Team,4,2025-08-29
3126,3126,Splunk Agent Down,P4,Closed,Database Team,58,2026-02-12
3127,3127,Firewall Disabled,P3,In Progress,Infrastructure Team,4,2025-10-31
3128,3128,Disk Space Full,P3,Closed,Infrastructure Team,23,2025-10-28
3129,3129,Server Down,P2,Resolved,Windows Team,6,2026-02-18
3130,3130,Disk Space Full,P3,Closed,Database Team,12,2026-05-11
3131,3131,CrowdStrike Offline,P1,In Progress,Infrastructure Team,1,2025-09-24
3132,3132,CrowdStrike Offline,P4,In Progress,Messaging Team,14,2025-10-31
3133,3133,Patch Failure,P4,Closed,Infrastructure Team,41,2026-06-09
3134,3134,Disk Space Full,P4,Resolved,Database Team,65,2025-09-01
3135,3135,Memory Utilization High,P4,Closed,Database Team,17,2025-08-24
3136,3136,Patch Failure,P3,Closed,Linux Team,10,2025-12-08
3137,3137,Qualys Agent Missing,P2,In Progress,Windows Team,8,2025-10-31
3138,3138,Disk Space Full,P3,Resolved,Security Team,12,2025-11-18
3139,3139,Firewall Disabled,P3,Closed,Database Team,22,2026-06-13
3140,3140,Disk Space Full,P4,Closed,Linux Team,24,2025-08-01
3141,3141,Disk Space Full,P3,Closed,Security Team,7,2026-06-27
3142,3142,Patch Failure,P2,Closed,Database Team,2,2026-03-18
3143,3143,Memory Utilization High,P3,Closed,Database Team,12,2026-07-09
3144,3144,CrowdStrike Offline,P2,Open,Windows Team,7,2025-12-09
3145,3145,Patch Failure,P3,Resolved,Infrastructure Team,7,2026-03-03
3146,3146,Firewall Disabled,P4,Closed,Linux Team,47,2026-02-22
3147,3147,Disk Space Full,P4,Resolved,Infrastructure Team,35,2026-03-04
3148,3148,Memory Utilization High,P4,In Progress,Security Team,61,2026-01-16
3149,3149,Server Down,P4,Resolved,Windows Team,25,2026-05-20
3150,3150,Memory Utilization High,P3,Resolved,Infrastructure Team,9,2026-01-29
3151,3151,CPU Utilization High,P3,Closed,Infrastructure Team,21,2026-02-19
3152,3152,CrowdStrike Offline,P4,In Progress,Linux Team,51,2025-11-24
3153,3153,CrowdStrike Offline,P3,Resolved,Linux Team,13,2026-01-02
3154,3154,CrowdStrike Offline,P4,Resolved,Infrastructure Team,43,2025-11-26
3155,3155,Application Not Responding,P2,Resolved,Security Team,8,2026-07-06
3156,3156,CPU Utilization High,P4,Closed,Database Team,11,2025-11-03
3157,3157,Application Not Responding,P4,Closed,Security Team,66,2026-04-23
3158,3158,Application Not Responding,P4,Resolved,Messaging Team,14,2026-07-05
3159,3159,Memory Utilization High,P4,Closed,Linux Team,68,2025-12-01
3160,3160,CrowdStrike Offline,P3,In Progress,Database Team,21,2026-03-30
3161,3161,Patch Failure,P3,Resolved,Database Team,9,2025-12-17
3162,3162,Disk Space Full,P4,Resolved,Database Team,14,2025-12-10
3163,3163,CrowdStrike Offline,P1,In Progress,Messaging Team,3,2026-06-26
3164,3164,Qualys Agent Missing,P4,Closed,Infrastructure Team,11,2026-04-05
3165,3165,Memory Utilization High,P3,Resolved,Database Team,7,2025-09-18
3166,3166,Qualys Agent Missing,P4,Closed,Messaging Team,10,2026-06-27
3167,3167,Disk Space Full,P3,Closed,Database Team,14,2026-03-29
3168,3168,Splunk Agent Down,P4,Resolved,Linux Team,36,2026-06-15
3169,3169,CPU Utilization High,P3,Open,Database Team,19,2026-05-05
3170,3170,CrowdStrike Offline,P4,In Progress,Infrastructure Team,44,2025-10-04
3171,3171,Server Down,P3,Closed,Security Team,9,2026-05-15
3172,3172,CrowdStrike Offline,P4,Resolved,Infrastructure Team,52,2026-04-24
3173,3173,CrowdStrike Offline,P2,Resolved,Infrastructure Team,8,2026-02-08
3174,3174,Patch Failure,P1,In Progress,Linux Team,2,2026-03-18
3175,3175,Patch Failure,P4,Closed,Windows Team,20,2026-03-08
3176,3176,Patch Failure,P4,Closed,Messaging Team,29,2026-02-03
3177,3177,Server Down,P4,Resolved,Infrastructure Team,46,2026-05-09
3178,3178,CrowdStrike Offline,P4,Resolved,Windows Team,41,2025-10-04
3179,3179,Server Down,P3,In Progress,Messaging Team,12,2025-12-21
3180,3180,Disk Space Full,P2,Resolved,Database Team,5,2026-07-13
3181,3181,Patch Failure,P4,In Progress,Linux Team,36,2025-10-17
3182,3182,Qualys Agent Missing,P2,Closed,Linux Team,7,2025-12-02
3183,3183,Firewall Disabled,P3,Resolved,Infrastructure Team,7,2025-11-04
3184,3184,Disk Space Full,P3,Resolved,Windows Team,11,2025-08-06
3185,3185,Firewall Disabled,P2,Open,Linux Team,3,2026-04-24
3186,3186,Splunk Agent Down,P3,Closed,Messaging Team,12,2025-08-18
3187,3187,Server Down,P4,Resolved,Infrastructure Team,72,2026-06-17
3188,3188,Splunk Agent Down,P3,Resolved,Infrastructure Team,11,2026-04-23
3189,3189,Splunk Agent Down,P3,Closed,Linux Team,13,2026-01-11
3190,3190,Patch Failure,P4,Resolved,Database Team,28,2025-08-25
3191,3191,Qualys Agent Missing,P3,Closed,Infrastructure Team,12,2026-05-18
3192,3192,Memory Utilization High,P3,In Progress,Linux Team,10,2026-02-20
3193,3193,CrowdStrike Offline,P3,In Progress,Windows Team,21,2026-01-26
3194,3194,Server Down,P4,Open,Messaging Team,8,2026-04-14
3195,3195,Server Down,P3,Resolved,Security Team,13,2026-01-05
3196,3196,Qualys Agent Missing,P2,Open,Database Team,8,2026-01-15
3197,3197,Disk Space Full,P2,Resolved,Infrastructure Team,7,2026-02-21
3198,3198,Memory Utilization High,P3,In Progress,Messaging Team,6,2026-04-21
3199,3199,Application Not Responding,P3,In Progress,Infrastructure Team,23,2026-05-01
3200,3200,Application Not Responding,P4,In Progress,Database Team,51,2026-07-03
3201,3201,Splunk Agent Down,P4,Resolved,Infrastructure Team,55,2025-12-10
3202,3202,CPU Utilization High,P4,In Progress,Linux Team,14,2026-02-25
3203,3203,Firewall Disabled,P3,Closed,Security Team,13,2026-04-29
3204,3204,Application Not Responding,P2,Closed,Infrastructure Team,7,2025-08-14
3205,3205,Server Down,P4,Closed,Infrastructure Team,31,2025-09-26
3206,3206,CPU Utilization High,P3,Resolved,Messaging Team,17,2026-03-25
3207,3207,Firewall Disabled,P4,Resolved,Linux Team,13,2026-03-13
3208,3208,Memory Utilization High,P2,Resolved,Infrastructure Team,6,2026-03-22
3209,3209,Disk Space Full,P3,Closed,Infrastructure Team,24,2025-12-06
3210,3210,Patch Failure,P4,Closed,Windows Team,60,2025-08-01
3211,3211,CrowdStrike Offline,P4,Resolved,Windows Team,27,2026-04-24
3212,3212,Firewall Disabled,P3,Closed,Database Team,5,2025-07-30
3213,3213,Qualys Agent Missing,P2,Closed,Messaging Team,7,2026-04-24
3214,3214,Firewall Disabled,P2,Closed,Security Team,7,2025-12-27
3215,3215,Memory Utilization High,P4,Closed,Infrastructure Team,18,2026-03-07
3216,3216,CPU Utilization High,P4,Closed,Windows Team,61,2026-03-30
3217,3217,Splunk Agent Down,P1,Resolved,Infrastructure Team,1,2026-06-17
3218,3218,CPU Utilization High,P3,Resolved,Infrastructure Team,22,2025-09-20
3219,3219,Memory Utilization High,P2,Closed,Security Team,3,2025-11-03
3220,3220,Firewall Disabled,P2,In Progress,Linux Team,5,2026-05-20
3221,3221,Application Not Responding,P3,Resolved,Infrastructure Team,16,2025-09-23
3222,3222,Application Not Responding,P4,Open,Infrastructure Team,66,2026-05-29
3223,3223,Memory Utilization High,P4,In Progress,Windows Team,48,2026-07-14
3224,3224,Application Not Responding,P2,Closed,Linux Team,8,2025-11-12
3225,3225,Qualys Agent Missing,P3,Resolved,Database Team,8,2026-06-20
3226,3226,CrowdStrike Offline,P2,Resolved,Database Team,2,2025-11-08
3227,3227,Disk Space Full,P3,Closed,Database Team,14,2026-04-07
3228,3228,Splunk Agent Down,P4,Open,Infrastructure Team,10,2025-09-28
3229,3229,Disk Space Full,P3,Closed,Infrastructure Team,7,2026-02-11
3230,3230,CPU Utilization High,P3,Closed,Windows Team,12,2025-10-22
3231,3231,CPU Utilization High,P3,Resolved,Infrastructure Team,24,2025-10-07
3232,3232,Application Not Responding,P4,Resolved,Linux Team,19,2026-01-11
3233,3233,CrowdStrike Offline,P4,Resolved,Infrastructure Team,16,2025-09-12
3234,3234,Patch Failure,P2,Closed,Infrastructure Team,7,2026-03-02
3235,3235,Application Not Responding,P3,Resolved,Linux Team,4,2025-11-12
3236,3236,Patch Failure,P3,Closed,Security Team,18,2025-09-21
3237,3237,Splunk Agent Down,P4,Resolved,Infrastructure Team,27,2025-12-01
3238,3238,CPU Utilization High,P2,Open,Infrastructure Team,8,2026-01-12
3239,3239,Server Down,P4,Resolved,Security Team,60,2026-07-05
3240,3240,Application Not Responding,P4,Resolved,Messaging Team,57,2026-03-29
3241,3241,Memory Utilization High,P2,Resolved,Security Team,7,2025-12-08
3242,3242,Qualys Agent Missing,P4,Closed,Security Team,32,2025-11-11
3243,3243,Splunk Agent Down,P4,In Progress,Windows Team,15,2025-08-31
3244,3244,Server Down,P3,Resolved,Infrastructure Team,10,2026-07-15
3245,3245,CPU Utilization High,P2,Closed,Windows Team,8,2025-08-27
3246,3246,Splunk Agent Down,P2,Closed,Infrastructure Team,3,2026-01-06
3247,3247,CrowdStrike Offline,P3,Closed,Linux Team,16,2026-01-06
3248,3248,Disk Space Full,P2,Resolved,Infrastructure Team,8,2025-09-24
3249,3249,CPU Utilization High,P4,Closed,Security Team,48,2025-12-04
3250,3250,Memory Utilization High,P2,Resolved,Security Team,6,2026-03-11
3251,3251,Patch Failure,P2,Resolved,Infrastructure Team,6,2026-01-11
3252,3252,Firewall Disabled,P3,Closed,Messaging Team,17,2025-10-28
3253,3253,Qualys Agent Missing,P4,Closed,Linux Team,41,2025-12-02
3254,3254,Splunk Agent Down,P3,Closed,Linux Team,23,2026-01-19
3255,3255,CrowdStrike Offline,P4,Closed,Infrastructure Team,31,2026-03-07
3256,3256,Application Not Responding,P3,Closed,Infrastructure Team,24,2025-11-22
3257,3257,CrowdStrike Offline,P3,Resolved,Messaging Team,19,2025-10-29
3258,3258,Memory Utilization High,P4,Closed,Messaging Team,50,2026-07-18
3259,3259,Memory Utilization High,P4,Resolved,Database Team,12,2026-06-23
3260,3260,Firewall Disabled,P4,Closed,Security Team,26,2025-08-09
3261,3261,Patch Failure,P4,In Progress,Infrastructure Team,53,2026-01-03
3262,3262,CPU Utilization High,P2,Resolved,Linux Team,3,2025-10-16
3263,3263,Qualys Agent Missing,P3,Closed,Security Team,4,2025-11-21
3264,3264,Firewall Disabled,P4,In Progress,Database Team,9,2026-05-06
3265,3265,Splunk Agent Down,P3,Closed,Infrastructure Team,12,2025-12-19
3266,3266,Firewall Disabled,P3,Closed,Windows Team,17,2026-03-25
3267,3267,Memory Utilization High,P4,Closed,Linux Team,69,2026-01-07
3268,3268,Disk Space Full,P4,In Progress,Windows Team,20,2025-11-09
3269,3269,Memory Utilization High,P4,Closed,Messaging Team,8,2026-03-28
3270,3270,Application Not Responding,P3,Closed,Infrastructure Team,18,2025-08-23
3271,3271,Splunk Agent Down,P3,Closed,Security Team,11,2026-06-27
3272,3272,Server Down,P4,Closed,Database Team,65,2026-03-11
3273,3273,Splunk Agent Down,P4,Closed,Database Team,43,2025-09-29
3274,3274,CPU Utilization High,P3,Resolved,Infrastructure Team,19,2026-01-17
3275,3275,Disk Space Full,P2,Resolved,Linux Team,2,2026-03-19
3276,3276,Disk Space Full,P4,Closed,Database Team,26,2026-02-12
3277,3277,CPU Utilization High,P4,Resolved,Messaging Team,26,2025-10-02
3278,3278,CrowdStrike Offline,P4,Resolved,Windows Team,15,2025-10-07
3279,3279,Splunk Agent Down,P4,Resolved,Database Team,23,2026-05-28
3280,3280,CPU Utilization High,P4,Resolved,Linux Team,69,2025-09-20
3281,3281,Patch Failure,P4,Closed,Linux Team,40,2026-03-11
3282,3282,CPU Utilization High,P3,Resolved,Linux Team,9,2025-09-11
3283,3283,CPU Utilization High,P4,Closed,Linux Team,38,2026-06-29
3284,3284,Server Down,P2,Closed,Linux Team,4,2026-06-27
3285,3285,Memory Utilization High,P3,Resolved,Infrastructure Team,12,2026-02-08
3286,3286,CrowdStrike Offline,P4,Closed,Windows Team,39,2026-04-17
3287,3287,Qualys Agent Missing,P4,Closed,Linux Team,65,2025-07-31
3288,3288,Patch Failure,P3,Closed,Infrastructure Team,22,2026-03-16
3289,3289,CPU Utilization High,P3,Resolved,Windows Team,16,2025-09-30
3290,3290,CPU Utilization High,P2,Open,Messaging Team,7,2025-12-21
3291,3291,CPU Utilization High,P4,Closed,Infrastructure Team,27,2026-01-28
3292,3292,Server Down,P4,Resolved,Linux Team,50,2026-02-22
3293,3293,Server Down,P2,Closed,Infrastructure Team,8,2025-08-19
3294,3294,CPU Utilization High,P3,Closed,Linux Team,14,2026-04-18
3295,3295,Patch Failure,P3,Resolved,Infrastructure Team,10,2026-04-09
3296,3296,Application Not Responding,P3,Resolved,Security Team,7,2025-12-11
3297,3297,Disk Space Full,P2,Closed,Messaging Team,5,2026-06-11
3298,3298,Qualys Agent Missing,P4,Closed,Messaging Team,65,2026-05-10
3299,3299,Server Down,P3,Closed,Windows Team,7,2026-01-07
3300,3300,Application Not Responding,P4,In Progress,Infrastructure Team,46,2026-03-25
3301,3301,Disk Space Full,P4,Closed,Infrastructure Team,11,2025-11-05
3302,3302,Server Down,P3,Closed,Infrastructure Team,11,2026-05-22
3303,3303,Server Down,P4,Open,Database Team,72,2026-06-20
3304,3304,Memory Utilization High,P3,Closed,Database Team,19,2025-12-02
3305,3305,Application Not Responding,P2,Resolved,Infrastructure Team,3,2026-05-21
3306,3306,Application Not Responding,P3,Resolved,Security Team,9,2025-11-21
3307,3307,Splunk Agent Down,P2,Closed,Security Team,2,2025-12-02
3308,3308,CPU Utilization High,P4,In Progress,Messaging Team,62,2025-12-08
3309,3309,CPU Utilization High,P3,Resolved,Messaging Team,11,2025-10-21
3310,3310,Firewall Disabled,P3,Resolved,Linux Team,21,2025-09-19
3311,3311,Qualys Agent Missing,P2,Resolved,Messaging Team,8,2026-05-29
3312,3312,Application Not Responding,P4,Resolved,Infrastructure Team,46,2026-03-11
3313,3313,Firewall Disabled,P4,Resolved,Infrastructure Team,43,2026-02-26
3314,3314,Server Down,P3,Closed,Messaging Team,23,2025-08-29
3315,3315,CPU Utilization High,P4,Resolved,Database Team,61,2025-12-12
3316,3316,Patch Failure,P3,In Progress,Security Team,6,2026-02-12
3317,3317,Firewall Disabled,P3,Resolved,Linux Team,7,2026-03-16
3318,3318,Splunk Agent Down,P2,Closed,Security Team,6,2025-09-08
3319,3319,Disk Space Full,P3,Resolved,Database Team,17,2025-12-25
3320,3320,Memory Utilization High,P4,Resolved,Linux Team,65,2026-05-05
3321,3321,Memory Utilization High,P3,Closed,Security Team,24,2025-10-14
3322,3322,Qualys Agent Missing,P4,Resolved,Linux Team,56,2026-03-12
3323,3323,Qualys Agent Missing,P3,In Progress,Security Team,10,2025-11-15
3324,3324,Memory Utilization High,P4,Closed,Infrastructure Team,35,2026-06-19
3325,3325,Firewall Disabled,P2,Resolved,Security Team,3,2026-03-27
3326,3326,Splunk Agent Down,P4,Resolved,Infrastructure Team,38,2026-07-11
3327,3327,Application Not Responding,P4,Open,Infrastructure Team,14,2026-05-27
3328,3328,Disk Space Full,P3,Closed,Security Team,5,2026-07-18
3329,3329,Disk Space Full,P2,Open,Infrastructure Team,6,2025-09-08
3330,3330,Patch Failure,P2,In Progress,Windows Team,6,2026-05-04
3331,3331,Qualys Agent Missing,P4,Resolved,Database Team,26,2026-02-02
3332,3332,Splunk Agent Down,P2,Closed,Security Team,3,2026-01-20
3333,3333,Patch Failure,P3,Resolved,Database Team,9,2025-11-12
3334,3334,Application Not Responding,P3,Closed,Messaging Team,5,2026-04-01
3335,3335,Server Down,P4,Closed,Windows Team,13,2026-02-14
3336,3336,CPU Utilization High,P2,Resolved,Infrastructure Team,4,2026-06-03
3337,3337,Server Down,P3,Resolved,Windows Team,8,2025-07-25
3338,3338,CrowdStrike Offline,P3,Resolved,Messaging Team,24,2025-07-30
3339,3339,Patch Failure,P4,Closed,Linux Team,23,2025-08-06
3340,3340,Server Down,P2,Open,Linux Team,2,2025-10-09
3341,3341,Server Down,P4,In Progress,Database Team,37,2025-09-04
3342,3342,Qualys Agent Missing,P4,Closed,Infrastructure Team,22,2025-10-11
3343,3343,Qualys Agent Missing,P3,Resolved,Linux Team,15,2026-03-22
3344,3344,CrowdStrike Offline,P4,In Progress,Messaging Team,26,2025-11-25
3345,3345,Firewall Disabled,P3,Closed,Windows Team,14,2026-01-20
3346,3346,Splunk Agent Down,P3,Closed,Infrastructure Team,21,2026-01-09
3347,3347,Patch Failure,P3,Resolved,Messaging Team,12,2026-04-16
3348,3348,Disk Space Full,P3,Resolved,Linux Team,4,2026-07-09
3349,3349,Disk Space Full,P3,Open,Security Team,22,2026-03-05
3350,3350,Qualys Agent Missing,P4,Resolved,Messaging Team,10,2026-04-09
3351,3351,Splunk Agent Down,P4,Resolved,Infrastructure Team,54,2026-02-21
3352,3352,CPU Utilization High,P3,Closed,Linux Team,19,2025-10-21
3353,3353,Application Not Responding,P3,In Progress,Messaging Team,17,2025-07-27
3354,3354,Server Down,P3,Closed,Infrastructure Team,19,2026-02-18
3355,3355,Disk Space Full,P4,Resolved,Infrastructure Team,65,2025-08-02
3356,3356,Memory Utilization High,P2,Resolved,Infrastructure Team,4,2026-03-20
3357,3357,CPU Utilization High,P4,Resolved,Windows Team,28,2026-06-27
3358,3358,Memory Utilization High,P1,Open,Infrastructure Team,1,2026-07-12
3359,3359,Memory Utilization High,P4,Resolved,Database Team,58,2025-12-14
3360,3360,Patch Failure,P1,Closed,Security Team,2,2026-02-06
3361,3361,Firewall Disabled,P2,In Progress,Infrastructure Team,7,2025-09-26
3362,3362,Application Not Responding,P3,In Progress,Windows Team,24,2026-03-11
3363,3363,Application Not Responding,P4,Resolved,Windows Team,47,2025-10-09
3364,3364,Disk Space Full,P4,Resolved,Windows Team,43,2025-08-14
3365,3365,Patch Failure,P4,Closed,Infrastructure Team,11,2026-02-06
3366,3366,Server Down,P3,Resolved,Security Team,5,2026-03-25
3367,3367,Memory Utilization High,P4,Resolved,Security Team,27,2025-11-24
3368,3368,Splunk Agent Down,P3,Open,Linux Team,6,2025-11-01
3369,3369,Firewall Disabled,P4,Closed,Infrastructure Team,64,2025-08-03
3370,3370,Qualys Agent Missing,P4,Closed,Infrastructure Team,34,2025-08-19
3371,3371,CrowdStrike Offline,P3,Closed,Security Team,15,2026-06-28
3372,3372,Server Down,P4,Resolved,Infrastructure Team,18,2026-02-02
3373,3373,Qualys Agent Missing,P4,Resolved,Windows Team,56,2025-11-07
3374,3374,Memory Utilization High,P3,Closed,Messaging Team,12,2025-11-07
3375,3375,Server Down,P2,Closed,Database Team,7,2026-02-19
3376,3376,Application Not Responding,P4,In Progress,Infrastructure Team,57,2025-09-08
3377,3377,Application Not Responding,P4,Closed,Infrastructure Team,71,2025-09-15
3378,3378,Server Down,P2,Closed,Linux Team,3,2026-03-19
3379,3379,CrowdStrike Offline,P4,Closed,Database Team,21,2026-03-03
3380,3380,Splunk Agent Down,P3,In Progress,Linux Team,14,2026-05-06
3381,3381,Splunk Agent Down,P3,Closed,Infrastructure Team,15,2025-08-02
3382,3382,Server Down,P4,Open,Linux Team,19,2025-12-02
3383,3383,Memory Utilization High,P4,Open,Security Team,16,2026-05-15
3384,3384,Application Not Responding,P4,Closed,Database Team,67,2025-10-24
3385,3385,Firewall Disabled,P3,Open,Infrastructure Team,24,2025-09-01
3386,3386,Qualys Agent Missing,P3,In Progress,Messaging Team,21,2025-09-19
3387,3387,Memory Utilization High,P3,Closed,Infrastructure Team,7,2025-09-01
3388,3388,Server Down,P2,Resolved,Infrastructure Team,7,2026-05-09
3389,3389,Splunk Agent Down,P1,Closed,Linux Team,2,2026-05-25
3390,3390,Application Not Responding,P2,Open,Infrastructure Team,5,2025-10-01
3391,3391,Splunk Agent Down,P3,Closed,Infrastructure Team,6,2026-02-12
3392,3392,Patch Failure,P3,Resolved,Security Team,20,2025-10-21
3393,3393,CPU Utilization High,P4,Closed,Linux Team,9,2025-10-07
3394,3394,Splunk Agent Down,P2,In Progress,Infrastructure Team,6,2025-11-09
3395,3395,Disk Space Full,P3,Closed,Windows Team,23,2026-06-19
3396,3396,Qualys Agent Missing,P4,Resolved,Infrastructure Team,53,2025-09-12
3397,3397,Firewall Disabled,P4,Closed,Linux Team,12,2026-04-16
3398,3398,CPU Utilization High,P4,Open,Database Team,72,2026-01-19
3399,3399,Patch Failure,P3,Resolved,Linux Team,6,2025-09-08
3400,3400,CPU Utilization High,P4,Resolved,Linux Team,30,2026-04-15
3401,3401,Firewall Disabled,P4,Closed,Windows Team,45,2025-12-04
3402,3402,Memory Utilization High,P3,Closed,Windows Team,9,2026-05-09
3403,3403,CPU Utilization High,P4,Closed,Windows Team,38,2026-01-26
3404,3404,Disk Space Full,P3,Closed,Messaging Team,20,2026-03-27
3405,3405,CrowdStrike Offline,P3,Closed,Database Team,18,2026-01-08
3406,3406,Splunk Agent Down,P1,In Progress,Infrastructure Team,4,2025-09-04
3407,3407,Disk Space Full,P4,Resolved,Infrastructure Team,25,2025-12-18
3408,3408,Qualys Agent Missing,P3,Resolved,Infrastructure Team,18,2025-09-08
3409,3409,Memory Utilization High,P1,Resolved,Database Team,2,2026-05-10
3410,3410,CrowdStrike Offline,P2,Resolved,Windows Team,8,2026-02-04
3411,3411,CrowdStrike Offline,P3,Closed,Database Team,24,2025-10-08
3412,3412,Qualys Agent Missing,P4,Closed,Messaging Team,40,2026-01-14
3413,3413,CrowdStrike Offline,P3,In Progress,Messaging Team,9,2025-09-11
3414,3414,Server Down,P3,Closed,Database Team,10,2026-02-03
3415,3415,Splunk Agent Down,P4,Open,Infrastructure Team,60,2026-06-09
3416,3416,Memory Utilization High,P2,Closed,Security Team,3,2026-05-08
3417,3417,Server Down,P3,Resolved,Windows Team,16,2026-02-15
3418,3418,Patch Failure,P3,Closed,Infrastructure Team,15,2025-08-01
3419,3419,CPU Utilization High,P4,Closed,Security Team,52,2025-11-03
3420,3420,CrowdStrike Offline,P4,Resolved,Messaging Team,17,2025-08-18
3421,3421,Qualys Agent Missing,P4,Resolved,Database Team,67,2026-02-24
3422,3422,CPU Utilization High,P2,Closed,Infrastructure Team,3,2025-11-11
3423,3423,Application Not Responding,P4,Closed,Windows Team,26,2026-07-10
3424,3424,Qualys Agent Missing,P1,Resolved,Messaging Team,4,2026-04-02
3425,3425,Qualys Agent Missing,P4,Closed,Messaging Team,8,2026-04-11
3426,3426,Patch Failure,P1,Resolved,Windows Team,2,2026-03-04
3427,3427,Disk Space Full,P3,Closed,Windows Team,5,2025-12-25
3428,3428,Application Not Responding,P2,Closed,Linux Team,7,2025-12-11
3429,3429,CrowdStrike Offline,P1,Resolved,Security Team,3,2025-10-30
3430,3430,Firewall Disabled,P4,Closed,Infrastructure Team,56,2026-07-12
3431,3431,Patch Failure,P4,In Progress,Linux Team,33,2026-07-10
3432,3432,Disk Space Full,P3,In Progress,Infrastructure Team,6,2025-11-19
3433,3433,CrowdStrike Offline,P3,Closed,Infrastructure Team,13,2025-12-19
3434,3434,Patch Failure,P3,Closed,Windows Team,6,2025-07-25
3435,3435,Application Not Responding,P4,In Progress,Infrastructure Team,38,2025-12-19
3436,3436,Disk Space Full,P4,Closed,Windows Team,35,2026-01-30
3437,3437,Memory Utilization High,P3,Resolved,Database Team,13,2026-02-13
3438,3438,Server Down,P4,Open,Infrastructure Team,71,2025-12-15
3439,3439,Disk Space Full,P4,Resolved,Messaging Team,24,2025-09-21
3440,3440,Disk Space Full,P3,In Progress,Linux Team,10,2026-02-22
3441,3441,Firewall Disabled,P3,Resolved,Infrastructure Team,20,2025-12-12
3442,3442,Disk Space Full,P4,Closed,Linux Team,52,2026-03-04
3443,3443,Splunk Agent Down,P2,Closed,Infrastructure Team,3,2026-06-22
3444,3444,Memory Utilization High,P4,Closed,Messaging Team,33,2026-03-17
3445,3445,Server Down,P3,Closed,Linux Team,4,2026-07-10
3446,3446,Splunk Agent Down,P3,Resolved,Security Team,5,2025-10-27
3447,3447,Splunk Agent Down,P4,Closed,Infrastructure Team,52,2026-03-22
3448,3448,CPU Utilization High,P4,In Progress,Windows Team,69,2025-10-23
3449,3449,Patch Failure,P4,Resolved,Database Team,34,2026-05-14
3450,3450,Firewall Disabled,P1,Closed,Infrastructure Team,2,2026-04-18
3451,3451,Application Not Responding,P3,Resolved,Database Team,22,2025-07-27
3452,3452,Application Not Responding,P2,Resolved,Messaging Team,8,2026-04-27
3453,3453,Qualys Agent Missing,P3,Closed,Windows Team,17,2025-08-24
3454,3454,Disk Space Full,P3,Closed,Infrastructure Team,11,2025-12-30
3455,3455,CPU Utilization High,P3,Closed,Messaging Team,14,2025-12-07
3456,3456,CPU Utilization High,P4,Resolved,Security Team,53,2026-04-05
3457,3457,CPU Utilization High,P3,Closed,Infrastructure Team,4,2026-03-08
3458,3458,CPU Utilization High,P2,Resolved,Database Team,8,2026-06-17
3459,3459,CrowdStrike Offline,P3,Open,Security Team,14,2025-07-26
3460,3460,Firewall Disabled,P2,Resolved,Database Team,2,2026-02-16
3461,3461,Splunk Agent Down,P3,Closed,Infrastructure Team,19,2025-08-30
3462,3462,CPU Utilization High,P3,Closed,Messaging Team,19,2025-12-15
3463,3463,Qualys Agent Missing,P4,Resolved,Linux Team,14,2026-04-13
3464,3464,CrowdStrike Offline,P4,Resolved,Security Team,70,2026-04-16
3465,3465,CrowdStrike Offline,P3,Resolved,Infrastructure Team,16,2026-06-15
3466,3466,Server Down,P2,Closed,Infrastructure Team,6,2026-06-10
3467,3467,Qualys Agent Missing,P3,Resolved,Database Team,11,2025-12-12
3468,3468,Firewall Disabled,P4,Open,Infrastructure Team,8,2026-02-06
3469,3469,Patch Failure,P4,In Progress,Security Team,42,2026-06-13
3470,3470,CPU Utilization High,P4,Closed,Security Team,68,2025-12-23
3471,3471,Patch Failure,P4,In Progress,Infrastructure Team,59,2026-01-05
3472,3472,Disk Space Full,P4,Closed,Windows Team,21,2026-07-07
3473,3473,CrowdStrike Offline,P4,Closed,Windows Team,39,2026-05-21
3474,3474,Qualys Agent Missing,P2,Open,Windows Team,2,2026-05-06
3475,3475,Firewall Disabled,P4,Resolved,Infrastructure Team,24,2025-10-01
3476,3476,Patch Failure,P4,Closed,Linux Team,44,2026-06-24
3477,3477,Patch Failure,P3,In Progress,Messaging Team,6,2025-10-09
3478,3478,CPU Utilization High,P3,Closed,Linux Team,8,2025-10-01
3479,3479,Patch Failure,P2,In Progress,Database Team,2,2026-01-26
3480,3480,Server Down,P4,Resolved,Infrastructure Team,61,2026-06-18
3481,3481,Application Not Responding,P3,Resolved,Infrastructure Team,22,2025-08-08
3482,3482,CrowdStrike Offline,P4,Resolved,Infrastructure Team,47,2026-02-03
3483,3483,Server Down,P4,Open,Messaging Team,30,2025-08-19
3484,3484,Application Not Responding,P4,In Progress,Infrastructure Team,9,2026-02-08
3485,3485,Application Not Responding,P2,Resolved,Security Team,2,2025-09-10
3486,3486,Disk Space Full,P4,In Progress,Database Team,18,2026-03-23
3487,3487,Application Not Responding,P4,Resolved,Infrastructure Team,23,2025-09-23
3488,3488,Firewall Disabled,P3,Closed,Infrastructure Team,24,2025-08-21
3489,3489,Server Down,P3,Resolved,Messaging Team,12,2025-08-06
3490,3490,Memory Utilization High,P2,In Progress,Linux Team,3,2026-05-29
3491,3491,Firewall Disabled,P3,Closed,Messaging Team,18,2025-11-17
3492,3492,Server Down,P4,Closed,Database Team,41,2026-07-15
3493,3493,Splunk Agent Down,P3,Open,Windows Team,7,2025-07-29
3494,3494,Application Not Responding,P2,Closed,Linux Team,4,2025-11-17
3495,3495,Qualys Agent Missing,P4,Closed,Messaging Team,55,2025-11-28
3496,3496,Patch Failure,P2,Resolved,Security Team,7,2025-08-19
3497,3497,CrowdStrike Offline,P3,Open,Security Team,22,2026-06-10
3498,3498,Qualys Agent Missing,P3,Open,Security Team,6,2025-10-18
3499,3499,Disk Space Full,P3,Resolved,Security Team,18,2025-10-16
3500,3500,Splunk Agent Down,P4,Resolved,Linux Team,13,2025-12-10
3501,3501,Patch Failure,P4,Open,Infrastructure Team,22,2025-08-05
3502,3502,Application Not Responding,P4,In Progress,Infrastructure Team,8,2025-12-18
3503,3503,CPU Utilization High,P2,In Progress,Windows Team,3,2025-09-18
3504,3504,Server Down,P3,Resolved,Linux Team,14,2026-02-05
3505,3505,CPU Utilization High,P4,Closed,Security Team,63,2026-01-24
3506,3506,CPU Utilization High,P3,Resolved,Database Team,23,2025-12-18
3507,3507,Firewall Disabled,P3,Resolved,Infrastructure Team,4,2026-05-31
3508,3508,Disk Space Full,P4,Closed,Database Team,44,2026-07-24
3509,3509,Memory Utilization High,P1,Open,Messaging Team,2,2025-11-22
3510,3510,Memory Utilization High,P2,Resolved,Messaging Team,7,2025-12-28
3511,3511,CrowdStrike Offline,P3,Resolved,Windows Team,15,2026-01-15
3512,3512,Splunk Agent Down,P4,Closed,Database Team,36,2025-12-24
3513,3513,Qualys Agent Missing,P4,In Progress,Database Team,36,2026-04-22
3514,3514,Firewall Disabled,P2,Closed,Database Team,7,2026-04-28
3515,3515,CPU Utilization High,P3,Resolved,Windows Team,18,2026-05-30
3516,3516,Firewall Disabled,P4,Closed,Windows Team,36,2026-01-31
3517,3517,Firewall Disabled,P4,Closed,Infrastructure Team,48,2026-03-16
3518,3518,Splunk Agent Down,P4,Resolved,Database Team,42,2025-09-02
3519,3519,Server Down,P4,Resolved,Windows Team,40,2025-08-18
3520,3520,CrowdStrike Offline,P3,Closed,Security Team,21,2025-09-16
3521,3521,Disk Space Full,P4,Open,Security Team,16,2025-10-07
3522,3522,Memory Utilization High,P3,Resolved,Security Team,8,2026-03-14
3523,3523,Splunk Agent Down,P2,In Progress,Messaging Team,4,2026-04-19
3524,3524,Firewall Disabled,P3,Closed,Linux Team,7,2026-07-05
3525,3525,CPU Utilization High,P2,Closed,Security Team,8,2025-10-14
3526,3526,Disk Space Full,P3,In Progress,Security Team,7,2025-12-09
3527,3527,Firewall Disabled,P3,Closed,Linux Team,23,2026-02-06
3528,3528,Server Down,P3,Resolved,Security Team,12,2026-04-18
3529,3529,Disk Space Full,P3,Resolved,Windows Team,10,2026-03-11
3530,3530,Memory Utilization High,P4,Closed,Security Team,41,2026-02-14
3531,3531,Splunk Agent Down,P4,Closed,Messaging Team,26,2026-07-05
3532,3532,Patch Failure,P3,Open,Infrastructure Team,4,2026-06-05
3533,3533,Splunk Agent Down,P3,In Progress,Database Team,11,2025-08-06
3534,3534,CrowdStrike Offline,P3,Resolved,Database Team,12,2025-12-09
3535,3535,Disk Space Full,P3,Resolved,Messaging Team,10,2026-07-20
3536,3536,Server Down,P4,Resolved,Database Team,37,2026-07-06
3537,3537,Splunk Agent Down,P2,Closed,Infrastructure Team,8,2026-04-06
3538,3538,Splunk Agent Down,P4,In Progress,Security Team,57,2026-01-20
3539,3539,Firewall Disabled,P4,Resolved,Security Team,65,2025-09-22
3540,3540,Disk Space Full,P3,Closed,Windows Team,15,2026-04-28
3541,3541,Application Not Responding,P4,Closed,Infrastructure Team,26,2025-11-09
3542,3542,Server Down,P2,In Progress,Security Team,2,2025-12-30
3543,3543,CPU Utilization High,P4,Resolved,Infrastructure Team,17,2025-07-29
3544,3544,Application Not Responding,P3,Resolved,Database Team,5,2026-05-05
3545,3545,CrowdStrike Offline,P4,Open,Security Team,68,2025-12-18
3546,3546,Application Not Responding,P3,Closed,Security Team,14,2025-10-14
3547,3547,Firewall Disabled,P3,Resolved,Linux Team,21,2026-02-08
3548,3548,Patch Failure,P1,Resolved,Infrastructure Team,3,2025-11-09
3549,3549,Server Down,P2,Closed,Database Team,6,2026-05-09
3550,3550,Disk Space Full,P4,In Progress,Infrastructure Team,40,2026-03-31
3551,3551,Patch Failure,P3,Closed,Infrastructure Team,7,2026-02-18
3552,3552,Patch Failure,P4,Resolved,Linux Team,19,2025-12-08
3553,3553,Disk Space Full,P4,Closed,Security Team,59,2026-02-03
3554,3554,Qualys Agent Missing,P4,In Progress,Linux Team,67,2026-07-17
3555,3555,Qualys Agent Missing,P4,Closed,Security Team,17,2025-11-23
3556,3556,Firewall Disabled,P4,In Progress,Infrastructure Team,59,2026-01-17
3557,3557,Firewall Disabled,P1,Resolved,Windows Team,1,2025-11-26
3558,3558,CrowdStrike Offline,P3,Closed,Infrastructure Team,23,2025-10-11
3559,3559,Firewall Disabled,P2,Closed,Security Team,4,2025-11-23
3560,3560,Server Down,P4,Resolved,Windows Team,36,2026-06-12
3561,3561,Disk Space Full,P4,Closed,Linux Team,15,2026-01-23
3562,3562,Firewall Disabled,P2,In Progress,Windows Team,7,2026-05-06
3563,3563,Disk Space Full,P4,Closed,Linux Team,11,2026-05-03
3564,3564,Memory Utilization High,P3,Closed,Database Team,8,2026-07-14
3565,3565,Patch Failure,P3,Resolved,Linux Team,23,2025-08-14
3566,3566,Server Down,P2,Resolved,Linux Team,4,2026-03-31
3567,3567,Patch Failure,P3,Resolved,Infrastructure Team,11,2025-08-07
3568,3568,CPU Utilization High,P4,Open,Infrastructure Team,49,2025-08-04
3569,3569,Splunk Agent Down,P3,Closed,Database Team,17,2025-10-05
3570,3570,Qualys Agent Missing,P1,Closed,Linux Team,1,2025-10-07
3571,3571,Application Not Responding,P4,Open,Infrastructure Team,61,2026-07-11
3572,3572,CrowdStrike Offline,P2,Resolved,Messaging Team,6,2026-07-18
3573,3573,Splunk Agent Down,P2,In Progress,Database Team,6,2025-08-06
3574,3574,Qualys Agent Missing,P3,Closed,Linux Team,11,2026-07-23
3575,3575,Application Not Responding,P4,Open,Infrastructure Team,43,2025-09-13
3576,3576,Server Down,P4,Open,Infrastructure Team,52,2026-04-06
3577,3577,Disk Space Full,P1,Resolved,Messaging Team,2,2025-08-14
3578,3578,Patch Failure,P4,Open,Security Team,67,2026-06-04
3579,3579,Patch Failure,P3,Resolved,Windows Team,9,2026-02-15
3580,3580,Disk Space Full,P4,In Progress,Database Team,45,2026-07-08
3581,3581,Qualys Agent Missing,P2,Closed,Windows Team,6,2026-06-21
3582,3582,Patch Failure,P4,Closed,Windows Team,51,2026-06-07
3583,3583,Memory Utilization High,P3,Resolved,Messaging Team,19,2026-07-02
3584,3584,Memory Utilization High,P4,Resolved,Database Team,72,2025-09-04
3585,3585,Server Down,P3,Resolved,Messaging Team,12,2026-05-11
3586,3586,Disk Space Full,P2,Closed,Linux Team,3,2025-09-19
3587,3587,Disk Space Full,P3,Closed,Database Team,8,2026-05-22
3588,3588,CrowdStrike Offline,P3,Closed,Messaging Team,9,2025-09-07
3589,3589,Memory Utilization High,P4,In Progress,Windows Team,68,2026-03-24
3590,3590,CrowdStrike Offline,P3,Closed,Database Team,17,2026-07-16
3591,3591,CrowdStrike Offline,P1,Closed,Infrastructure Team,2,2026-03-20
3592,3592,Disk Space Full,P3,Resolved,Infrastructure Team,10,2025-12-23
3593,3593,CrowdStrike Offline,P4,Open,Database Team,69,2026-04-01
3594,3594,Firewall Disabled,P3,Closed,Windows Team,18,2025-10-06
3595,3595,Qualys Agent Missing,P4,Resolved,Infrastructure Team,37,2026-07-23
3596,3596,Memory Utilization High,P4,In Progress,Windows Team,44,2026-01-03
3597,3597,CrowdStrike Offline,P3,Resolved,Messaging Team,22,2026-04-24
3598,3598,Splunk Agent Down,P3,In Progress,Linux Team,19,2026-06-12
3599,3599,Splunk Agent Down,P4,Closed,Linux Team,34,2026-04-07
3600,3600,Application Not Responding,P3,Closed,Security Team,24,2026-04-12
3601,3601,Application Not Responding,P3,Resolved,Database Team,19,2026-06-14
3602,3602,Splunk Agent Down,P4,Closed,Security Team,37,2026-07-12
3603,3603,Memory Utilization High,P4,Resolved,Database Team,65,2026-02-10
3604,3604,Memory Utilization High,P3,Open,Infrastructure Team,9,2025-11-05
3605,3605,Patch Failure,P3,Closed,Messaging Team,11,2025-07-25
3606,3606,Application Not Responding,P4,Resolved,Database Team,13,2026-05-14
3607,3607,CPU Utilization High,P3,Closed,Windows Team,23,2026-04-29
3608,3608,Application Not Responding,P4,Resolved,Linux Team,22,2025-10-19
3609,3609,Disk Space Full,P4,Closed,Windows Team,31,2025-09-02
3610,3610,Splunk Agent Down,P4,Closed,Messaging Team,46,2026-03-28
3611,3611,Server Down,P3,Closed,Infrastructure Team,12,2025-12-27
3612,3612,Server Down,P4,Closed,Messaging Team,21,2025-12-10
3613,3613,Application Not Responding,P4,Closed,Windows Team,17,2025-10-31
3614,3614,Splunk Agent Down,P3,Closed,Infrastructure Team,4,2026-02-18
3615,3615,Patch Failure,P2,Resolved,Database Team,4,2026-05-22
3616,3616,Application Not Responding,P3,Resolved,Database Team,9,2026-04-04
3617,3617,Memory Utilization High,P3,Closed,Messaging Team,12,2026-05-05
3618,3618,Application Not Responding,P2,Closed,Messaging Team,4,2026-03-10
3619,3619,Server Down,P3,Closed,Messaging Team,21,2025-11-06
3620,3620,CrowdStrike Offline,P4,Resolved,Messaging Team,33,2026-01-14
3621,3621,Memory Utilization High,P4,Open,Infrastructure Team,26,2025-07-28
3622,3622,Patch Failure,P4,In Progress,Infrastructure Team,34,2025-08-04
3623,3623,Disk Space Full,P3,Resolved,Security Team,21,2026-05-29
3624,3624,Qualys Agent Missing,P4,Resolved,Windows Team,20,2026-03-20
3625,3625,Qualys Agent Missing,P4,In Progress,Database Team,29,2025-10-12
3626,3626,Server Down,P3,Closed,Messaging Team,21,2026-06-22
3627,3627,CPU Utilization High,P4,Open,Infrastructure Team,50,2026-01-03
3628,3628,Memory Utilization High,P4,Resolved,Infrastructure Team,47,2026-02-17
3629,3629,Qualys Agent Missing,P3,Closed,Linux Team,10,2025-09-07
3630,3630,Qualys Agent Missing,P4,Open,Infrastructure Team,69,2026-03-18
3631,3631,Memory Utilization High,P3,Closed,Security Team,10,2025-11-20
3632,3632,Splunk Agent Down,P4,Closed,Infrastructure Team,43,2025-12-23
3633,3633,CPU Utilization High,P4,Closed,Infrastructure Team,57,2026-07-17
3634,3634,Disk Space Full,P1,In Progress,Windows Team,3,2025-08-21
3635,3635,Patch Failure,P4,In Progress,Infrastructure Team,53,2026-04-02
3636,3636,Application Not Responding,P4,Resolved,Security Team,15,2026-03-24
3637,3637,Server Down,P3,Closed,Infrastructure Team,14,2026-03-31
3638,3638,CrowdStrike Offline,P3,Closed,Security Team,20,2025-10-12
3639,3639,Disk Space Full,P4,Closed,Linux Team,33,2026-05-14
3640,3640,Patch Failure,P4,Closed,Security Team,41,2026-02-24
3641,3641,CrowdStrike Offline,P4,Resolved,Windows Team,18,2026-04-05
3642,3642,Disk Space Full,P3,In Progress,Infrastructure Team,9,2026-07-15
3643,3643,Qualys Agent Missing,P2,Resolved,Security Team,6,2026-07-07
3644,3644,Server Down,P4,Closed,Database Team,56,2025-08-09
3645,3645,Server Down,P4,Resolved,Linux Team,65,2025-08-21
3646,3646,Disk Space Full,P3,In Progress,Database Team,23,2026-04-12
3647,3647,Memory Utilization High,P1,Closed,Linux Team,3,2026-06-10
3648,3648,Memory Utilization High,P3,Closed,Linux Team,16,2026-02-15
3649,3649,Splunk Agent Down,P4,Resolved,Windows Team,71,2026-01-13
3650,3650,Splunk Agent Down,P3,In Progress,Messaging Team,4,2026-04-27
3651,3651,Application Not Responding,P3,In Progress,Security Team,9,2026-04-22
3652,3652,Qualys Agent Missing,P4,Closed,Messaging Team,66,2025-09-12
3653,3653,Firewall Disabled,P4,In Progress,Database Team,45,2026-07-15
3654,3654,Splunk Agent Down,P2,Resolved,Linux Team,8,2026-07-25
3655,3655,Memory Utilization High,P4,Closed,Linux Team,27,2025-08-05
3656,3656,Patch Failure,P4,Closed,Infrastructure Team,27,2025-09-18
3657,3657,Server Down,P3,Closed,Infrastructure Team,17,2026-03-05
3658,3658,Patch Failure,P4,In Progress,Linux Team,50,2025-08-29
3659,3659,Memory Utilization High,P2,Resolved,Database Team,2,2026-01-27
3660,3660,Qualys Agent Missing,P3,Closed,Infrastructure Team,17,2025-12-09
3661,3661,Memory Utilization High,P2,Resolved,Security Team,3,2025-08-19
3662,3662,Firewall Disabled,P3,In Progress,Windows Team,12,2025-10-26
3663,3663,CPU Utilization High,P3,Open,Infrastructure Team,4,2026-02-15
3664,3664,Disk Space Full,P4,Closed,Messaging Team,71,2025-10-05
3665,3665,Splunk Agent Down,P4,In Progress,Windows Team,67,2026-05-22
3666,3666,Qualys Agent Missing,P2,Resolved,Messaging Team,2,2026-05-26
3667,3667,Application Not Responding,P2,Closed,Linux Team,8,2026-04-11
3668,3668,Patch Failure,P3,Closed,Infrastructure Team,22,2026-03-26
3669,3669,Patch Failure,P4,Resolved,Database Team,14,2025-10-22
3670,3670,Memory Utilization High,P4,In Progress,Infrastructure Team,56,2026-02-28
3671,3671,Firewall Disabled,P3,Open,Messaging Team,23,2025-09-05
3672,3672,CPU Utilization High,P3,Resolved,Infrastructure Team,11,2026-03-27
3673,3673,Disk Space Full,P3,Closed,Security Team,10,2026-04-13
3674,3674,Application Not Responding,P4,Closed,Infrastructure Team,55,2026-06-25
3675,3675,Application Not Responding,P4,Resolved,Windows Team,57,2026-07-17
3676,3676,Application Not Responding,P2,Resolved,Infrastructure Team,7,2025-07-26
3677,3677,Application Not Responding,P3,In Progress,Infrastructure Team,7,2025-09-05
3678,3678,Application Not Responding,P3,Resolved,Windows Team,16,2026-01-04
3679,3679,Patch Failure,P3,Closed,Windows Team,10,2025-08-07
3680,3680,Memory Utilization High,P3,Resolved,Messaging Team,19,2026-06-15
3681,3681,Firewall Disabled,P4,Closed,Security Team,68,2026-03-10
3682,3682,Patch Failure,P3,Resolved,Infrastructure Team,10,2025-09-03
3683,3683,Patch Failure,P3,Closed,Infrastructure Team,15,2026-02-18
3684,3684,Qualys Agent Missing,P4,In Progress,Database Team,65,2025-09-07
3685,3685,CPU Utilization High,P4,Closed,Linux Team,71,2026-07-16
3686,3686,Application Not Responding,P3,Closed,Infrastructure Team,18,2025-10-17
3687,3687,Patch Failure,P4,In Progress,Infrastructure Team,20,2026-06-27
3688,3688,CPU Utilization High,P4,Open,Windows Team,34,2026-04-19
3689,3689,Splunk Agent Down,P3,Resolved,Infrastructure Team,4,2026-03-21
3690,3690,CrowdStrike Offline,P4,Closed,Messaging Team,29,2026-01-01
3691,3691,Qualys Agent Missing,P2,In Progress,Windows Team,7,2026-04-16
3692,3692,Qualys Agent Missing,P4,Closed,Security Team,64,2025-07-27
3693,3693,Memory Utilization High,P3,In Progress,Security Team,17,2026-03-15
3694,3694,Qualys Agent Missing,P3,Closed,Security Team,16,2026-06-26
3695,3695,Firewall Disabled,P4,Open,Database Team,20,2025-08-06
3696,3696,Server Down,P2,Open,Infrastructure Team,3,2025-11-21
3697,3697,Qualys Agent Missing,P1,Open,Database Team,2,2025-08-16
3698,3698,Server Down,P4,Closed,Security Team,54,2026-02-09
3699,3699,Server Down,P3,In Progress,Infrastructure Team,9,2025-08-16
3700,3700,Memory Utilization High,P3,Closed,Infrastructure Team,19,2025-12-28
3701,3701,Qualys Agent Missing,P3,Resolved,Database Team,4,2026-01-20
3702,3702,Firewall Disabled,P1,Open,Database Team,2,2026-07-02
3703,3703,Disk Space Full,P4,Resolved,Linux Team,69,2026-03-26
3704,3704,Server Down,P3,Resolved,Windows Team,6,2026-06-16
3705,3705,Server Down,P3,Resolved,Linux Team,8,2026-02-05
3706,3706,Application Not Responding,P4,Closed,Database Team,46,2026-03-27
3707,3707,Patch Failure,P4,Closed,Linux Team,69,2026-03-22
3708,3708,CPU Utilization High,P3,Open,Infrastructure Team,18,2025-10-23
3709,3709,CrowdStrike Offline,P4,Resolved,Infrastructure Team,46,2026-05-08
3710,3710,Splunk Agent Down,P2,Resolved,Messaging Team,3,2026-03-14
3711,3711,Patch Failure,P3,Open,Linux Team,19,2026-03-18
3712,3712,CrowdStrike Offline,P4,Closed,Linux Team,46,2025-12-18
3713,3713,Patch Failure,P3,Resolved,Windows Team,18,2026-01-31
3714,3714,Patch Failure,P4,Closed,Security Team,55,2025-08-22
3715,3715,Memory Utilization High,P3,Resolved,Windows Team,16,2025-11-11
3716,3716,Server Down,P3,Resolved,Linux Team,22,2026-04-28
3717,3717,Memory Utilization High,P3,Resolved,Security Team,12,2026-05-31
3718,3718,CrowdStrike Offline,P3,Closed,Linux Team,22,2025-12-21
3719,3719,Application Not Responding,P2,Resolved,Infrastructure Team,2,2026-02-02
3720,3720,Splunk Agent Down,P1,Resolved,Messaging Team,4,2025-12-22
3721,3721,Memory Utilization High,P2,In Progress,Linux Team,5,2026-02-27
3722,3722,Qualys Agent Missing,P4,Resolved,Database Team,33,2025-08-02
3723,3723,Splunk Agent Down,P4,In Progress,Database Team,72,2026-07-14
3724,3724,Server Down,P4,In Progress,Windows Team,17,2025-08-22
3725,3725,Splunk Agent Down,P3,Closed,Linux Team,23,2025-09-03
3726,3726,CPU Utilization High,P3,Resolved,Windows Team,17,2025-09-17
3727,3727,Disk Space Full,P4,Closed,Messaging Team,61,2025-08-01
3728,3728,Application Not Responding,P3,Resolved,Database Team,10,2025-10-22
3729,3729,CPU Utilization High,P4,Closed,Infrastructure Team,54,2026-03-18
3730,3730,Patch Failure,P4,Closed,Infrastructure Team,51,2025-11-21
3731,3731,Firewall Disabled,P2,Resolved,Security Team,6,2025-11-25
3732,3732,Patch Failure,P3,In Progress,Infrastructure Team,17,2026-05-14
3733,3733,Server Down,P3,In Progress,Messaging Team,12,2025-11-04
3734,3734,Patch Failure,P3,Resolved,Security Team,11,2026-04-13
3735,3735,Memory Utilization High,P3,Resolved,Infrastructure Team,15,2026-02-12
3736,3736,Memory Utilization High,P4,Open,Security Team,57,2026-03-18
3737,3737,Application Not Responding,P3,Resolved,Infrastructure Team,16,2025-08-11
3738,3738,Splunk Agent Down,P3,Resolved,Infrastructure Team,19,2025-09-21
3739,3739,Disk Space Full,P4,In Progress,Infrastructure Team,22,2025-09-22
3740,3740,Server Down,P2,Closed,Security Team,7,2026-03-15
3741,3741,Memory Utilization High,P1,Resolved,Windows Team,3,2026-04-15
3742,3742,Qualys Agent Missing,P2,Closed,Linux Team,6,2026-01-09
3743,3743,CPU Utilization High,P2,Resolved,Windows Team,4,2026-06-09
3744,3744,Patch Failure,P4,Open,Infrastructure Team,51,2026-04-12
3745,3745,Splunk Agent Down,P4,Resolved,Windows Team,43,2025-11-03
3746,3746,Server Down,P3,Closed,Messaging Team,15,2025-08-30
3747,3747,Patch Failure,P4,Closed,Infrastructure Team,38,2026-01-21
3748,3748,Memory Utilization High,P2,Resolved,Database Team,3,2025-09-11
3749,3749,CrowdStrike Offline,P4,Open,Security Team,35,2025-12-20
3750,3750,Splunk Agent Down,P3,Closed,Security Team,7,2026-06-05
3751,3751,Disk Space Full,P3,Resolved,Infrastructure Team,13,2025-08-06
3752,3752,Qualys Agent Missing,P3,Closed,Database Team,23,2026-07-13
3753,3753,Patch Failure,P4,Resolved,Security Team,64,2026-06-10
3754,3754,Firewall Disabled,P3,Closed,Infrastructure Team,15,2025-11-09
3755,3755,Splunk Agent Down,P2,In Progress,Messaging Team,3,2025-10-25
3756,3756,Firewall Disabled,P3,Resolved,Infrastructure Team,8,2025-10-07
3757,3757,CrowdStrike Offline,P4,Open,Messaging Team,26,2026-06-26
3758,3758,Disk Space Full,P4,In Progress,Windows Team,28,2025-12-06
3759,3759,Application Not Responding,P2,In Progress,Infrastructure Team,3,2026-04-02
3760,3760,CrowdStrike Offline,P3,In Progress,Messaging Team,19,2026-03-29
3761,3761,Server Down,P2,Resolved,Linux Team,4,2025-10-14
3762,3762,Application Not Responding,P4,Closed,Messaging Team,44,2025-09-27
3763,3763,Server Down,P4,Closed,Infrastructure Team,14,2026-05-20
3764,3764,Application Not Responding,P3,Closed,Database Team,8,2025-11-22
3765,3765,Firewall Disabled,P4,Closed,Database Team,59,2025-08-21
3766,3766,Patch Failure,P3,Resolved,Infrastructure Team,10,2026-04-10
3767,3767,CPU Utilization High,P3,Closed,Windows Team,23,2025-11-06
3768,3768,CPU Utilization High,P2,Closed,Database Team,4,2025-08-25
3769,3769,Server Down,P4,Open,Infrastructure Team,16,2025-08-20
3770,3770,Server Down,P3,Resolved,Windows Team,18,2026-03-19
3771,3771,Server Down,P2,Closed,Security Team,8,2026-04-21
3772,3772,CPU Utilization High,P4,Closed,Database Team,38,2025-11-16
3773,3773,Firewall Disabled,P3,Closed,Infrastructure Team,24,2026-01-04
3774,3774,Firewall Disabled,P4,Open,Messaging Team,62,2025-09-21
3775,3775,Splunk Agent Down,P3,Resolved,Infrastructure Team,18,2026-07-24
3776,3776,Splunk Agent Down,P3,In Progress,Security Team,12,2025-10-06
3777,3777,Server Down,P3,In Progress,Linux Team,23,2025-12-23
3778,3778,Disk Space Full,P2,Closed,Windows Team,8,2026-01-22
3779,3779,CrowdStrike Offline,P3,Open,Linux Team,10,2025-09-16
3780,3780,Splunk Agent Down,P2,Resolved,Database Team,6,2026-03-26
3781,3781,Disk Space Full,P3,Resolved,Database Team,16,2026-02-16
3782,3782,Disk Space Full,P3,Open,Infrastructure Team,23,2025-10-12
3783,3783,Patch Failure,P2,Open,Linux Team,3,2026-06-15
3784,3784,Server Down,P4,Resolved,Messaging Team,48,2026-07-02
3785,3785,Splunk Agent Down,P2,Resolved,Security Team,2,2025-12-25
3786,3786,CrowdStrike Offline,P4,In Progress,Infrastructure Team,53,2026-01-21
3787,3787,CrowdStrike Offline,P2,Closed,Security Team,4,2026-04-17
3788,3788,Server Down,P2,Resolved,Messaging Team,2,2026-06-13
3789,3789,CPU Utilization High,P2,Closed,Security Team,4,2026-01-17
3790,3790,CrowdStrike Offline,P2,Resolved,Linux Team,4,2025-12-18
3791,3791,Patch Failure,P3,Resolved,Infrastructure Team,20,2025-09-06
3792,3792,Disk Space Full,P3,Closed,Infrastructure Team,13,2026-02-21
3793,3793,Patch Failure,P4,Open,Windows Team,22,2026-05-08
3794,3794,Qualys Agent Missing,P3,Closed,Security Team,21,2026-03-30
3795,3795,CPU Utilization High,P4,Closed,Security Team,38,2025-11-20
3796,3796,Disk Space Full,P3,In Progress,Database Team,11,2025-12-19
3797,3797,Memory Utilization High,P3,In Progress,Database Team,8,2026-04-18
3798,3798,Memory Utilization High,P4,In Progress,Infrastructure Team,44,2026-06-15
3799,3799,CrowdStrike Offline,P2,Resolved,Infrastructure Team,7,2026-03-07
3800,3800,Splunk Agent Down,P3,Resolved,Database Team,22,2026-05-11
3801,3801,CPU Utilization High,P2,Open,Database Team,4,2026-05-29
3802,3802,Application Not Responding,P4,Open,Linux Team,67,2025-12-01
3803,3803,Splunk Agent Down,P4,Open,Security Team,70,2025-10-18
3804,3804,Disk Space Full,P4,Resolved,Infrastructure Team,31,2026-04-11
3805,3805,CrowdStrike Offline,P4,Closed,Infrastructure Team,14,2026-06-30
3806,3806,Memory Utilization High,P2,Resolved,Linux Team,4,2026-05-21
3807,3807,Splunk Agent Down,P4,Resolved,Infrastructure Team,19,2026-07-08
3808,3808,CrowdStrike Offline,P2,Resolved,Windows Team,8,2026-02-27
3809,3809,Patch Failure,P4,Resolved,Infrastructure Team,29,2026-02-27
3810,3810,Firewall Disabled,P4,Closed,Windows Team,63,2025-09-02
3811,3811,CrowdStrike Offline,P4,Open,Security Team,50,2025-11-22
3812,3812,CPU Utilization High,P2,Closed,Database Team,6,2025-12-20
3813,3813,Qualys Agent Missing,P1,Resolved,Linux Team,2,2025-08-24
3814,3814,CrowdStrike Offline,P3,Resolved,Database Team,16,2025-12-11
3815,3815,Firewall Disabled,P4,Resolved,Infrastructure Team,19,2025-12-05
3816,3816,Splunk Agent Down,P3,In Progress,Linux Team,18,2026-03-27
3817,3817,Splunk Agent Down,P4,Closed,Windows Team,67,2026-02-13
3818,3818,Memory Utilization High,P3,Resolved,Messaging Team,24,2026-03-22
3819,3819,CPU Utilization High,P4,Open,Database Team,13,2026-05-14
3820,3820,Qualys Agent Missing,P4,Closed,Infrastructure Team,59,2026-03-25
3821,3821,Splunk Agent Down,P2,In Progress,Messaging Team,6,2026-06-20
3822,3822,CrowdStrike Offline,P3,Resolved,Infrastructure Team,5,2025-09-26
3823,3823,Disk Space Full,P4,Open,Database Team,53,2026-02-22
3824,3824,Server Down,P2,In Progress,Messaging Team,5,2025-08-03
3825,3825,CrowdStrike Offline,P2,In Progress,Security Team,2,2026-06-16
3826,3826,Patch Failure,P4,Closed,Infrastructure Team,26,2025-09-18
3827,3827,CPU Utilization High,P2,Resolved,Infrastructure Team,5,2025-10-21
3828,3828,Qualys Agent Missing,P4,Closed,Messaging Team,69,2025-10-13
3829,3829,Splunk Agent Down,P1,Resolved,Messaging Team,2,2026-03-26
3830,3830,Application Not Responding,P4,Resolved,Infrastructure Team,9,2026-02-27
3831,3831,Server Down,P3,In Progress,Infrastructure Team,10,2025-08-04
3832,3832,CPU Utilization High,P4,Closed,Infrastructure Team,67,2025-10-21
3833,3833,Disk Space Full,P4,Closed,Security Team,24,2026-07-22
3834,3834,Server Down,P4,Resolved,Windows Team,66,2026-03-02
3835,3835,CPU Utilization High,P3,Resolved,Linux Team,21,2025-09-24
3836,3836,Application Not Responding,P3,Resolved,Security Team,19,2025-12-01
3837,3837,CPU Utilization High,P3,Closed,Security Team,9,2026-03-06
3838,3838,CrowdStrike Offline,P2,Closed,Infrastructure Team,7,2025-11-13
3839,3839,CPU Utilization High,P3,Resolved,Database Team,5,2025-08-23
3840,3840,Patch Failure,P4,Closed,Windows Team,54,2026-05-20
3841,3841,Qualys Agent Missing,P3,Closed,Security Team,6,2025-11-10
3842,3842,Splunk Agent Down,P4,Resolved,Security Team,11,2025-07-30
3843,3843,Memory Utilization High,P4,Closed,Infrastructure Team,9,2026-04-16
3844,3844,Splunk Agent Down,P4,Resolved,Infrastructure Team,29,2026-04-17
3845,3845,Splunk Agent Down,P2,Open,Infrastructure Team,7,2026-06-19
3846,3846,Firewall Disabled,P3,In Progress,Database Team,15,2026-02-19
3847,3847,CPU Utilization High,P1,Closed,Infrastructure Team,2,2026-01-22
3848,3848,Qualys Agent Missing,P4,Closed,Messaging Team,16,2026-06-17
3849,3849,Qualys Agent Missing,P3,In Progress,Infrastructure Team,21,2025-09-28
3850,3850,CPU Utilization High,P4,In Progress,Linux Team,47,2026-02-10
3851,3851,Server Down,P2,Closed,Windows Team,2,2025-08-02
3852,3852,Patch Failure,P2,Closed,Infrastructure Team,8,2025-12-27
3853,3853,Application Not Responding,P4,In Progress,Infrastructure Team,70,2025-08-08
3854,3854,Disk Space Full,P4,Closed,Security Team,39,2026-05-01
3855,3855,Server Down,P4,Open,Security Team,40,2025-08-06
3856,3856,Memory Utilization High,P2,Closed,Messaging Team,7,2025-08-06
3857,3857,Memory Utilization High,P3,Resolved,Linux Team,17,2025-09-07
3858,3858,CrowdStrike Offline,P4,Open,Linux Team,28,2026-07-03
3859,3859,Splunk Agent Down,P2,Resolved,Windows Team,5,2025-12-01
3860,3860,Disk Space Full,P4,Open,Linux Team,12,2025-09-20
3861,3861,Server Down,P4,Resolved,Security Team,13,2026-01-14
3862,3862,Disk Space Full,P3,Resolved,Linux Team,4,2026-05-23
3863,3863,Disk Space Full,P4,Resolved,Messaging Team,29,2025-08-04
3864,3864,Patch Failure,P4,Open,Messaging Team,42,2026-05-18
3865,3865,Server Down,P4,Closed,Windows Team,25,2026-02-20
3866,3866,Qualys Agent Missing,P4,Closed,Database Team,15,2025-10-17
3867,3867,Patch Failure,P4,Closed,Windows Team,39,2025-09-06
3868,3868,Splunk Agent Down,P1,Resolved,Windows Team,1,2026-07-06
3869,3869,Disk Space Full,P4,In Progress,Security Team,54,2025-11-20
3870,3870,Server Down,P3,Open,Infrastructure Team,4,2025-09-04
3871,3871,Splunk Agent Down,P4,Closed,Infrastructure Team,37,2026-03-01
3872,3872,Server Down,P3,In Progress,Security Team,6,2025-10-28
3873,3873,Memory Utilization High,P3,Resolved,Windows Team,17,2026-05-05
3874,3874,Qualys Agent Missing,P4,Resolved,Messaging Team,60,2026-03-03
3875,3875,Server Down,P3,Closed,Database Team,7,2025-12-13
3876,3876,Firewall Disabled,P4,Closed,Security Team,22,2026-06-06
3877,3877,Application Not Responding,P3,Resolved,Infrastructure Team,23,2026-06-05
3878,3878,Patch Failure,P3,In Progress,Database Team,15,2025-08-17
3879,3879,Splunk Agent Down,P3,Closed,Infrastructure Team,17,2026-05-03
3880,3880,Splunk Agent Down,P4,Closed,Infrastructure Team,65,2025-08-14
3881,3881,Server Down,P4,Resolved,Linux Team,24,2025-10-29
3882,3882,Splunk Agent Down,P2,Resolved,Linux Team,3,2026-06-27
3883,3883,CPU Utilization High,P4,Closed,Infrastructure Team,48,2026-01-21
3884,3884,Qualys Agent Missing,P4,Resolved,Infrastructure Team,25,2025-12-24
3885,3885,Disk Space Full,P4,Resolved,Security Team,30,2026-03-18
3886,3886,CPU Utilization High,P3,Resolved,Linux Team,17,2025-12-13
3887,3887,Server Down,P4,Resolved,Linux Team,65,2026-01-08
3888,3888,Application Not Responding,P3,In Progress,Messaging Team,19,2026-06-14
3889,3889,CrowdStrike Offline,P1,Resolved,Messaging Team,4,2026-04-02
3890,3890,Memory Utilization High,P2,Resolved,Infrastructure Team,4,2026-04-25
3891,3891,Firewall Disabled,P4,Open,Messaging Team,34,2026-02-07
3892,3892,Disk Space Full,P3,Open,Infrastructure Team,6,2026-06-16
3893,3893,Application Not Responding,P2,Closed,Infrastructure Team,4,2025-10-09
3894,3894,CrowdStrike Offline,P4,Closed,Database Team,61,2026-06-19
3895,3895,Splunk Agent Down,P3,Closed,Linux Team,14,2026-03-10
3896,3896,Patch Failure,P3,Closed,Database Team,11,2026-07-03
3897,3897,Application Not Responding,P1,Closed,Database Team,2,2025-10-03
3898,3898,CPU Utilization High,P4,Closed,Linux Team,17,2025-07-28
3899,3899,Memory Utilization High,P4,Closed,Infrastructure Team,36,2026-02-28
3900,3900,Application Not Responding,P4,Closed,Windows Team,34,2025-07-27
3901,3901,Disk Space Full,P3,Resolved,Windows Team,9,2025-08-19
3902,3902,CPU Utilization High,P2,Closed,Infrastructure Team,7,2025-09-30
3903,3903,Firewall Disabled,P3,Closed,Linux Team,11,2026-01-08
3904,3904,Disk Space Full,P3,Closed,Linux Team,10,2025-10-11
3905,3905,Firewall Disabled,P3,Closed,Infrastructure Team,12,2026-02-23
3906,3906,CrowdStrike Offline,P2,Resolved,Messaging Team,6,2026-05-22
3907,3907,Firewall Disabled,P3,Open,Windows Team,21,2025-10-18
3908,3908,Server Down,P2,Open,Infrastructure Team,4,2026-06-28
3909,3909,Disk Space Full,P4,Closed,Infrastructure Team,45,2025-09-20
3910,3910,Firewall Disabled,P3,In Progress,Windows Team,20,2026-03-22
3911,3911,Memory Utilization High,P4,Resolved,Infrastructure Team,70,2025-09-17
3912,3912,CrowdStrike Offline,P1,Open,Messaging Team,4,2025-08-24
3913,3913,Application Not Responding,P4,Closed,Infrastructure Team,30,2025-10-29
3914,3914,Server Down,P3,Closed,Database Team,18,2025-11-04
3915,3915,Disk Space Full,P3,Closed,Linux Team,6,2026-02-27
3916,3916,Server Down,P3,Open,Infrastructure Team,8,2025-11-30
3917,3917,Application Not Responding,P4,Resolved,Messaging Team,41,2026-01-26
3918,3918,Application Not Responding,P4,Resolved,Security Team,16,2025-09-18
3919,3919,Memory Utilization High,P4,In Progress,Windows Team,38,2025-11-03
3920,3920,CPU Utilization High,P4,Closed,Linux Team,14,2025-12-16
3921,3921,Qualys Agent Missing,P4,Resolved,Windows Team,15,2025-12-08
3922,3922,CrowdStrike Offline,P2,Closed,Security Team,8,2026-07-11
3923,3923,Application Not Responding,P2,Resolved,Windows Team,5,2026-05-02
3924,3924,Qualys Agent Missing,P4,Open,Linux Team,52,2025-09-27
3925,3925,Splunk Agent Down,P3,In Progress,Security Team,9,2026-01-25
3926,3926,Application Not Responding,P4,Resolved,Messaging Team,66,2026-07-08
3927,3927,CrowdStrike Offline,P3,Closed,Security Team,6,2025-12-02
3928,3928,Application Not Responding,P3,Closed,Database Team,8,2026-04-14
3929,3929,CrowdStrike Offline,P3,Resolved,Infrastructure Team,19,2025-08-03
3930,3930,Disk Space Full,P3,Resolved,Linux Team,16,2026-02-06
3931,3931,Patch Failure,P4,Resolved,Linux Team,30,2026-03-20
3932,3932,Patch Failure,P4,Closed,Infrastructure Team,55,2026-03-26
3933,3933,Splunk Agent Down,P4,Resolved,Database Team,59,2026-03-16
3934,3934,Server Down,P3,In Progress,Database Team,6,2025-12-08
3935,3935,CPU Utilization High,P4,Closed,Security Team,68,2025-11-14
3936,3936,Firewall Disabled,P3,In Progress,Infrastructure Team,6,2026-01-13
3937,3937,Memory Utilization High,P4,Resolved,Database Team,70,2025-12-18
3938,3938,Memory Utilization High,P4,Closed,Linux Team,15,2025-11-15
3939,3939,Patch Failure,P4,Resolved,Database Team,25,2026-07-20
3940,3940,Qualys Agent Missing,P3,Resolved,Security Team,7,2026-02-18
3941,3941,Firewall Disabled,P4,Closed,Database Team,13,2025-11-01
3942,3942,Disk Space Full,P3,In Progress,Database Team,5,2025-12-01
3943,3943,Firewall Disabled,P4,Closed,Database Team,38,2026-05-02
3944,3944,CrowdStrike Offline,P3,Resolved,Messaging Team,22,2025-12-02
3945,3945,Server Down,P4,In Progress,Database Team,11,2025-11-05
3946,3946,Server Down,P4,Closed,Messaging Team,58,2026-04-14
3947,3947,Application Not Responding,P4,Closed,Infrastructure Team,64,2026-02-15
3948,3948,Patch Failure,P3,Closed,Infrastructure Team,21,2026-05-06
3949,3949,Application Not Responding,P3,Open,Security Team,13,2026-03-07
3950,3950,Server Down,P4,Closed,Linux Team,34,2026-01-22
3951,3951,Disk Space Full,P3,Open,Infrastructure Team,7,2025-12-02
3952,3952,Firewall Disabled,P3,Closed,Security Team,5,2026-04-04
3953,3953,Server Down,P1,Closed,Infrastructure Team,4,2025-10-31
3954,3954,Qualys Agent Missing,P4,Resolved,Security Team,62,2026-02-17
3955,3955,Splunk Agent Down,P4,Closed,Infrastructure Team,69,2026-05-13
3956,3956,Qualys Agent Missing,P4,Open,Windows Team,16,2025-08-10
3957,3957,CPU Utilization High,P4,Closed,Infrastructure Team,39,2025-07-30
3958,3958,Application Not Responding,P4,Closed,Infrastructure Team,69,2025-07-27
3959,3959,Firewall Disabled,P3,In Progress,Database Team,20,2025-12-20
3960,3960,Splunk Agent Down,P3,Closed,Database Team,16,2026-04-18
3961,3961,Firewall Disabled,P4,Closed,Infrastructure Team,57,2026-03-16
3962,3962,Server Down,P3,Closed,Windows Team,16,2026-03-07
3963,3963,CrowdStrike Offline,P4,Open,Infrastructure Team,14,2025-10-01
3964,3964,Memory Utilization High,P3,Closed,Security Team,13,2025-12-14
3965,3965,Splunk Agent Down,P4,Closed,Windows Team,69,2025-12-25
3966,3966,Server Down,P3,Closed,Infrastructure Team,5,2025-08-06
3967,3967,CrowdStrike Offline,P4,Closed,Security Team,65,2026-05-05
3968,3968,CrowdStrike Offline,P4,Open,Messaging Team,60,2026-03-17
3969,3969,Firewall Disabled,P2,Closed,Database Team,3,2026-01-09
3970,3970,Disk Space Full,P4,Closed,Infrastructure Team,36,2025-08-31
3971,3971,Application Not Responding,P4,Closed,Windows Team,43,2025-08-03
3972,3972,Memory Utilization High,P4,Closed,Windows Team,72,2026-02-13
3973,3973,CPU Utilization High,P3,Closed,Infrastructure Team,4,2025-09-14
3974,3974,Firewall Disabled,P2,Resolved,Database Team,4,2025-08-27
3975,3975,Disk Space Full,P2,Closed,Linux Team,7,2025-12-26
3976,3976,CPU Utilization High,P1,Closed,Infrastructure Team,4,2026-06-07
3977,3977,Qualys Agent Missing,P4,Resolved,Security Team,29,2026-01-29
3978,3978,Memory Utilization High,P1,In Progress,Security Team,1,2026-05-15
3979,3979,CrowdStrike Offline,P4,Resolved,Infrastructure Team,69,2025-07-25
3980,3980,Splunk Agent Down,P1,Open,Database Team,4,2026-01-29
3981,3981,Memory Utilization High,P2,Resolved,Messaging Team,4,2025-12-27
3982,3982,Memory Utilization High,P4,Resolved,Linux Team,41,2025-12-29
3983,3983,Qualys Agent Missing,P2,Closed,Database Team,4,2025-10-08
3984,3984,Memory Utilization High,P4,Resolved,Infrastructure Team,58,2026-04-05
3985,3985,Patch Failure,P3,Open,Security Team,6,2026-03-30
3986,3986,CrowdStrike Offline,P4,Closed,Infrastructure Team,59,2026-03-14
3987,3987,CrowdStrike Offline,P4,Resolved,Infrastructure Team,17,2026-04-01
3988,3988,CrowdStrike Offline,P4,Resolved,Windows Team,51,2026-01-25
3989,3989,Disk Space Full,P4,Resolved,Database Team,41,2026-04-23
3990,3990,Firewall Disabled,P3,Closed,Security Team,21,2026-02-20
3991,3991,Disk Space Full,P4,Resolved,Messaging Team,56,2025-10-10
3992,3992,Firewall Disabled,P2,Closed,Database Team,8,2025-09-01
3993,3993,Memory Utilization High,P3,Closed,Infrastructure Team,24,2025-08-03
3994,3994,Server Down,P4,Closed,Messaging Team,11,2026-01-18
3995,3995,CPU Utilization High,P3,Resolved,Infrastructure Team,18,2026-06-13
3996,3996,Server Down,P4,Open,Windows Team,11,2025-10-10
3997,3997,Splunk Agent Down,P4,Closed,Database Team,37,2025-08-30
3998,3998,Server Down,P3,Resolved,Messaging Team,23,2026-07-22
3999,3999,Application Not Responding,P3,In Progress,Security Team,24,2026-02-07
4000,4000,Patch Failure,P4,Resolved,Windows Team,21,2025-08-10
4001,4001,Qualys Agent Missing,P4,In Progress,Windows Team,53,2026-07-13
4002,4002,CrowdStrike Offline,P3,Closed,Messaging Team,13,2026-05-06
4003,4003,Qualys Agent Missing,P1,Closed,Database Team,4,2026-02-26
4004,4004,CrowdStrike Offline,P4,Resolved,Infrastructure Team,54,2025-12-20
4005,4005,Firewall Disabled,P4,Resolved,Windows Team,50,2025-07-28
4006,4006,Disk Space Full,P3,In Progress,Infrastructure Team,20,2026-06-04
4007,4007,Disk Space Full,P2,Closed,Windows Team,3,2025-10-31
4008,4008,Patch Failure,P4,Closed,Infrastructure Team,58,2026-06-02
4009,4009,Memory Utilization High,P4,Closed,Windows Team,28,2025-12-26
4010,4010,Disk Space Full,P3,In Progress,Windows Team,20,2025-12-06
4011,4011,Firewall Disabled,P2,In Progress,Database Team,7,2026-01-11
4012,4012,Patch Failure,P4,Resolved,Security Team,45,2025-07-26
4013,4013,Patch Failure,P2,Resolved,Windows Team,3,2026-06-03
4014,4014,Application Not Responding,P4,Closed,Infrastructure Team,53,2026-01-01
4015,4015,Patch Failure,P1,In Progress,Linux Team,3,2026-03-14
4016,4016,Disk Space Full,P4,Closed,Infrastructure Team,34,2025-07-29
4017,4017,CPU Utilization High,P2,Resolved,Messaging Team,2,2026-02-27
4018,4018,Splunk Agent Down,P2,In Progress,Infrastructure Team,5,2026-05-15
4019,4019,Firewall Disabled,P4,Closed,Database Team,23,2026-04-03
4020,4020,Firewall Disabled,P4,Resolved,Infrastructure Team,15,2025-10-11
4021,4021,Memory Utilization High,P3,Closed,Infrastructure Team,5,2026-02-03
4022,4022,Memory Utilization High,P3,In Progress,Windows Team,22,2026-07-09
4023,4023,CrowdStrike Offline,P4,In Progress,Messaging Team,64,2026-04-28
4024,4024,Server Down,P4,Open,Linux Team,20,2025-10-11
4025,4025,Patch Failure,P4,Closed,Linux Team,47,2026-02-08
4026,4026,CPU Utilization High,P2,In Progress,Database Team,3,2026-07-07
4027,4027,Splunk Agent Down,P3,In Progress,Security Team,22,2026-05-16
4028,4028,Splunk Agent Down,P3,In Progress,Database Team,20,2025-08-29
4029,4029,Server Down,P1,Resolved,Infrastructure Team,4,2025-11-14
4030,4030,Firewall Disabled,P4,Closed,Database Team,19,2025-09-15
4031,4031,Qualys Agent Missing,P3,Resolved,Infrastructure Team,8,2026-05-28
4032,4032,Patch Failure,P3,Closed,Infrastructure Team,19,2025-09-03
4033,4033,CPU Utilization High,P4,Closed,Windows Team,23,2026-01-17
4034,4034,Disk Space Full,P4,Closed,Linux Team,24,2026-03-09
4035,4035,Application Not Responding,P3,In Progress,Database Team,23,2026-07-11
4036,4036,Memory Utilization High,P4,Closed,Windows Team,26,2026-04-05
4037,4037,Memory Utilization High,P4,In Progress,Security Team,42,2025-11-17
4038,4038,CPU Utilization High,P3,Closed,Linux Team,12,2026-01-29
4039,4039,Qualys Agent Missing,P4,Resolved,Security Team,36,2026-03-11
4040,4040,Memory Utilization High,P3,Closed,Linux Team,13,2025-12-18
4041,4041,CPU Utilization High,P2,In Progress,Security Team,5,2026-06-14
4042,4042,Patch Failure,P4,In Progress,Linux Team,18,2026-03-20
4043,4043,Patch Failure,P4,Closed,Infrastructure Team,68,2025-10-13
4044,4044,Memory Utilization High,P4,Closed,Database Team,11,2026-04-27
4045,4045,CPU Utilization High,P3,Closed,Messaging Team,21,2026-01-18
4046,4046,Server Down,P2,In Progress,Database Team,3,2026-07-12
4047,4047,Qualys Agent Missing,P4,Closed,Messaging Team,71,2025-10-26
4048,4048,Qualys Agent Missing,P3,Resolved,Infrastructure Team,4,2026-02-16
4049,4049,Qualys Agent Missing,P4,In Progress,Infrastructure Team,35,2025-11-08
4050,4050,Disk Space Full,P2,Resolved,Messaging Team,7,2025-12-15
4051,4051,Firewall Disabled,P2,Closed,Linux Team,6,2025-10-09
4052,4052,Server Down,P2,Closed,Infrastructure Team,2,2025-08-30
4053,4053,Application Not Responding,P4,Open,Database Team,57,2025-11-15
4054,4054,Memory Utilization High,P2,Open,Messaging Team,6,2026-03-17
4055,4055,Server Down,P4,Open,Database Team,66,2026-04-25
4056,4056,Disk Space Full,P4,Resolved,Windows Team,13,2025-08-02
4057,4057,Server Down,P3,In Progress,Infrastructure Team,14,2026-01-10
4058,4058,CPU Utilization High,P4,In Progress,Infrastructure Team,32,2026-04-19
4059,4059,Firewall Disabled,P3,Closed,Windows Team,23,2026-01-24
4060,4060,Splunk Agent Down,P3,Closed,Security Team,24,2025-08-27
4061,4061,Patch Failure,P4,Resolved,Infrastructure Team,32,2025-09-03
4062,4062,Application Not Responding,P3,In Progress,Windows Team,13,2025-12-18
4063,4063,Server Down,P4,Closed,Security Team,32,2025-07-30
4064,4064,Splunk Agent Down,P3,In Progress,Database Team,23,2025-09-24
4065,4065,Qualys Agent Missing,P3,Resolved,Infrastructure Team,20,2026-02-12
4066,4066,Qualys Agent Missing,P3,Open,Infrastructure Team,19,2026-05-14
4067,4067,CPU Utilization High,P4,Resolved,Infrastructure Team,38,2025-08-18
4068,4068,Patch Failure,P1,Closed,Messaging Team,2,2026-02-02
4069,4069,Firewall Disabled,P3,Open,Linux Team,6,2025-11-18
4070,4070,Patch Failure,P4,Resolved,Linux Team,38,2025-09-17
4071,4071,Application Not Responding,P4,Resolved,Infrastructure Team,30,2025-12-15
4072,4072,Firewall Disabled,P2,Closed,Infrastructure Team,8,2026-02-16
4073,4073,Patch Failure,P4,Open,Messaging Team,16,2026-02-27
4074,4074,Memory Utilization High,P4,Closed,Infrastructure Team,50,2026-07-15
4075,4075,Memory Utilization High,P2,Closed,Messaging Team,2,2025-10-06
4076,4076,Firewall Disabled,P4,Resolved,Security Team,11,2025-09-28
4077,4077,Server Down,P4,In Progress,Infrastructure Team,50,2025-09-24
4078,4078,Application Not Responding,P4,Closed,Messaging Team,27,2025-10-28
4079,4079,Server Down,P3,Open,Messaging Team,10,2026-06-23
4080,4080,Server Down,P3,Closed,Security Team,16,2026-07-15
4081,4081,Disk Space Full,P4,Resolved,Infrastructure Team,62,2025-07-28
4082,4082,Firewall Disabled,P2,Resolved,Linux Team,8,2026-01-17
4083,4083,Memory Utilization High,P3,Closed,Infrastructure Team,10,2025-12-07
4084,4084,Patch Failure,P3,Resolved,Linux Team,24,2025-10-25
4085,4085,Patch Failure,P4,Closed,Infrastructure Team,41,2025-10-05
4086,4086,CrowdStrike Offline,P4,Resolved,Security Team,10,2026-01-02
4087,4087,Memory Utilization High,P4,In Progress,Windows Team,20,2025-10-04
4088,4088,Qualys Agent Missing,P4,Closed,Messaging Team,63,2026-04-14
4089,4089,Memory Utilization High,P4,Resolved,Database Team,53,2026-06-19
4090,4090,CPU Utilization High,P4,In Progress,Security Team,30,2026-07-05
4091,4091,Patch Failure,P3,In Progress,Windows Team,23,2026-01-01
4092,4092,Qualys Agent Missing,P2,In Progress,Database Team,4,2025-12-23
4093,4093,Application Not Responding,P2,Resolved,Infrastructure Team,7,2026-03-01
4094,4094,Disk Space Full,P3,Resolved,Messaging Team,21,2026-05-15
4095,4095,Qualys Agent Missing,P2,Closed,Windows Team,3,2025-10-11
4096,4096,Firewall Disabled,P3,Resolved,Infrastructure Team,21,2025-10-17
4097,4097,Patch Failure,P3,Resolved,Messaging Team,9,2026-06-17
4098,4098,CPU Utilization High,P2,In Progress,Windows Team,2,2026-07-09
4099,4099,CrowdStrike Offline,P4,Closed,Security Team,9,2026-05-23
4100,4100,Qualys Agent Missing,P4,Resolved,Infrastructure Team,53,2025-10-16
4101,4101,Firewall Disabled,P2,In Progress,Windows Team,5,2026-07-23
4102,4102,Disk Space Full,P3,Closed,Linux Team,9,2025-09-17
4103,4103,Patch Failure,P3,Resolved,Windows Team,21,2025-10-29
4104,4104,Splunk Agent Down,P3,Closed,Infrastructure Team,14,2025-09-03
4105,4105,CPU Utilization High,P2,Open,Database Team,3,2026-05-07
4106,4106,Memory Utilization High,P3,Closed,Linux Team,20,2026-05-31
4107,4107,Memory Utilization High,P3,Closed,Security Team,20,2025-10-27
4108,4108,Qualys Agent Missing,P4,Resolved,Messaging Team,53,2025-10-07
4109,4109,Splunk Agent Down,P4,Closed,Linux Team,66,2026-01-23
4110,4110,Memory Utilization High,P3,Closed,Infrastructure Team,23,2026-06-12
4111,4111,Patch Failure,P4,Resolved,Security Team,36,2025-08-09
4112,4112,Memory Utilization High,P1,Open,Messaging Team,1,2026-06-01
4113,4113,CrowdStrike Offline,P2,Resolved,Messaging Team,4,2025-09-01
4114,4114,Application Not Responding,P3,Resolved,Linux Team,18,2025-08-04
4115,4115,Disk Space Full,P4,Open,Infrastructure Team,45,2025-09-30
4116,4116,Application Not Responding,P3,Closed,Linux Team,14,2026-04-29
4117,4117,CrowdStrike Offline,P3,Closed,Security Team,22,2025-08-03
4118,4118,Firewall Disabled,P4,Resolved,Linux Team,13,2026-02-20
4119,4119,Application Not Responding,P4,Resolved,Linux Team,16,2025-12-06
4120,4120,Disk Space Full,P2,Open,Messaging Team,5,2026-01-04
4121,4121,Application Not Responding,P3,Resolved,Linux Team,14,2025-10-18
4122,4122,Firewall Disabled,P3,Resolved,Database Team,16,2026-04-29
4123,4123,CPU Utilization High,P2,In Progress,Linux Team,8,2025-10-24
4124,4124,Memory Utilization High,P3,In Progress,Database Team,6,2025-08-04
4125,4125,CPU Utilization High,P4,Resolved,Infrastructure Team,23,2025-07-28
4126,4126,CPU Utilization High,P3,Resolved,Infrastructure Team,5,2025-09-05
4127,4127,Patch Failure,P4,In Progress,Linux Team,49,2026-02-05
4128,4128,Memory Utilization High,P4,Open,Linux Team,51,2025-10-13
4129,4129,Firewall Disabled,P4,Resolved,Security Team,26,2025-08-30
4130,4130,Patch Failure,P3,Closed,Messaging Team,12,2026-06-11
4131,4131,Patch Failure,P3,Closed,Infrastructure Team,7,2026-03-08
4132,4132,Splunk Agent Down,P3,Closed,Windows Team,23,2026-04-21
4133,4133,Memory Utilization High,P3,Closed,Windows Team,17,2026-02-05
4134,4134,Disk Space Full,P3,Closed,Messaging Team,8,2026-04-07
4135,4135,Qualys Agent Missing,P2,Resolved,Linux Team,5,2026-04-17
4136,4136,CrowdStrike Offline,P4,Open,Infrastructure Team,21,2026-06-23
4137,4137,Server Down,P4,Resolved,Linux Team,66,2026-02-05
4138,4138,CPU Utilization High,P3,Resolved,Database Team,21,2025-07-27
4139,4139,Server Down,P3,Closed,Infrastructure Team,22,2026-05-26
4140,4140,Patch Failure,P3,Open,Database Team,23,2026-02-27
4141,4141,CrowdStrike Offline,P2,Closed,Infrastructure Team,5,2026-05-06
4142,4142,Splunk Agent Down,P4,Resolved,Messaging Team,32,2026-07-12
4143,4143,Splunk Agent Down,P4,Resolved,Database Team,62,2025-10-27
4144,4144,CrowdStrike Offline,P4,Closed,Windows Team,47,2026-02-24
4145,4145,Patch Failure,P4,In Progress,Windows Team,56,2025-08-18
4146,4146,Patch Failure,P4,Resolved,Infrastructure Team,47,2026-04-25
4147,4147,Firewall Disabled,P4,Closed,Linux Team,53,2026-07-03
4148,4148,Splunk Agent Down,P4,Closed,Security Team,24,2025-11-06
4149,4149,Server Down,P3,Open,Infrastructure Team,6,2025-11-02
4150,4150,Server Down,P1,Open,Windows Team,4,2025-10-19
4151,4151,CPU Utilization High,P4,Closed,Infrastructure Team,25,2026-07-21
4152,4152,Qualys Agent Missing,P3,Resolved,Windows Team,12,2026-05-11
4153,4153,Application Not Responding,P3,In Progress,Infrastructure Team,19,2025-11-26
4154,4154,Firewall Disabled,P3,Closed,Database Team,18,2026-02-16
4155,4155,CPU Utilization High,P4,Closed,Linux Team,9,2025-09-22
4156,4156,Application Not Responding,P2,Resolved,Windows Team,5,2026-05-17
4157,4157,Application Not Responding,P3,Closed,Linux Team,16,2025-08-08
4158,4158,Firewall Disabled,P3,Resolved,Messaging Team,19,2025-09-18
4159,4159,Patch Failure,P3,Closed,Messaging Team,22,2026-04-15
4160,4160,CPU Utilization High,P3,Resolved,Infrastructure Team,5,2026-06-26
4161,4161,CPU Utilization High,P3,In Progress,Infrastructure Team,7,2026-04-10
4162,4162,Splunk Agent Down,P3,Resolved,Infrastructure Team,15,2026-05-23
4163,4163,Server Down,P4,Open,Messaging Team,56,2026-03-15
4164,4164,Application Not Responding,P4,Closed,Windows Team,62,2026-06-04
4165,4165,Firewall Disabled,P3,Closed,Database Team,14,2026-07-12
4166,4166,Splunk Agent Down,P3,Resolved,Linux Team,15,2026-05-20
4167,4167,Server Down,P4,Closed,Database Team,30,2026-03-12
4168,4168,Disk Space Full,P2,Resolved,Messaging Team,7,2025-10-20
4169,4169,Splunk Agent Down,P3,Closed,Database Team,24,2026-07-14
4170,4170,Qualys Agent Missing,P4,Closed,Linux Team,56,2025-08-25
4171,4171,Splunk Agent Down,P4,Resolved,Security Team,61,2025-10-18
4172,4172,Firewall Disabled,P4,Closed,Database Team,18,2025-10-15
4173,4173,Disk Space Full,P2,Closed,Windows Team,7,2025-11-25
4174,4174,Memory Utilization High,P4,Resolved,Windows Team,24,2025-08-28
4175,4175,Firewall Disabled,P4,Closed,Database Team,72,2026-03-15
4176,4176,CPU Utilization High,P3,Resolved,Infrastructure Team,13,2025-12-02
4177,4177,CPU Utilization High,P2,Closed,Database Team,8,2026-05-31
4178,4178,Splunk Agent Down,P2,Resolved,Linux Team,3,2026-03-29
4179,4179,CrowdStrike Offline,P3,Open,Linux Team,15,2026-05-19
4180,4180,Splunk Agent Down,P3,In Progress,Windows Team,6,2025-07-31
4181,4181,Disk Space Full,P3,Closed,Security Team,4,2026-02-10
4182,4182,Disk Space Full,P4,Open,Security Team,40,2026-07-19
4183,4183,Patch Failure,P4,Closed,Linux Team,60,2025-12-06
4184,4184,Patch Failure,P2,Open,Infrastructure Team,5,2025-10-24
4185,4185,CrowdStrike Offline,P3,Closed,Security Team,10,2026-04-17
4186,4186,Application Not Responding,P2,Closed,Windows Team,7,2026-06-24
4187,4187,Server Down,P3,Resolved,Linux Team,17,2025-12-23
4188,4188,CrowdStrike Offline,P2,In Progress,Windows Team,8,2025-09-28
4189,4189,CPU Utilization High,P1,Resolved,Messaging Team,2,2026-05-09
4190,4190,CPU Utilization High,P4,Resolved,Security Team,11,2026-05-14
4191,4191,Server Down,P4,Resolved,Infrastructure Team,17,2025-12-02
4192,4192,CPU Utilization High,P4,Open,Linux Team,61,2026-01-28
4193,4193,Disk Space Full,P2,Resolved,Windows Team,5,2026-03-05
4194,4194,Patch Failure,P3,Closed,Infrastructure Team,13,2025-09-14
4195,4195,Splunk Agent Down,P3,In Progress,Windows Team,6,2026-06-21
4196,4196,Server Down,P3,Closed,Windows Team,19,2026-04-23
4197,4197,Splunk Agent Down,P4,Resolved,Infrastructure Team,69,2026-04-03
4198,4198,Firewall Disabled,P2,In Progress,Infrastructure Team,7,2025-09-27
4199,4199,Memory Utilization High,P2,Open,Windows Team,2,2026-06-05
4200,4200,Splunk Agent Down,P4,Open,Security Team,32,2025-11-19
4201,4201,CrowdStrike Offline,P4,Resolved,Windows Team,41,2026-05-08
4202,4202,Firewall Disabled,P4,Closed,Windows Team,29,2025-12-08
4203,4203,Disk Space Full,P2,In Progress,Linux Team,6,2025-09-10
4204,4204,Firewall Disabled,P2,Closed,Messaging Team,6,2025-09-06
4205,4205,Splunk Agent Down,P2,Closed,Messaging Team,3,2026-05-18
4206,4206,Qualys Agent Missing,P3,Open,Infrastructure Team,20,2025-11-22
4207,4207,Splunk Agent Down,P3,Resolved,Messaging Team,14,2026-04-13
4208,4208,Disk Space Full,P3,Closed,Infrastructure Team,10,2025-12-14
4209,4209,Memory Utilization High,P3,Closed,Database Team,11,2025-10-05
4210,4210,CrowdStrike Offline,P4,Resolved,Infrastructure Team,29,2026-04-18
4211,4211,CPU Utilization High,P4,Resolved,Security Team,48,2026-04-27
4212,4212,CrowdStrike Offline,P3,Closed,Security Team,14,2025-10-02
4213,4213,Splunk Agent Down,P3,Resolved,Infrastructure Team,9,2025-08-08
4214,4214,Server Down,P4,Resolved,Infrastructure Team,56,2026-05-21
4215,4215,CrowdStrike Offline,P4,Resolved,Windows Team,42,2026-03-18
4216,4216,Application Not Responding,P4,Resolved,Messaging Team,68,2025-09-22
4217,4217,Server Down,P4,Closed,Messaging Team,38,2025-12-13
4218,4218,Memory Utilization High,P4,Closed,Linux Team,8,2025-10-26
4219,4219,CrowdStrike Offline,P3,Resolved,Infrastructure Team,22,2025-10-23
4220,4220,CrowdStrike Offline,P4,In Progress,Security Team,53,2026-02-13
4221,4221,Disk Space Full,P3,Open,Messaging Team,12,2026-04-16
4222,4222,Patch Failure,P1,In Progress,Windows Team,3,2026-01-15
4223,4223,Disk Space Full,P3,Open,Infrastructure Team,16,2026-04-05
4224,4224,Disk Space Full,P3,Open,Infrastructure Team,13,2026-07-22
4225,4225,CrowdStrike Offline,P3,Resolved,Infrastructure Team,7,2025-12-14
4226,4226,Patch Failure,P4,Resolved,Security Team,11,2026-05-14
4227,4227,Qualys Agent Missing,P3,In Progress,Database Team,5,2026-05-22
4228,4228,Disk Space Full,P4,Resolved,Linux Team,63,2026-02-28
4229,4229,CrowdStrike Offline,P1,Closed,Security Team,2,2025-09-26
4230,4230,Disk Space Full,P3,Closed,Database Team,22,2026-03-05
4231,4231,Server Down,P3,Closed,Security Team,14,2026-03-10
4232,4232,Patch Failure,P4,In Progress,Infrastructure Team,51,2026-07-09
4233,4233,CrowdStrike Offline,P3,Closed,Infrastructure Team,10,2025-09-02
4234,4234,CPU Utilization High,P2,Resolved,Security Team,3,2026-01-27
4235,4235,CPU Utilization High,P4,Closed,Windows Team,9,2026-03-31
4236,4236,Disk Space Full,P3,In Progress,Security Team,13,2026-06-17
4237,4237,Application Not Responding,P4,Closed,Linux Team,29,2026-05-07
4238,4238,Server Down,P4,Resolved,Windows Team,13,2026-05-26
4239,4239,Disk Space Full,P3,In Progress,Security Team,17,2026-01-10
4240,4240,Memory Utilization High,P1,Open,Windows Team,1,2026-05-23
4241,4241,Disk Space Full,P4,Closed,Security Team,33,2026-06-13
4242,4242,CPU Utilization High,P3,Closed,Security Team,24,2026-07-08
4243,4243,Memory Utilization High,P3,Resolved,Messaging Team,16,2026-07-23
4244,4244,Server Down,P4,Open,Linux Team,65,2026-06-21
4245,4245,Disk Space Full,P4,Open,Infrastructure Team,61,2025-09-28
4246,4246,Qualys Agent Missing,P3,Closed,Infrastructure Team,22,2025-07-26
4247,4247,Memory Utilization High,P4,Resolved,Infrastructure Team,51,2026-01-31
4248,4248,Splunk Agent Down,P3,Closed,Windows Team,16,2026-06-21
4249,4249,Disk Space Full,P4,Closed,Linux Team,40,2026-05-12
4250,4250,CPU Utilization High,P1,Closed,Security Team,2,2026-06-02
4251,4251,Memory Utilization High,P3,Resolved,Security Team,20,2026-01-10
4252,4252,Patch Failure,P4,Closed,Infrastructure Team,67,2026-03-17
4253,4253,CPU Utilization High,P3,Resolved,Security Team,4,2026-07-04
4254,4254,CrowdStrike Offline,P4,Open,Database Team,38,2026-07-11
4255,4255,Application Not Responding,P3,Closed,Windows Team,17,2026-04-12
4256,4256,Server Down,P3,Closed,Linux Team,17,2026-05-07
4257,4257,Firewall Disabled,P4,Closed,Messaging Team,30,2025-09-20
4258,4258,Server Down,P3,Open,Infrastructure Team,23,2026-01-15
4259,4259,Splunk Agent Down,P4,Open,Security Team,30,2025-09-22
4260,4260,Patch Failure,P3,Resolved,Security Team,19,2026-02-25
4261,4261,Qualys Agent Missing,P4,Resolved,Infrastructure Team,37,2026-05-18
4262,4262,Memory Utilization High,P4,In Progress,Messaging Team,56,2026-03-28
4263,4263,Splunk Agent Down,P4,In Progress,Messaging Team,15,2026-06-15
4264,4264,Application Not Responding,P3,Open,Linux Team,11,2026-04-30
4265,4265,Patch Failure,P3,In Progress,Messaging Team,14,2025-12-09
4266,4266,Patch Failure,P3,Resolved,Infrastructure Team,15,2026-02-22
4267,4267,Application Not Responding,P4,In Progress,Security Team,72,2026-01-16
4268,4268,CPU Utilization High,P4,In Progress,Linux Team,32,2026-05-10
4269,4269,CPU Utilization High,P3,In Progress,Linux Team,22,2026-04-27
4270,4270,Patch Failure,P3,In Progress,Infrastructure Team,12,2026-05-15
4271,4271,Firewall Disabled,P3,Resolved,Infrastructure Team,8,2026-05-13
4272,4272,CrowdStrike Offline,P2,Closed,Infrastructure Team,2,2026-04-25
4273,4273,Splunk Agent Down,P3,Closed,Infrastructure Team,12,2026-06-08
4274,4274,CPU Utilization High,P4,Open,Security Team,14,2026-01-09
4275,4275,Splunk Agent Down,P4,Open,Database Team,19,2026-05-07
4276,4276,Firewall Disabled,P4,Closed,Messaging Team,68,2025-08-18
4277,4277,Splunk Agent Down,P3,Closed,Security Team,21,2026-03-15
4278,4278,Qualys Agent Missing,P3,In Progress,Infrastructure Team,9,2026-01-10
4279,4279,Qualys Agent Missing,P3,Resolved,Windows Team,17,2025-08-11
4280,4280,Splunk Agent Down,P1,Closed,Linux Team,3,2026-04-14
4281,4281,Qualys Agent Missing,P2,Resolved,Windows Team,4,2026-04-20
4282,4282,Server Down,P4,Open,Messaging Team,26,2025-08-12
4283,4283,Application Not Responding,P2,Resolved,Linux Team,3,2026-03-31
4284,4284,Disk Space Full,P3,Closed,Linux Team,20,2026-06-28
4285,4285,Firewall Disabled,P2,Closed,Infrastructure Team,3,2026-03-26
4286,4286,Patch Failure,P1,Closed,Windows Team,1,2025-10-07
4287,4287,Qualys Agent Missing,P3,Resolved,Linux Team,4,2026-04-26
4288,4288,Memory Utilization High,P3,Resolved,Windows Team,13,2026-04-30
4289,4289,Qualys Agent Missing,P4,In Progress,Linux Team,40,2025-12-23
4290,4290,Memory Utilization High,P4,Open,Infrastructure Team,48,2026-01-18
4291,4291,CPU Utilization High,P3,Open,Infrastructure Team,24,2025-11-29
4292,4292,Disk Space Full,P2,Closed,Linux Team,8,2026-07-23
4293,4293,Memory Utilization High,P2,Resolved,Infrastructure Team,2,2026-02-14
4294,4294,CPU Utilization High,P4,Resolved,Infrastructure Team,51,2025-10-24
4295,4295,Splunk Agent Down,P3,Closed,Infrastructure Team,6,2026-06-08
4296,4296,Memory Utilization High,P4,Open,Windows Team,69,2026-07-08
4297,4297,Qualys Agent Missing,P4,Closed,Linux Team,29,2025-08-28
4298,4298,Patch Failure,P4,Closed,Infrastructure Team,50,2025-11-25
4299,4299,Splunk Agent Down,P4,Closed,Database Team,71,2026-01-03
4300,4300,Patch Failure,P4,In Progress,Infrastructure Team,55,2025-12-22
4301,4301,CPU Utilization High,P3,In Progress,Database Team,20,2025-11-25
4302,4302,Application Not Responding,P4,Closed,Database Team,25,2026-07-23
4303,4303,Disk Space Full,P3,Resolved,Infrastructure Team,11,2026-07-20
4304,4304,CrowdStrike Offline,P4,Closed,Infrastructure Team,33,2025-11-04
4305,4305,Server Down,P3,Resolved,Database Team,16,2025-09-10
4306,4306,Server Down,P1,Resolved,Infrastructure Team,2,2025-09-25
4307,4307,Server Down,P2,Closed,Messaging Team,7,2025-11-26
4308,4308,Splunk Agent Down,P3,Resolved,Database Team,20,2026-03-19
4309,4309,Memory Utilization High,P3,Closed,Messaging Team,8,2025-09-09
4310,4310,Server Down,P1,In Progress,Messaging Team,2,2026-06-01
4311,4311,Server Down,P4,Closed,Database Team,17,2026-05-23
4312,4312,Application Not Responding,P2,Open,Windows Team,4,2026-01-17
4313,4313,CrowdStrike Offline,P3,Closed,Infrastructure Team,20,2026-05-26
4314,4314,Firewall Disabled,P1,Closed,Linux Team,2,2026-01-05
4315,4315,Splunk Agent Down,P4,Closed,Messaging Team,8,2026-05-04
4316,4316,Qualys Agent Missing,P4,In Progress,Infrastructure Team,56,2026-03-14
4317,4317,Application Not Responding,P3,In Progress,Linux Team,17,2025-09-20
4318,4318,Qualys Agent Missing,P1,Closed,Database Team,4,2026-04-14
4319,4319,Qualys Agent Missing,P4,Closed,Database Team,53,2025-12-28
4320,4320,CPU Utilization High,P4,Closed,Infrastructure Team,9,2025-11-11
4321,4321,Firewall Disabled,P4,Closed,Linux Team,16,2025-09-06
4322,4322,Patch Failure,P3,Resolved,Database Team,12,2026-01-09
4323,4323,Memory Utilization High,P4,Resolved,Windows Team,16,2026-07-05
4324,4324,Firewall Disabled,P4,Open,Linux Team,55,2026-06-10
4325,4325,Patch Failure,P4,Closed,Windows Team,46,2026-04-19
4326,4326,CrowdStrike Offline,P4,Closed,Security Team,27,2026-04-03
4327,4327,Memory Utilization High,P4,Resolved,Linux Team,45,2025-10-08
4328,4328,Qualys Agent Missing,P4,Closed,Messaging Team,59,2026-06-30
4329,4329,Application Not Responding,P4,Closed,Infrastructure Team,36,2026-01-20
4330,4330,Firewall Disabled,P3,Resolved,Database Team,11,2025-08-23
4331,4331,CPU Utilization High,P4,In Progress,Messaging Team,62,2026-06-14
4332,4332,CPU Utilization High,P4,Closed,Windows Team,18,2026-05-30
4333,4333,CPU Utilization High,P3,Resolved,Database Team,11,2026-05-18
4334,4334,CPU Utilization High,P2,Closed,Windows Team,2,2025-12-21
4335,4335,Qualys Agent Missing,P2,Resolved,Windows Team,7,2026-01-27
4336,4336,CrowdStrike Offline,P4,In Progress,Messaging Team,49,2026-07-24
4337,4337,CrowdStrike Offline,P3,Resolved,Security Team,6,2025-09-12
4338,4338,Firewall Disabled,P4,Open,Messaging Team,70,2026-05-20
4339,4339,CPU Utilization High,P4,Closed,Database Team,46,2025-12-05
4340,4340,CPU Utilization High,P3,Closed,Linux Team,19,2025-09-10
4341,4341,Patch Failure,P2,Closed,Infrastructure Team,5,2026-04-19
4342,4342,Memory Utilization High,P2,In Progress,Security Team,5,2025-12-12
4343,4343,CrowdStrike Offline,P4,In Progress,Infrastructure Team,29,2026-03-09
4344,4344,CrowdStrike Offline,P4,Closed,Linux Team,55,2026-06-26
4345,4345,CrowdStrike Offline,P3,Closed,Security Team,4,2025-08-07
4346,4346,Application Not Responding,P4,Resolved,Infrastructure Team,67,2026-04-01
4347,4347,Patch Failure,P4,Open,Security Team,8,2025-11-05
4348,4348,Splunk Agent Down,P3,Open,Database Team,11,2025-10-19
4349,4349,Firewall Disabled,P4,Closed,Linux Team,54,2025-08-09
4350,4350,Patch Failure,P4,Closed,Database Team,28,2026-07-09
4351,4351,Splunk Agent Down,P3,In Progress,Infrastructure Team,7,2026-06-16
4352,4352,Disk Space Full,P4,Closed,Windows Team,18,2026-04-23
4353,4353,CPU Utilization High,P3,Closed,Security Team,22,2025-12-07
4354,4354,Disk Space Full,P4,Closed,Database Team,19,2025-11-16
4355,4355,CrowdStrike Offline,P3,In Progress,Infrastructure Team,4,2025-11-30
4356,4356,Qualys Agent Missing,P2,Resolved,Infrastructure Team,5,2025-11-29
4357,4357,Firewall Disabled,P3,Closed,Infrastructure Team,5,2026-05-20
4358,4358,Disk Space Full,P4,Closed,Database Team,53,2026-01-11
4359,4359,CrowdStrike Offline,P2,Closed,Linux Team,6,2026-04-06
4360,4360,Disk Space Full,P4,In Progress,Security Team,69,2025-12-02
4361,4361,Qualys Agent Missing,P4,Closed,Infrastructure Team,69,2026-03-14
4362,4362,Disk Space Full,P3,Resolved,Infrastructure Team,9,2025-08-10
4363,4363,Application Not Responding,P1,Closed,Messaging Team,1,2025-10-01
4364,4364,Splunk Agent Down,P3,Resolved,Windows Team,24,2025-08-30
4365,4365,Server Down,P4,In Progress,Database Team,46,2026-05-20
4366,4366,Patch Failure,P2,Resolved,Messaging Team,4,2026-05-27
4367,4367,Firewall Disabled,P2,Resolved,Security Team,3,2026-04-27
4368,4368,CPU Utilization High,P3,Resolved,Messaging Team,6,2026-05-02
4369,4369,Application Not Responding,P2,In Progress,Infrastructure Team,5,2026-03-07
4370,4370,Patch Failure,P4,Resolved,Messaging Team,62,2026-03-29
4371,4371,Splunk Agent Down,P4,Resolved,Database Team,44,2026-06-27
4372,4372,Patch Failure,P4,Closed,Linux Team,56,2026-04-05
4373,4373,Qualys Agent Missing,P4,Resolved,Database Team,20,2026-02-22
4374,4374,CPU Utilization High,P4,Open,Messaging Team,20,2025-11-28
4375,4375,Splunk Agent Down,P4,Open,Windows Team,15,2026-04-13
4376,4376,Application Not Responding,P4,Closed,Windows Team,61,2026-01-27
4377,4377,Patch Failure,P3,Closed,Infrastructure Team,12,2025-09-01
4378,4378,Firewall Disabled,P3,Open,Linux Team,23,2026-07-03
4379,4379,Memory Utilization High,P4,Resolved,Infrastructure Team,51,2026-03-03
4380,4380,Server Down,P4,Closed,Security Team,50,2026-06-28
4381,4381,Memory Utilization High,P4,Closed,Messaging Team,9,2026-06-26
4382,4382,Memory Utilization High,P1,In Progress,Infrastructure Team,2,2026-07-05
4383,4383,Application Not Responding,P3,In Progress,Infrastructure Team,12,2026-03-17
4384,4384,Application Not Responding,P1,Closed,Infrastructure Team,3,2025-12-03
4385,4385,Server Down,P3,Closed,Database Team,20,2025-08-23
4386,4386,Disk Space Full,P3,Resolved,Messaging Team,7,2026-04-28
4387,4387,Firewall Disabled,P2,Closed,Infrastructure Team,7,2025-12-13
4388,4388,Patch Failure,P4,Closed,Infrastructure Team,43,2026-01-25
4389,4389,Application Not Responding,P4,Closed,Database Team,11,2026-03-17
4390,4390,Qualys Agent Missing,P4,In Progress,Messaging Team,55,2026-06-11
4391,4391,Splunk Agent Down,P4,Closed,Infrastructure Team,69,2025-09-27
4392,4392,CPU Utilization High,P3,Resolved,Windows Team,5,2026-05-02
4393,4393,CPU Utilization High,P2,Resolved,Database Team,5,2025-12-04
4394,4394,Patch Failure,P4,In Progress,Security Team,69,2025-11-16
4395,4395,Firewall Disabled,P3,Closed,Infrastructure Team,10,2026-02-12
4396,4396,Disk Space Full,P4,Resolved,Database Team,49,2026-07-14
4397,4397,Splunk Agent Down,P2,Closed,Messaging Team,2,2025-10-27
4398,4398,Memory Utilization High,P4,In Progress,Security Team,67,2026-04-08
4399,4399,Firewall Disabled,P3,Closed,Linux Team,10,2025-11-19
4400,4400,Firewall Disabled,P3,Closed,Linux Team,23,2026-06-15
4401,4401,CPU Utilization High,P3,Closed,Infrastructure Team,11,2026-06-19
4402,4402,CrowdStrike Offline,P4,In Progress,Security Team,34,2026-06-06
4403,4403,CPU Utilization High,P4,In Progress,Database Team,28,2026-02-16
4404,4404,Qualys Agent Missing,P3,Open,Security Team,5,2025-12-14
4405,4405,Disk Space Full,P4,Closed,Messaging Team,70,2025-08-15
4406,4406,Application Not Responding,P4,In Progress,Infrastructure Team,8,2025-12-22
4407,4407,Disk Space Full,P4,Open,Windows Team,22,2026-01-04
4408,4408,Application Not Responding,P3,Open,Infrastructure Team,17,2025-10-09
4409,4409,Server Down,P4,Closed,Messaging Team,50,2026-04-16
4410,4410,CPU Utilization High,P4,Closed,Linux Team,67,2025-10-28
4411,4411,Application Not Responding,P3,Resolved,Security Team,5,2025-09-12
4412,4412,Firewall Disabled,P4,Closed,Messaging Team,39,2026-06-05
4413,4413,Patch Failure,P3,In Progress,Linux Team,21,2025-12-29
4414,4414,Application Not Responding,P3,Open,Messaging Team,8,2025-11-20
4415,4415,Server Down,P3,Resolved,Windows Team,24,2026-06-29
4416,4416,CPU Utilization High,P4,Closed,Messaging Team,55,2025-09-08
4417,4417,Patch Failure,P4,Resolved,Messaging Team,70,2026-03-15
4418,4418,Patch Failure,P3,Closed,Windows Team,7,2026-07-24
4419,4419,Application Not Responding,P4,Resolved,Security Team,25,2025-09-19
4420,4420,Splunk Agent Down,P2,In Progress,Linux Team,7,2025-08-22
4421,4421,Patch Failure,P2,Closed,Linux Team,3,2026-06-19
4422,4422,Firewall Disabled,P2,Closed,Infrastructure Team,3,2026-02-17
4423,4423,Qualys Agent Missing,P4,Closed,Security Team,44,2026-06-09
4424,4424,Firewall Disabled,P1,Closed,Infrastructure Team,2,2026-04-10
4425,4425,Splunk Agent Down,P3,Resolved,Linux Team,8,2026-03-12
4426,4426,Firewall Disabled,P4,Closed,Linux Team,59,2026-07-01
4427,4427,Splunk Agent Down,P3,Closed,Messaging Team,10,2026-05-18
4428,4428,Firewall Disabled,P4,In Progress,Database Team,58,2026-07-23
4429,4429,Firewall Disabled,P4,Resolved,Infrastructure Team,27,2026-05-01
4430,4430,Splunk Agent Down,P3,Resolved,Linux Team,11,2026-05-05
4431,4431,Splunk Agent Down,P4,Closed,Infrastructure Team,20,2026-06-20
4432,4432,CrowdStrike Offline,P1,Resolved,Security Team,3,2025-08-08
4433,4433,Qualys Agent Missing,P4,Resolved,Security Team,46,2026-01-22
4434,4434,Memory Utilization High,P4,Resolved,Infrastructure Team,9,2025-08-22
4435,4435,Splunk Agent Down,P3,Closed,Security Team,13,2026-01-16
4436,4436,CrowdStrike Offline,P3,Resolved,Linux Team,8,2025-08-03
4437,4437,Splunk Agent Down,P3,Closed,Infrastructure Team,13,2026-01-30
4438,4438,Disk Space Full,P2,Resolved,Database Team,8,2026-03-14
4439,4439,Disk Space Full,P4,Open,Infrastructure Team,57,2026-06-07
4440,4440,CPU Utilization High,P3,Closed,Windows Team,13,2026-04-28
4441,4441,Splunk Agent Down,P1,In Progress,Infrastructure Team,4,2026-02-18
4442,4442,Application Not Responding,P4,Closed,Messaging Team,37,2025-12-12
4443,4443,CPU Utilization High,P3,In Progress,Infrastructure Team,16,2025-12-19
4444,4444,Firewall Disabled,P4,Closed,Messaging Team,46,2026-04-16
4445,4445,Disk Space Full,P3,Closed,Messaging Team,14,2026-03-16
4446,4446,CPU Utilization High,P4,Closed,Windows Team,13,2025-11-03
4447,4447,CrowdStrike Offline,P3,Closed,Security Team,20,2025-07-31
4448,4448,CrowdStrike Offline,P3,Closed,Windows Team,11,2026-06-10
4449,4449,Application Not Responding,P4,Closed,Database Team,70,2025-08-01
4450,4450,CrowdStrike Offline,P4,Closed,Messaging Team,55,2025-10-24
4451,4451,Firewall Disabled,P3,Closed,Linux Team,9,2025-09-23
4452,4452,Splunk Agent Down,P2,Resolved,Infrastructure Team,5,2026-02-14
4453,4453,Memory Utilization High,P1,Closed,Infrastructure Team,4,2026-06-12
4454,4454,Server Down,P4,Closed,Windows Team,15,2026-01-13
4455,4455,Qualys Agent Missing,P4,Closed,Linux Team,9,2026-04-11
4456,4456,CPU Utilization High,P4,Resolved,Security Team,62,2026-06-18
4457,4457,Firewall Disabled,P4,Resolved,Windows Team,31,2026-04-27
4458,4458,CPU Utilization High,P3,Closed,Windows Team,10,2025-11-18
4459,4459,CPU Utilization High,P2,Resolved,Database Team,4,2026-01-10
4460,4460,Server Down,P3,Resolved,Messaging Team,12,2025-08-26
4461,4461,Disk Space Full,P2,Resolved,Linux Team,2,2025-08-15
4462,4462,Patch Failure,P4,Resolved,Infrastructure Team,11,2026-02-21
4463,4463,Splunk Agent Down,P2,In Progress,Linux Team,5,2026-02-02
4464,4464,Patch Failure,P4,In Progress,Database Team,32,2026-01-23
4465,4465,Patch Failure,P3,Open,Linux Team,20,2025-07-28
4466,4466,Disk Space Full,P4,Resolved,Infrastructure Team,22,2026-02-03
4467,4467,CPU Utilization High,P4,Closed,Messaging Team,33,2026-05-05
4468,4468,Application Not Responding,P3,Open,Messaging Team,13,2025-10-23
4469,4469,Application Not Responding,P3,Resolved,Windows Team,6,2025-12-23
4470,4470,CrowdStrike Offline,P3,Resolved,Infrastructure Team,11,2025-12-26
4471,4471,Patch Failure,P3,Open,Security Team,10,2026-07-21
4472,4472,CrowdStrike Offline,P4,Resolved,Windows Team,21,2026-03-25
4473,4473,Qualys Agent Missing,P4,Resolved,Linux Team,9,2026-06-07
4474,4474,Application Not Responding,P4,Closed,Linux Team,64,2026-06-17
4475,4475,Disk Space Full,P2,Closed,Linux Team,6,2026-06-26
4476,4476,CrowdStrike Offline,P3,Closed,Database Team,18,2025-10-25
4477,4477,Server Down,P4,Resolved,Database Team,20,2026-01-01
4478,4478,CPU Utilization High,P2,Resolved,Security Team,7,2025-08-19
4479,4479,Firewall Disabled,P4,Closed,Security Team,55,2026-01-18
4480,4480,Server Down,P4,Resolved,Windows Team,62,2026-01-21
4481,4481,Firewall Disabled,P3,Closed,Infrastructure Team,11,2026-04-22
4482,4482,Splunk Agent Down,P1,Resolved,Database Team,2,2026-02-18
4483,4483,CrowdStrike Offline,P2,Resolved,Messaging Team,5,2026-03-31
4484,4484,CrowdStrike Offline,P4,Resolved,Infrastructure Team,56,2026-01-30
4485,4485,Memory Utilization High,P3,Resolved,Database Team,8,2025-09-12
4486,4486,Firewall Disabled,P4,Resolved,Database Team,18,2025-11-26
4487,4487,Splunk Agent Down,P3,Open,Infrastructure Team,11,2026-07-20
4488,4488,Splunk Agent Down,P4,Closed,Database Team,43,2026-06-24
4489,4489,Firewall Disabled,P3,In Progress,Messaging Team,15,2026-02-17
4490,4490,CrowdStrike Offline,P4,In Progress,Infrastructure Team,29,2026-03-26
4491,4491,Memory Utilization High,P4,In Progress,Messaging Team,67,2026-02-08
4492,4492,Server Down,P4,Open,Windows Team,58,2026-06-21
4493,4493,Patch Failure,P3,Resolved,Messaging Team,12,2026-07-01
4494,4494,Memory Utilization High,P1,Closed,Messaging Team,3,2026-02-03
4495,4495,Application Not Responding,P4,Resolved,Infrastructure Team,51,2026-04-02
4496,4496,CPU Utilization High,P4,Resolved,Infrastructure Team,21,2025-11-25
4497,4497,Qualys Agent Missing,P3,In Progress,Infrastructure Team,21,2026-04-06
4498,4498,Disk Space Full,P3,Closed,Messaging Team,16,2026-01-01
4499,4499,Application Not Responding,P4,Closed,Messaging Team,48,2025-12-04
4500,4500,Application Not Responding,P4,Closed,Windows Team,58,2026-07-21
4501,4501,CrowdStrike Offline,P4,In Progress,Linux Team,44,2026-06-04
4502,4502,Application Not Responding,P1,In Progress,Windows Team,4,2026-04-07
4503,4503,Server Down,P3,Closed,Messaging Team,7,2026-05-08
4504,4504,Qualys Agent Missing,P4,Open,Infrastructure Team,31,2025-07-30
4505,4505,Application Not Responding,P4,Resolved,Linux Team,17,2025-11-21
4506,4506,Splunk Agent Down,P3,Resolved,Windows Team,13,2025-10-10
4507,4507,Firewall Disabled,P3,Closed,Database Team,15,2025-09-14
4508,4508,Disk Space Full,P2,Closed,Windows Team,6,2026-01-29
4509,4509,Server Down,P4,Open,Linux Team,48,2026-04-24
4510,4510,CPU Utilization High,P4,In Progress,Database Team,32,2026-05-26
4511,4511,CrowdStrike Offline,P3,Closed,Windows Team,4,2026-07-15
4512,4512,CPU Utilization High,P4,Resolved,Infrastructure Team,36,2026-02-13
4513,4513,Patch Failure,P4,Resolved,Infrastructure Team,70,2026-02-26
4514,4514,Application Not Responding,P4,Closed,Linux Team,17,2025-10-08
4515,4515,Qualys Agent Missing,P3,Resolved,Infrastructure Team,8,2026-03-26
4516,4516,Disk Space Full,P2,Resolved,Linux Team,8,2026-07-03
4517,4517,CrowdStrike Offline,P4,Closed,Infrastructure Team,52,2025-09-15
4518,4518,Application Not Responding,P2,Resolved,Database Team,6,2026-07-24
4519,4519,CrowdStrike Offline,P4,Open,Infrastructure Team,38,2026-02-07
4520,4520,Server Down,P4,Closed,Windows Team,47,2026-01-10
4521,4521,Memory Utilization High,P2,Closed,Infrastructure Team,7,2025-10-06
4522,4522,Patch Failure,P1,Closed,Messaging Team,1,2026-03-22
4523,4523,Firewall Disabled,P3,Closed,Messaging Team,21,2025-10-25
4524,4524,CPU Utilization High,P4,Closed,Database Team,44,2025-12-29
4525,4525,Server Down,P2,Closed,Windows Team,5,2025-12-05
4526,4526,CrowdStrike Offline,P3,Resolved,Infrastructure Team,22,2025-10-01
4527,4527,Disk Space Full,P4,Resolved,Windows Team,24,2026-03-13
4528,4528,Qualys Agent Missing,P3,Resolved,Infrastructure Team,16,2026-02-01
4529,4529,Splunk Agent Down,P3,In Progress,Infrastructure Team,23,2025-10-09
4530,4530,Splunk Agent Down,P4,Closed,Linux Team,21,2026-03-09
4531,4531,Splunk Agent Down,P2,Open,Linux Team,2,2025-10-13
4532,4532,Patch Failure,P3,Open,Security Team,11,2025-08-07
4533,4533,Splunk Agent Down,P4,Closed,Messaging Team,51,2026-02-02
4534,4534,Application Not Responding,P4,Closed,Linux Team,9,2026-03-09
4535,4535,Firewall Disabled,P4,Resolved,Database Team,54,2025-10-09
4536,4536,Firewall Disabled,P4,Resolved,Infrastructure Team,28,2025-12-27
4537,4537,CrowdStrike Offline,P2,In Progress,Security Team,7,2025-11-29
4538,4538,Server Down,P3,In Progress,Database Team,12,2025-11-16
4539,4539,Application Not Responding,P3,Closed,Linux Team,20,2025-10-14
4540,4540,Disk Space Full,P1,Resolved,Messaging Team,2,2025-09-01
4541,4541,Patch Failure,P4,In Progress,Windows Team,45,2026-06-14
4542,4542,Server Down,P2,Closed,Windows Team,7,2026-02-12
4543,4543,CPU Utilization High,P2,In Progress,Database Team,2,2026-05-09
4544,4544,Memory Utilization High,P4,Closed,Linux Team,55,2025-10-31
4545,4545,Firewall Disabled,P3,In Progress,Infrastructure Team,4,2026-07-05
4546,4546,CrowdStrike Offline,P3,Closed,Windows Team,13,2025-09-15
4547,4547,Splunk Agent Down,P3,Resolved,Security Team,16,2026-02-02
4548,4548,Memory Utilization High,P2,Resolved,Security Team,8,2026-04-17
4549,4549,Server Down,P4,In Progress,Database Team,11,2025-07-27
4550,4550,Splunk Agent Down,P4,Closed,Infrastructure Team,71,2026-07-23
4551,4551,Patch Failure,P3,Closed,Infrastructure Team,11,2025-08-04
4552,4552,Disk Space Full,P3,Closed,Infrastructure Team,18,2025-09-24
4553,4553,Server Down,P4,Closed,Windows Team,64,2025-09-24
4554,4554,Qualys Agent Missing,P3,In Progress,Infrastructure Team,22,2026-02-26
4555,4555,Memory Utilization High,P4,Closed,Infrastructure Team,13,2026-04-22
4556,4556,CrowdStrike Offline,P3,Closed,Messaging Team,19,2026-03-01
4557,4557,Qualys Agent Missing,P4,Closed,Database Team,54,2025-08-21
4558,4558,Disk Space Full,P4,Closed,Messaging Team,34,2025-11-16
4559,4559,Qualys Agent Missing,P4,Closed,Database Team,18,2026-04-19
4560,4560,Server Down,P3,In Progress,Messaging Team,17,2025-10-22
4561,4561,Disk Space Full,P3,In Progress,Infrastructure Team,5,2026-07-14
4562,4562,Server Down,P4,In Progress,Database Team,63,2025-12-08
4563,4563,Disk Space Full,P4,Closed,Infrastructure Team,31,2026-06-04
4564,4564,CPU Utilization High,P4,Open,Database Team,60,2025-12-17
4565,4565,Patch Failure,P4,Resolved,Linux Team,71,2026-01-02
4566,4566,CrowdStrike Offline,P3,Resolved,Database Team,16,2026-07-15
4567,4567,Memory Utilization High,P3,Resolved,Messaging Team,5,2025-12-08
4568,4568,Server Down,P3,Closed,Security Team,8,2026-02-05
4569,4569,CPU Utilization High,P4,Closed,Infrastructure Team,52,2025-11-03
4570,4570,Firewall Disabled,P2,Closed,Linux Team,2,2026-04-30
4571,4571,CPU Utilization High,P4,In Progress,Infrastructure Team,42,2026-04-12
4572,4572,Disk Space Full,P4,Resolved,Windows Team,38,2026-03-21
4573,4573,Application Not Responding,P4,Closed,Linux Team,43,2025-09-09
4574,4574,Application Not Responding,P4,Resolved,Linux Team,12,2026-02-23
4575,4575,Memory Utilization High,P4,Closed,Linux Team,33,2025-08-19
4576,4576,Memory Utilization High,P4,Resolved,Messaging Team,8,2025-09-11
4577,4577,Memory Utilization High,P4,Resolved,Linux Team,68,2026-05-19
4578,4578,Memory Utilization High,P4,Open,Infrastructure Team,48,2026-05-31
4579,4579,Patch Failure,P3,Open,Database Team,13,2026-04-23
4580,4580,Memory Utilization High,P3,Closed,Infrastructure Team,20,2026-02-16
4581,4581,Disk Space Full,P4,Closed,Messaging Team,60,2025-11-13
4582,4582,Disk Space Full,P4,Open,Messaging Team,47,2026-04-02
4583,4583,Memory Utilization High,P3,Resolved,Infrastructure Team,6,2025-10-24
4584,4584,Patch Failure,P4,Open,Windows Team,27,2025-11-28
4585,4585,Server Down,P4,Resolved,Linux Team,22,2026-03-04
4586,4586,Firewall Disabled,P4,Resolved,Windows Team,10,2025-10-09
4587,4587,Disk Space Full,P4,Open,Infrastructure Team,47,2025-10-24
4588,4588,Application Not Responding,P3,Closed,Linux Team,7,2025-08-29
4589,4589,Patch Failure,P3,Open,Linux Team,14,2026-01-14
4590,4590,CPU Utilization High,P3,Closed,Linux Team,18,2025-10-15
4591,4591,Firewall Disabled,P4,Resolved,Database Team,10,2026-04-19
4592,4592,Firewall Disabled,P4,In Progress,Database Team,10,2026-01-27
4593,4593,Firewall Disabled,P3,Closed,Infrastructure Team,14,2025-09-22
4594,4594,Firewall Disabled,P3,Open,Infrastructure Team,19,2026-02-24
4595,4595,Qualys Agent Missing,P4,Closed,Infrastructure Team,38,2025-08-11
4596,4596,CrowdStrike Offline,P3,Closed,Messaging Team,17,2026-07-23
4597,4597,Splunk Agent Down,P1,Closed,Messaging Team,2,2025-11-10
4598,4598,Qualys Agent Missing,P4,Resolved,Windows Team,8,2025-09-11
4599,4599,Application Not Responding,P3,Closed,Infrastructure Team,10,2025-07-27
4600,4600,Qualys Agent Missing,P2,Closed,Infrastructure Team,3,2025-09-03
4601,4601,CPU Utilization High,P3,Closed,Messaging Team,4,2025-09-06
4602,4602,Qualys Agent Missing,P3,Resolved,Database Team,17,2025-08-14
4603,4603,Firewall Disabled,P3,In Progress,Messaging Team,8,2026-04-10
4604,4604,Patch Failure,P2,Resolved,Windows Team,6,2025-09-30
4605,4605,Patch Failure,P3,Resolved,Messaging Team,15,2025-09-01
4606,4606,CrowdStrike Offline,P3,In Progress,Infrastructure Team,13,2025-10-17
4607,4607,Splunk Agent Down,P4,Open,Infrastructure Team,49,2025-10-03
4608,4608,Application Not Responding,P2,Closed,Database Team,6,2026-07-02
4609,4609,Server Down,P4,Closed,Database Team,19,2026-04-18
4610,4610,Memory Utilization High,P3,Resolved,Database Team,11,2025-12-12
4611,4611,Server Down,P3,Resolved,Infrastructure Team,24,2025-12-23
4612,4612,Patch Failure,P3,Closed,Security Team,17,2025-12-27
4613,4613,Firewall Disabled,P3,Resolved,Database Team,16,2026-01-23
4614,4614,Patch Failure,P3,Resolved,Linux Team,20,2026-01-06
4615,4615,Memory Utilization High,P3,Resolved,Infrastructure Team,23,2025-10-29
4616,4616,CPU Utilization High,P4,In Progress,Security Team,61,2026-03-31
4617,4617,CPU Utilization High,P4,Closed,Infrastructure Team,9,2025-10-23
4618,4618,Server Down,P3,Closed,Messaging Team,24,2026-03-04
4619,4619,Firewall Disabled,P3,Closed,Database Team,14,2026-02-09
4620,4620,Qualys Agent Missing,P4,Closed,Linux Team,8,2026-07-07
4621,4621,CPU Utilization High,P4,In Progress,Infrastructure Team,40,2026-01-28
4622,4622,CPU Utilization High,P4,Closed,Windows Team,71,2026-03-25
4623,4623,Application Not Responding,P3,Closed,Infrastructure Team,19,2026-02-17
4624,4624,CPU Utilization High,P2,Closed,Security Team,2,2026-05-09
4625,4625,Splunk Agent Down,P2,Closed,Infrastructure Team,3,2026-01-10
4626,4626,CPU Utilization High,P3,Resolved,Windows Team,21,2025-08-07
4627,4627,CrowdStrike Offline,P3,Resolved,Infrastructure Team,23,2026-03-23
4628,4628,Splunk Agent Down,P4,In Progress,Windows Team,65,2026-04-17
4629,4629,Memory Utilization High,P4,Closed,Infrastructure Team,54,2026-07-14
4630,4630,Server Down,P4,Resolved,Database Team,46,2025-11-01
4631,4631,Server Down,P4,Closed,Security Team,56,2026-05-11
4632,4632,Patch Failure,P3,Resolved,Infrastructure Team,10,2025-11-26
4633,4633,Disk Space Full,P3,Resolved,Infrastructure Team,10,2026-04-15
4634,4634,Patch Failure,P4,Resolved,Database Team,33,2026-04-23
4635,4635,Patch Failure,P3,Resolved,Infrastructure Team,21,2025-07-29
4636,4636,Application Not Responding,P2,Resolved,Messaging Team,2,2025-08-14
4637,4637,Qualys Agent Missing,P4,Open,Infrastructure Team,16,2026-07-13
4638,4638,Disk Space Full,P1,Open,Infrastructure Team,3,2025-10-11
4639,4639,Firewall Disabled,P2,Resolved,Infrastructure Team,2,2026-01-20
4640,4640,Patch Failure,P2,Closed,Infrastructure Team,5,2026-07-07
4641,4641,CrowdStrike Offline,P4,Closed,Infrastructure Team,71,2026-07-23
4642,4642,Firewall Disabled,P2,Closed,Messaging Team,4,2026-01-22
4643,4643,Server Down,P3,In Progress,Database Team,7,2025-09-27
4644,4644,Qualys Agent Missing,P2,Closed,Database Team,6,2026-01-03
4645,4645,CrowdStrike Offline,P3,Closed,Windows Team,20,2026-01-29
4646,4646,Server Down,P3,In Progress,Infrastructure Team,6,2025-11-25
4647,4647,Memory Utilization High,P4,Closed,Database Team,41,2026-04-19
4648,4648,CrowdStrike Offline,P4,Resolved,Messaging Team,17,2026-04-05
4649,4649,Memory Utilization High,P2,Closed,Security Team,7,2026-03-03
4650,4650,Patch Failure,P3,Closed,Messaging Team,4,2026-05-10
4651,4651,Firewall Disabled,P3,Open,Infrastructure Team,4,2026-06-17
4652,4652,Server Down,P2,Resolved,Windows Team,6,2025-11-10
4653,4653,Qualys Agent Missing,P4,Closed,Linux Team,16,2025-08-28
4654,4654,Application Not Responding,P2,In Progress,Linux Team,2,2026-06-27
4655,4655,CrowdStrike Offline,P3,Resolved,Windows Team,4,2026-01-14
4656,4656,Application Not Responding,P4,Open,Windows Team,8,2025-11-26
4657,4657,Splunk Agent Down,P3,Closed,Messaging Team,15,2026-03-05
4658,4658,Firewall Disabled,P1,Resolved,Infrastructure Team,3,2026-02-09
4659,4659,Qualys Agent Missing,P3,In Progress,Linux Team,12,2026-05-27
4660,4660,Firewall Disabled,P4,Resolved,Windows Team,13,2025-07-30
4661,4661,Application Not Responding,P4,Closed,Security Team,55,2025-11-26
4662,4662,Disk Space Full,P3,Closed,Windows Team,22,2026-02-13
4663,4663,CrowdStrike Offline,P3,Closed,Infrastructure Team,24,2025-09-19
4664,4664,Application Not Responding,P4,Resolved,Windows Team,68,2026-02-23
4665,4665,Patch Failure,P4,Resolved,Linux Team,14,2026-07-15
4666,4666,Splunk Agent Down,P4,Resolved,Security Team,21,2025-11-19
4667,4667,Firewall Disabled,P4,Closed,Windows Team,41,2026-07-24
4668,4668,Patch Failure,P3,In Progress,Infrastructure Team,15,2026-02-17
4669,4669,CPU Utilization High,P4,Closed,Security Team,8,2025-10-04
4670,4670,Patch Failure,P4,In Progress,Windows Team,36,2025-12-04
4671,4671,CPU Utilization High,P3,Closed,Infrastructure Team,14,2025-10-23
4672,4672,Splunk Agent Down,P3,Open,Database Team,15,2025-08-05
4673,4673,Firewall Disabled,P3,Closed,Security Team,17,2025-10-09
4674,4674,CrowdStrike Offline,P3,Resolved,Infrastructure Team,13,2026-03-03
4675,4675,Firewall Disabled,P3,Closed,Database Team,8,2026-06-28
4676,4676,Server Down,P2,Resolved,Infrastructure Team,5,2026-02-07
4677,4677,Patch Failure,P1,Resolved,Infrastructure Team,1,2025-09-24
4678,4678,Firewall Disabled,P4,Closed,Infrastructure Team,59,2025-11-14
4679,4679,Disk Space Full,P3,Closed,Windows Team,14,2026-06-05
4680,4680,Qualys Agent Missing,P3,Closed,Infrastructure Team,15,2026-03-21
4681,4681,Splunk Agent Down,P4,Resolved,Security Team,57,2025-09-17
4682,4682,Disk Space Full,P3,Closed,Messaging Team,21,2026-01-23
4683,4683,Server Down,P3,Resolved,Database Team,16,2026-04-22
4684,4684,Server Down,P4,Closed,Security Team,47,2026-07-19
4685,4685,Disk Space Full,P3,Closed,Linux Team,6,2026-01-28
4686,4686,Qualys Agent Missing,P3,Closed,Infrastructure Team,7,2026-01-05
4687,4687,Qualys Agent Missing,P2,In Progress,Linux Team,3,2026-04-30
4688,4688,Splunk Agent Down,P3,Resolved,Infrastructure Team,6,2026-04-10
4689,4689,CrowdStrike Offline,P3,In Progress,Messaging Team,20,2026-06-12
4690,4690,Memory Utilization High,P2,Resolved,Database Team,5,2025-11-18
4691,4691,Application Not Responding,P3,In Progress,Infrastructure Team,19,2026-01-03
4692,4692,Splunk Agent Down,P3,Open,Linux Team,16,2026-03-17
4693,4693,Splunk Agent Down,P4,Closed,Infrastructure Team,71,2025-08-16
4694,4694,Qualys Agent Missing,P3,Closed,Infrastructure Team,9,2025-10-24
4695,4695,Qualys Agent Missing,P3,Closed,Windows Team,5,2025-10-11
4696,4696,Patch Failure,P4,Closed,Database Team,60,2026-01-21
4697,4697,CrowdStrike Offline,P4,Resolved,Windows Team,60,2025-08-16
4698,4698,CPU Utilization High,P4,Resolved,Security Team,58,2026-05-30
4699,4699,CrowdStrike Offline,P3,Resolved,Linux Team,10,2026-01-14
4700,4700,Qualys Agent Missing,P4,In Progress,Windows Team,64,2026-02-17
4701,4701,Firewall Disabled,P2,Closed,Infrastructure Team,7,2025-07-28
4702,4702,Patch Failure,P4,Closed,Windows Team,28,2026-03-12
4703,4703,Disk Space Full,P3,Resolved,Security Team,20,2026-03-22
4704,4704,CPU Utilization High,P4,Closed,Linux Team,32,2026-01-31
4705,4705,Memory Utilization High,P1,Resolved,Messaging Team,2,2026-01-10
4706,4706,Firewall Disabled,P4,Resolved,Security Team,17,2026-07-17
4707,4707,Qualys Agent Missing,P1,In Progress,Linux Team,3,2026-04-04
4708,4708,Memory Utilization High,P3,Resolved,Database Team,13,2025-10-30
4709,4709,Server Down,P2,Resolved,Messaging Team,6,2026-05-24
4710,4710,Patch Failure,P2,Resolved,Security Team,3,2026-05-10
4711,4711,Qualys Agent Missing,P4,Closed,Messaging Team,60,2025-11-15
4712,4712,CPU Utilization High,P3,Resolved,Infrastructure Team,10,2025-09-19
4713,4713,Disk Space Full,P4,Resolved,Infrastructure Team,22,2025-09-09
4714,4714,Qualys Agent Missing,P2,Resolved,Security Team,3,2025-09-03
4715,4715,CrowdStrike Offline,P4,Open,Linux Team,23,2026-07-08
4716,4716,CPU Utilization High,P4,Resolved,Security Team,66,2025-10-19
4717,4717,Server Down,P4,Closed,Linux Team,51,2026-03-09
4718,4718,Disk Space Full,P4,Closed,Windows Team,16,2026-03-24
4719,4719,CrowdStrike Offline,P4,In Progress,Database Team,66,2026-03-14
4720,4720,Patch Failure,P3,Closed,Messaging Team,12,2026-03-31
4721,4721,Application Not Responding,P3,Closed,Windows Team,4,2026-07-08
4722,4722,Firewall Disabled,P3,Closed,Database Team,20,2025-09-15
4723,4723,Memory Utilization High,P3,Closed,Security Team,6,2025-11-23
4724,4724,CrowdStrike Offline,P2,Resolved,Linux Team,3,2025-08-02
4725,4725,Splunk Agent Down,P3,Closed,Windows Team,11,2026-01-01
4726,4726,Firewall Disabled,P3,Resolved,Security Team,5,2026-02-19
4727,4727,Firewall Disabled,P3,Resolved,Windows Team,16,2025-11-10
4728,4728,Memory Utilization High,P4,Closed,Security Team,19,2025-11-07
4729,4729,CPU Utilization High,P4,Open,Windows Team,16,2026-07-12
4730,4730,Memory Utilization High,P1,Closed,Infrastructure Team,3,2025-11-21
4731,4731,Qualys Agent Missing,P2,Closed,Database Team,2,2025-09-11
4732,4732,CrowdStrike Offline,P3,Open,Infrastructure Team,22,2026-01-02
4733,4733,Firewall Disabled,P3,Closed,Security Team,20,2025-08-26
4734,4734,Firewall Disabled,P4,Closed,Infrastructure Team,35,2025-12-30
4735,4735,Splunk Agent Down,P3,Closed,Security Team,16,2026-04-02
4736,4736,Application Not Responding,P3,Open,Infrastructure Team,11,2026-03-22
4737,4737,CPU Utilization High,P4,Open,Security Team,46,2026-07-13
4738,4738,Disk Space Full,P1,In Progress,Security Team,4,2025-08-06
4739,4739,Server Down,P2,In Progress,Infrastructure Team,2,2026-06-29
4740,4740,Application Not Responding,P3,In Progress,Infrastructure Team,23,2026-05-31
4741,4741,Qualys Agent Missing,P3,Closed,Messaging Team,10,2026-05-25
4742,4742,Splunk Agent Down,P3,Closed,Messaging Team,10,2025-10-26
4743,4743,Firewall Disabled,P4,Open,Linux Team,44,2026-06-09
4744,4744,CPU Utilization High,P4,Resolved,Database Team,21,2026-03-30
4745,4745,Firewall Disabled,P3,Open,Infrastructure Team,14,2026-04-15
4746,4746,Patch Failure,P3,In Progress,Infrastructure Team,13,2026-07-11
4747,4747,Firewall Disabled,P3,Closed,Infrastructure Team,9,2026-02-26
4748,4748,Disk Space Full,P4,Closed,Database Team,24,2026-06-02
4749,4749,Application Not Responding,P2,Closed,Linux Team,7,2025-10-13
4750,4750,Memory Utilization High,P3,Open,Infrastructure Team,7,2026-07-04
4751,4751,CrowdStrike Offline,P3,Resolved,Infrastructure Team,15,2026-06-12
4752,4752,CPU Utilization High,P3,In Progress,Windows Team,8,2025-11-23
4753,4753,Memory Utilization High,P4,Resolved,Windows Team,42,2026-03-12
4754,4754,Firewall Disabled,P3,Closed,Messaging Team,12,2026-05-08
4755,4755,Qualys Agent Missing,P4,Resolved,Windows Team,37,2026-02-14
4756,4756,CrowdStrike Offline,P4,Closed,Infrastructure Team,32,2026-03-14
4757,4757,Disk Space Full,P3,Resolved,Database Team,9,2025-09-13
4758,4758,Server Down,P4,Closed,Infrastructure Team,45,2026-05-06
4759,4759,Splunk Agent Down,P3,Resolved,Windows Team,21,2025-12-26
4760,4760,Firewall Disabled,P3,In Progress,Security Team,13,2026-04-21
4761,4761,Qualys Agent Missing,P2,Resolved,Messaging Team,5,2026-01-16
4762,4762,Qualys Agent Missing,P3,Closed,Messaging Team,13,2025-12-07
4763,4763,Disk Space Full,P3,Resolved,Linux Team,5,2025-11-01
4764,4764,Patch Failure,P2,Closed,Linux Team,3,2025-08-21
4765,4765,Qualys Agent Missing,P3,Closed,Security Team,21,2026-07-20
4766,4766,CPU Utilization High,P1,Resolved,Linux Team,1,2025-11-18
4767,4767,Splunk Agent Down,P4,Closed,Security Team,55,2025-08-17
4768,4768,CrowdStrike Offline,P3,Closed,Infrastructure Team,4,2026-05-13
4769,4769,Patch Failure,P3,Closed,Windows Team,20,2026-02-09
4770,4770,Memory Utilization High,P3,Closed,Security Team,6,2026-01-08
4771,4771,Memory Utilization High,P3,Resolved,Linux Team,18,2026-05-03
4772,4772,CPU Utilization High,P1,Open,Database Team,4,2025-09-04
4773,4773,Disk Space Full,P4,Resolved,Linux Team,11,2025-10-19
4774,4774,Memory Utilization High,P3,Resolved,Infrastructure Team,11,2025-08-20
4775,4775,CrowdStrike Offline,P3,Resolved,Security Team,13,2026-01-10
4776,4776,CPU Utilization High,P2,In Progress,Windows Team,8,2025-10-29
4777,4777,Firewall Disabled,P4,In Progress,Linux Team,20,2025-09-17
4778,4778,CrowdStrike Offline,P3,Closed,Infrastructure Team,17,2026-04-02
4779,4779,CrowdStrike Offline,P2,Closed,Database Team,6,2025-07-26
4780,4780,Splunk Agent Down,P3,Closed,Messaging Team,9,2026-01-14
4781,4781,Disk Space Full,P4,Resolved,Messaging Team,63,2026-03-29
4782,4782,Qualys Agent Missing,P3,Closed,Database Team,20,2026-07-10
4783,4783,CPU Utilization High,P4,Closed,Security Team,57,2025-10-11
4784,4784,CPU Utilization High,P2,Resolved,Linux Team,5,2025-11-11
4785,4785,Disk Space Full,P4,Resolved,Windows Team,27,2025-09-17
4786,4786,Disk Space Full,P3,Closed,Infrastructure Team,12,2026-01-27
4787,4787,CrowdStrike Offline,P2,Closed,Database Team,2,2026-07-05
4788,4788,CPU Utilization High,P3,In Progress,Linux Team,11,2026-02-15
4789,4789,Disk Space Full,P4,Resolved,Security Team,10,2025-10-11
4790,4790,Splunk Agent Down,P1,Resolved,Security Team,2,2025-11-18
4791,4791,Disk Space Full,P4,Resolved,Database Team,65,2026-06-25
4792,4792,Application Not Responding,P4,Open,Infrastructure Team,38,2026-02-14
4793,4793,CPU Utilization High,P3,Closed,Windows Team,16,2026-05-12
4794,4794,Firewall Disabled,P3,Resolved,Security Team,8,2026-05-31
4795,4795,Disk Space Full,P2,Closed,Windows Team,4,2026-01-03
4796,4796,Application Not Responding,P2,Closed,Messaging Team,2,2026-04-30
4797,4797,Qualys Agent Missing,P4,Closed,Infrastructure Team,55,2026-02-02
4798,4798,Memory Utilization High,P3,Resolved,Linux Team,17,2025-08-20
4799,4799,Qualys Agent Missing,P4,Resolved,Database Team,15,2026-02-08
4800,4800,CrowdStrike Offline,P1,Open,Linux Team,3,2026-03-10
4801,4801,Server Down,P1,Resolved,Linux Team,3,2025-08-13
4802,4802,Server Down,P4,Open,Windows Team,57,2026-04-30
4803,4803,Memory Utilization High,P3,Resolved,Infrastructure Team,13,2026-06-12
4804,4804,Server Down,P2,Resolved,Infrastructure Team,7,2025-11-07
4805,4805,Server Down,P1,Closed,Windows Team,2,2026-01-24
4806,4806,Splunk Agent Down,P3,Closed,Security Team,8,2025-11-15
4807,4807,Qualys Agent Missing,P3,Open,Infrastructure Team,21,2026-04-16
4808,4808,Splunk Agent Down,P4,In Progress,Security Team,57,2026-01-13
4809,4809,Qualys Agent Missing,P4,Resolved,Messaging Team,8,2025-07-25
4810,4810,Firewall Disabled,P1,Resolved,Messaging Team,2,2025-08-16
4811,4811,Server Down,P2,Resolved,Security Team,3,2025-08-30
4812,4812,Disk Space Full,P3,Resolved,Linux Team,7,2025-07-30
4813,4813,Qualys Agent Missing,P3,Open,Infrastructure Team,9,2026-03-28
4814,4814,Qualys Agent Missing,P1,Open,Messaging Team,4,2025-07-31
4815,4815,CrowdStrike Offline,P3,In Progress,Linux Team,23,2026-06-23
4816,4816,CrowdStrike Offline,P3,Closed,Infrastructure Team,15,2026-07-14
4817,4817,Qualys Agent Missing,P3,Closed,Linux Team,14,2025-10-26
4818,4818,Patch Failure,P3,Resolved,Messaging Team,22,2026-01-08
4819,4819,Firewall Disabled,P3,Resolved,Linux Team,17,2026-05-23
4820,4820,CrowdStrike Offline,P3,Resolved,Infrastructure Team,11,2026-07-09
4821,4821,CPU Utilization High,P3,In Progress,Security Team,11,2025-11-21
4822,4822,Qualys Agent Missing,P3,Closed,Infrastructure Team,9,2026-05-22
4823,4823,CrowdStrike Offline,P2,Closed,Infrastructure Team,2,2026-05-31
4824,4824,Firewall Disabled,P3,Closed,Security Team,18,2026-05-14
4825,4825,Patch Failure,P3,Closed,Linux Team,22,2026-07-23
4826,4826,Splunk Agent Down,P4,Resolved,Infrastructure Team,45,2026-07-08
4827,4827,CrowdStrike Offline,P3,Closed,Infrastructure Team,5,2026-07-15
4828,4828,Patch Failure,P3,Closed,Messaging Team,22,2026-01-21
4829,4829,Qualys Agent Missing,P4,Closed,Database Team,59,2025-11-03
4830,4830,Disk Space Full,P2,Resolved,Security Team,3,2026-03-15
4831,4831,CPU Utilization High,P2,Open,Infrastructure Team,4,2026-03-03
4832,4832,Memory Utilization High,P2,Resolved,Infrastructure Team,3,2026-07-14
4833,4833,Splunk Agent Down,P3,Open,Windows Team,19,2025-10-25
4834,4834,Disk Space Full,P4,Resolved,Infrastructure Team,19,2026-06-06
4835,4835,Memory Utilization High,P4,Resolved,Database Team,28,2025-11-24
4836,4836,Firewall Disabled,P3,Closed,Security Team,7,2025-08-04
4837,4837,Memory Utilization High,P3,Open,Infrastructure Team,19,2025-12-18
4838,4838,Firewall Disabled,P4,Resolved,Security Team,72,2026-03-02
4839,4839,Patch Failure,P4,Open,Windows Team,52,2026-01-11
4840,4840,Patch Failure,P4,Closed,Security Team,16,2026-04-28
4841,4841,Splunk Agent Down,P4,In Progress,Windows Team,62,2026-07-16
4842,4842,Disk Space Full,P4,Closed,Infrastructure Team,10,2025-11-27
4843,4843,Qualys Agent Missing,P4,Closed,Database Team,64,2026-01-24
4844,4844,CrowdStrike Offline,P2,In Progress,Security Team,4,2025-10-28
4845,4845,CPU Utilization High,P3,Closed,Windows Team,8,2026-03-29
4846,4846,CrowdStrike Offline,P4,Resolved,Infrastructure Team,52,2026-04-03
4847,4847,CrowdStrike Offline,P4,In Progress,Messaging Team,52,2026-03-30
4848,4848,Application Not Responding,P1,Resolved,Linux Team,2,2026-07-14
4849,4849,Application Not Responding,P2,Closed,Windows Team,6,2025-12-03
4850,4850,Patch Failure,P3,Resolved,Infrastructure Team,4,2026-01-14
4851,4851,Qualys Agent Missing,P3,Closed,Security Team,15,2025-09-18
4852,4852,Server Down,P3,Closed,Linux Team,18,2025-11-13
4853,4853,CPU Utilization High,P3,Resolved,Database Team,9,2025-12-03
4854,4854,Firewall Disabled,P4,Closed,Windows Team,15,2026-05-29
4855,4855,Patch Failure,P2,Closed,Security Team,6,2025-08-13
4856,4856,Patch Failure,P3,Resolved,Security Team,6,2026-04-17
4857,4857,Firewall Disabled,P4,Resolved,Messaging Team,39,2026-01-17
4858,4858,CPU Utilization High,P2,Closed,Messaging Team,6,2026-04-19
4859,4859,Application Not Responding,P4,Resolved,Windows Team,72,2025-10-25
4860,4860,Memory Utilization High,P3,Resolved,Linux Team,14,2026-03-27
4861,4861,Firewall Disabled,P3,Resolved,Messaging Team,8,2025-11-15
4862,4862,Disk Space Full,P3,Open,Linux Team,20,2026-07-19
4863,4863,Disk Space Full,P4,Closed,Linux Team,17,2025-09-28
4864,4864,Memory Utilization High,P2,Resolved,Windows Team,6,2026-07-23
4865,4865,Application Not Responding,P4,In Progress,Security Team,56,2025-12-14
4866,4866,CrowdStrike Offline,P3,Closed,Infrastructure Team,4,2025-09-25
4867,4867,Qualys Agent Missing,P4,Closed,Windows Team,26,2026-04-03
4868,4868,Disk Space Full,P1,In Progress,Messaging Team,2,2026-02-02
4869,4869,Splunk Agent Down,P4,Closed,Windows Team,17,2026-05-28
4870,4870,Patch Failure,P1,Closed,Linux Team,3,2026-05-18
4871,4871,Patch Failure,P3,Resolved,Infrastructure Team,18,2025-12-23
4872,4872,Splunk Agent Down,P2,Closed,Infrastructure Team,3,2026-01-24
4873,4873,Disk Space Full,P4,Closed,Linux Team,28,2025-12-21
4874,4874,Disk Space Full,P4,Resolved,Messaging Team,18,2025-10-12
4875,4875,Application Not Responding,P4,Closed,Linux Team,36,2026-02-11
4876,4876,Firewall Disabled,P3,Resolved,Infrastructure Team,16,2026-04-10
4877,4877,Server Down,P4,Closed,Database Team,45,2025-12-18
4878,4878,Splunk Agent Down,P3,In Progress,Messaging Team,19,2026-02-23
4879,4879,Application Not Responding,P3,Closed,Infrastructure Team,23,2025-09-02
4880,4880,Patch Failure,P3,In Progress,Windows Team,5,2025-08-13
4881,4881,Memory Utilization High,P3,In Progress,Infrastructure Team,11,2025-07-30
4882,4882,Application Not Responding,P1,Resolved,Security Team,1,2025-11-30
4883,4883,Splunk Agent Down,P1,Resolved,Security Team,2,2026-04-16
4884,4884,CrowdStrike Offline,P3,Resolved,Linux Team,5,2025-10-23
4885,4885,Disk Space Full,P3,Open,Infrastructure Team,22,2026-07-16
4886,4886,CPU Utilization High,P4,Closed,Security Team,47,2026-05-16
4887,4887,Patch Failure,P3,In Progress,Messaging Team,8,2026-06-22
4888,4888,CrowdStrike Offline,P2,In Progress,Infrastructure Team,8,2026-03-28
4889,4889,Application Not Responding,P4,Closed,Security Team,62,2026-07-23
4890,4890,CPU Utilization High,P3,Closed,Messaging Team,24,2026-02-05
4891,4891,Application Not Responding,P4,Closed,Database Team,48,2025-12-01
4892,4892,CrowdStrike Offline,P4,Resolved,Messaging Team,8,2026-01-18
4893,4893,Application Not Responding,P3,Closed,Database Team,22,2026-05-06
4894,4894,CrowdStrike Offline,P2,Closed,Linux Team,5,2025-10-04
4895,4895,Firewall Disabled,P4,Closed,Linux Team,13,2026-01-07
4896,4896,Splunk Agent Down,P4,Closed,Messaging Team,62,2026-07-20
4897,4897,Server Down,P3,Closed,Database Team,18,2026-07-15
4898,4898,Patch Failure,P4,Open,Database Team,23,2025-10-04
4899,4899,CrowdStrike Offline,P3,In Progress,Linux Team,6,2026-02-08
4900,4900,CPU Utilization High,P4,Closed,Linux Team,61,2025-10-19
4901,4901,Memory Utilization High,P2,Closed,Database Team,3,2026-06-09
4902,4902,CPU Utilization High,P3,Resolved,Linux Team,17,2026-02-10
4903,4903,Disk Space Full,P3,Closed,Database Team,12,2026-03-18
4904,4904,Splunk Agent Down,P3,Resolved,Messaging Team,23,2026-05-29
4905,4905,Application Not Responding,P3,Closed,Database Team,17,2025-12-11
4906,4906,Patch Failure,P4,In Progress,Database Team,19,2026-02-14
4907,4907,Firewall Disabled,P4,Closed,Windows Team,33,2026-07-07
4908,4908,Patch Failure,P4,Closed,Infrastructure Team,70,2026-03-10
4909,4909,CPU Utilization High,P3,Open,Security Team,20,2025-11-07
4910,4910,Application Not Responding,P4,Closed,Infrastructure Team,57,2026-04-07
4911,4911,Qualys Agent Missing,P4,Resolved,Infrastructure Team,22,2025-10-21
4912,4912,Qualys Agent Missing,P4,Resolved,Database Team,70,2026-01-25
4913,4913,Splunk Agent Down,P3,Resolved,Security Team,12,2026-03-15
4914,4914,Patch Failure,P2,In Progress,Infrastructure Team,3,2026-04-07
4915,4915,CrowdStrike Offline,P3,Closed,Infrastructure Team,20,2026-04-22
4916,4916,Application Not Responding,P4,In Progress,Security Team,23,2026-07-11
4917,4917,Server Down,P3,Resolved,Messaging Team,16,2025-12-05
4918,4918,Splunk Agent Down,P3,In Progress,Linux Team,6,2025-12-24
4919,4919,Application Not Responding,P3,Resolved,Database Team,23,2025-09-13
4920,4920,Splunk Agent Down,P4,Resolved,Infrastructure Team,37,2026-07-21
4921,4921,Patch Failure,P3,Resolved,Security Team,22,2025-11-15
4922,4922,Qualys Agent Missing,P1,Resolved,Security Team,1,2026-05-27
4923,4923,CPU Utilization High,P3,Closed,Infrastructure Team,13,2025-10-23
4924,4924,CPU Utilization High,P2,Closed,Windows Team,6,2026-04-29
4925,4925,CPU Utilization High,P1,Closed,Windows Team,4,2026-07-01
4926,4926,CrowdStrike Offline,P3,Resolved,Infrastructure Team,8,2026-03-27
4927,4927,Splunk Agent Down,P3,Open,Messaging Team,14,2026-01-22
4928,4928,Patch Failure,P4,Resolved,Database Team,66,2026-02-15
4929,4929,Server Down,P4,Closed,Windows Team,43,2025-12-31
4930,4930,Patch Failure,P4,In Progress,Infrastructure Team,42,2026-03-26
4931,4931,Application Not Responding,P4,Open,Database Team,28,2026-07-22
4932,4932,Server Down,P1,Open,Infrastructure Team,4,2025-08-31
4933,4933,Firewall Disabled,P4,Resolved,Security Team,10,2025-12-25
4934,4934,Disk Space Full,P1,Resolved,Database Team,2,2026-02-01
4935,4935,CrowdStrike Offline,P3,Closed,Infrastructure Team,22,2026-04-14
4936,4936,Disk Space Full,P3,Open,Linux Team,17,2026-07-12
4937,4937,Application Not Responding,P3,Open,Messaging Team,15,2026-02-12
4938,4938,CrowdStrike Offline,P4,Resolved,Messaging Team,21,2025-08-05
4939,4939,Application Not Responding,P4,Closed,Security Team,33,2026-02-18
4940,4940,Splunk Agent Down,P4,In Progress,Security Team,38,2026-05-08
4941,4941,Disk Space Full,P2,Closed,Linux Team,6,2026-05-03
4942,4942,Splunk Agent Down,P3,In Progress,Security Team,6,2025-07-31
4943,4943,Disk Space Full,P3,Closed,Messaging Team,16,2025-08-31
4944,4944,Firewall Disabled,P3,Resolved,Infrastructure Team,10,2025-10-19
4945,4945,Firewall Disabled,P3,Closed,Infrastructure Team,18,2025-09-01
4946,4946,Patch Failure,P3,Resolved,Infrastructure Team,8,2026-04-14
4947,4947,Memory Utilization High,P4,Closed,Linux Team,13,2025-12-07
4948,4948,Patch Failure,P2,In Progress,Infrastructure Team,8,2025-12-27
4949,4949,CPU Utilization High,P4,Closed,Infrastructure Team,36,2025-08-24
4950,4950,Server Down,P4,In Progress,Database Team,28,2025-12-31
4951,4951,Splunk Agent Down,P3,Resolved,Infrastructure Team,18,2025-09-17
4952,4952,Qualys Agent Missing,P3,Closed,Windows Team,9,2026-05-03
4953,4953,Memory Utilization High,P3,Resolved,Messaging Team,7,2026-04-15
4954,4954,Patch Failure,P1,Closed,Linux Team,4,2025-11-01
4955,4955,Disk Space Full,P4,Open,Linux Team,30,2025-11-01
4956,4956,Memory Utilization High,P3,Open,Database Team,6,2025-11-27
4957,4957,CrowdStrike Offline,P4,Closed,Windows Team,28,2025-09-27
4958,4958,Splunk Agent Down,P3,In Progress,Messaging Team,5,2026-01-19
4959,4959,Splunk Agent Down,P4,Closed,Linux Team,32,2026-01-23
4960,4960,Memory Utilization High,P4,Open,Linux Team,37,2025-10-28
4961,4961,Patch Failure,P4,Resolved,Messaging Team,71,2026-06-11
4962,4962,Application Not Responding,P2,In Progress,Linux Team,2,2025-10-03
4963,4963,Patch Failure,P4,Resolved,Windows Team,61,2026-01-08
4964,4964,CrowdStrike Offline,P4,Closed,Windows Team,25,2026-01-16
4965,4965,Disk Space Full,P4,Resolved,Security Team,27,2026-03-01
4966,4966,Splunk Agent Down,P4,Resolved,Windows Team,59,2025-10-14
4967,4967,CrowdStrike Offline,P2,Resolved,Database Team,5,2025-12-07
4968,4968,Memory Utilization High,P4,Resolved,Database Team,21,2025-10-21
4969,4969,Firewall Disabled,P4,Open,Database Team,42,2025-09-18
4970,4970,Firewall Disabled,P3,Closed,Security Team,9,2026-04-25
4971,4971,Splunk Agent Down,P3,Resolved,Database Team,18,2026-07-23
4972,4972,Qualys Agent Missing,P3,Closed,Linux Team,16,2026-03-26
4973,4973,Patch Failure,P4,Closed,Messaging Team,39,2025-12-23
4974,4974,Disk Space Full,P4,Closed,Infrastructure Team,69,2026-01-30
4975,4975,Patch Failure,P4,Resolved,Linux Team,59,2026-03-06
4976,4976,Memory Utilization High,P2,Resolved,Infrastructure Team,2,2025-08-14
4977,4977,Patch Failure,P4,Closed,Infrastructure Team,40,2025-11-06
4978,4978,Application Not Responding,P3,Open,Windows Team,17,2026-05-08
4979,4979,Application Not Responding,P4,In Progress,Database Team,40,2026-02-09
4980,4980,CrowdStrike Offline,P4,Closed,Infrastructure Team,50,2025-08-27
4981,4981,Patch Failure,P3,Closed,Linux Team,9,2026-06-19
4982,4982,Disk Space Full,P3,Resolved,Linux Team,15,2025-12-20
4983,4983,Disk Space Full,P3,Resolved,Linux Team,8,2025-09-11
4984,4984,Disk Space Full,P4,Resolved,Infrastructure Team,54,2026-06-05
4985,4985,Server Down,P3,Closed,Messaging Team,11,2025-10-25
4986,4986,Application Not Responding,P4,Resolved,Infrastructure Team,33,2026-01-26
4987,4987,Application Not Responding,P4,Resolved,Security Team,16,2026-03-29
4988,4988,CrowdStrike Offline,P3,Resolved,Linux Team,24,2026-03-11
4989,4989,Memory Utilization High,P2,Closed,Infrastructure Team,7,2025-09-13
4990,4990,Memory Utilization High,P3,In Progress,Infrastructure Team,15,2025-10-22
4991,4991,CPU Utilization High,P4,Resolved,Messaging Team,27,2026-03-12
4992,4992,CPU Utilization High,P3,Closed,Linux Team,6,2026-07-01
4993,4993,Server Down,P3,Resolved,Infrastructure Team,15,2025-11-11
4994,4994,Application Not Responding,P4,Closed,Database Team,45,2025-10-15
4995,4995,CrowdStrike Offline,P3,Closed,Infrastructure Team,23,2025-09-12
4996,4996,CrowdStrike Offline,P4,In Progress,Infrastructure Team,36,2025-11-11
4997,4997,Firewall Disabled,P4,Resolved,Infrastructure Team,16,2025-08-03
4998,4998,Application Not Responding,P2,Resolved,Messaging Team,6,2026-02-04
4999,4999,Qualys Agent Missing,P1,Resolved,Messaging Team,2,2025-12-04
5000,5000,Patch Failure,P3,Closed,Windows Team,14,2025-09-11
