operating_system,environment,server_type,location,owner_team,compliance_id,splunk_status,qualys_status,crowdstrike_status,firewall_status,patch_status,password_policy,compliance_score,compliance_status,performance_id,cpu_usage,memory_usage,disk_usage,uptime_days,critical_count,high_count,medium_count,low_count,incident_category,priority,status,assigned_team,resolution_hours,total_vulnerabilities,actual_high_risk,predicted_high_risk,high_risk_probability
Ubuntu 22.04,Testing,Authentication Server,Chennai,Security Team,989,Running,Running,Running,Enabled,Updated,Compliant,100,Compliant,989,34,62,27,524,2,4,7,9,CPU Utilization High,P3,Resolved,Security Team,16,22,0,0,0.000586795451770956
RHEL 9,Production,Web Server,Bangalore,Linux Team,1082,Running,Running,Running,Enabled,Updated,Compliant,100,Compliant,1082,33,63,33,319,0,1,8,7,CrowdStrike Offline,P3,Resolved,Linux Team,16,16,0,0,4.6042865820791454e-08
Ubuntu 22.04,Production,Database Server,Hyderabad,Database Team,2239,Running,Running,Running,Enabled,Updated,Non-Compliant,90,Compliant,2239,72,94,76,159,3,3,5,13,Splunk Agent Down,P4,Resolved,Database Team,61,24,0,1,0.8927516714497444
RHEL 8,Testing,Authentication Server,Pune,Security Team,3325,Running,Running,Running,Enabled,Outdated,Compliant,85,Warning,3325,33,42,41,302,2,4,6,8,Firewall Disabled,P2,Resolved,Security Team,3,20,0,0,0.0511230337466375
Windows Server 2022,Testing,Authentication Server,Bangalore,Security Team,2415,Running,Running,Running,Enabled,Updated,Compliant,100,Compliant,2415,47,49,39,293,1,2,6,5,CPU Utilization High,P3,Resolved,Security Team,6,14,0,0,1.1824999521236115e-08
RHEL 8,Development,Mail Server,Hyderabad,Messaging Team,3020,Running,Running,Running,Enabled,Updated,Non-Compliant,90,Compliant,3020,26,45,60,418,0,4,10,13,Patch Failure,P3,Closed,Messaging Team,23,27,0,0,0.04920301857249277
Windows Server 2022,Testing,API Server,Chennai,Infrastructure Team,3591,Stopped,Running,Running,Enabled,Updated,Compliant,80,Warning,3591,53,48,56,403,0,5,7,5,CrowdStrike Offline,P1,Closed,Infrastructure Team,2,17,0,0,0.03458068469018344
Ubuntu 22.04,UAT,Authentication Server,Pune,Security Team,1424,Running,Running,Running,Enabled,Updated,Compliant,100,Compliant,1424,32,53,38,138,2,2,5,8,CPU Utilization High,P4,Resolved,Security Team,61,17,0,0,2.1255591410163212e-07
Windows Server 2019,Production,File Server,Chennai,Windows Team,2911,Running,Running,Running,Enabled,Updated,Compliant,100,Compliant,2911,34,43,87,468,1,3,8,8,Disk Space Full,P3,In Progress,Windows Team,10,20,0,0,0.0001374890054522171
Windows Server 2019,Production,Authentication Server,Bangalore,Security Team,4882,Running,Running,Running,Enabled,Updated,Compliant,100,Compliant,4882,38,50,46,135,1,4,4,9,Application Not Responding,P1,Resolved,Security Team,1,18,0,0,3.769310172592086e-05
Windows Server 2022,UAT,API Server,Chennai,Infrastructure Team,330,Running,Running,Running,Enabled,Updated,Compliant,100,Compliant,330,77,48,51,372,1,2,10,12,Firewall Disabled,P3,Open,Infrastructure Team,16,25,0,0,0.00013251234506725932
RHEL 9,UAT,Mail Server,Pune,Messaging Team,3425,Running,Running,Running,Enabled,Updated,Compliant,100,Compliant,3425,37,40,35,408,1,4,4,11,Qualys Agent Missing,P4,Closed,Messaging Team,8,20,0,0,5.225483169448447e-07
Windows Server 2019,Production,Application Server,Bangalore,Infrastructure Team,4198,Running,Running,Running,Enabled,Updated,Compliant,100,Compliant,4198,70,58,50,303,2,3,9,10,Firewall Disabled,P2,In Progress,Infrastructure Team,7,24,0,0,0.04118578165479435
Windows Server 2019,UAT,File Server,Bangalore,Windows Team,211,Running,Running,Running,Enabled,Updated,Compliant,100,Compliant,211,33,48,91,130,1,0,6,5,CPU Utilization High,P3,In Progress,Windows Team,16,12,0,0,1.8112863862082242e-08
Ubuntu 22.04,Development,File Server,Chennai,Windows Team,2782,Running,Running,Running,Enabled,Updated,Non-Compliant,90,Compliant,2782,24,44,80,148,1,3,6,15,Memory Utilization High,P4,Closed,Windows Team,34,25,0,0,0.014792108034726149
Windows Server 2022,UAT,Database Server,Hyderabad,Database Team,3695,Running,Stopped,Running,Enabled,Updated,Compliant,80,Warning,3695,71,77,83,721,0,9,7,25,Firewall Disabled,P4,Open,Database Team,20,41,1,1,0.9999989941893905
Windows Server 2019,Testing,API Server,Pune,Infrastructure Team,2942,Running,Running,Running,Enabled,Updated,Compliant,100,Compliant,2942,67,59,40,603,1,1,9,8,CPU Utilization High,P4,Closed,Infrastructure Team,65,19,0,0,5.103411525606141e-06
Windows Server 2019,UAT,File Server,Mumbai,Windows Team,4520,Running,Running,Running,Enabled,Outdated,Non-Compliant,75,Warning,4520,16,27,78,294,0,2,5,8,Server Down,P4,Closed,Windows Team,47,15,0,0,0.0013837179539107883
RHEL 9,Testing,API Server,Bangalore,Infrastructure Team,4298,Running,Running,Running,Enabled,Updated,Compliant,100,Compliant,4298,56,61,44,648,2,2,5,13,Patch Failure,P4,Closed,Infrastructure Team,50,22,0,0,1.7814411839968466e-05
Ubuntu 22.04,UAT,Web Server,Pune,Linux Team,2798,Running,Running,Running,Enabled,Updated,Compliant,100,Compliant,2798,23,38,58,271,1,5,7,14,Disk Space Full,P4,Resolved,Linux Team,38,27,0,0,0.0007878737799690945
Windows Server 2019,UAT,Web Server,Pune,Linux Team,612,Running,Running,Running,Enabled,Outdated,Compliant,85,Warning,612,30,48,34,336,1,4,7,20,CPU Utilization High,P4,Resolved,Linux Team,32,32,1,1,0.8448712962678069
Windows Server 2022,Testing,Web Server,Hyderabad,Linux Team,4166,Running,Running,Running,Enabled,Updated,Compliant,100,Compliant,4166,34,63,55,697,3,5,4,11,Splunk Agent Down,P3,Resolved,Linux Team,15,23,0,0,0.010035800172623921
RHEL 8,UAT,Database Server,Bangalore,Database Team,600,Running,Running,Running,Enabled,Updated,Non-Compliant,90,Compliant,600,81,92,89,99,3,5,9,11,Server Down,P3,In Progress,Database Team,17,28,1,1,0.9998292000274989
RHEL 9,Development,Database Server,Mumbai,Database Team,1761,Running,Running,Running,Enabled,Updated,Compliant,100,Compliant,1761,74,79,69,475,4,8,9,22,Disk Space Full,P3,Closed,Database Team,10,43,1,1,0.9999999091891316
Windows Server 2022,Production,Web Server,Hyderabad,Linux Team,4268,Running,Running,Running,Enabled,Updated,Compliant,100,Compliant,4268,34,33,54,638,1,5,8,15,CPU Utilization High,P4,In Progress,Linux Team,32,29,0,0,0.04149975787827453
Windows Server 2022,UAT,Mail Server,Hyderabad,Messaging Team,4582,Stopped,Running,Running,Enabled,Updated,Compliant,80,Warning,4582,40,47,39,492,2,1,5,7,Disk Space Full,P4,Open,Messaging Team,47,15,0,0,6.46258548974222e-06
Windows Server 2019,Development,API Server,Pune,Infrastructure Team,1205,Running,Running,Running,Enabled,Updated,Compliant,100,Compliant,1205,66,66,39,64,2,5,4,14,Server Down,P3,Closed,Infrastructure Team,17,25,0,0,0.00041394791039081185
Windows Server 2019,Development,Authentication Server,Pune,Security Team,4684,Running,Running,Running,Enabled,Updated,Compliant,100,Compliant,4684,44,60,50,668,2,3,6,11,Server Down,P4,Closed,Security Team,47,22,0,0,9.473953356478287e-05
Windows Server 2019,Production,API Server,Bangalore,Infrastructure Team,4439,Running,Running,Running,Enabled,Updated,Compliant,100,Compliant,4439,80,57,35,174,0,2,9,13,Disk Space Full,P4,Open,Infrastructure Team,57,24,0,0,4.412195992635672e-06
RHEL 8,Testing,Application Server,Hyderabad,Infrastructure Team,2598,Running,Running,Running,Enabled,Updated,Compliant,100,Compliant,2598,79,53,56,440,2,3,9,6,Firewall Disabled,P4,Resolved,Infrastructure Team,66,20,0,0,0.00011167727498550231
Windows Server 2019,Production,Database Server,Chennai,Database Team,2898,Running,Running,Running,Enabled,Updated,Compliant,100,Compliant,2898,67,81,72,439,0,10,17,29,CrowdStrike Offline,P4,Closed,Database Team,18,56,1,1,0.9999999999057574
RHEL 8,Production,File Server,Bangalore,Windows Team,1095,Running,Running,Running,Enabled,Updated,Compliant,100,Compliant,1095,15,23,90,424,1,1,4,12,Qualys Agent Missing,P3,Resolved,Windows Team,11,18,0,0,1.0952627545753598e-07
Windows Server 2022,Production,File Server,Hyderabad,Windows Team,4279,Running,Running,Running,Enabled,Updated,Compliant,100,Compliant,4279,35,49,91,443,1,1,8,15,Qualys Agent Missing,P3,Resolved,Windows Team,17,25,0,0,0.0002343546934776787
Windows Server 2022,Testing,API Server,Mumbai,Infrastructure Team,832,Running,Running,Running,Enabled,Updated,Compliant,100,Compliant,832,64,53,30,730,2,4,7,14,Splunk Agent Down,P3,Closed,Infrastructure Team,23,27,0,0,0.012343218602592158
Ubuntu 22.04,Production,Mail Server,Bangalore,Messaging Team,1811,Running,Running,Running,Enabled,Updated,Compliant,100,Compliant,1811,50,59,42,586,2,2,6,10,Patch Failure,P4,Open,Messaging Team,18,20,0,0,5.882161359782894e-06
Ubuntu 22.04,UAT,Web Server,Chennai,Linux Team,971,Running,Running,Running,Enabled,Outdated,Compliant,85,Warning,971,28,67,59,228,0,3,9,17,Application Not Responding,P4,Resolved,Linux Team,71,29,0,0,0.4139059079800545
Windows Server 2022,Testing,Web Server,Pune,Linux Team,4981,Running,Running,Running,Enabled,Outdated,Compliant,85,Warning,4981,21,39,58,234,1,1,8,15,Patch Failure,P3,Closed,Linux Team,9,25,0,0,0.001339709686953461
Ubuntu 22.04,Development,File Server,Chennai,Windows Team,2261,Stopped,Running,Running,Enabled,Updated,Compliant,80,Warning,2261,31,47,87,576,0,2,6,13,Application Not Responding,P4,Closed,Windows Team,47,21,0,0,0.0013116806388831415
Windows Server 2022,Production,Mail Server,Bangalore,Messaging Team,4809,Running,Running,Running,Enabled,Updated,Compliant,100,Compliant,4809,54,51,40,461,1,3,6,5,Qualys Agent Missing,P4,Resolved,Messaging Team,8,15,0,0,6.370321355786e-08
RHEL 8,Testing,Database Server,Mumbai,Database Team,787,Running,Running,Running,Enabled,Updated,Compliant,100,Compliant,787,61,78,70,620,1,7,20,17,Qualys Agent Missing,P2,Open,Database Team,2,45,1,1,0.9999999993466304
Windows Server 2022,Production,File Server,Hyderabad,Windows Team,950,Running,Running,Running,Enabled,Updated,Compliant,100,Compliant,950,17,44,73,131,1,0,7,9,Patch Failure,P4,Closed,Windows Team,26,17,0,0,2.7769170186922685e-08
Windows Server 2019,Development,Mail Server,Chennai,Messaging Team,2235,Running,Running,Running,Enabled,Updated,Compliant,100,Compliant,2235,40,63,61,416,0,4,4,9,Qualys Agent Missing,P3,Resolved,Messaging Team,15,17,0,0,2.048411728228173e-07
Windows Server 2019,Testing,Application Server,Chennai,Infrastructure Team,1718,Running,Running,Running,Enabled,Outdated,Compliant,85,Warning,1718,74,66,52,698,0,3,4,11,Splunk Agent Down,P4,Resolved,Infrastructure Team,71,18,0,0,0.0002190821028567414
RHEL 8,UAT,Web Server,Mumbai,Linux Team,2467,Running,Running,Running,Enabled,Updated,Compliant,100,Compliant,2467,52,45,23,271,2,4,12,8,Memory Utilization High,P3,Closed,Linux Team,10,26,0,0,0.01453380767206765
RHEL 9,UAT,Application Server,Bangalore,Infrastructure Team,4732,Running,Running,Running,Enabled,Updated,Non-Compliant,90,Compliant,4732,48,50,51,354,2,2,8,12,CrowdStrike Offline,P3,Open,Infrastructure Team,22,24,0,0,0.0327914776367764
Windows Server 2022,Development,File Server,Pune,Windows Team,1928,Running,Running,Running,Enabled,Updated,Compliant,100,Compliant,1928,31,48,81,679,1,3,8,15,Qualys Agent Missing,P1,Resolved,Windows Team,2,27,0,1,0.5009075339024092
Windows Server 2019,Testing,File Server,Pune,Windows Team,28,Running,Running,Running,Enabled,Updated,Compliant,100,Compliant,28,11,21,74,274,0,2,8,15,Server Down,P3,Resolved,Windows Team,21,25,0,0,1.7624089513050786e-05
Ubuntu 22.04,Development,Database Server,Chennai,Database Team,1087,Running,Stopped,Running,Enabled,Updated,Compliant,80,Warning,1087,83,76,90,387,0,7,19,18,Firewall Disabled,P2,In Progress,Database Team,4,44,1,1,0.9999999999558169
Ubuntu 22.04,Production,File Server,Hyderabad,Windows Team,3675,Running,Running,Running,Enabled,Outdated,Non-Compliant,75,Warning,3675,22,33,81,507,0,1,5,7,Application Not Responding,P4,Resolved,Windows Team,57,13,0,0,0.0006374181664528534
RHEL 9,Testing,Authentication Server,Chennai,Security Team,1203,Running,Running,Running,Enabled,Updated,Non-Compliant,90,Compliant,1203,45,46,41,483,1,2,4,5,CrowdStrike Offline,P4,Closed,Security Team,46,12,0,0,6.894699174572326e-07
RHEL 9,UAT,File Server,Mumbai,Windows Team,1805,Running,Running,Running,Enabled,Updated,Compliant,100,Compliant,1805,17,24,88,96,0,3,8,15,Application Not Responding,P4,Resolved,Windows Team,64,26,0,0,7.320595491777842e-05
RHEL 9,Development,API Server,Bangalore,Infrastructure Team,1351,Running,Running,Running,Enabled,Updated,Compliant,100,Compliant,1351,47,60,48,660,1,5,6,13,Memory Utilization High,P1,Resolved,Infrastructure Team,4,25,0,0,0.1025373713288671
Ubuntu 22.04,Testing,Application Server,Pune,Infrastructure Team,492,Running,Running,Running,Enabled,Updated,Compliant,100,Compliant,492,67,82,50,151,0,1,4,16,Splunk Agent Down,P4,Resolved,Infrastructure Team,19,21,0,0,3.036023572553394e-08
Windows Server 2022,Production,File Server,Pune,Windows Team,2613,Running,Running,Running,Enabled,Outdated,Compliant,85,Warning,2613,26,41,81,326,0,1,8,11,Disk Space Full,P4,Resolved,Windows Team,52,20,0,0,0.0001238654308958971
Windows Server 2022,Testing,Mail Server,Pune,Messaging Team,3413,Running,Stopped,Running,Enabled,Updated,Compliant,80,Warning,3413,29,52,65,576,2,1,6,9,CrowdStrike Offline,P3,In Progress,Messaging Team,9,18,0,0,0.000265283527665303
RHEL 8,UAT,Application Server,Hyderabad,Infrastructure Team,3113,Running,Running,Running,Enabled,Updated,Compliant,100,Compliant,3113,69,50,62,34,2,2,7,12,CPU Utilization High,P3,Open,Infrastructure Team,21,23,0,0,2.7175878499498858e-05
RHEL 8,Production,API Server,Hyderabad,Infrastructure Team,1593,Running,Running,Running,Enabled,Updated,Compliant,100,Compliant,1593,51,74,43,632,0,5,6,6,Qualys Agent Missing,P4,Resolved,Infrastructure Team,36,17,0,0,2.5222725166852804e-06
RHEL 8,Testing,API Server,Hyderabad,Infrastructure Team,4261,Running,Running,Running,Enabled,Outdated,Compliant,85,Warning,4261,46,51,38,590,2,4,6,7,Qualys Agent Missing,P4,Resolved,Infrastructure Team,37,19,0,0,0.008658596103293713
Windows Server 2022,Testing,Authentication Server,Mumbai,Security Team,4856,Running,Running,Running,Enabled,Updated,Compliant,100,Compliant,4856,36,49,26,34,1,2,5,7,Patch Failure,P3,Resolved,Security Team,6,15,0,0,1.4895030041697908e-09
Ubuntu 22.04,Development,API Server,Chennai,Infrastructure Team,1412,Running,Running,Running,Enabled,Updated,Compliant,100,Compliant,1412,76,68,33,512,0,4,5,15,Splunk Agent Down,P1,Open,Infrastructure Team,4,24,0,0,0.00466437716389344
Ubuntu 22.04,Production,Web Server,Hyderabad,Linux Team,4873,Running,Running,Running,Enabled,Updated,Compliant,100,Compliant,4873,45,40,52,621,2,2,11,15,Disk Space Full,P4,Closed,Linux Team,28,30,0,0,0.051549828930215
Windows Server 2022,Development,API Server,Bangalore,Infrastructure Team,1663,Running,Running,Running,Enabled,Updated,Compliant,100,Compliant,1663,72,61,35,581,2,4,8,11,Disk Space Full,P1,Resolved,Infrastructure Team,1,25,0,0,0.3048097220742528
RHEL 8,Testing,Authentication Server,Pune,Security Team,337,Running,Running,Running,Enabled,Updated,Compliant,100,Compliant,337,53,45,34,303,2,1,4,12,Patch Failure,P4,Closed,Security Team,32,19,0,0,3.443523512024436e-08
Windows Server 2022,Testing,Application Server,Mumbai,Infrastructure Team,4161,Running,Running,Running,Enabled,Updated,Compliant,100,Compliant,4161,48,54,75,273,1,4,8,13,CPU Utilization High,P3,In Progress,Infrastructure Team,7,26,0,0,0.0012119559198102918
Ubuntu 22.04,Production,File Server,Mumbai,Windows Team,1071,Running,Running,Running,Enabled,Updated,Compliant,100,Compliant,1071,35,42,82,568,1,1,4,11,Memory Utilization High,P3,In Progress,Windows Team,8,17,0,0,5.161442512092156e-07
RHEL 9,Development,Mail Server,Pune,Messaging Team,4412,Running,Running,Running,Enabled,Updated,Compliant,100,Compliant,4412,55,54,31,55,2,1,5,7,Firewall Disabled,P4,Closed,Messaging Team,39,15,0,0,6.881623058177689e-09
Ubuntu 22.04,Production,Database Server,Pune,Database Team,2982,Running,Stopped,Running,Enabled,Updated,Compliant,80,Warning,2982,71,81,67,230,2,4,7,20,Firewall Disabled,P3,Closed,Database Team,15,33,1,1,0.9985927730022056
RHEL 8,Development,API Server,Hyderabad,Infrastructure Team,3719,Running,Running,Running,Enabled,Updated,Compliant,100,Compliant,3719,55,72,48,316,1,1,4,15,Application Not Responding,P2,Resolved,Infrastructure Team,2,21,0,0,7.506542412403738e-06
Ubuntu 22.04,Testing,File Server,Mumbai,Windows Team,759,Running,Running,Running,Enabled,Updated,Compliant,100,Compliant,759,25,29,90,642,0,2,6,15,Qualys Agent Missing,P3,Resolved,Windows Team,5,23,0,0,1.6844047643333763e-05
Ubuntu 22.04,Production,Application Server,Hyderabad,Infrastructure Team,2208,Running,Running,Stopped,Enabled,Updated,Compliant,80,Warning,2208,42,85,66,338,1,2,3,10,Qualys Agent Missing,P4,In Progress,Infrastructure Team,38,16,0,0,4.030516186523575e-05
Ubuntu 22.04,Testing,Database Server,Chennai,Database Team,4122,Stopped,Running,Running,Enabled,Updated,Compliant,80,Warning,4122,62,72,79,692,5,3,13,27,Firewall Disabled,P3,Resolved,Database Team,16,48,1,1,0.9999999999680536
Windows Server 2022,Testing,Mail Server,Pune,Messaging Team,3856,Running,Running,Running,Enabled,Updated,Compliant,100,Compliant,3856,28,47,35,647,2,2,5,10,Memory Utilization High,P2,Closed,Messaging Team,7,19,0,0,2.7550822087384778e-05
RHEL 8,UAT,Application Server,Bangalore,Infrastructure Team,4734,Running,Running,Running,Enabled,Updated,Compliant,100,Compliant,4734,57,62,61,25,1,4,10,8,Firewall Disabled,P4,Closed,Infrastructure Team,35,23,0,0,5.490151600181633e-05
RHEL 8,Development,Authentication Server,Mumbai,Security Team,4129,Running,Running,Running,Enabled,Updated,Compliant,100,Compliant,4129,30,69,26,338,1,1,4,10,Firewall Disabled,P4,Resolved,Security Team,26,16,0,0,2.425780835751165e-09
Windows Server 2022,Production,API Server,Mumbai,Infrastructure Team,818,Running,Running,Running,Enabled,Updated,Compliant,100,Compliant,818,68,49,35,588,0,5,3,10,Memory Utilization High,P3,In Progress,Infrastructure Team,4,18,0,0,4.3222332310410625e-07
RHEL 9,Development,File Server,Bangalore,Windows Team,3770,Running,Running,Running,Enabled,Updated,Compliant,100,Compliant,3770,33,44,89,157,0,3,6,7,Server Down,P3,Resolved,Windows Team,18,16,0,0,1.7031287673009772e-07
Ubuntu 22.04,Production,Database Server,Pune,Database Team,55,Running,Running,Running,Enabled,Updated,Compliant,100,Compliant,55,63,86,91,495,1,9,14,29,Application Not Responding,P2,In Progress,Database Team,4,53,1,1,0.9999999999922884
RHEL 9,Production,Application Server,Mumbai,Infrastructure Team,1103,Running,Running,Running,Enabled,Updated,Non-Compliant,90,Compliant,1103,41,76,66,612,0,4,12,12,Server Down,P4,Open,Infrastructure Team,20,28,0,1,0.8020163651177618
RHEL 8,UAT,Web Server,Chennai,Linux Team,1610,Running,Running,Running,Enabled,Updated,Compliant,100,Compliant,1610,56,31,37,54,0,6,13,16,Firewall Disabled,P3,Closed,Linux Team,20,35,1,0,0.34860378560813465
Windows Server 2019,Testing,Application Server,Bangalore,Infrastructure Team,4293,Running,Running,Running,Disabled,Updated,Compliant,85,Warning,4293,47,79,72,495,0,3,9,8,Memory Utilization High,P2,Resolved,Infrastructure Team,2,20,0,0,0.06194776048399998
RHEL 8,UAT,Mail Server,Chennai,Messaging Team,1937,Running,Running,Running,Enabled,Updated,Compliant,100,Compliant,1937,50,61,30,78,0,4,3,12,Server Down,P2,In Progress,Messaging Team,4,19,0,0,2.7474849216597855e-06
RHEL 8,UAT,Web Server,Chennai,Linux Team,4426,Running,Running,Running,Enabled,Updated,Compliant,100,Compliant,4426,39,43,48,506,0,1,4,13,Firewall Disabled,P4,Closed,Linux Team,59,18,0,0,1.017908380835917e-08
Ubuntu 22.04,Production,Mail Server,Pune,Messaging Team,2314,Running,Running,Running,Enabled,Updated,Compliant,100,Compliant,2314,29,65,30,469,1,4,4,13,Firewall Disabled,P3,Closed,Messaging Team,4,22,0,0,7.922038600174812e-06
RHEL 9,Testing,Web Server,Bangalore,Linux Team,1261,Running,Running,Stopped,Enabled,Updated,Compliant,80,Warning,1261,54,42,21,307,2,4,14,13,Qualys Agent Missing,P4,Open,Linux Team,12,33,1,1,0.9987303996680936
Windows Server 2022,Development,Web Server,Bangalore,Linux Team,3463,Running,Running,Running,Enabled,Updated,Compliant,100,Compliant,3463,50,40,22,625,0,3,10,8,Qualys Agent Missing,P4,Resolved,Linux Team,14,21,0,0,6.074059501890828e-06
RHEL 8,Testing,Application Server,Hyderabad,Infrastructure Team,424,Running,Running,Running,Enabled,Updated,Compliant,100,Compliant,424,73,56,42,161,1,1,12,11,Firewall Disabled,P4,In Progress,Infrastructure Team,57,25,0,0,0.00011104398122515652
Windows Server 2022,Testing,Database Server,Mumbai,Database Team,2928,Running,Running,Running,Enabled,Updated,Compliant,100,Compliant,2928,83,80,89,535,1,5,5,18,Disk Space Full,P4,In Progress,Database Team,15,29,0,0,0.14343513589951368
RHEL 9,UAT,API Server,Chennai,Infrastructure Team,3877,Running,Running,Running,Enabled,Updated,Compliant,100,Compliant,3877,75,74,48,541,2,3,5,5,Application Not Responding,P3,Resolved,Infrastructure Team,23,15,0,0,4.140039146951781e-06
Windows Server 2019,UAT,File Server,Mumbai,Windows Team,3859,Running,Running,Running,Enabled,Updated,Compliant,100,Compliant,3859,34,31,84,164,1,1,6,8,Splunk Agent Down,P2,Resolved,Windows Team,5,16,0,0,2.7081265546846613e-06
Windows Server 2022,Testing,Web Server,Bangalore,Linux Team,1636,Running,Running,Running,Enabled,Updated,Non-Compliant,90,Compliant,1636,31,61,30,657,2,4,11,20,Server Down,P4,In Progress,Linux Team,43,37,1,1,0.999940914722115
Ubuntu 22.04,Testing,Mail Server,Bangalore,Messaging Team,639,Running,Running,Running,Enabled,Updated,Compliant,100,Compliant,639,36,56,32,544,1,3,10,14,CrowdStrike Offline,P3,In Progress,Messaging Team,12,28,0,0,0.007470506539855069
RHEL 9,UAT,Web Server,Pune,Linux Team,1720,Running,Running,Running,Enabled,Updated,Compliant,100,Compliant,1720,27,68,57,470,2,1,13,12,Splunk Agent Down,P3,Closed,Linux Team,22,28,0,0,0.03627703363538793
Windows Server 2022,Testing,Application Server,Bangalore,Infrastructure Team,3550,Running,Running,Running,Enabled,Updated,Compliant,100,Compliant,3550,75,61,72,620,2,4,8,7,Disk Space Full,P4,In Progress,Infrastructure Team,40,21,0,0,0.0008096415965691413
RHEL 8,UAT,Mail Server,Bangalore,Messaging Team,4366,Running,Running,Running,Enabled,Updated,Compliant,100,Compliant,4366,53,62,37,64,1,3,7,8,Patch Failure,P2,Resolved,Messaging Team,4,19,0,0,1.1569751689082593e-05
RHEL 8,Development,Mail Server,Mumbai,Messaging Team,507,Running,Running,Running,Enabled,Updated,Compliant,100,Compliant,507,32,65,46,413,0,2,10,11,Memory Utilization High,P4,In Progress,Messaging Team,57,23,0,0,9.338484913348151e-06
Windows Server 2022,Testing,File Server,Bangalore,Windows Team,304,Running,Running,Running,Enabled,Updated,Compliant,100,Compliant,304,32,34,85,629,0,0,7,5,CPU Utilization High,P1,Resolved,Windows Team,1,12,0,0,9.606120032289066e-07
Windows Server 2022,Development,Authentication Server,Mumbai,Security Team,1331,Running,Running,Running,Enabled,Updated,Compliant,100,Compliant,1331,49,46,39,673,1,3,4,10,CrowdStrike Offline,P3,Open,Security Team,5,18,0,0,3.2963436404376426e-07
RHEL 8,Production,Web Server,Pune,Linux Team,4982,Stopped,Running,Running,Enabled,Updated,Non-Compliant,70,Warning,4982,38,69,20,364,1,2,15,10,Disk Space Full,P3,Resolved,Linux Team,15,28,1,1,0.9982514200173775
RHEL 8,Production,Authentication Server,Chennai,Security Team,2141,Running,Stopped,Running,Enabled,Updated,Compliant,80,Warning,2141,39,43,55,368,1,2,7,4,Firewall Disabled,P4,In Progress,Security Team,14,14,0,0,3.110115226274076e-06
RHEL 9,Production,File Server,Bangalore,Windows Team,479,Stopped,Running,Running,Enabled,Updated,Compliant,80,Warning,479,14,25,72,379,1,2,7,12,Application Not Responding,P3,Resolved,Windows Team,24,22,0,0,0.004107656097887398
Ubuntu 22.04,Production,Application Server,Chennai,Infrastructure Team,4740,Running,Running,Running,Enabled,Outdated,Compliant,85,Warning,4740,78,66,44,728,0,3,4,12,Application Not Responding,P3,In Progress,Infrastructure Team,23,19,0,0,0.0008202774021343353
RHEL 8,Development,Web Server,Chennai,Linux Team,3608,Running,Running,Running,Enabled,Updated,Non-Compliant,90,Compliant,3608,37,31,48,625,1,2,10,19,Application Not Responding,P4,Resolved,Linux Team,22,32,0,1,0.6329319679270713
Ubuntu 22.04,UAT,Mail Server,Hyderabad,Messaging Team,3588,Running,Running,Running,Enabled,Outdated,Compliant,85,Warning,3588,32,63,41,78,1,4,4,12,CrowdStrike Offline,P3,Closed,Messaging Team,9,21,0,0,0.0008309571236696787
Windows Server 2019,Development,Web Server,Chennai,Linux Team,1443,Running,Running,Running,Enabled,Updated,Compliant,100,Compliant,1443,27,32,58,293,3,1,6,8,Server Down,P3,Open,Linux Team,19,18,0,0,4.1542191930386065e-06
RHEL 9,Production,Web Server,Mumbai,Linux Team,1912,Running,Running,Running,Disabled,Updated,Compliant,85,Warning,1912,57,35,27,39,0,5,11,16,Patch Failure,P4,Resolved,Linux Team,19,32,0,1,0.6482907740091287
RHEL 8,Production,Web Server,Hyderabad,Linux Team,1227,Running,Running,Running,Enabled,Updated,Compliant,100,Compliant,1227,42,54,45,168,3,2,12,8,CPU Utilization High,P4,Closed,Linux Team,54,25,0,0,0.018403304454039406
Windows Server 2019,Production,File Server,Hyderabad,Windows Team,4010,Running,Running,Running,Enabled,Updated,Compliant,100,Compliant,4010,18,36,86,50,0,1,3,6,Disk Space Full,P3,In Progress,Windows Team,20,10,0,0,1.1106737666334812e-10
RHEL 8,Development,Database Server,Mumbai,Database Team,4905,Running,Running,Running,Enabled,Updated,Compliant,100,Compliant,4905,63,72,88,579,5,4,11,15,Application Not Responding,P3,Closed,Database Team,17,35,1,1,0.9999765743116609
RHEL 9,Testing,File Server,Hyderabad,Windows Team,998,Running,Running,Running,Enabled,Updated,Non-Compliant,90,Compliant,998,13,47,81,717,0,3,8,8,Disk Space Full,P2,In Progress,Windows Team,3,19,0,0,0.16000580816799104
Windows Server 2022,Testing,Web Server,Hyderabad,Linux Team,48,Stopped,Running,Running,Enabled,Updated,Compliant,80,Warning,48,55,60,25,405,2,3,6,6,CrowdStrike Offline,P3,Closed,Linux Team,4,17,0,0,0.0015531687588916452
Windows Server 2022,Development,Database Server,Bangalore,Database Team,3593,Stopped,Running,Running,Enabled,Updated,Compliant,80,Warning,3593,75,78,75,720,4,4,11,27,CrowdStrike Offline,P4,Open,Database Team,69,46,1,1,0.9999999994605293
Windows Server 2022,Production,Mail Server,Pune,Messaging Team,4754,Running,Running,Running,Enabled,Outdated,Compliant,85,Warning,4754,40,66,58,483,2,2,2,9,Firewall Disabled,P3,Closed,Messaging Team,12,15,0,0,1.5001330015257612e-05
RHEL 9,Production,Database Server,Hyderabad,Database Team,2084,Stopped,Running,Running,Enabled,Updated,Non-Compliant,70,Warning,2084,86,78,79,7,5,9,18,18,Qualys Agent Missing,P4,In Progress,Database Team,38,50,1,1,1.0
RHEL 9,Production,Mail Server,Chennai,Messaging Team,1414,Running,Running,Running,Enabled,Updated,Compliant,100,Compliant,1414,25,43,53,58,0,3,8,11,CPU Utilization High,P4,Closed,Messaging Team,36,22,0,0,1.0018627729041784e-06
Windows Server 2019,UAT,Authentication Server,Chennai,Security Team,2067,Running,Running,Running,Enabled,Updated,Compliant,100,Compliant,2067,40,52,35,657,1,4,4,9,Application Not Responding,P4,Closed,Security Team,49,18,0,0,1.6953753737746794e-06
RHEL 8,UAT,Authentication Server,Hyderabad,Security Team,3681,Running,Running,Running,Enabled,Updated,Compliant,100,Compliant,3681,45,56,30,498,0,1,3,12,Firewall Disabled,P4,Closed,Security Team,68,16,0,0,9.058277798159298e-10
RHEL 8,UAT,Mail Server,Pune,Messaging Team,3258,Running,Running,Stopped,Enabled,Updated,Compliant,80,Warning,3258,47,50,34,224,2,2,3,11,Memory Utilization High,P4,Closed,Messaging Team,50,18,0,0,1.2357650613980456e-05
Ubuntu 22.04,Testing,File Server,Chennai,Windows Team,2606,Running,Running,Running,Enabled,Updated,Compliant,100,Compliant,2606,35,47,84,350,1,0,5,13,Disk Space Full,P4,Open,Windows Team,69,19,0,0,4.0100798424146655e-07
RHEL 9,Production,API Server,Mumbai,Infrastructure Team,767,Running,Running,Running,Enabled,Updated,Compliant,100,Compliant,767,59,40,47,716,0,1,6,15,CrowdStrike Offline,P3,Resolved,Infrastructure Team,15,22,0,0,6.970848568420144e-07
Windows Server 2019,Testing,Authentication Server,Pune,Security Team,4548,Running,Running,Running,Enabled,Outdated,Compliant,85,Warning,4548,52,49,47,282,0,2,4,6,Memory Utilization High,P2,Resolved,Security Team,8,12,0,0,1.8776600456131287e-06
Windows Server 2022,Testing,Database Server,Pune,Database Team,2275,Running,Running,Running,Enabled,Updated,Compliant,100,Compliant,2275,64,78,83,427,2,3,20,25,Patch Failure,P3,Resolved,Database Team,7,50,1,1,0.9999999375579921
RHEL 9,UAT,Authentication Server,Hyderabad,Security Team,1881,Running,Running,Running,Enabled,Outdated,Compliant,85,Warning,1881,54,49,33,629,2,4,4,4,Memory Utilization High,P1,Closed,Security Team,3,14,0,0,0.03080434419137631
RHEL 9,Testing,Authentication Server,Chennai,Security Team,1895,Running,Stopped,Running,Enabled,Outdated,Compliant,65,Non-Compliant,1895,53,40,25,292,1,1,6,7,Disk Space Full,P2,Open,Security Team,2,15,0,0,0.005173600829574067
Windows Server 2019,Development,File Server,Chennai,Windows Team,4335,Running,Running,Running,Enabled,Updated,Non-Compliant,90,Compliant,4335,14,26,92,337,0,3,6,6,Qualys Agent Missing,P2,Resolved,Windows Team,7,15,0,0,0.0007153850038922534
RHEL 9,Production,File Server,Chennai,Windows Team,64,Running,Running,Running,Enabled,Outdated,Compliant,85,Warning,64,22,43,88,122,0,1,8,11,Server Down,P2,In Progress,Windows Team,2,20,0,0,0.01370882479978685
Windows Server 2022,Production,API Server,Chennai,Infrastructure Team,2788,Running,Running,Running,Enabled,Updated,Compliant,100,Compliant,2788,63,40,58,319,1,4,4,10,CrowdStrike Offline,P3,Closed,Infrastructure Team,9,19,0,0,8.480308027798306e-07
RHEL 9,UAT,File Server,Chennai,Windows Team,266,Running,Running,Stopped,Enabled,Updated,Compliant,80,Warning,266,23,28,83,187,1,3,8,8,Disk Space Full,P3,In Progress,Windows Team,24,20,0,0,0.007166942746931027
Windows Server 2022,Development,Mail Server,Pune,Messaging Team,1445,Running,Running,Running,Enabled,Updated,Compliant,100,Compliant,1445,43,64,53,682,0,2,7,11,Splunk Agent Down,P3,Resolved,Messaging Team,10,20,0,0,5.822390546491159e-07
RHEL 9,Production,Database Server,Pune,Database Team,2525,Running,Running,Running,Enabled,Updated,Non-Compliant,90,Compliant,2525,89,83,85,644,4,7,9,29,CPU Utilization High,P2,Resolved,Database Team,4,49,1,1,0.9999999999998272
RHEL 8,Testing,Application Server,Pune,Infrastructure Team,2382,Running,Running,Running,Enabled,Updated,Compliant,100,Compliant,2382,73,70,52,250,0,1,10,12,Splunk Agent Down,P2,Resolved,Infrastructure Team,5,23,0,0,7.01128813840168e-05
Windows Server 2019,Testing,Web Server,Hyderabad,Linux Team,666,Running,Running,Running,Enabled,Updated,Non-Compliant,90,Compliant,666,39,67,50,560,2,3,14,9,Application Not Responding,P2,Resolved,Linux Team,7,28,1,1,0.9999062523345648
RHEL 8,Development,Database Server,Pune,Database Team,3078,Running,Running,Running,Enabled,Updated,Non-Compliant,90,Compliant,3078,85,73,90,284,4,3,13,23,Memory Utilization High,P4,Closed,Database Team,9,43,1,1,0.9999999355276498
RHEL 9,Production,File Server,Mumbai,Windows Team,333,Running,Running,Running,Enabled,Updated,Compliant,100,Compliant,333,25,37,89,30,1,3,5,8,CPU Utilization High,P4,Closed,Windows Team,72,17,0,0,1.2340782324276915e-06
Ubuntu 22.04,Development,Mail Server,Hyderabad,Messaging Team,3650,Running,Running,Running,Enabled,Updated,Compliant,100,Compliant,3650,48,63,35,486,0,4,6,7,Splunk Agent Down,P3,In Progress,Messaging Team,4,17,0,0,6.651295390843519e-07
RHEL 8,Development,Mail Server,Bangalore,Messaging Team,4416,Running,Running,Running,Enabled,Updated,Compliant,100,Compliant,4416,31,69,36,381,1,2,7,15,CPU Utilization High,P4,Closed,Messaging Team,55,25,0,0,2.6072986284265546e-05
Ubuntu 22.04,Testing,Web Server,Hyderabad,Linux Team,2226,Running,Running,Running,Enabled,Updated,Compliant,100,Compliant,2226,30,30,29,190,2,2,13,20,Disk Space Full,P4,Resolved,Linux Team,33,37,1,0,0.44994214494716217
RHEL 8,Development,Database Server,Mumbai,Database Team,39,Running,Running,Running,Enabled,Updated,Compliant,100,Compliant,39,88,75,72,58,3,6,14,23,Qualys Agent Missing,P2,Resolved,Database Team,4,46,1,1,0.999999994450701
Windows Server 2022,UAT,Database Server,Pune,Database Team,2956,Running,Running,Stopped,Enabled,Updated,Compliant,80,Warning,2956,88,91,85,649,2,6,12,10,CPU Utilization High,P3,Closed,Database Team,19,30,1,1,0.999995765128984
Windows Server 2019,Testing,Application Server,Bangalore,Infrastructure Team,1033,Stopped,Running,Running,Enabled,Updated,Compliant,80,Warning,1033,77,84,52,474,2,5,10,11,Disk Space Full,P3,Closed,Infrastructure Team,18,28,1,1,0.9919459386497826
RHEL 9,Testing,API Server,Chennai,Infrastructure Team,3556,Stopped,Running,Running,Enabled,Outdated,Compliant,65,Non-Compliant,3556,79,46,34,383,0,2,7,10,Firewall Disabled,P4,In Progress,Infrastructure Team,59,19,0,0,0.010495586003025996
RHEL 9,Production,Authentication Server,Mumbai,Security Team,86,Stopped,Running,Running,Enabled,Updated,Compliant,80,Warning,86,33,48,53,552,1,2,2,11,Server Down,P3,Closed,Security Team,14,16,0,0,4.3621471880812734e-06
Windows Server 2022,Development,Mail Server,Bangalore,Messaging Team,800,Running,Running,Running,Enabled,Updated,Compliant,100,Compliant,800,37,45,59,127,2,4,6,7,Splunk Agent Down,P4,Resolved,Messaging Team,38,19,0,0,2.8204689097360887e-06
Windows Server 2022,UAT,Web Server,Pune,Linux Team,450,Running,Running,Running,Enabled,Updated,Compliant,100,Compliant,450,30,64,48,724,3,3,13,13,Firewall Disabled,P4,Resolved,Linux Team,48,32,1,1,0.942657757617495
RHEL 8,UAT,Web Server,Chennai,Linux Team,2402,Stopped,Running,Running,Enabled,Outdated,Compliant,65,Non-Compliant,2402,56,69,28,439,0,5,10,15,Patch Failure,P3,Closed,Linux Team,17,30,1,1,0.9989913191441447
RHEL 8,Development,Mail Server,Pune,Messaging Team,4781,Running,Stopped,Running,Enabled,Updated,Compliant,80,Warning,4781,31,40,60,296,0,2,10,15,Disk Space Full,P4,Resolved,Messaging Team,63,27,0,0,0.0022424710943597923
RHEL 9,UAT,Mail Server,Pune,Messaging Team,518,Running,Running,Running,Enabled,Updated,Compliant,100,Compliant,518,34,67,57,59,0,2,7,14,Qualys Agent Missing,P4,In Progress,Messaging Team,42,23,0,0,1.176840684643204e-06
Ubuntu 22.04,Production,Application Server,Pune,Infrastructure Team,1193,Stopped,Running,Running,Disabled,Outdated,Compliant,50,Non-Compliant,1193,53,53,42,267,2,3,7,11,Server Down,P3,Resolved,Infrastructure Team,7,23,1,1,0.9987870308820416
RHEL 8,Testing,API Server,Mumbai,Infrastructure Team,478,Running,Running,Running,Enabled,Updated,Compliant,100,Compliant,478,49,59,51,474,0,2,10,8,Splunk Agent Down,P3,Resolved,Infrastructure Team,20,20,0,0,2.2769427979848176e-06
Ubuntu 22.04,Testing,Web Server,Chennai,Linux Team,26,Running,Running,Running,Enabled,Updated,Compliant,100,Compliant,26,47,70,47,693,1,4,13,13,Application Not Responding,P3,Resolved,Linux Team,5,31,1,1,0.7968365944070527
RHEL 8,UAT,Mail Server,Hyderabad,Messaging Team,589,Running,Running,Running,Enabled,Updated,Compliant,100,Compliant,589,49,59,41,542,0,2,4,5,Splunk Agent Down,P4,In Progress,Messaging Team,59,11,0,0,1.0603238069584012e-09
Windows Server 2022,Production,Authentication Server,Bangalore,Security Team,3967,Running,Running,Running,Enabled,Updated,Compliant,100,Compliant,3967,47,56,33,323,0,2,6,9,CrowdStrike Offline,P4,Closed,Security Team,65,17,0,0,1.4339558539811597e-08
RHEL 8,Development,Authentication Server,Mumbai,Security Team,4345,Running,Running,Running,Enabled,Updated,Compliant,100,Compliant,4345,32,70,48,651,0,2,7,8,CrowdStrike Offline,P3,Closed,Security Team,4,17,0,0,9.461824418293235e-08
RHEL 8,Testing,Application Server,Pune,Infrastructure Team,1051,Running,Running,Running,Enabled,Updated,Compliant,100,Compliant,1051,51,79,69,153,0,5,5,8,Qualys Agent Missing,P3,Closed,Infrastructure Team,14,18,0,0,7.337352276110385e-07
Ubuntu 22.04,Development,Authentication Server,Chennai,Security Team,4447,Running,Running,Running,Enabled,Updated,Compliant,100,Compliant,4447,30,63,48,201,2,2,7,10,CrowdStrike Offline,P3,Closed,Security Team,20,21,0,0,9.433431000514102e-06
RHEL 8,UAT,Web Server,Pune,Linux Team,4798,Running,Running,Running,Enabled,Updated,Compliant,100,Compliant,4798,47,59,34,141,2,1,8,18,Memory Utilization High,P3,Resolved,Linux Team,17,29,0,0,0.00035885314149261045
RHEL 9,Testing,Authentication Server,Hyderabad,Security Team,1291,Running,Running,Running,Enabled,Updated,Compliant,100,Compliant,1291,41,60,31,629,0,2,2,5,Qualys Agent Missing,P4,In Progress,Security Team,57,9,0,0,1.7478886788347826e-10
Ubuntu 22.04,Development,Database Server,Bangalore,Database Team,1638,Running,Stopped,Running,Enabled,Updated,Compliant,80,Warning,1638,80,92,90,532,1,5,17,18,Application Not Responding,P4,Closed,Database Team,61,41,1,1,0.9999999860328728
Windows Server 2022,UAT,API Server,Chennai,Infrastructure Team,4162,Running,Running,Running,Enabled,Updated,Compliant,100,Compliant,4162,79,60,30,77,2,5,8,11,Splunk Agent Down,P3,Resolved,Infrastructure Team,15,26,0,0,0.0034535320906724817
Ubuntu 22.04,Production,Web Server,Hyderabad,Linux Team,4895,Running,Running,Running,Enabled,Updated,Compliant,100,Compliant,4895,52,64,22,435,2,4,10,11,Firewall Disabled,P4,Closed,Linux Team,13,27,0,0,0.03471903643139365
Windows Server 2022,Production,File Server,Bangalore,Windows Team,2599,Running,Running,Running,Enabled,Updated,Compliant,100,Compliant,2599,28,30,80,663,0,3,6,10,Qualys Agent Missing,P3,Resolved,Windows Team,22,19,0,0,2.9551729404031997e-06
Ubuntu 22.04,Development,Database Server,Hyderabad,Database Team,2673,Running,Running,Running,Enabled,Updated,Compliant,100,Compliant,2673,75,91,85,431,1,2,15,16,Splunk Agent Down,P4,Resolved,Database Team,51,34,1,1,0.978187492670218
Windows Server 2019,UAT,Database Server,Bangalore,Database Team,2954,Running,Running,Running,Enabled,Updated,Non-Compliant,90,Compliant,2954,80,90,75,102,2,6,15,18,Firewall Disabled,P4,In Progress,Database Team,27,41,1,1,0.9999999814364396
Windows Server 2019,Testing,File Server,Chennai,Windows Team,3395,Running,Running,Running,Enabled,Updated,Compliant,100,Compliant,3395,29,25,93,94,1,3,4,6,Disk Space Full,P3,Closed,Windows Team,23,14,0,0,4.525679875540294e-08
Windows Server 2022,Testing,Mail Server,Hyderabad,Messaging Team,1339,Running,Stopped,Running,Enabled,Updated,Compliant,80,Warning,1339,55,49,51,547,2,4,8,15,CPU Utilization High,P2,Resolved,Messaging Team,8,29,1,1,0.9971699827532008
Windows Server 2019,Development,Authentication Server,Hyderabad,Security Team,2340,Running,Running,Running,Enabled,Updated,Compliant,100,Compliant,2340,49,62,45,266,0,4,4,7,Qualys Agent Missing,P4,Resolved,Security Team,67,15,0,0,2.84878578839811e-08
RHEL 8,Development,Web Server,Pune,Linux Team,2219,Running,Running,Running,Disabled,Outdated,Compliant,70,Warning,2219,20,69,55,544,2,3,10,10,Qualys Agent Missing,P3,Closed,Linux Team,12,25,1,1,0.9981482844417492
Ubuntu 22.04,Production,File Server,Hyderabad,Windows Team,765,Running,Running,Running,Enabled,Updated,Compliant,100,Compliant,765,17,45,89,203,1,3,5,11,CrowdStrike Offline,P4,Resolved,Windows Team,42,20,0,0,8.047075953262274e-06
RHEL 8,Production,Database Server,Chennai,Database Team,4829,Running,Running,Running,Enabled,Updated,Non-Compliant,90,Compliant,4829,62,74,93,393,4,2,12,28,Qualys Agent Missing,P4,Closed,Database Team,59,46,1,1,0.9999999933079229
Windows Server 2019,UAT,Database Server,Hyderabad,Database Team,2376,Running,Running,Running,Enabled,Updated,Compliant,100,Compliant,2376,70,94,92,719,0,8,11,30,Memory Utilization High,P3,Resolved,Database Team,19,49,1,1,0.9999998747638997
Windows Server 2019,Testing,Application Server,Hyderabad,Infrastructure Team,3627,Running,Running,Running,Enabled,Updated,Compliant,100,Compliant,3627,77,55,59,29,0,2,5,16,CPU Utilization High,P4,Open,Infrastructure Team,50,23,0,0,4.966700736744585e-07
Windows Server 2022,Development,Application Server,Hyderabad,Infrastructure Team,2785,Running,Running,Running,Enabled,Outdated,Compliant,85,Warning,2785,79,64,51,667,1,5,6,9,Patch Failure,P1,Closed,Infrastructure Team,3,21,1,1,0.856575839512642
Windows Server 2022,Testing,Authentication Server,Chennai,Security Team,501,Running,Running,Running,Enabled,Updated,Compliant,100,Compliant,501,48,49,31,287,2,4,8,5,Disk Space Full,P4,Resolved,Security Team,63,19,0,0,1.7102024378537878e-05
Ubuntu 22.04,UAT,Application Server,Mumbai,Infrastructure Team,117,Running,Running,Running,Enabled,Updated,Compliant,100,Compliant,117,78,78,62,307,2,3,8,6,Server Down,P4,Closed,Infrastructure Team,51,19,0,0,0.00014308846738820275
Windows Server 2022,UAT,Authentication Server,Chennai,Security Team,1746,Running,Running,Running,Enabled,Updated,Compliant,100,Compliant,1746,56,42,27,259,2,2,6,8,CPU Utilization High,P3,Closed,Security Team,12,18,0,0,5.713392930763096e-07
Ubuntu 22.04,Testing,Web Server,Mumbai,Linux Team,957,Running,Running,Running,Enabled,Updated,Compliant,100,Compliant,957,59,37,34,252,2,2,15,16,Firewall Disabled,P3,Resolved,Linux Team,22,35,1,1,0.8087359497164239
RHEL 9,Development,Web Server,Chennai,Linux Team,4069,Running,Running,Running,Enabled,Updated,Compliant,100,Compliant,4069,24,61,59,575,1,2,10,10,Firewall Disabled,P3,Open,Linux Team,6,23,0,0,0.00018108576497288557
Windows Server 2022,Development,API Server,Chennai,Infrastructure Team,4466,Running,Running,Running,Enabled,Updated,Compliant,100,Compliant,4466,47,47,49,468,2,5,8,6,Disk Space Full,P4,Resolved,Infrastructure Team,22,21,0,0,0.00015186233964173407
Windows Server 2022,UAT,Application Server,Bangalore,Infrastructure Team,2128,Running,Running,Running,Enabled,Updated,Compliant,100,Compliant,2128,57,68,63,263,2,4,6,8,Disk Space Full,P2,In Progress,Infrastructure Team,3,20,0,0,0.0015800834426104933
Windows Server 2019,Production,Database Server,Bangalore,Database Team,2867,Running,Running,Running,Enabled,Updated,Compliant,100,Compliant,2867,70,90,79,348,2,8,12,30,Splunk Agent Down,P3,Closed,Database Team,24,52,1,1,0.9999999982011845
Windows Server 2019,Production,Mail Server,Bangalore,Messaging Team,2284,Running,Running,Running,Enabled,Updated,Non-Compliant,90,Compliant,2284,39,70,41,146,2,2,3,8,Disk Space Full,P3,Resolved,Messaging Team,12,15,0,0,8.227255704300557e-06
RHEL 9,Testing,Application Server,Pune,Infrastructure Team,229,Running,Running,Running,Enabled,Updated,Compliant,100,Compliant,229,68,60,67,707,1,1,8,17,CPU Utilization High,P4,Resolved,Infrastructure Team,50,27,0,0,0.0004718340297698223
Windows Server 2022,UAT,Web Server,Mumbai,Linux Team,709,Running,Running,Running,Enabled,Updated,Compliant,100,Compliant,709,50,42,23,643,0,2,15,15,Application Not Responding,P3,Closed,Linux Team,20,32,0,0,0.06933926654101642
RHEL 8,Testing,Web Server,Chennai,Linux Team,1073,Running,Running,Running,Enabled,Outdated,Compliant,85,Warning,1073,28,68,33,403,0,6,7,16,Disk Space Full,P3,Closed,Linux Team,13,29,0,1,0.6564026718378725
Windows Server 2019,Development,Authentication Server,Mumbai,Security Team,1248,Running,Running,Running,Enabled,Updated,Compliant,100,Compliant,1248,45,60,30,211,2,2,3,7,Memory Utilization High,P3,Open,Security Team,10,14,0,0,1.0705819520615982e-08
Windows Server 2022,Development,Mail Server,Mumbai,Messaging Team,1934,Running,Running,Running,Enabled,Updated,Compliant,100,Compliant,1934,34,56,52,314,0,1,4,13,Memory Utilization High,P4,Open,Messaging Team,28,18,0,0,1.5466507253005998e-09
Ubuntu 22.04,Production,Application Server,Mumbai,Infrastructure Team,4750,Running,Running,Running,Enabled,Updated,Compliant,100,Compliant,4750,79,70,71,208,2,2,10,10,Memory Utilization High,P3,Open,Infrastructure Team,7,24,0,0,0.0007243263168802925
Windows Server 2022,Testing,Application Server,Chennai,Infrastructure Team,1334,Running,Running,Running,Enabled,Updated,Compliant,100,Compliant,1334,51,83,58,512,1,3,8,15,Patch Failure,P1,Resolved,Infrastructure Team,3,27,0,0,0.1705173016455183
RHEL 8,Production,Application Server,Chennai,Infrastructure Team,4627,Running,Running,Running,Enabled,Updated,Compliant,100,Compliant,4627,53,83,75,160,1,2,3,13,CrowdStrike Offline,P3,Resolved,Infrastructure Team,23,19,0,0,2.1384462227026434e-07
Ubuntu 22.04,Testing,API Server,Chennai,Infrastructure Team,3845,Running,Running,Running,Enabled,Updated,Compliant,100,Compliant,3845,65,58,38,79,1,1,7,12,Splunk Agent Down,P2,Open,Infrastructure Team,7,21,0,0,1.6603944769901564e-05
Windows Server 2022,Testing,Database Server,Hyderabad,Database Team,2000,Running,Running,Running,Enabled,Updated,Compliant,100,Compliant,2000,78,79,91,606,4,9,12,18,Server Down,P4,Closed,Database Team,63,43,1,1,0.9999999983242549
Windows Server 2019,Development,API Server,Chennai,Infrastructure Team,496,Running,Running,Running,Enabled,Updated,Compliant,100,Compliant,496,55,65,58,12,1,3,5,6,CrowdStrike Offline,P1,Resolved,Infrastructure Team,4,15,0,0,1.031467558239145e-05
RHEL 8,Production,File Server,Bangalore,Windows Team,4007,Stopped,Running,Running,Enabled,Updated,Compliant,80,Warning,4007,16,46,85,655,1,0,8,15,Disk Space Full,P2,Closed,Windows Team,3,24,0,0,0.15507793020147473
RHEL 9,UAT,Authentication Server,Chennai,Security Team,3717,Running,Running,Running,Disabled,Updated,Compliant,85,Warning,3717,51,58,38,27,0,2,4,4,Memory Utilization High,P3,Resolved,Security Team,12,10,0,0,8.23440969583291e-09
RHEL 9,Production,Application Server,Mumbai,Infrastructure Team,775,Running,Running,Running,Enabled,Updated,Compliant,100,Compliant,775,65,79,63,368,2,2,4,13,Server Down,P1,Closed,Infrastructure Team,4,21,0,0,0.0033552402297257625
Windows Server 2022,Testing,Web Server,Pune,Linux Team,309,Running,Running,Running,Enabled,Updated,Compliant,100,Compliant,309,21,38,59,702,1,1,9,10,Firewall Disabled,P3,Resolved,Linux Team,17,21,0,0,6.641296365188685e-06
Windows Server 2022,Testing,API Server,Hyderabad,Infrastructure Team,4395,Running,Running,Running,Enabled,Updated,Compliant,100,Compliant,4395,45,59,48,259,2,1,4,6,Firewall Disabled,P3,Closed,Infrastructure Team,10,13,0,0,5.430331263892339e-09
RHEL 8,Development,Database Server,Hyderabad,Database Team,2250,Running,Running,Running,Enabled,Updated,Compliant,100,Compliant,2250,80,94,86,14,5,5,15,21,CrowdStrike Offline,P2,Resolved,Database Team,4,46,1,1,0.9999999998248568
Windows Server 2022,Production,API Server,Hyderabad,Infrastructure Team,2768,Running,Running,Running,Enabled,Outdated,Compliant,85,Warning,2768,69,50,36,714,1,5,3,13,Firewall Disabled,P4,Closed,Infrastructure Team,24,22,0,0,0.006405353145485746
RHEL 9,Production,Application Server,Hyderabad,Infrastructure Team,4247,Running,Running,Running,Enabled,Updated,Compliant,100,Compliant,4247,53,77,50,407,1,2,5,16,Memory Utilization High,P4,Resolved,Infrastructure Team,51,24,0,0,1.0335037058587463e-05
RHEL 9,Production,File Server,Chennai,Windows Team,1495,Running,Running,Running,Enabled,Updated,Compliant,100,Compliant,1495,20,24,71,626,0,2,3,5,Application Not Responding,P4,Closed,Windows Team,21,10,0,0,5.721116685726569e-10
Windows Server 2022,Development,Web Server,Hyderabad,Linux Team,2171,Running,Running,Running,Enabled,Updated,Compliant,100,Compliant,2171,50,35,34,246,0,3,7,10,Application Not Responding,P4,Closed,Linux Team,53,20,0,0,4.1982423138566676e-07
RHEL 8,Testing,API Server,Bangalore,Infrastructure Team,1914,Running,Running,Running,Enabled,Updated,Compliant,100,Compliant,1914,54,40,50,596,1,4,5,12,Qualys Agent Missing,P3,Closed,Infrastructure Team,5,22,0,0,1.366514768612249e-05
RHEL 9,UAT,Application Server,Chennai,Infrastructure Team,4387,Running,Running,Running,Enabled,Updated,Compliant,100,Compliant,4387,63,61,45,223,0,2,11,6,Firewall Disabled,P2,Closed,Infrastructure Team,7,19,0,0,3.070039908600803e-05
RHEL 8,Development,Database Server,Hyderabad,Database Team,1605,Running,Running,Stopped,Enabled,Updated,Compliant,80,Warning,1605,77,87,76,608,5,8,16,16,CrowdStrike Offline,P4,Closed,Database Team,52,45,1,1,0.9999999999998317
Windows Server 2019,Production,Application Server,Bangalore,Infrastructure Team,1405,Running,Running,Running,Enabled,Updated,Compliant,100,Compliant,1405,60,81,52,431,2,4,5,15,Splunk Agent Down,P4,Resolved,Infrastructure Team,51,26,0,0,0.0030581990467882444
Windows Server 2019,Development,Web Server,Bangalore,Linux Team,3262,Running,Running,Running,Enabled,Updated,Compliant,100,Compliant,3262,21,58,49,728,1,6,5,14,CPU Utilization High,P2,Resolved,Linux Team,3,26,0,0,0.2546863861040741
Windows Server 2019,Development,Authentication Server,Chennai,Security Team,2431,Running,Running,Running,Enabled,Updated,Compliant,100,Compliant,2431,35,42,51,669,2,4,5,8,Firewall Disabled,P3,Resolved,Security Team,6,19,0,0,1.4038569083962058e-05
RHEL 8,Development,Web Server,Chennai,Linux Team,7,Running,Running,Running,Enabled,Updated,Compliant,100,Compliant,7,22,30,32,95,0,2,10,16,Server Down,P4,In Progress,Linux Team,47,28,0,0,3.792037111133894e-05
Windows Server 2019,Development,Database Server,Chennai,Database Team,3943,Running,Running,Running,Enabled,Updated,Compliant,100,Compliant,3943,87,87,68,251,1,7,16,16,Firewall Disabled,P4,Closed,Database Team,38,40,1,1,0.9999904233266794
RHEL 8,Development,Authentication Server,Mumbai,Security Team,3528,Running,Running,Running,Enabled,Updated,Compliant,100,Compliant,3528,40,67,37,470,0,3,3,11,Server Down,P3,Resolved,Security Team,12,17,0,0,1.7347048070796508e-08
Ubuntu 22.04,UAT,Application Server,Pune,Infrastructure Team,4382,Running,Running,Running,Enabled,Updated,Compliant,100,Compliant,4382,55,64,75,618,1,3,5,10,Memory Utilization High,P1,In Progress,Infrastructure Team,2,19,0,0,0.0008252368309725185
Ubuntu 22.04,Testing,Web Server,Bangalore,Linux Team,4114,Running,Running,Running,Enabled,Updated,Compliant,100,Compliant,4114,40,65,54,39,0,4,15,8,Application Not Responding,P3,Resolved,Linux Team,18,27,0,0,0.013199589468497702
RHEL 8,Development,Mail Server,Bangalore,Messaging Team,1481,Running,Running,Running,Enabled,Updated,Compliant,100,Compliant,1481,32,43,44,705,2,2,8,5,Memory Utilization High,P3,Resolved,Messaging Team,20,17,0,0,2.0181726383417465e-06
Windows Server 2019,Testing,Database Server,Chennai,Database Team,360,Running,Running,Running,Enabled,Updated,Compliant,100,Compliant,360,78,90,85,266,3,10,18,26,Server Down,P3,Closed,Database Team,18,57,1,1,0.9999999999999292
Windows Server 2022,UAT,Authentication Server,Mumbai,Security Team,4423,Running,Running,Running,Enabled,Updated,Compliant,100,Compliant,4423,42,55,52,674,2,3,6,11,Qualys Agent Missing,P4,Closed,Security Team,44,22,0,0,8.042109222915149e-05
Ubuntu 22.04,UAT,Mail Server,Mumbai,Messaging Team,1986,Running,Running,Running,Enabled,Updated,Compliant,100,Compliant,1986,49,60,47,110,0,2,4,8,Firewall Disabled,P4,Closed,Messaging Team,25,14,0,0,6.623429067856561e-10
RHEL 9,Production,Database Server,Mumbai,Database Team,3162,Running,Running,Running,Enabled,Updated,Compliant,100,Compliant,3162,69,95,75,713,2,6,13,18,Disk Space Full,P4,Resolved,Database Team,14,39,1,1,0.9999904831730875
Ubuntu 22.04,Testing,Application Server,Chennai,Infrastructure Team,200,Running,Running,Running,Enabled,Updated,Compliant,100,Compliant,200,80,79,41,593,2,2,4,18,CPU Utilization High,P3,Closed,Infrastructure Team,20,26,0,0,0.0011459942511050567
RHEL 8,Development,Application Server,Bangalore,Infrastructure Team,1944,Running,Running,Running,Enabled,Updated,Compliant,100,Compliant,1944,68,79,67,107,1,1,7,15,Disk Space Full,P3,Closed,Infrastructure Team,9,24,0,0,3.1981384474853483e-06
RHEL 8,Testing,Authentication Server,Hyderabad,Security Team,3698,Running,Running,Running,Enabled,Updated,Non-Compliant,90,Compliant,3698,56,66,42,714,1,4,5,9,Server Down,P4,Closed,Security Team,54,19,0,0,0.0022001288883460044
RHEL 8,Development,API Server,Pune,Infrastructure Team,2998,Running,Running,Running,Enabled,Updated,Compliant,100,Compliant,2998,64,47,45,334,2,1,3,8,CrowdStrike Offline,P3,Closed,Infrastructure Team,22,14,0,0,5.744169834710009e-09
Windows Server 2022,UAT,Database Server,Hyderabad,Database Team,2694,Running,Running,Running,Enabled,Updated,Compliant,100,Compliant,2694,63,95,69,14,1,10,8,16,Memory Utilization High,P3,Closed,Database Team,14,35,1,1,0.9985016744995662
RHEL 9,Development,API Server,Mumbai,Infrastructure Team,143,Running,Running,Running,Enabled,Updated,Compliant,100,Compliant,143,72,71,38,53,0,2,10,9,Firewall Disabled,P3,Resolved,Infrastructure Team,21,21,0,0,1.7589723800580215e-06
RHEL 8,Testing,Mail Server,Pune,Messaging Team,1350,Stopped,Running,Running,Enabled,Updated,Compliant,80,Warning,1350,26,60,33,319,0,3,10,8,Disk Space Full,P3,Closed,Messaging Team,14,21,0,0,0.0004009573420197702
Ubuntu 22.04,Production,Database Server,Chennai,Database Team,1244,Running,Running,Running,Enabled,Updated,Compliant,100,Compliant,1244,82,73,65,266,2,7,15,21,Patch Failure,P3,Closed,Database Team,21,45,1,1,0.99999982974478
RHEL 9,UAT,Database Server,Pune,Database Team,1344,Running,Running,Running,Enabled,Outdated,Compliant,85,Warning,1344,65,72,80,592,3,6,15,28,Patch Failure,P3,Closed,Database Team,15,52,1,1,0.9999999999973199
RHEL 9,UAT,Database Server,Bangalore,Database Team,2828,Running,Running,Running,Enabled,Updated,Compliant,100,Compliant,2828,68,94,75,140,3,3,13,26,Firewall Disabled,P4,Closed,Database Team,64,45,1,1,0.9999950644001563
RHEL 8,Testing,File Server,Hyderabad,Windows Team,1449,Running,Running,Running,Enabled,Updated,Compliant,100,Compliant,1449,25,42,78,89,0,1,6,8,Firewall Disabled,P3,Open,Windows Team,10,15,0,0,4.765533213907798e-09
RHEL 9,Production,Database Server,Bangalore,Database Team,4308,Running,Running,Running,Enabled,Updated,Compliant,100,Compliant,4308,65,89,90,478,0,9,6,22,Splunk Agent Down,P3,Resolved,Database Team,20,37,1,1,0.9979514533387698
RHEL 8,UAT,Database Server,Pune,Database Team,3126,Running,Running,Running,Enabled,Updated,Compliant,100,Compliant,3126,83,72,92,206,3,10,6,25,Splunk Agent Down,P4,Closed,Database Team,58,44,1,1,0.999999435161937
RHEL 9,Production,Authentication Server,Pune,Security Team,1014,Running,Running,Running,Enabled,Updated,Compliant,100,Compliant,1014,34,46,40,484,2,3,8,10,Memory Utilization High,P3,Resolved,Security Team,4,23,0,0,7.727031680858624e-05
Windows Server 2019,Development,Mail Server,Mumbai,Messaging Team,3968,Running,Running,Running,Enabled,Outdated,Compliant,85,Warning,3968,46,59,64,544,0,1,9,12,CrowdStrike Offline,P4,Open,Messaging Team,60,22,0,0,0.001292998354661233
RHEL 9,Testing,Mail Server,Chennai,Messaging Team,1444,Running,Running,Running,Enabled,Updated,Compliant,100,Compliant,1444,37,42,36,553,1,2,7,12,Disk Space Full,P2,Resolved,Messaging Team,4,22,0,0,0.0001204261546693831
Windows Server 2019,Production,Application Server,Pune,Infrastructure Team,2108,Running,Running,Running,Enabled,Updated,Compliant,100,Compliant,2108,41,71,67,505,2,3,10,15,Server Down,P2,In Progress,Infrastructure Team,4,30,0,1,0.8964497061165996
RHEL 9,UAT,Web Server,Chennai,Linux Team,2105,Running,Running,Running,Enabled,Updated,Compliant,100,Compliant,2105,59,52,41,457,3,3,12,6,Disk Space Full,P4,In Progress,Linux Team,27,24,0,0,0.05940486800024729
RHEL 8,Testing,Mail Server,Pune,Messaging Team,4265,Running,Running,Running,Enabled,Updated,Compliant,100,Compliant,4265,34,70,48,49,0,3,8,14,Patch Failure,P3,In Progress,Messaging Team,14,25,0,0,6.3813230038766206e-06
Ubuntu 22.04,UAT,Web Server,Mumbai,Linux Team,1283,Running,Running,Running,Enabled,Updated,Compliant,100,Compliant,1283,35,61,23,613,1,4,8,14,Disk Space Full,P4,Closed,Linux Team,38,27,0,0,0.0044519871042482196
RHEL 9,Testing,Database Server,Hyderabad,Database Team,4301,Running,Running,Running,Enabled,Updated,Non-Compliant,90,Compliant,4301,78,91,90,89,2,10,13,15,CPU Utilization High,P3,In Progress,Database Team,20,40,1,1,0.999999999619932
Ubuntu 22.04,UAT,File Server,Mumbai,Windows Team,3090,Running,Running,Running,Enabled,Updated,Compliant,100,Compliant,3090,31,34,71,471,0,0,7,15,Firewall Disabled,P3,Resolved,Windows Team,23,22,0,0,9.335154209122988e-07
Ubuntu 22.04,UAT,Web Server,Bangalore,Linux Team,1922,Running,Running,Running,Enabled,Updated,Compliant,100,Compliant,1922,31,42,23,392,0,2,13,9,CrowdStrike Offline,P4,Closed,Linux Team,43,24,0,0,7.352735892792548e-05
Ubuntu 22.04,UAT,Application Server,Chennai,Infrastructure Team,1156,Running,Running,Running,Enabled,Updated,Compliant,100,Compliant,1156,76,64,63,508,0,3,3,7,Patch Failure,P4,Resolved,Infrastructure Team,63,13,0,0,7.192063317202923e-09
RHEL 8,Production,Web Server,Chennai,Linux Team,4292,Running,Running,Running,Enabled,Updated,Compliant,100,Compliant,4292,24,69,59,249,3,5,14,17,Disk Space Full,P2,Closed,Linux Team,8,39,1,1,0.999990097266505
Windows Server 2019,Development,Web Server,Hyderabad,Linux Team,3802,Running,Running,Running,Enabled,Updated,Compliant,100,Compliant,3802,28,56,31,299,1,6,6,17,Application Not Responding,P4,Open,Linux Team,67,30,0,0,0.03370842487440508
Windows Server 2019,Production,API Server,Hyderabad,Infrastructure Team,3432,Running,Running,Running,Enabled,Updated,Compliant,100,Compliant,3432,65,69,36,618,0,4,7,13,Disk Space Full,P3,In Progress,Infrastructure Team,6,24,0,0,0.00015296402853181323
Ubuntu 22.04,UAT,File Server,Hyderabad,Windows Team,4584,Running,Running,Running,Enabled,Updated,Non-Compliant,90,Compliant,4584,18,34,91,693,1,1,7,9,Patch Failure,P4,Open,Windows Team,27,18,0,0,0.00034041660782192437
Windows Server 2022,UAT,File Server,Pune,Windows Team,3193,Running,Running,Running,Enabled,Outdated,Compliant,85,Warning,3193,12,24,95,519,0,2,5,13,CrowdStrike Offline,P3,In Progress,Windows Team,21,20,0,0,0.0002437185453395321
RHEL 9,UAT,API Server,Bangalore,Infrastructure Team,2837,Stopped,Running,Stopped,Enabled,Updated,Compliant,60,Non-Compliant,2837,45,72,44,720,1,1,10,9,CrowdStrike Offline,P3,Resolved,Infrastructure Team,16,21,1,1,0.5331477280588268
RHEL 8,UAT,Web Server,Mumbai,Linux Team,3168,Running,Running,Running,Enabled,Updated,Compliant,100,Compliant,3168,38,68,34,365,3,1,5,18,Splunk Agent Down,P4,Resolved,Linux Team,36,27,0,0,0.0005333999048531026
Windows Server 2022,Production,Application Server,Mumbai,Infrastructure Team,977,Running,Running,Running,Enabled,Updated,Compliant,100,Compliant,977,75,59,59,164,1,4,8,17,CrowdStrike Offline,P3,In Progress,Infrastructure Team,10,30,0,0,0.010162106815125693
Windows Server 2022,UAT,API Server,Mumbai,Infrastructure Team,4876,Running,Running,Running,Enabled,Updated,Compliant,100,Compliant,4876,64,45,55,319,2,1,10,6,Firewall Disabled,P3,Resolved,Infrastructure Team,16,19,0,0,4.636389741550175e-06
RHEL 8,UAT,Database Server,Bangalore,Database Team,2232,Running,Running,Running,Enabled,Updated,Compliant,100,Compliant,2232,74,87,93,649,4,3,5,25,Application Not Responding,P2,Open,Database Team,8,37,1,1,0.9999708294227786
Ubuntu 22.04,UAT,Mail Server,Hyderabad,Messaging Team,4189,Stopped,Running,Running,Enabled,Updated,Compliant,80,Warning,4189,45,45,60,81,2,1,10,12,CPU Utilization High,P1,Resolved,Messaging Team,2,25,1,1,0.8541018966178419
RHEL 8,Development,File Server,Bangalore,Windows Team,3868,Running,Running,Running,Enabled,Updated,Compliant,100,Compliant,3868,20,46,87,276,1,3,5,7,Splunk Agent Down,P1,Resolved,Windows Team,1,16,0,0,5.759108777490695e-05
RHEL 9,Development,Mail Server,Mumbai,Messaging Team,4094,Running,Running,Running,Enabled,Updated,Compliant,100,Compliant,4094,47,44,52,669,0,4,9,12,Disk Space Full,P3,Resolved,Messaging Team,21,25,0,0,0.00018280344158251713
RHEL 9,UAT,Database Server,Pune,Database Team,3409,Running,Stopped,Running,Enabled,Updated,Compliant,80,Warning,3409,74,76,92,494,3,9,16,29,Memory Utilization High,P1,Resolved,Database Team,2,57,1,1,1.0
Windows Server 2019,Testing,Authentication Server,Bangalore,Security Team,1397,Running,Running,Running,Enabled,Updated,Compliant,100,Compliant,1397,30,68,41,69,1,2,3,4,Qualys Agent Missing,P4,Resolved,Security Team,65,10,0,0,3.0802487562175335e-10
RHEL 9,Production,File Server,Pune,Windows Team,4036,Running,Running,Running,Enabled,Updated,Compliant,100,Compliant,4036,11,48,72,115,1,1,4,8,Memory Utilization High,P4,Closed,Windows Team,26,14,0,0,2.526429630418073e-09
RHEL 9,Testing,API Server,Pune,Infrastructure Team,3019,Running,Running,Running,Enabled,Outdated,Non-Compliant,75,Warning,3019,79,74,55,468,0,1,5,10,Disk Space Full,P3,In Progress,Infrastructure Team,9,16,0,0,0.0014699416448586916
Windows Server 2019,UAT,Web Server,Pune,Linux Team,4137,Running,Running,Running,Enabled,Outdated,Compliant,85,Warning,4137,33,52,47,682,3,4,9,9,Server Down,P4,Resolved,Linux Team,66,25,1,1,0.9826151061257924
RHEL 9,Production,Database Server,Pune,Database Team,221,Running,Running,Running,Enabled,Updated,Compliant,100,Compliant,221,66,79,85,178,5,10,13,19,CPU Utilization High,P4,Closed,Database Team,10,47,1,1,0.9999999999335172
Windows Server 2022,Production,Authentication Server,Mumbai,Security Team,3771,Running,Stopped,Running,Disabled,Updated,Compliant,65,Non-Compliant,3771,60,43,25,557,0,4,3,8,Server Down,P2,Closed,Security Team,8,15,0,0,0.01290001851399461
Windows Server 2022,Testing,Database Server,Pune,Database Team,2929,Running,Running,Running,Enabled,Updated,Non-Compliant,90,Compliant,2929,78,93,77,477,3,3,6,26,Splunk Agent Down,P4,Resolved,Database Team,10,38,1,1,0.9999555989405478
RHEL 9,UAT,Application Server,Hyderabad,Infrastructure Team,4278,Running,Running,Running,Enabled,Outdated,Compliant,85,Warning,4278,60,51,45,339,1,1,5,12,Qualys Agent Missing,P3,In Progress,Infrastructure Team,9,19,0,0,7.308503619887911e-05
Windows Server 2022,Testing,Authentication Server,Chennai,Security Team,3927,Running,Running,Running,Enabled,Updated,Compliant,100,Compliant,3927,31,42,48,182,0,2,7,9,CrowdStrike Offline,P3,Closed,Security Team,6,18,0,0,1.3146940016134902e-08
Ubuntu 22.04,Development,Mail Server,Mumbai,Messaging Team,4158,Running,Running,Running,Enabled,Updated,Compliant,100,Compliant,4158,30,46,44,435,2,3,8,7,Firewall Disabled,P3,Resolved,Messaging Team,19,20,0,0,3.0782085964430186e-05
Ubuntu 22.04,Development,Web Server,Pune,Linux Team,1112,Running,Running,Running,Enabled,Updated,Compliant,100,Compliant,1112,57,32,36,445,2,5,4,10,Memory Utilization High,P3,Closed,Linux Team,24,21,0,0,6.939675828501179e-05
Windows Server 2019,Production,Web Server,Hyderabad,Linux Team,4317,Running,Running,Running,Enabled,Updated,Compliant,100,Compliant,4317,56,38,45,698,1,5,5,10,Application Not Responding,P3,In Progress,Linux Team,17,21,0,0,0.00032690091768403383
Windows Server 2022,Production,File Server,Hyderabad,Windows Team,498,Running,Running,Running,Enabled,Updated,Compliant,100,Compliant,498,14,46,91,678,1,0,8,5,CPU Utilization High,P1,Closed,Windows Team,1,14,0,0,5.977352770086362e-05
Windows Server 2022,Production,Mail Server,Bangalore,Messaging Team,3314,Running,Running,Running,Enabled,Updated,Compliant,100,Compliant,3314,29,42,63,295,0,2,6,15,Server Down,P3,Closed,Messaging Team,23,23,0,0,4.327795507429806e-07
Windows Server 2022,Testing,Database Server,Chennai,Database Team,2711,Running,Running,Running,Enabled,Updated,Non-Compliant,90,Compliant,2711,72,94,66,257,1,9,14,18,Qualys Agent Missing,P1,Resolved,Database Team,3,42,1,1,0.9999999999823728
Ubuntu 22.04,UAT,Database Server,Mumbai,Database Team,3227,Running,Running,Running,Enabled,Updated,Compliant,100,Compliant,3227,62,91,65,281,4,8,6,16,Disk Space Full,P3,Closed,Database Team,14,34,1,1,0.9999153527789536
Windows Server 2019,UAT,Application Server,Bangalore,Infrastructure Team,2965,Running,Running,Running,Enabled,Outdated,Compliant,85,Warning,2965,42,63,58,228,0,4,9,6,Patch Failure,P4,Resolved,Infrastructure Team,8,19,0,0,0.0003238765327526606
RHEL 9,Development,Application Server,Chennai,Infrastructure Team,3507,Running,Running,Running,Enabled,Updated,Compliant,100,Compliant,3507,49,56,46,284,0,2,12,14,Firewall Disabled,P3,Resolved,Infrastructure Team,4,28,0,0,0.0001793135799763856
Windows Server 2022,Development,Database Server,Hyderabad,Database Team,742,Running,Running,Running,Enabled,Updated,Compliant,100,Compliant,742,70,74,78,726,2,8,7,16,CPU Utilization High,P2,Closed,Database Team,7,33,1,1,0.9999792082046286
RHEL 8,Production,Authentication Server,Pune,Security Team,4624,Running,Running,Running,Enabled,Updated,Compliant,100,Compliant,4624,57,65,49,11,1,4,4,4,CPU Utilization High,P2,Closed,Security Team,2,13,0,0,3.9245628080190114e-07
Windows Server 2022,Production,File Server,Mumbai,Windows Team,4022,Running,Running,Running,Disabled,Updated,Non-Compliant,75,Warning,4022,10,46,86,308,1,3,4,11,Memory Utilization High,P3,In Progress,Windows Team,22,19,0,0,0.1543420969627001
RHEL 8,UAT,Mail Server,Chennai,Messaging Team,619,Running,Running,Running,Enabled,Updated,Compliant,100,Compliant,619,42,46,63,647,1,2,3,6,Server Down,P2,Closed,Messaging Team,3,12,0,0,1.4396944380086433e-07
RHEL 8,Development,Web Server,Bangalore,Linux Team,3742,Stopped,Running,Running,Enabled,Updated,Compliant,80,Warning,3742,47,60,36,333,0,1,9,11,Qualys Agent Missing,P2,Closed,Linux Team,6,21,0,0,0.0050279326603515796
RHEL 8,UAT,Mail Server,Chennai,Messaging Team,2602,Running,Running,Running,Enabled,Updated,Compliant,100,Compliant,2602,39,67,63,213,0,3,6,9,CPU Utilization High,P4,In Progress,Messaging Team,30,18,0,0,2.0796385002046398e-07
RHEL 8,Development,Authentication Server,Pune,Security Team,790,Running,Running,Running,Enabled,Updated,Compliant,100,Compliant,790,50,56,29,616,1,2,8,10,Application Not Responding,P4,Resolved,Security Team,68,21,0,0,5.334817822678338e-06
Windows Server 2022,Development,Web Server,Mumbai,Linux Team,3185,Running,Running,Running,Enabled,Updated,Compliant,100,Compliant,3185,52,37,49,367,1,1,11,5,Firewall Disabled,P2,Open,Linux Team,3,18,0,0,3.893753962327361e-05
RHEL 8,Production,File Server,Bangalore,Windows Team,2311,Running,Running,Running,Enabled,Updated,Compliant,100,Compliant,2311,28,28,70,619,1,3,7,9,Application Not Responding,P3,Closed,Windows Team,6,20,0,0,2.495682841786947e-05
RHEL 8,Development,Mail Server,Chennai,Messaging Team,2702,Running,Running,Running,Enabled,Updated,Compliant,100,Compliant,2702,50,53,51,314,1,1,4,14,Disk Space Full,P4,Resolved,Messaging Team,39,20,0,0,3.351366055939301e-08
Windows Server 2019,Production,Web Server,Mumbai,Linux Team,4860,Running,Running,Running,Enabled,Updated,Compliant,100,Compliant,4860,41,54,45,382,0,4,6,8,Memory Utilization High,P3,Resolved,Linux Team,14,18,0,0,8.662185405194203e-07
RHEL 8,Production,API Server,Chennai,Infrastructure Team,3831,Running,Running,Running,Enabled,Outdated,Compliant,85,Warning,3831,53,70,41,510,0,3,3,12,Server Down,P3,In Progress,Infrastructure Team,10,18,0,0,4.856791811810896e-05
Windows Server 2022,Development,Authentication Server,Bangalore,Security Team,2731,Running,Running,Stopped,Enabled,Outdated,Compliant,65,Non-Compliant,2731,44,55,32,272,1,3,6,10,CrowdStrike Offline,P2,Closed,Security Team,6,20,1,1,0.5343625028542426
RHEL 9,Development,Mail Server,Bangalore,Messaging Team,4618,Running,Running,Running,Enabled,Updated,Compliant,100,Compliant,4618,26,48,34,405,0,1,10,14,Server Down,P3,Closed,Messaging Team,24,25,0,0,5.177288579596632e-06
RHEL 8,Testing,API Server,Chennai,Infrastructure Team,4786,Running,Running,Running,Enabled,Updated,Compliant,100,Compliant,4786,69,71,32,395,1,4,6,6,Disk Space Full,P3,Closed,Infrastructure Team,12,17,0,0,1.364723514774429e-06
Windows Server 2022,UAT,Authentication Server,Pune,Security Team,2727,Running,Running,Running,Enabled,Updated,Compliant,100,Compliant,2727,50,60,46,188,0,3,6,4,Application Not Responding,P3,Resolved,Security Team,14,13,0,0,2.816201903359498e-09
Windows Server 2019,Development,Authentication Server,Mumbai,Security Team,4770,Running,Running,Running,Enabled,Updated,Compliant,100,Compliant,4770,48,44,31,277,2,1,7,8,Memory Utilization High,P3,Closed,Security Team,6,18,0,0,1.788274958929779e-07
RHEL 8,Development,File Server,Mumbai,Windows Team,182,Running,Running,Running,Enabled,Updated,Compliant,100,Compliant,182,29,44,71,478,0,3,5,5,CrowdStrike Offline,P2,Closed,Windows Team,6,13,0,0,1.1399294432287993e-06
Ubuntu 22.04,Testing,File Server,Mumbai,Windows Team,1864,Running,Running,Running,Enabled,Updated,Compliant,100,Compliant,1864,30,39,70,76,1,0,6,5,Memory Utilization High,P4,Resolved,Windows Team,40,12,0,0,1.5079113465553222e-09
Windows Server 2019,Development,Application Server,Chennai,Infrastructure Team,1640,Running,Running,Running,Enabled,Updated,Compliant,100,Compliant,1640,46,77,41,446,2,4,5,8,Server Down,P4,Resolved,Infrastructure Team,47,19,0,0,4.1577518507665154e-05
RHEL 8,Production,Web Server,Mumbai,Linux Team,2394,Running,Running,Running,Enabled,Updated,Compliant,100,Compliant,2394,43,62,49,726,2,1,5,6,CPU Utilization High,P4,Closed,Linux Team,14,14,0,0,2.9690756814272155e-07
Ubuntu 22.04,Development,File Server,Bangalore,Windows Team,4186,Running,Running,Running,Enabled,Updated,Compliant,100,Compliant,4186,18,21,84,146,1,2,2,11,Application Not Responding,P2,Closed,Windows Team,7,16,0,0,4.2064254185810763e-07
RHEL 9,Testing,Mail Server,Pune,Messaging Team,4709,Running,Running,Running,Enabled,Updated,Compliant,100,Compliant,4709,38,58,32,33,2,1,4,8,Server Down,P2,Resolved,Messaging Team,6,15,0,0,2.5541666641645267e-07
RHEL 8,Production,Authentication Server,Hyderabad,Security Team,1108,Stopped,Running,Running,Enabled,Updated,Compliant,80,Warning,1108,40,42,38,141,1,4,5,9,Memory Utilization High,P3,Resolved,Security Team,15,19,0,0,5.045040193819395e-05
RHEL 9,UAT,File Server,Bangalore,Windows Team,3662,Running,Running,Running,Enabled,Updated,Compliant,100,Compliant,3662,19,27,79,243,0,3,5,15,Firewall Disabled,P3,In Progress,Windows Team,12,23,0,0,3.755236389239545e-06
Ubuntu 22.04,UAT,File Server,Chennai,Windows Team,3511,Running,Running,Running,Enabled,Updated,Compliant,100,Compliant,3511,25,32,91,353,1,3,3,9,CrowdStrike Offline,P3,Resolved,Windows Team,15,16,0,0,3.677367628191513e-07
RHEL 9,Production,Authentication Server,Pune,Security Team,3602,Running,Running,Running,Enabled,Updated,Compliant,100,Compliant,3602,43,62,30,209,2,4,4,4,Splunk Agent Down,P4,Closed,Security Team,37,14,0,0,1.0183297505225395e-07
Windows Server 2019,Development,Authentication Server,Chennai,Security Team,2591,Running,Running,Running,Enabled,Updated,Compliant,100,Compliant,2591,59,49,38,6,0,4,6,6,CPU Utilization High,P2,In Progress,Security Team,7,16,0,0,2.1051641593404673e-06
RHEL 9,Production,Authentication Server,Hyderabad,Security Team,3638,Running,Running,Running,Enabled,Updated,Compliant,100,Compliant,3638,47,42,26,28,1,3,7,8,CrowdStrike Offline,P3,Closed,Security Team,20,19,0,0,3.7512782601013205e-07
Windows Server 2022,Development,Authentication Server,Mumbai,Security Team,2117,Running,Running,Running,Enabled,Updated,Compliant,100,Compliant,2117,43,43,26,409,0,3,7,6,Disk Space Full,P1,Resolved,Security Team,2,16,0,0,2.6219418053184782e-06
Ubuntu 22.04,Production,File Server,Hyderabad,Windows Team,3,Running,Running,Running,Enabled,Updated,Compliant,100,Compliant,3,13,30,78,730,1,2,6,12,Server Down,P4,Closed,Windows Team,8,21,0,0,1.7391995125399933e-05
Ubuntu 22.04,UAT,Database Server,Mumbai,Database Team,3508,Running,Running,Running,Enabled,Updated,Compliant,100,Compliant,3508,66,88,70,361,0,4,12,22,Disk Space Full,P4,Closed,Database Team,44,38,1,1,0.9801257327253114
Windows Server 2019,Production,Authentication Server,Pune,Security Team,1621,Running,Running,Running,Enabled,Updated,Compliant,100,Compliant,1621,57,58,40,37,1,2,7,9,Splunk Agent Down,P3,Resolved,Security Team,8,19,0,0,2.065545766232439e-07
Windows Server 2022,Development,File Server,Hyderabad,Windows Team,2939,Running,Stopped,Running,Enabled,Updated,Compliant,80,Warning,2939,34,49,89,192,1,1,3,11,Disk Space Full,P4,Closed,Windows Team,12,16,0,0,1.6710164613563365e-06
Windows Server 2022,Testing,API Server,Mumbai,Infrastructure Team,4176,Running,Running,Running,Enabled,Updated,Non-Compliant,90,Compliant,4176,74,70,48,709,0,3,9,7,CPU Utilization High,P3,Resolved,Infrastructure Team,13,19,0,0,0.003310261466517764
RHEL 8,Development,Web Server,Mumbai,Linux Team,4463,Running,Running,Running,Enabled,Updated,Compliant,100,Compliant,4463,24,42,55,51,2,6,15,19,Splunk Agent Down,P2,In Progress,Linux Team,5,42,1,1,0.999992571532605
Windows Server 2019,UAT,Web Server,Hyderabad,Linux Team,576,Running,Running,Running,Enabled,Updated,Compliant,100,Compliant,576,36,33,60,105,2,3,5,20,Disk Space Full,P4,Resolved,Linux Team,50,30,0,0,0.0011408572150394104
Windows Server 2019,UAT,Database Server,Chennai,Database Team,3584,Running,Running,Running,Enabled,Updated,Compliant,100,Compliant,3584,76,75,95,560,5,6,15,17,Memory Utilization High,P4,Resolved,Database Team,72,43,1,1,0.9999999981243342
RHEL 8,UAT,Database Server,Bangalore,Database Team,2514,Running,Running,Running,Enabled,Updated,Non-Compliant,90,Compliant,2514,84,93,72,203,0,2,19,13,CrowdStrike Offline,P3,In Progress,Database Team,18,34,1,1,0.9999026028136939
RHEL 9,UAT,Web Server,Mumbai,Linux Team,426,Running,Running,Running,Enabled,Updated,Compliant,100,Compliant,426,31,39,56,7,0,4,12,8,Server Down,P3,Closed,Linux Team,4,24,0,0,0.0001473078413280886
Ubuntu 22.04,Development,File Server,Bangalore,Windows Team,4542,Running,Running,Running,Enabled,Updated,Compliant,100,Compliant,4542,23,27,75,705,0,1,7,15,Server Down,P2,Closed,Windows Team,7,23,0,0,0.00019525814478093308
Ubuntu 22.04,UAT,Mail Server,Pune,Messaging Team,2779,Running,Running,Running,Disabled,Updated,Compliant,85,Warning,2779,47,66,63,217,2,1,5,14,Application Not Responding,P2,Closed,Messaging Team,2,22,0,0,0.03538279518482432
RHEL 8,Production,Database Server,Bangalore,Database Team,4634,Running,Running,Running,Enabled,Updated,Compliant,100,Compliant,4634,83,83,85,303,4,6,9,24,Patch Failure,P4,Resolved,Database Team,33,43,1,1,0.9999978637680578
Ubuntu 22.04,Development,Database Server,Hyderabad,Database Team,3142,Running,Running,Running,Enabled,Updated,Compliant,100,Compliant,3142,66,71,89,488,4,6,11,29,Patch Failure,P2,Closed,Database Team,2,50,1,1,0.9999999998399054
RHEL 9,Development,API Server,Pune,Infrastructure Team,3880,Running,Running,Running,Enabled,Updated,Compliant,100,Compliant,3880,66,66,55,678,2,4,9,11,Splunk Agent Down,P4,Closed,Infrastructure Team,65,26,0,0,0.027084333070147838
RHEL 9,UAT,File Server,Pune,Windows Team,3427,Running,Running,Running,Enabled,Updated,Compliant,100,Compliant,3427,23,24,94,121,1,0,4,13,Disk Space Full,P3,Closed,Windows Team,5,18,0,0,9.216963815686323e-09
RHEL 9,Development,API Server,Bangalore,Infrastructure Team,1517,Running,Running,Running,Enabled,Updated,Non-Compliant,90,Compliant,1517,78,57,57,457,0,2,5,11,Firewall Disabled,P4,Resolved,Infrastructure Team,17,18,0,0,6.771070038599726e-06
RHEL 8,UAT,API Server,Pune,Infrastructure Team,814,Running,Running,Running,Enabled,Outdated,Compliant,85,Warning,814,80,75,38,455,2,2,8,7,Disk Space Full,P2,Closed,Infrastructure Team,3,19,0,0,0.13443015917988563
Windows Server 2019,Testing,API Server,Pune,Infrastructure Team,3708,Running,Running,Running,Enabled,Updated,Compliant,100,Compliant,3708,53,55,30,638,0,3,8,10,CPU Utilization High,P3,Open,Infrastructure Team,18,21,0,0,8.554397128497802e-06
Ubuntu 22.04,Development,Application Server,Pune,Infrastructure Team,4668,Running,Running,Running,Enabled,Updated,Compliant,100,Compliant,4668,72,53,40,95,0,2,7,15,Patch Failure,P3,In Progress,Infrastructure Team,15,24,0,0,9.461298497546716e-07
Windows Server 2019,UAT,Web Server,Mumbai,Linux Team,983,Running,Running,Running,Enabled,Updated,Compliant,100,Compliant,983,59,48,33,537,0,4,13,20,CrowdStrike Offline,P3,Closed,Linux Team,13,37,0,1,0.8437730053590754
Windows Server 2022,Development,API Server,Bangalore,Infrastructure Team,4984,Running,Running,Running,Enabled,Updated,Compliant,100,Compliant,4984,46,44,30,616,2,3,8,6,Disk Space Full,P4,Resolved,Infrastructure Team,54,19,0,0,1.018654709592398e-05
Windows Server 2019,Development,Mail Server,Mumbai,Messaging Team,1303,Running,Running,Running,Enabled,Updated,Compliant,100,Compliant,1303,35,48,55,206,1,1,3,15,Patch Failure,P3,Closed,Messaging Team,6,20,0,0,1.9030257809023172e-08
Windows Server 2022,Production,API Server,Hyderabad,Infrastructure Team,3465,Running,Stopped,Running,Enabled,Updated,Compliant,80,Warning,3465,48,47,39,277,2,4,4,6,CrowdStrike Offline,P3,Resolved,Infrastructure Team,16,16,0,0,0.0001403161529027797
Windows Server 2022,UAT,File Server,Mumbai,Windows Team,877,Running,Running,Running,Enabled,Updated,Compliant,100,Compliant,877,26,32,81,562,1,1,7,6,Server Down,P2,Closed,Windows Team,8,15,0,0,9.774806637777735e-06
RHEL 9,Testing,Application Server,Mumbai,Infrastructure Team,3961,Running,Running,Running,Enabled,Updated,Compliant,100,Compliant,3961,78,65,46,306,1,1,8,9,Firewall Disabled,P4,Closed,Infrastructure Team,57,19,0,0,8.366772486784513e-07
RHEL 9,Production,Web Server,Bangalore,Linux Team,3554,Running,Running,Running,Enabled,Updated,Compliant,100,Compliant,3554,30,40,57,346,3,1,11,13,Qualys Agent Missing,P4,In Progress,Linux Team,67,28,0,0,0.043828036920810214
Windows Server 2019,Testing,Database Server,Mumbai,Database Team,1759,Running,Running,Running,Enabled,Updated,Compliant,100,Compliant,1759,76,88,74,321,3,6,12,17,Patch Failure,P4,Resolved,Database Team,51,38,1,1,0.9999865890497844
Windows Server 2022,Production,Authentication Server,Bangalore,Security Team,1067,Running,Running,Running,Enabled,Updated,Compliant,100,Compliant,1067,39,65,51,437,2,1,8,8,Application Not Responding,P1,Resolved,Security Team,4,19,0,0,0.0006418806868768251
Windows Server 2019,UAT,API Server,Pune,Infrastructure Team,4701,Running,Running,Running,Enabled,Outdated,Compliant,85,Warning,4701,56,59,37,185,1,5,10,11,Firewall Disabled,P2,Closed,Infrastructure Team,7,27,1,1,0.977356911502653
Ubuntu 22.04,UAT,Authentication Server,Bangalore,Security Team,3505,Running,Running,Running,Enabled,Updated,Compliant,100,Compliant,3505,59,61,47,148,1,1,5,4,CPU Utilization High,P4,Closed,Security Team,63,11,0,0,1.1180154487206879e-09
RHEL 8,UAT,Authentication Server,Hyderabad,Security Team,3750,Running,Running,Running,Enabled,Updated,Compliant,100,Compliant,3750,46,44,40,372,2,2,7,8,Splunk Agent Down,P3,Closed,Security Team,7,19,0,0,1.426019107916981e-06
RHEL 8,UAT,Mail Server,Bangalore,Messaging Team,1628,Running,Running,Running,Enabled,Updated,Compliant,100,Compliant,1628,47,47,48,712,2,4,7,12,CPU Utilization High,P3,Resolved,Messaging Team,24,25,0,0,0.004211076994972514
Windows Server 2022,UAT,Authentication Server,Pune,Security Team,1887,Running,Running,Running,Enabled,Updated,Compliant,100,Compliant,1887,40,45,37,410,2,4,8,6,CPU Utilization High,P4,Resolved,Security Team,25,20,0,0,3.1195009024821596e-05
Windows Server 2019,Testing,Authentication Server,Hyderabad,Security Team,2051,Running,Running,Running,Enabled,Updated,Compliant,100,Compliant,2051,33,44,31,330,1,1,2,4,Memory Utilization High,P2,Closed,Security Team,8,8,0,0,3.627964522766257e-10
RHEL 8,Development,Application Server,Mumbai,Infrastructure Team,3657,Running,Running,Running,Enabled,Outdated,Non-Compliant,75,Warning,3657,64,55,53,276,2,4,9,6,Server Down,P3,Closed,Infrastructure Team,17,21,1,1,0.9586861037688741
Windows Server 2019,Development,Database Server,Pune,Database Team,4757,Running,Running,Running,Enabled,Updated,Compliant,100,Compliant,4757,75,83,76,636,4,5,5,20,Disk Space Full,P3,Resolved,Database Team,9,34,1,1,0.9982788995526778
RHEL 8,Production,Database Server,Pune,Database Team,4230,Running,Running,Running,Enabled,Updated,Compliant,100,Compliant,4230,89,74,87,7,4,2,18,26,Disk Space Full,P3,Closed,Database Team,22,50,1,1,0.9999999572526408
Ubuntu 22.04,Testing,Application Server,Chennai,Infrastructure Team,1104,Running,Running,Running,Enabled,Updated,Compliant,100,Compliant,1104,48,79,56,552,0,5,3,11,Firewall Disabled,P1,Closed,Infrastructure Team,1,19,0,0,0.00042663398489263543
Ubuntu 22.04,UAT,Database Server,Mumbai,Database Team,3279,Running,Running,Running,Enabled,Updated,Compliant,100,Compliant,3279,68,82,71,682,0,9,18,17,Splunk Agent Down,P4,Resolved,Database Team,23,44,1,1,0.9999999342145257
Windows Server 2022,Testing,Mail Server,Chennai,Messaging Team,3760,Running,Running,Running,Enabled,Updated,Compliant,100,Compliant,3760,51,59,31,351,1,3,10,11,CrowdStrike Offline,P3,In Progress,Messaging Team,19,25,0,0,0.0006117992749669741
Ubuntu 22.04,Development,Web Server,Mumbai,Linux Team,4121,Running,Running,Running,Enabled,Updated,Compliant,100,Compliant,4121,45,69,35,303,1,4,5,11,Application Not Responding,P3,Resolved,Linux Team,14,21,0,0,2.8690937289214658e-05
RHEL 9,UAT,File Server,Hyderabad,Windows Team,1025,Running,Running,Running,Enabled,Updated,Compliant,100,Compliant,1025,25,34,91,213,1,1,7,12,Memory Utilization High,P3,Resolved,Windows Team,5,21,0,0,2.0765699233868514e-06
Windows Server 2019,Production,Database Server,Bangalore,Database Team,289,Running,Running,Running,Enabled,Updated,Compliant,100,Compliant,289,64,82,69,62,3,9,20,21,Qualys Agent Missing,P3,Resolved,Database Team,15,53,1,1,0.9999999999965064
RHEL 9,Development,Authentication Server,Bangalore,Security Team,1005,Running,Stopped,Running,Enabled,Updated,Compliant,80,Warning,1005,57,45,35,357,0,2,5,8,Server Down,P4,Closed,Security Team,35,15,0,0,4.040740255446841e-07
Windows Server 2022,Testing,File Server,Chennai,Windows Team,3423,Running,Running,Running,Enabled,Updated,Compliant,100,Compliant,3423,35,38,81,724,0,0,4,15,Application Not Responding,P4,Closed,Windows Team,26,19,0,0,4.873978981641022e-08
RHEL 8,UAT,Authentication Server,Pune,Security Team,4790,Running,Running,Running,Enabled,Updated,Compliant,100,Compliant,4790,54,54,52,99,0,1,6,8,Splunk Agent Down,P1,Resolved,Security Team,2,15,0,0,8.215832314220568e-08
RHEL 9,Testing,File Server,Chennai,Windows Team,368,Running,Running,Running,Enabled,Outdated,Compliant,85,Warning,368,19,24,86,521,0,1,6,6,Application Not Responding,P4,Resolved,Windows Team,18,13,0,0,1.5990783497708919e-06
Ubuntu 22.04,Production,Database Server,Bangalore,Database Team,4393,Running,Running,Running,Enabled,Updated,Compliant,100,Compliant,4393,88,80,70,101,2,5,10,11,CPU Utilization High,P2,Resolved,Database Team,5,28,1,1,0.9924397050803082
RHEL 9,Production,File Server,Chennai,Windows Team,3741,Running,Running,Running,Enabled,Outdated,Compliant,85,Warning,3741,21,33,83,48,1,0,5,13,Memory Utilization High,P1,Resolved,Windows Team,3,19,0,0,0.0022728715787657633
Windows Server 2022,Production,Mail Server,Bangalore,Messaging Team,1819,Running,Running,Running,Enabled,Updated,Compliant,100,Compliant,1819,51,61,30,306,1,2,2,7,CrowdStrike Offline,P3,Resolved,Messaging Team,6,12,0,0,7.364170027230896e-10
Windows Server 2022,UAT,Web Server,Bangalore,Linux Team,3202,Running,Running,Running,Enabled,Updated,Compliant,100,Compliant,3202,24,70,49,228,1,2,9,6,CPU Utilization High,P4,In Progress,Linux Team,14,18,0,0,2.751438458551459e-06
RHEL 8,Testing,Web Server,Hyderabad,Linux Team,3224,Running,Stopped,Running,Enabled,Updated,Compliant,80,Warning,3224,45,41,45,126,2,4,5,10,Application Not Responding,P2,Closed,Linux Team,8,21,0,0,0.13605074064147918
Windows Server 2019,UAT,File Server,Mumbai,Windows Team,2197,Running,Running,Running,Enabled,Updated,Compliant,100,Compliant,2197,30,46,85,694,1,2,2,15,Patch Failure,P3,Resolved,Windows Team,11,20,0,0,2.438421150320702e-06
RHEL 9,Testing,Application Server,Chennai,Infrastructure Team,1105,Running,Running,Running,Enabled,Updated,Compliant,100,Compliant,1105,52,63,60,383,2,5,6,9,Memory Utilization High,P3,Closed,Infrastructure Team,4,22,0,0,0.00042138963314643674
RHEL 9,UAT,API Server,Bangalore,Infrastructure Team,2253,Running,Running,Running,Enabled,Updated,Compliant,100,Compliant,2253,70,70,46,534,1,2,8,13,CPU Utilization High,P4,Closed,Infrastructure Team,17,24,0,0,8.840966058929228e-05
Windows Server 2022,UAT,Application Server,Chennai,Infrastructure Team,3246,Running,Running,Running,Enabled,Updated,Compliant,100,Compliant,3246,50,82,56,212,0,4,12,7,Splunk Agent Down,P2,Closed,Infrastructure Team,3,23,0,0,0.006241765852217757
Ubuntu 22.04,Testing,Mail Server,Chennai,Messaging Team,2061,Running,Running,Running,Enabled,Updated,Compliant,100,Compliant,2061,35,44,64,256,0,2,5,5,Memory Utilization High,P3,Resolved,Messaging Team,8,12,0,0,4.194655288063777e-10
Windows Server 2022,Testing,Authentication Server,Mumbai,Security Team,684,Running,Running,Running,Enabled,Updated,Compliant,100,Compliant,684,31,63,50,404,1,3,6,12,Memory Utilization High,P4,Closed,Security Team,23,22,0,0,2.716632038148378e-06
RHEL 8,Production,Application Server,Mumbai,Infrastructure Team,2854,Running,Running,Running,Enabled,Updated,Compliant,100,Compliant,2854,51,75,70,468,0,3,6,12,Application Not Responding,P3,In Progress,Infrastructure Team,17,21,0,0,6.377280156636752e-06
Windows Server 2019,Production,Web Server,Bangalore,Linux Team,2852,Running,Running,Running,Enabled,Updated,Compliant,100,Compliant,2852,52,50,22,298,1,4,10,7,Disk Space Full,P3,In Progress,Linux Team,8,22,0,0,0.00033027353375412425
Ubuntu 22.04,UAT,Application Server,Chennai,Infrastructure Team,3537,Running,Running,Running,Enabled,Updated,Compliant,100,Compliant,3537,70,82,44,648,0,1,10,15,Splunk Agent Down,P2,Closed,Infrastructure Team,8,26,0,0,0.005578749348408772
Ubuntu 22.04,Development,Authentication Server,Pune,Security Team,226,Running,Stopped,Running,Enabled,Updated,Compliant,80,Warning,226,50,50,35,524,1,1,7,9,Patch Failure,P3,Closed,Security Team,5,18,0,0,1.8385255393947165e-05
Windows Server 2019,Development,Database Server,Hyderabad,Database Team,749,Running,Running,Running,Enabled,Updated,Compliant,100,Compliant,749,87,75,68,539,2,10,13,19,Firewall Disabled,P4,Closed,Database Team,26,44,1,1,0.9999999780955802
Windows Server 2022,Testing,Database Server,Hyderabad,Database Team,1059,Running,Running,Running,Enabled,Updated,Compliant,100,Compliant,1059,88,88,83,239,4,4,20,22,Disk Space Full,P4,Closed,Database Team,38,50,1,1,0.9999999995083959
Windows Server 2022,Production,Mail Server,Bangalore,Messaging Team,1269,Stopped,Running,Running,Enabled,Updated,Compliant,80,Warning,1269,38,64,55,624,2,1,7,13,Firewall Disabled,P4,Resolved,Messaging Team,22,23,0,0,0.0049410417203134575
Windows Server 2019,Development,API Server,Pune,Infrastructure Team,1910,Running,Running,Running,Disabled,Updated,Compliant,85,Warning,1910,63,48,36,123,1,5,7,8,CrowdStrike Offline,P2,Closed,Infrastructure Team,8,21,0,0,0.14076165866496199
RHEL 8,UAT,Database Server,Pune,Database Team,3989,Running,Running,Running,Enabled,Updated,Compliant,100,Compliant,3989,88,74,75,148,5,8,12,27,Disk Space Full,P4,Resolved,Database Team,41,52,1,1,0.9999999998575513
Windows Server 2019,Development,Database Server,Bangalore,Database Team,4507,Running,Running,Running,Enabled,Updated,Compliant,100,Compliant,4507,68,89,74,381,1,5,20,27,Firewall Disabled,P3,Closed,Database Team,15,53,1,1,0.9999999968607445
RHEL 9,Testing,Database Server,Pune,Database Team,3190,Running,Running,Running,Enabled,Updated,Compliant,100,Compliant,3190,80,76,85,315,4,9,17,14,Patch Failure,P4,Resolved,Database Team,28,44,1,1,0.999999999136892
RHEL 8,Testing,Application Server,Mumbai,Infrastructure Team,4490,Running,Running,Running,Enabled,Updated,Compliant,100,Compliant,4490,49,79,68,681,1,1,6,14,CrowdStrike Offline,P4,In Progress,Infrastructure Team,29,22,0,0,9.898925141797414e-06
Windows Server 2022,Development,API Server,Mumbai,Infrastructure Team,3388,Running,Running,Running,Enabled,Updated,Compliant,100,Compliant,3388,72,73,30,479,0,3,9,9,Server Down,P2,Resolved,Infrastructure Team,7,21,0,0,0.0003275211773655758
RHEL 8,UAT,Web Server,Hyderabad,Linux Team,3253,Running,Running,Running,Enabled,Updated,Compliant,100,Compliant,3253,53,40,39,722,2,2,10,11,Qualys Agent Missing,P4,Closed,Linux Team,41,25,0,0,0.0029244657106871855
RHEL 8,Development,Application Server,Mumbai,Infrastructure Team,2332,Running,Running,Running,Enabled,Updated,Compliant,100,Compliant,2332,50,78,44,397,2,4,6,14,Server Down,P2,Closed,Infrastructure Team,5,26,0,0,0.07147433533428767
Windows Server 2019,UAT,Database Server,Hyderabad,Database Team,4566,Running,Running,Running,Enabled,Updated,Compliant,100,Compliant,4566,79,78,84,284,5,5,10,24,CrowdStrike Offline,P3,Resolved,Database Team,16,44,1,1,0.9999999159753468
Windows Server 2019,Production,File Server,Pune,Windows Team,1714,Running,Running,Running,Enabled,Updated,Compliant,100,Compliant,1714,31,27,71,171,0,0,3,12,CPU Utilization High,P3,Open,Windows Team,20,15,0,0,7.340048082245945e-10
Windows Server 2019,UAT,Application Server,Hyderabad,Infrastructure Team,1572,Running,Running,Running,Enabled,Updated,Compliant,100,Compliant,1572,40,52,40,276,0,2,6,6,Application Not Responding,P4,Closed,Infrastructure Team,15,14,0,0,2.224643209949e-09
RHEL 8,Testing,File Server,Bangalore,Windows Team,2289,Running,Stopped,Running,Enabled,Updated,Compliant,80,Warning,2289,14,29,92,451,0,0,8,6,Qualys Agent Missing,P4,Closed,Windows Team,72,14,0,0,2.1087791059114167e-06
Ubuntu 22.04,Testing,API Server,Mumbai,Infrastructure Team,2159,Running,Running,Running,Enabled,Updated,Compliant,100,Compliant,2159,49,50,43,61,1,4,9,10,CrowdStrike Offline,P2,In Progress,Infrastructure Team,3,24,0,0,0.007695740998371903
Windows Server 2019,Testing,Database Server,Hyderabad,Database Team,4477,Running,Running,Running,Enabled,Updated,Compliant,100,Compliant,4477,61,95,74,205,0,5,13,10,Server Down,P4,Resolved,Database Team,20,28,0,0,0.3718171241076759
Ubuntu 22.04,Testing,Web Server,Chennai,Linux Team,2398,Running,Running,Running,Enabled,Updated,Compliant,100,Compliant,2398,31,32,47,541,0,5,14,16,CPU Utilization High,P3,Closed,Linux Team,22,35,0,1,0.8501766798065752
RHEL 8,Testing,API Server,Bangalore,Infrastructure Team,2385,Running,Running,Running,Enabled,Updated,Compliant,100,Compliant,2385,68,59,44,372,1,1,10,8,Application Not Responding,P3,In Progress,Infrastructure Team,5,20,0,0,4.893896467686026e-06
RHEL 9,Development,API Server,Bangalore,Infrastructure Team,1873,Running,Running,Running,Enabled,Outdated,Compliant,85,Warning,1873,73,51,40,70,0,3,4,10,Patch Failure,P3,Resolved,Infrastructure Team,24,17,0,0,2.2928240492225255e-06
Ubuntu 22.04,Testing,Database Server,Chennai,Database Team,2915,Running,Running,Running,Enabled,Updated,Compliant,100,Compliant,2915,81,95,93,629,1,10,6,27,Disk Space Full,P4,Resolved,Database Team,46,44,1,1,0.999998999665867
Ubuntu 22.04,Production,Authentication Server,Mumbai,Security Team,1314,Running,Running,Running,Enabled,Updated,Non-Compliant,90,Compliant,1314,53,58,45,573,2,3,7,11,CPU Utilization High,P2,Resolved,Security Team,4,23,0,1,0.8278047572110244
Ubuntu 22.04,UAT,Application Server,Mumbai,Infrastructure Team,3358,Running,Running,Running,Enabled,Updated,Compliant,100,Compliant,3358,77,61,51,594,1,3,11,17,Memory Utilization High,P1,Open,Infrastructure Team,1,32,1,1,0.9581549529065692
Ubuntu 22.04,Development,File Server,Pune,Windows Team,3743,Running,Stopped,Running,Enabled,Updated,Compliant,80,Warning,3743,10,21,91,361,1,0,3,9,CPU Utilization High,P2,Resolved,Windows Team,4,13,0,0,8.372226306598548e-06
Ubuntu 22.04,Testing,Web Server,Mumbai,Linux Team,2521,Running,Running,Running,Enabled,Updated,Compliant,100,Compliant,2521,23,30,42,482,0,6,13,11,CPU Utilization High,P4,In Progress,Linux Team,47,30,0,0,0.31007251661444685
Windows Server 2022,Development,Authentication Server,Chennai,Security Team,1461,Running,Running,Running,Enabled,Updated,Compliant,100,Compliant,1461,46,43,28,442,0,2,7,8,Splunk Agent Down,P4,Closed,Security Team,26,17,0,0,9.206344430485118e-09
Windows Server 2022,UAT,Mail Server,Pune,Messaging Team,1966,Running,Running,Running,Enabled,Updated,Non-Compliant,90,Compliant,1966,38,45,64,489,1,2,10,12,CrowdStrike Offline,P2,In Progress,Messaging Team,4,25,0,1,0.596847693965041
Windows Server 2022,Production,Mail Server,Chennai,Messaging Team,2637,Running,Running,Running,Enabled,Updated,Compliant,100,Compliant,2637,30,60,44,702,1,4,2,10,Application Not Responding,P4,In Progress,Messaging Team,32,17,0,0,5.90055924521414e-07
RHEL 9,UAT,Authentication Server,Pune,Security Team,4673,Running,Running,Running,Enabled,Outdated,Compliant,85,Warning,4673,30,69,43,514,0,1,8,4,Firewall Disabled,P3,Closed,Security Team,17,13,0,0,1.250630505576463e-06
Ubuntu 22.04,Development,Database Server,Pune,Database Team,1744,Running,Running,Running,Enabled,Updated,Compliant,100,Compliant,1744,73,93,84,92,5,9,19,21,CPU Utilization High,P1,Closed,Database Team,3,54,1,1,0.9999999999999998
Windows Server 2019,Testing,Mail Server,Pune,Messaging Team,811,Running,Running,Running,Enabled,Updated,Compliant,100,Compliant,811,36,62,38,584,1,3,9,14,CPU Utilization High,P3,Closed,Messaging Team,9,27,0,0,0.0023977981458060066
Windows Server 2019,Testing,Web Server,Pune,Linux Team,2906,Running,Running,Running,Enabled,Updated,Compliant,100,Compliant,2906,49,70,60,147,1,2,9,15,Memory Utilization High,P3,Closed,Linux Team,11,27,0,0,0.0003824236169956454
Windows Server 2022,Testing,API Server,Hyderabad,Infrastructure Team,2934,Running,Running,Running,Enabled,Updated,Non-Compliant,90,Compliant,2934,76,72,36,441,2,5,8,11,Application Not Responding,P3,In Progress,Infrastructure Team,7,26,1,1,0.9202521543269075
Ubuntu 22.04,UAT,File Server,Mumbai,Windows Team,4506,Running,Running,Running,Enabled,Updated,Compliant,100,Compliant,4506,16,25,93,218,0,2,5,13,Splunk Agent Down,P3,Resolved,Windows Team,13,20,0,0,2.1749044930696478e-07
RHEL 8,Production,Database Server,Chennai,Database Team,1708,Running,Running,Running,Enabled,Updated,Compliant,100,Compliant,1708,69,83,76,485,0,9,16,27,Server Down,P4,Resolved,Database Team,27,52,1,1,0.9999999958182024
Windows Server 2022,Testing,Database Server,Chennai,Database Team,3812,Running,Running,Running,Enabled,Updated,Compliant,100,Compliant,3812,73,73,89,93,0,2,15,28,CPU Utilization High,P2,Closed,Database Team,6,45,1,1,0.9999590378473233
RHEL 8,UAT,Database Server,Bangalore,Database Team,777,Running,Running,Running,Enabled,Updated,Compliant,100,Compliant,777,89,81,67,239,0,7,15,23,Disk Space Full,P4,Closed,Database Team,65,45,1,1,0.999992528335631
RHEL 8,Development,Authentication Server,Mumbai,Security Team,3559,Running,Running,Running,Enabled,Outdated,Compliant,85,Warning,3559,35,58,25,673,1,4,6,6,Firewall Disabled,P2,Closed,Security Team,4,17,0,0,0.011980207331129426
RHEL 8,UAT,Web Server,Pune,Linux Team,2790,Running,Running,Running,Enabled,Updated,Compliant,100,Compliant,2790,32,32,55,191,1,4,8,16,Memory Utilization High,P3,Open,Linux Team,24,29,0,0,0.0008464757772338213
RHEL 9,Testing,Authentication Server,Chennai,Security Team,239,Running,Running,Running,Enabled,Updated,Compliant,100,Compliant,239,51,45,41,448,0,1,6,8,Qualys Agent Missing,P4,Resolved,Security Team,39,15,0,0,2.624469523017735e-09
RHEL 8,Development,Application Server,Hyderabad,Infrastructure Team,3905,Running,Running,Running,Enabled,Updated,Compliant,100,Compliant,3905,55,50,75,5,0,5,11,18,Firewall Disabled,P3,Closed,Infrastructure Team,12,34,0,0,0.025134218499092215
Ubuntu 22.04,Production,Web Server,Pune,Linux Team,63,Running,Running,Running,Enabled,Updated,Compliant,100,Compliant,63,27,42,50,709,3,3,11,18,Firewall Disabled,P3,Closed,Linux Team,12,35,1,1,0.9640707627228359
RHEL 8,Development,Mail Server,Chennai,Messaging Team,4390,Running,Running,Running,Enabled,Updated,Compliant,100,Compliant,4390,34,58,46,258,0,2,3,8,Qualys Agent Missing,P4,In Progress,Messaging Team,55,13,0,0,4.754704765219535e-10
Ubuntu 22.04,UAT,Web Server,Bangalore,Linux Team,827,Running,Running,Running,Enabled,Updated,Compliant,100,Compliant,827,50,51,38,255,2,4,7,13,Server Down,P3,In Progress,Linux Team,4,26,0,0,0.006777752534533352
Windows Server 2019,Testing,Web Server,Mumbai,Linux Team,3397,Running,Running,Stopped,Enabled,Updated,Compliant,80,Warning,3397,27,50,30,656,3,6,7,7,Firewall Disabled,P4,Closed,Linux Team,12,23,1,1,0.9030566614473484
Windows Server 2022,Production,API Server,Bangalore,Infrastructure Team,280,Running,Running,Running,Enabled,Updated,Non-Compliant,90,Compliant,280,53,64,55,369,0,1,5,6,CrowdStrike Offline,P3,Closed,Infrastructure Team,7,12,0,0,1.1844573262399855e-07
RHEL 8,UAT,Application Server,Pune,Infrastructure Team,4252,Running,Running,Running,Enabled,Updated,Compliant,100,Compliant,4252,56,56,45,85,1,2,7,6,Patch Failure,P4,Closed,Infrastructure Team,67,16,0,0,2.3215256914838142e-08
RHEL 9,Production,API Server,Mumbai,Infrastructure Team,2054,Running,Running,Running,Enabled,Updated,Compliant,100,Compliant,2054,57,49,50,330,0,5,5,10,Patch Failure,P4,Closed,Infrastructure Team,20,20,0,0,7.359354793173915e-07
RHEL 8,Production,Web Server,Hyderabad,Linux Team,4773,Running,Running,Running,Enabled,Updated,Compliant,100,Compliant,4773,41,50,54,327,2,1,11,7,Disk Space Full,P4,Resolved,Linux Team,11,21,0,0,2.3197567123189903e-05
RHEL 9,Development,Application Server,Mumbai,Infrastructure Team,179,Running,Running,Running,Enabled,Updated,Compliant,100,Compliant,179,78,61,70,709,1,4,12,14,CrowdStrike Offline,P4,In Progress,Infrastructure Team,14,31,0,0,0.4695597929484143
Ubuntu 22.04,Development,File Server,Bangalore,Windows Team,920,Running,Running,Running,Enabled,Updated,Non-Compliant,90,Compliant,920,22,37,85,281,0,1,5,7,Disk Space Full,P2,Closed,Windows Team,7,13,0,0,1.3019979819828433e-05
RHEL 9,UAT,Mail Server,Mumbai,Messaging Team,1224,Running,Running,Running,Enabled,Updated,Non-Compliant,90,Compliant,1224,55,69,63,544,1,4,6,15,Disk Space Full,P4,Closed,Messaging Team,52,26,0,0,0.17365136246316296
RHEL 9,Development,Authentication Server,Mumbai,Security Team,3107,Running,Running,Running,Enabled,Updated,Non-Compliant,90,Compliant,3107,37,42,46,509,1,1,6,5,Firewall Disabled,P3,Closed,Security Team,9,13,0,0,7.40866636914032e-07
Windows Server 2019,Production,Application Server,Bangalore,Infrastructure Team,620,Running,Running,Running,Enabled,Outdated,Non-Compliant,75,Warning,620,78,83,63,701,0,2,7,16,CrowdStrike Offline,P3,Closed,Infrastructure Team,8,25,1,1,0.9097647124659615
RHEL 9,Development,File Server,Mumbai,Windows Team,2571,Running,Running,Running,Enabled,Updated,Compliant,100,Compliant,2571,30,37,71,308,1,0,6,8,Memory Utilization High,P3,Resolved,Windows Team,23,15,0,0,1.90888793200514e-08
RHEL 9,Testing,Web Server,Pune,Linux Team,46,Running,Running,Running,Enabled,Updated,Compliant,100,Compliant,46,24,54,44,534,1,4,13,5,Splunk Agent Down,P4,Closed,Linux Team,35,23,0,0,0.003206377756709615
Windows Server 2019,UAT,Database Server,Bangalore,Database Team,850,Running,Running,Running,Enabled,Updated,Compliant,100,Compliant,850,61,76,85,174,4,9,13,22,Splunk Agent Down,P3,Resolved,Database Team,7,48,1,1,0.9999999994999436
Ubuntu 22.04,UAT,Web Server,Chennai,Linux Team,2110,Running,Running,Running,Enabled,Updated,Compliant,100,Compliant,2110,53,54,33,481,1,3,9,14,Application Not Responding,P2,In Progress,Linux Team,3,27,0,0,0.1722971811589492
RHEL 9,Development,Web Server,Pune,Linux Team,1810,Running,Running,Running,Enabled,Updated,Compliant,100,Compliant,1810,38,49,27,390,3,4,5,10,Application Not Responding,P2,Resolved,Linux Team,8,22,0,0,0.016917539687205815
Ubuntu 22.04,Production,Web Server,Pune,Linux Team,2868,Running,Running,Running,Enabled,Updated,Compliant,100,Compliant,2868,38,52,36,188,3,3,8,9,Server Down,P2,Closed,Linux Team,4,23,0,0,0.04434740257137748
Windows Server 2022,UAT,Web Server,Hyderabad,Linux Team,1979,Running,Running,Running,Enabled,Updated,Compliant,100,Compliant,1979,48,58,41,79,3,3,8,5,Memory Utilization High,P4,Open,Linux Team,22,19,0,0,4.1989352914730514e-05
Windows Server 2022,Production,Web Server,Bangalore,Linux Team,2758,Running,Running,Running,Enabled,Updated,Compliant,100,Compliant,2758,28,55,50,378,0,4,5,14,Splunk Agent Down,P4,Closed,Linux Team,32,23,0,0,3.949877903931454e-06
Windows Server 2022,Development,Application Server,Pune,Infrastructure Team,4232,Running,Running,Running,Enabled,Updated,Compliant,100,Compliant,4232,56,63,51,35,2,2,10,15,Patch Failure,P4,In Progress,Infrastructure Team,51,29,0,0,0.0014871065403881474
RHEL 8,Production,API Server,Pune,Infrastructure Team,1891,Running,Running,Running,Enabled,Updated,Compliant,100,Compliant,1891,50,50,47,54,1,3,8,9,CrowdStrike Offline,P2,Resolved,Infrastructure Team,6,21,0,0,7.518086074594301e-05
RHEL 9,Development,Mail Server,Mumbai,Messaging Team,3029,Running,Running,Running,Enabled,Updated,Compliant,100,Compliant,3029,48,64,45,512,2,1,9,9,Qualys Agent Missing,P3,Open,Messaging Team,11,21,0,0,4.633905599706372e-05
Windows Server 2022,Development,API Server,Mumbai,Infrastructure Team,2919,Running,Running,Running,Enabled,Updated,Compliant,100,Compliant,2919,61,51,51,548,1,2,7,10,Qualys Agent Missing,P2,Resolved,Infrastructure Team,3,20,0,0,7.972403188607708e-05
RHEL 9,Production,Application Server,Hyderabad,Infrastructure Team,2990,Running,Running,Running,Enabled,Updated,Non-Compliant,90,Compliant,2990,79,55,64,70,1,1,10,10,CrowdStrike Offline,P4,Resolved,Infrastructure Team,43,22,0,0,0.0014431810026372198
RHEL 8,Development,File Server,Bangalore,Windows Team,2461,Running,Running,Running,Enabled,Updated,Compliant,100,Compliant,2461,16,42,82,355,0,1,2,13,CrowdStrike Offline,P4,Closed,Windows Team,26,16,0,0,1.3258529274590918e-09
Windows Server 2019,UAT,File Server,Chennai,Windows Team,1202,Running,Running,Stopped,Enabled,Updated,Compliant,80,Warning,1202,16,26,71,701,1,0,2,9,Qualys Agent Missing,P4,Resolved,Windows Team,46,12,0,0,4.934645486405977e-07
Ubuntu 22.04,UAT,Mail Server,Chennai,Messaging Team,1535,Running,Running,Running,Enabled,Updated,Compliant,100,Compliant,1535,49,47,41,365,0,3,3,5,Firewall Disabled,P3,Closed,Messaging Team,22,11,0,0,5.462008873872414e-10
Ubuntu 22.04,Development,Mail Server,Hyderabad,Messaging Team,857,Running,Running,Running,Enabled,Updated,Compliant,100,Compliant,857,34,40,50,196,2,4,9,15,Disk Space Full,P2,Closed,Messaging Team,8,30,0,0,0.32743140852852864
RHEL 8,Development,File Server,Chennai,Windows Team,3678,Running,Running,Running,Enabled,Updated,Compliant,100,Compliant,3678,20,33,88,25,1,3,4,14,Application Not Responding,P3,Resolved,Windows Team,16,22,0,0,2.5623541654095954e-06
Ubuntu 22.04,Production,Database Server,Mumbai,Database Team,4835,Running,Running,Running,Enabled,Updated,Compliant,100,Compliant,4835,82,78,75,515,5,7,8,11,Memory Utilization High,P4,Resolved,Database Team,28,31,1,1,0.9999335289578299
Windows Server 2022,Testing,Web Server,Chennai,Linux Team,2241,Running,Running,Running,Enabled,Outdated,Compliant,85,Warning,2241,57,64,30,305,0,3,10,15,Application Not Responding,P2,Closed,Linux Team,5,28,0,1,0.9131933404567585
RHEL 9,Development,Database Server,Mumbai,Database Team,1199,Running,Running,Running,Enabled,Updated,Compliant,100,Compliant,1199,67,86,76,118,5,2,18,11,CrowdStrike Offline,P4,Resolved,Database Team,55,36,1,1,0.9999942102974858
Windows Server 2019,Testing,Authentication Server,Hyderabad,Security Team,1256,Running,Running,Running,Enabled,Updated,Compliant,100,Compliant,1256,38,65,32,251,1,2,6,5,Patch Failure,P4,Resolved,Security Team,63,14,0,0,1.595159378239131e-08
RHEL 9,Development,Web Server,Mumbai,Linux Team,1209,Running,Running,Running,Enabled,Updated,Compliant,100,Compliant,1209,41,42,48,713,1,6,5,16,Firewall Disabled,P3,Open,Linux Team,18,28,0,0,0.01657300637864994
Windows Server 2022,Testing,Authentication Server,Mumbai,Security Team,3148,Running,Running,Running,Enabled,Updated,Compliant,100,Compliant,3148,50,45,38,582,1,3,6,6,Memory Utilization High,P4,In Progress,Security Team,61,16,0,0,2.8444729111219725e-07
RHEL 8,Development,Database Server,Hyderabad,Database Team,3467,Running,Running,Running,Enabled,Updated,Compliant,100,Compliant,3467,75,70,95,492,4,4,5,27,Qualys Agent Missing,P3,Resolved,Database Team,11,40,1,1,0.9997829671604804
Ubuntu 22.04,Testing,Mail Server,Mumbai,Messaging Team,2129,Running,Running,Running,Enabled,Updated,Compliant,100,Compliant,2129,51,64,31,134,1,3,10,9,Splunk Agent Down,P4,Closed,Messaging Team,17,23,0,0,4.275075125422673e-05
Windows Server 2022,Production,API Server,Chennai,Infrastructure Team,3466,Running,Running,Running,Enabled,Updated,Compliant,100,Compliant,3466,63,68,53,504,2,3,7,10,Server Down,P2,Closed,Infrastructure Team,6,22,0,0,0.008495259520547015
RHEL 8,Production,API Server,Hyderabad,Infrastructure Team,3791,Running,Running,Running,Enabled,Updated,Compliant,100,Compliant,3791,61,47,33,174,1,3,4,7,Patch Failure,P3,Resolved,Infrastructure Team,20,15,0,0,1.0056269288657512e-08
Ubuntu 22.04,UAT,Authentication Server,Bangalore,Security Team,4883,Running,Running,Running,Enabled,Updated,Compliant,100,Compliant,4883,38,57,35,27,1,3,5,7,Splunk Agent Down,P1,Resolved,Security Team,2,16,0,0,4.225084347644926e-06
Windows Server 2022,Development,API Server,Bangalore,Infrastructure Team,1223,Running,Running,Running,Enabled,Updated,Compliant,100,Compliant,1223,52,46,56,139,0,3,10,13,Qualys Agent Missing,P3,Resolved,Infrastructure Team,21,26,0,0,3.5007447049133245e-05
Ubuntu 22.04,Production,Application Server,Mumbai,Infrastructure Team,1774,Running,Running,Running,Enabled,Updated,Compliant,100,Compliant,1774,47,59,46,166,2,1,8,16,CPU Utilization High,P3,In Progress,Infrastructure Team,12,27,0,0,0.0006487633500825718
RHEL 9,Production,Mail Server,Pune,Messaging Team,395,Running,Running,Stopped,Enabled,Updated,Compliant,80,Warning,395,33,64,48,574,2,4,9,15,Disk Space Full,P3,Open,Messaging Team,9,30,1,1,0.966657659474045
RHEL 8,Production,Mail Server,Pune,Messaging Team,4309,Running,Running,Running,Enabled,Updated,Compliant,100,Compliant,4309,53,50,60,400,2,1,2,7,Memory Utilization High,P3,Closed,Messaging Team,8,12,0,0,9.550777432490683e-10
RHEL 8,Testing,API Server,Bangalore,Infrastructure Team,582,Running,Running,Running,Enabled,Updated,Compliant,100,Compliant,582,74,47,50,444,1,4,9,7,Splunk Agent Down,P4,Closed,Infrastructure Team,53,21,0,0,5.532257679729139e-05
RHEL 8,Testing,File Server,Pune,Windows Team,4103,Running,Running,Running,Enabled,Updated,Compliant,100,Compliant,4103,16,37,92,500,1,0,6,7,Patch Failure,P3,Resolved,Windows Team,21,14,0,0,1.1866864738469728e-08
RHEL 9,Testing,Mail Server,Mumbai,Messaging Team,2976,Running,Running,Running,Disabled,Updated,Compliant,85,Warning,2976,49,47,62,93,2,4,4,5,CrowdStrike Offline,P4,Resolved,Messaging Team,28,15,0,0,6.597910215579245e-05
Windows Server 2022,Development,Web Server,Bangalore,Linux Team,417,Running,Running,Running,Enabled,Outdated,Compliant,85,Warning,417,44,32,53,46,2,1,9,20,Qualys Agent Missing,P4,Open,Linux Team,11,32,0,0,0.2870634280662538
RHEL 9,Production,Database Server,Bangalore,Database Team,34,Running,Running,Running,Enabled,Outdated,Non-Compliant,75,Warning,34,77,74,75,362,2,5,8,28,Memory Utilization High,P1,Closed,Database Team,2,43,1,1,0.999999999988882
Windows Server 2022,Testing,Mail Server,Hyderabad,Messaging Team,3874,Running,Running,Running,Enabled,Updated,Compliant,100,Compliant,3874,41,69,40,365,2,1,7,13,Qualys Agent Missing,P4,Resolved,Messaging Team,60,23,0,0,2.5660565074566845e-05
Windows Server 2022,UAT,File Server,Pune,Windows Team,1666,Running,Running,Running,Enabled,Updated,Compliant,100,Compliant,1666,13,34,73,103,0,2,7,10,Qualys Agent Missing,P1,Closed,Windows Team,1,19,0,0,2.322999927520956e-05
Ubuntu 22.04,Testing,API Server,Bangalore,Infrastructure Team,2801,Running,Running,Running,Enabled,Updated,Compliant,100,Compliant,2801,69,49,36,73,2,2,10,13,CPU Utilization High,P3,Open,Infrastructure Team,20,27,0,0,0.001522484794378557
Windows Server 2022,Development,Database Server,Chennai,Database Team,2628,Stopped,Running,Running,Enabled,Outdated,Compliant,65,Non-Compliant,2628,80,89,86,289,4,7,19,11,Splunk Agent Down,P4,In Progress,Database Team,45,41,1,1,0.9999999999999294
Windows Server 2019,Development,Web Server,Hyderabad,Linux Team,3806,Running,Running,Running,Enabled,Updated,Compliant,100,Compliant,3806,32,30,48,369,0,6,5,19,Memory Utilization High,P2,Resolved,Linux Team,4,30,0,0,0.03113890197469574
Ubuntu 22.04,Production,API Server,Hyderabad,Infrastructure Team,1701,Running,Running,Running,Enabled,Updated,Compliant,100,Compliant,1701,46,47,39,504,2,1,9,13,Patch Failure,P2,Resolved,Infrastructure Team,5,25,0,0,0.005037643041010137
Windows Server 2022,Development,Authentication Server,Hyderabad,Security Team,1969,Running,Running,Running,Enabled,Outdated,Compliant,85,Warning,1969,57,47,52,725,1,3,7,7,Firewall Disabled,P3,Closed,Security Team,22,18,0,0,0.0008992033469534879
Windows Server 2022,Development,File Server,Pune,Windows Team,3589,Running,Running,Running,Enabled,Updated,Compliant,100,Compliant,3589,33,38,77,8,0,3,3,6,Memory Utilization High,P4,In Progress,Windows Team,68,12,0,0,8.860431503644822e-10
Ubuntu 22.04,Testing,API Server,Bangalore,Infrastructure Team,3628,Running,Running,Running,Enabled,Updated,Compliant,100,Compliant,3628,49,50,32,4,0,4,6,8,Memory Utilization High,P4,Resolved,Infrastructure Team,47,18,0,0,4.405052254552333e-08
RHEL 8,Testing,File Server,Chennai,Windows Team,967,Running,Running,Running,Enabled,Updated,Compliant,100,Compliant,967,11,43,89,313,1,2,6,7,CPU Utilization High,P4,Open,Windows Team,13,16,0,0,2.8631647787229196e-07
RHEL 8,Production,Database Server,Bangalore,Database Team,4143,Running,Running,Running,Enabled,Updated,Compliant,100,Compliant,4143,68,95,84,446,1,4,18,27,Splunk Agent Down,P4,Resolved,Database Team,62,50,1,1,0.9999999121133012
RHEL 8,Testing,Authentication Server,Mumbai,Security Team,20,Running,Running,Running,Enabled,Outdated,Compliant,85,Warning,20,34,56,31,164,1,1,2,8,Application Not Responding,P1,Resolved,Security Team,3,12,0,0,6.589496674217245e-06
RHEL 9,Development,Mail Server,Pune,Messaging Team,2608,Running,Running,Running,Enabled,Updated,Compliant,100,Compliant,2608,31,58,48,544,2,4,7,9,Firewall Disabled,P3,Resolved,Messaging Team,8,22,0,0,0.00020313000705976997
Windows Server 2022,Production,API Server,Mumbai,Infrastructure Team,2943,Running,Running,Running,Enabled,Updated,Compliant,100,Compliant,2943,45,75,37,427,0,2,3,5,Firewall Disabled,P3,Closed,Infrastructure Team,22,10,0,0,2.0227182138371813e-10
Windows Server 2022,Testing,Web Server,Pune,Linux Team,4988,Running,Running,Running,Enabled,Updated,Non-Compliant,90,Compliant,4988,41,30,49,301,2,3,9,12,CrowdStrike Offline,P3,Resolved,Linux Team,24,26,0,0,0.22515970029593546
RHEL 9,Production,Application Server,Mumbai,Infrastructure Team,2481,Running,Running,Running,Enabled,Updated,Compliant,100,Compliant,2481,72,51,43,303,1,5,8,16,Firewall Disabled,P3,Resolved,Infrastructure Team,15,30,0,0,0.015727842560498244
Windows Server 2019,UAT,Mail Server,Bangalore,Messaging Team,4601,Running,Running,Running,Enabled,Updated,Compliant,100,Compliant,4601,25,48,57,224,1,2,3,14,CPU Utilization High,P3,Closed,Messaging Team,4,20,0,0,1.0395839800852901e-07
RHEL 8,Production,API Server,Pune,Infrastructure Team,4361,Running,Running,Running,Enabled,Updated,Compliant,100,Compliant,4361,68,61,36,258,0,3,8,6,Qualys Agent Missing,P4,Closed,Infrastructure Team,69,17,0,0,1.7734094701183127e-07
RHEL 9,UAT,File Server,Chennai,Windows Team,524,Running,Running,Running,Enabled,Outdated,Compliant,85,Warning,524,35,23,94,587,0,2,6,6,Disk Space Full,P2,In Progress,Windows Team,8,14,0,0,0.0008919064864195486
Windows Server 2019,Testing,API Server,Pune,Infrastructure Team,2218,Running,Running,Running,Enabled,Updated,Compliant,100,Compliant,2218,67,47,48,135,2,2,10,6,Disk Space Full,P4,Closed,Infrastructure Team,52,20,0,0,1.164428546085061e-05
RHEL 8,Development,API Server,Chennai,Infrastructure Team,4136,Running,Running,Running,Enabled,Updated,Compliant,100,Compliant,4136,53,68,31,8,2,3,5,5,CrowdStrike Offline,P4,Open,Infrastructure Team,21,15,0,0,6.928852432472216e-08
Windows Server 2022,Production,Mail Server,Chennai,Messaging Team,690,Running,Running,Running,Enabled,Updated,Compliant,100,Compliant,690,29,59,39,85,2,2,10,12,Application Not Responding,P3,Closed,Messaging Team,15,26,0,0,0.00045104750725164894
Windows Server 2019,Testing,Database Server,Pune,Database Team,4124,Stopped,Running,Running,Enabled,Updated,Compliant,80,Warning,4124,67,80,93,350,4,5,17,11,Memory Utilization High,P3,In Progress,Database Team,6,37,1,1,0.9999999964542645
Windows Server 2019,UAT,Application Server,Bangalore,Infrastructure Team,4006,Running,Running,Running,Enabled,Updated,Compliant,100,Compliant,4006,47,62,68,15,1,1,12,16,Disk Space Full,P3,In Progress,Infrastructure Team,20,30,0,0,0.001638945797622211
Windows Server 2022,Production,API Server,Hyderabad,Infrastructure Team,804,Running,Running,Running,Enabled,Updated,Compliant,100,Compliant,804,49,56,38,211,0,2,5,7,Firewall Disabled,P4,Resolved,Infrastructure Team,48,14,0,0,1.1094416516575404e-09
Windows Server 2019,Production,Application Server,Hyderabad,Infrastructure Team,3461,Running,Running,Running,Enabled,Updated,Compliant,100,Compliant,3461,78,81,72,253,1,3,12,6,Splunk Agent Down,P3,Closed,Infrastructure Team,19,22,0,0,0.0009944883566037435
RHEL 8,Development,API Server,Pune,Infrastructure Team,2630,Running,Running,Running,Enabled,Updated,Compliant,100,Compliant,2630,68,67,50,41,0,4,10,10,Firewall Disabled,P2,Resolved,Infrastructure Team,2,24,0,0,0.0007411594722136396
Ubuntu 22.04,Production,Database Server,Pune,Database Team,1232,Running,Running,Running,Enabled,Updated,Compliant,100,Compliant,1232,82,87,73,685,0,10,10,29,Server Down,P3,Closed,Database Team,23,49,1,1,0.9999999716035307
Ubuntu 22.04,UAT,File Server,Mumbai,Windows Team,823,Running,Running,Running,Enabled,Updated,Compliant,100,Compliant,823,12,22,72,451,0,2,8,10,CPU Utilization High,P3,Closed,Windows Team,21,20,0,0,3.708499609086687e-06
RHEL 8,Development,Web Server,Mumbai,Linux Team,2347,Stopped,Running,Stopped,Enabled,Updated,Compliant,60,Non-Compliant,2347,24,45,25,271,3,3,5,16,CPU Utilization High,P3,Resolved,Linux Team,20,27,1,1,0.9854940188018825
RHEL 8,UAT,Mail Server,Chennai,Messaging Team,2864,Running,Running,Running,Enabled,Updated,Compliant,100,Compliant,2864,45,65,47,431,1,4,4,13,CPU Utilization High,P3,Closed,Messaging Team,22,22,0,0,1.9996654857512576e-05
Ubuntu 22.04,Development,Database Server,Hyderabad,Database Team,651,Running,Running,Running,Enabled,Updated,Compliant,100,Compliant,651,73,74,69,591,4,2,14,19,Server Down,P2,In Progress,Database Team,5,39,1,1,0.9999998107719245
Ubuntu 22.04,UAT,Web Server,Hyderabad,Linux Team,3476,Running,Running,Running,Enabled,Updated,Compliant,100,Compliant,3476,55,31,32,637,1,3,4,10,Patch Failure,P4,Closed,Linux Team,44,18,0,0,5.160123920671654e-07
RHEL 8,UAT,Database Server,Hyderabad,Database Team,535,Running,Running,Running,Enabled,Updated,Compliant,100,Compliant,535,73,84,67,408,5,5,13,17,Firewall Disabled,P3,Resolved,Database Team,19,40,1,1,0.9999997805994214
RHEL 8,UAT,API Server,Pune,Infrastructure Team,1201,Running,Running,Running,Enabled,Updated,Compliant,100,Compliant,1201,78,59,36,5,0,1,3,9,CPU Utilization High,P1,Resolved,Infrastructure Team,3,13,0,0,1.3250737045570296e-08
RHEL 8,Testing,API Server,Mumbai,Infrastructure Team,4980,Running,Running,Running,Enabled,Updated,Compliant,100,Compliant,4980,65,54,50,532,1,1,7,14,CrowdStrike Offline,P4,Closed,Infrastructure Team,50,23,0,0,5.278688940213282e-06
RHEL 9,Testing,Mail Server,Pune,Messaging Team,705,Running,Running,Running,Enabled,Updated,Compliant,100,Compliant,705,43,58,60,277,1,2,2,14,Disk Space Full,P4,Resolved,Messaging Team,12,19,0,0,1.7900046582582213e-08
RHEL 9,UAT,File Server,Pune,Windows Team,1556,Running,Running,Running,Enabled,Updated,Compliant,100,Compliant,1556,13,20,81,217,1,0,4,9,Splunk Agent Down,P1,Closed,Windows Team,2,14,0,0,2.191650086230652e-07
Ubuntu 22.04,Production,File Server,Bangalore,Windows Team,1809,Running,Running,Running,Enabled,Updated,Compliant,100,Compliant,1809,19,39,77,700,1,0,2,6,Patch Failure,P4,Closed,Windows Team,35,9,0,0,2.3031389859303382e-10
Windows Server 2019,UAT,Web Server,Pune,Linux Team,2633,Running,Running,Running,Enabled,Updated,Compliant,100,Compliant,2633,32,63,23,320,3,3,4,14,CrowdStrike Offline,P3,Closed,Linux Team,21,24,0,0,0.0006040886994051968
RHEL 9,Production,Mail Server,Chennai,Messaging Team,4938,Running,Running,Running,Enabled,Updated,Compliant,100,Compliant,4938,52,47,34,81,2,3,9,11,CrowdStrike Offline,P4,Resolved,Messaging Team,21,25,0,0,0.00020056227472762517
RHEL 9,Testing,Mail Server,Chennai,Messaging Team,4276,Running,Running,Running,Enabled,Updated,Compliant,100,Compliant,4276,39,60,56,53,1,1,3,15,Firewall Disabled,P4,Closed,Messaging Team,68,20,0,0,2.883821841099028e-08
RHEL 8,Production,Authentication Server,Hyderabad,Security Team,1921,Running,Running,Running,Enabled,Updated,Compliant,100,Compliant,1921,46,49,27,403,0,1,2,9,Firewall Disabled,P4,Closed,Security Team,50,12,0,0,2.415483230727981e-11
Ubuntu 22.04,Testing,Application Server,Hyderabad,Infrastructure Team,3984,Running,Running,Running,Enabled,Updated,Compliant,100,Compliant,3984,62,66,73,703,2,4,11,8,Memory Utilization High,P4,Resolved,Infrastructure Team,58,25,0,0,0.07297533380078307
RHEL 8,Production,Database Server,Hyderabad,Database Team,3536,Running,Running,Running,Enabled,Updated,Compliant,100,Compliant,3536,67,93,81,603,5,8,18,30,Server Down,P4,Resolved,Database Team,37,61,1,1,0.9999999999999984
Ubuntu 22.04,Production,API Server,Hyderabad,Infrastructure Team,3205,Running,Running,Running,Enabled,Updated,Compliant,100,Compliant,3205,49,48,35,489,1,1,7,5,Server Down,P4,Closed,Infrastructure Team,31,14,0,0,2.1693298078063523e-08
Windows Server 2019,Production,Database Server,Bangalore,Database Team,190,Running,Running,Running,Enabled,Updated,Compliant,100,Compliant,190,63,82,75,306,0,2,10,11,Disk Space Full,P3,Closed,Database Team,14,23,0,0,0.00034113391470749006
RHEL 8,Development,Web Server,Pune,Linux Team,3031,Running,Running,Running,Enabled,Updated,Compliant,100,Compliant,3031,38,70,24,705,3,4,5,19,Splunk Agent Down,P4,Resolved,Linux Team,31,31,0,0,0.16362042523855413
Windows Server 2022,UAT,API Server,Chennai,Infrastructure Team,3300,Running,Running,Running,Enabled,Updated,Compliant,100,Compliant,3300,54,74,37,580,1,1,3,10,Application Not Responding,P4,In Progress,Infrastructure Team,46,15,0,0,2.1935753558097905e-08
Windows Server 2019,Testing,Mail Server,Hyderabad,Messaging Team,219,Running,Running,Running,Enabled,Updated,Compliant,100,Compliant,219,46,61,37,514,1,1,8,5,Splunk Agent Down,P3,Closed,Messaging Team,12,15,0,0,1.466666346350175e-07
Windows Server 2022,Production,Authentication Server,Bangalore,Security Team,1337,Running,Running,Running,Enabled,Updated,Compliant,100,Compliant,1337,52,68,53,385,0,3,6,5,Application Not Responding,P4,Resolved,Security Team,22,14,0,0,1.1445713385411904e-08
Windows Server 2019,UAT,File Server,Pune,Windows Team,4541,Running,Running,Running,Enabled,Updated,Compliant,100,Compliant,4541,12,33,84,635,1,3,2,6,Patch Failure,P4,In Progress,Windows Team,45,12,0,0,2.5339378463942214e-08
Windows Server 2022,UAT,Web Server,Pune,Linux Team,3310,Running,Running,Running,Enabled,Updated,Compliant,100,Compliant,3310,60,40,24,549,0,1,4,20,Firewall Disabled,P3,Resolved,Linux Team,21,25,0,0,4.7374499758314187e-07
Ubuntu 22.04,UAT,Application Server,Bangalore,Infrastructure Team,4712,Running,Running,Running,Enabled,Updated,Compliant,100,Compliant,4712,62,79,70,370,2,4,12,12,CPU Utilization High,P3,Resolved,Infrastructure Team,10,30,0,1,0.6495584731137696
RHEL 9,UAT,API Server,Pune,Infrastructure Team,3394,Running,Running,Running,Enabled,Updated,Compliant,100,Compliant,3394,80,51,39,105,2,1,7,10,Splunk Agent Down,P2,In Progress,Infrastructure Team,6,20,0,0,5.6889272119494374e-05
Windows Server 2019,UAT,Database Server,Bangalore,Database Team,3398,Running,Running,Running,Enabled,Updated,Non-Compliant,90,Compliant,3398,66,83,94,106,5,2,9,22,CPU Utilization High,P4,Open,Database Team,72,38,1,1,0.9999995696644872
RHEL 9,UAT,Web Server,Bangalore,Linux Team,630,Running,Running,Running,Enabled,Updated,Compliant,100,Compliant,630,26,33,57,34,3,5,10,8,Application Not Responding,P3,Resolved,Linux Team,15,26,0,0,0.05830538153189805
Windows Server 2022,Production,Web Server,Chennai,Linux Team,493,Running,Running,Running,Enabled,Updated,Compliant,100,Compliant,493,59,47,55,217,3,5,8,10,Qualys Agent Missing,P4,Resolved,Linux Team,20,26,0,0,0.048807176343207706
Ubuntu 22.04,UAT,Web Server,Mumbai,Linux Team,3294,Running,Running,Running,Enabled,Updated,Compliant,100,Compliant,3294,31,61,56,611,1,2,7,11,CPU Utilization High,P3,Closed,Linux Team,14,21,0,0,4.620403066357356e-05
Windows Server 2019,Production,Web Server,Hyderabad,Linux Team,3159,Running,Running,Running,Enabled,Updated,Compliant,100,Compliant,3159,42,50,38,235,0,4,15,19,Memory Utilization High,P4,Closed,Linux Team,68,38,1,1,0.8475961747205667
Ubuntu 22.04,Production,Authentication Server,Mumbai,Security Team,4236,Running,Running,Running,Enabled,Updated,Compliant,100,Compliant,4236,51,44,50,367,0,1,3,9,Disk Space Full,P3,In Progress,Security Team,13,13,0,0,2.166529980152237e-10
RHEL 8,UAT,Web Server,Mumbai,Linux Team,1729,Running,Running,Running,Disabled,Updated,Compliant,85,Warning,1729,46,49,37,309,2,5,14,20,Patch Failure,P1,Resolved,Linux Team,3,41,1,1,0.9999999779813962
Windows Server 2022,Testing,Application Server,Bangalore,Infrastructure Team,4346,Running,Stopped,Running,Enabled,Updated,Compliant,80,Warning,4346,63,78,53,315,2,4,4,18,Application Not Responding,P4,Resolved,Infrastructure Team,67,28,0,0,0.3785366923280994
Windows Server 2019,Production,Application Server,Pune,Infrastructure Team,4935,Running,Running,Running,Enabled,Updated,Compliant,100,Compliant,4935,51,74,40,461,2,5,8,15,CrowdStrike Offline,P3,Closed,Infrastructure Team,22,30,0,0,0.2352187805269296
RHEL 8,Development,Authentication Server,Pune,Security Team,2372,Running,Running,Running,Enabled,Outdated,Compliant,85,Warning,2372,44,58,42,6,2,3,3,4,Application Not Responding,P3,Closed,Security Team,13,12,0,0,1.2121280995912336e-06
RHEL 9,Testing,Authentication Server,Chennai,Security Team,1356,Running,Running,Running,Enabled,Outdated,Compliant,85,Warning,1356,57,66,35,267,2,2,2,4,CrowdStrike Offline,P2,Resolved,Security Team,6,10,0,0,2.4678012030011854e-05
Windows Server 2019,Testing,Database Server,Pune,Database Team,3067,Running,Running,Running,Enabled,Updated,Compliant,100,Compliant,3067,81,91,92,451,5,5,14,12,Application Not Responding,P4,Closed,Database Team,19,36,1,1,0.999999292882388
RHEL 9,UAT,Mail Server,Chennai,Messaging Team,2666,Running,Running,Running,Enabled,Updated,Compliant,100,Compliant,2666,44,43,64,119,0,3,10,10,Memory Utilization High,P4,Resolved,Messaging Team,27,23,0,0,3.1158504622340134e-06
Windows Server 2019,Testing,Mail Server,Chennai,Messaging Team,3257,Running,Running,Running,Enabled,Updated,Compliant,100,Compliant,3257,41,43,38,462,1,4,10,9,CrowdStrike Offline,P3,Resolved,Messaging Team,19,24,0,0,0.0007321055951358728
Windows Server 2019,Production,Authentication Server,Pune,Security Team,2107,Running,Running,Running,Enabled,Updated,Compliant,100,Compliant,2107,45,46,43,713,1,4,2,4,Splunk Agent Down,P3,Resolved,Security Team,22,11,0,0,9.840468415238205e-09
Ubuntu 22.04,UAT,Web Server,Bangalore,Linux Team,3570,Stopped,Running,Running,Enabled,Updated,Compliant,80,Warning,3570,58,64,34,622,1,1,4,16,Qualys Agent Missing,P1,Closed,Linux Team,1,22,0,0,0.13231370683605204
RHEL 9,UAT,API Server,Bangalore,Infrastructure Team,3911,Running,Running,Stopped,Enabled,Updated,Compliant,80,Warning,3911,75,42,45,393,1,2,5,15,Memory Utilization High,P4,Resolved,Infrastructure Team,70,23,0,0,0.0005763602594228101
Ubuntu 22.04,Production,Authentication Server,Chennai,Security Team,4182,Running,Running,Running,Enabled,Updated,Compliant,100,Compliant,4182,37,44,51,712,1,2,2,6,Disk Space Full,P4,Open,Security Team,40,11,0,0,8.153934001695684e-10
Ubuntu 22.04,Development,File Server,Hyderabad,Windows Team,723,Running,Running,Running,Enabled,Updated,Compliant,100,Compliant,723,25,28,89,123,0,2,8,14,Memory Utilization High,P2,In Progress,Windows Team,3,24,0,0,0.00032828712741376717
RHEL 8,Development,File Server,Hyderabad,Windows Team,2503,Running,Running,Running,Enabled,Updated,Compliant,100,Compliant,2503,31,20,90,476,0,2,2,10,Splunk Agent Down,P3,Resolved,Windows Team,7,14,0,0,1.6450764050895e-09
RHEL 8,Production,Web Server,Hyderabad,Linux Team,4959,Running,Running,Running,Enabled,Updated,Compliant,100,Compliant,4959,30,66,55,728,0,4,5,5,Splunk Agent Down,P4,Closed,Linux Team,32,14,0,0,1.5016698353755116e-07
Ubuntu 22.04,Development,Web Server,Pune,Linux Team,2992,Running,Running,Running,Enabled,Updated,Compliant,100,Compliant,2992,59,57,54,341,0,2,13,20,Patch Failure,P4,Open,Linux Team,63,35,0,0,0.06537885187196486
Windows Server 2019,Testing,Authentication Server,Bangalore,Security Team,1370,Running,Running,Running,Enabled,Updated,Compliant,100,Compliant,1370,58,43,32,649,1,1,8,7,Disk Space Full,P3,Resolved,Security Team,8,17,0,0,1.737892816135895e-07
Ubuntu 22.04,Development,API Server,Chennai,Infrastructure Team,127,Running,Running,Running,Enabled,Updated,Compliant,100,Compliant,127,46,42,54,510,2,3,5,15,CrowdStrike Offline,P3,Closed,Infrastructure Team,16,25,0,0,0.000248783800376491
Ubuntu 22.04,Testing,API Server,Bangalore,Infrastructure Team,4160,Running,Running,Running,Enabled,Outdated,Compliant,85,Warning,4160,54,47,35,338,1,3,9,7,CPU Utilization High,P3,Resolved,Infrastructure Team,5,20,0,0,0.004075330648561207
RHEL 8,Testing,Authentication Server,Mumbai,Security Team,4666,Running,Running,Running,Enabled,Updated,Compliant,100,Compliant,4666,36,57,48,50,1,4,5,5,Splunk Agent Down,P4,Resolved,Security Team,21,15,0,0,1.9780033894609166e-08
Windows Server 2022,Testing,Mail Server,Chennai,Messaging Team,4216,Running,Running,Running,Enabled,Updated,Compliant,100,Compliant,4216,49,46,44,330,1,3,2,6,Application Not Responding,P4,Resolved,Messaging Team,68,12,0,0,2.162136931285374e-09
Ubuntu 22.04,Testing,Mail Server,Chennai,Messaging Team,3079,Running,Running,Running,Enabled,Updated,Compliant,100,Compliant,3079,34,49,45,404,2,2,7,13,Disk Space Full,P3,In Progress,Messaging Team,23,24,0,0,0.00013607363671072024
Ubuntu 22.04,Production,Application Server,Hyderabad,Infrastructure Team,525,Running,Running,Running,Enabled,Updated,Compliant,100,Compliant,525,78,71,45,92,2,5,11,12,Patch Failure,P3,Closed,Infrastructure Team,7,30,0,0,0.2953596083813229
RHEL 8,Production,Database Server,Pune,Database Team,3226,Running,Running,Running,Enabled,Updated,Compliant,100,Compliant,3226,70,92,93,614,1,7,19,22,CrowdStrike Offline,P2,Resolved,Database Team,2,49,1,1,0.9999999999267053
Windows Server 2022,Production,Web Server,Hyderabad,Linux Team,440,Running,Running,Running,Enabled,Updated,Non-Compliant,90,Compliant,440,37,42,48,283,2,6,4,20,Qualys Agent Missing,P4,Closed,Linux Team,43,32,1,1,0.9602113986732826
Ubuntu 22.04,Development,API Server,Hyderabad,Infrastructure Team,4827,Running,Running,Running,Enabled,Updated,Compliant,100,Compliant,4827,70,73,33,443,2,3,7,12,CrowdStrike Offline,P3,Closed,Infrastructure Team,5,24,0,0,0.0007299082709092343
Windows Server 2019,UAT,API Server,Hyderabad,Infrastructure Team,2173,Running,Running,Running,Enabled,Updated,Compliant,100,Compliant,2173,50,74,42,611,1,4,3,8,Memory Utilization High,P3,Closed,Infrastructure Team,21,16,0,0,7.432603295805087e-07
Ubuntu 22.04,Testing,Application Server,Hyderabad,Infrastructure Team,1437,Running,Running,Running,Enabled,Updated,Compliant,100,Compliant,1437,74,66,47,221,0,4,12,12,Patch Failure,P4,Closed,Infrastructure Team,68,28,0,0,0.004060615625900443
Windows Server 2022,Testing,Database Server,Mumbai,Database Team,837,Stopped,Running,Running,Enabled,Updated,Compliant,80,Warning,837,86,83,90,649,3,5,19,16,Qualys Agent Missing,P4,Resolved,Database Team,38,43,1,1,0.9999999999374929
Windows Server 2022,Testing,Database Server,Hyderabad,Database Team,1360,Running,Running,Running,Enabled,Updated,Compliant,100,Compliant,1360,60,94,74,116,2,4,13,26,Disk Space Full,P3,Resolved,Database Team,11,45,1,1,0.9999818656069065
RHEL 8,Production,Database Server,Pune,Database Team,2674,Running,Running,Running,Enabled,Updated,Compliant,100,Compliant,2674,88,78,76,620,5,6,15,27,Server Down,P3,Closed,Database Team,6,53,1,1,0.9999999999914335
Ubuntu 22.04,Development,API Server,Hyderabad,Infrastructure Team,2574,Running,Running,Running,Enabled,Updated,Compliant,100,Compliant,2574,75,75,43,65,1,4,10,13,CrowdStrike Offline,P3,Closed,Infrastructure Team,24,28,0,0,0.008744785580155593
RHEL 9,Production,Mail Server,Bangalore,Messaging Team,3087,Running,Running,Running,Enabled,Updated,Compliant,100,Compliant,3087,26,42,64,431,1,1,3,11,Application Not Responding,P4,Closed,Messaging Team,30,16,0,0,3.946792282853699e-09
Windows Server 2019,Development,Web Server,Bangalore,Linux Team,407,Running,Running,Running,Enabled,Updated,Non-Compliant,90,Compliant,407,28,45,44,462,1,6,11,19,Memory Utilization High,P3,Closed,Linux Team,19,37,1,1,0.9997751352179762
RHEL 8,Production,Web Server,Bangalore,Linux Team,2144,Running,Running,Running,Enabled,Updated,Compliant,100,Compliant,2144,56,31,23,626,3,2,6,11,Memory Utilization High,P4,Closed,Linux Team,59,22,0,0,9.830486010099643e-05
Ubuntu 22.04,Development,Database Server,Pune,Database Team,1998,Running,Running,Running,Enabled,Updated,Compliant,100,Compliant,1998,87,87,79,472,5,6,19,11,Qualys Agent Missing,P4,Resolved,Database Team,57,41,1,1,0.9999999992918625
Windows Server 2019,Production,API Server,Hyderabad,Infrastructure Team,2012,Running,Running,Running,Enabled,Updated,Compliant,100,Compliant,2012,74,57,44,228,0,4,9,10,Application Not Responding,P3,Resolved,Infrastructure Team,18,23,0,0,5.8158404253144734e-05
RHEL 9,Production,Application Server,Bangalore,Infrastructure Team,3108,Running,Running,Running,Enabled,Updated,Compliant,100,Compliant,3108,57,52,60,309,1,3,10,15,Patch Failure,P3,Resolved,Infrastructure Team,20,29,0,0,0.0023822639911069508
Windows Server 2019,Testing,Web Server,Chennai,Linux Team,1485,Running,Running,Running,Enabled,Updated,Compliant,100,Compliant,1485,30,56,34,237,3,3,12,16,Memory Utilization High,P2,Closed,Linux Team,3,34,1,1,0.99451089183
Ubuntu 22.04,Production,Web Server,Chennai,Linux Team,4589,Running,Running,Running,Enabled,Updated,Compliant,100,Compliant,4589,23,42,45,286,3,6,8,11,Patch Failure,P3,Open,Linux Team,14,28,0,0,0.2686729535464308
Windows Server 2019,Testing,Application Server,Mumbai,Infrastructure Team,878,Running,Running,Running,Enabled,Updated,Compliant,100,Compliant,878,44,74,68,305,0,1,9,11,Patch Failure,P3,Closed,Infrastructure Team,24,21,0,0,1.148903141626025e-06
Windows Server 2022,UAT,API Server,Pune,Infrastructure Team,4233,Running,Stopped,Running,Enabled,Updated,Non-Compliant,70,Warning,4233,66,40,43,262,2,4,8,12,CrowdStrike Offline,P3,Closed,Infrastructure Team,10,26,1,1,0.9796551800868861
Windows Server 2022,Development,Web Server,Bangalore,Linux Team,4614,Running,Running,Running,Enabled,Updated,Compliant,100,Compliant,4614,24,64,36,729,0,2,6,8,Patch Failure,P3,Resolved,Linux Team,20,16,0,0,5.2812890249714136e-08
Windows Server 2019,Production,Mail Server,Hyderabad,Messaging Team,4310,Running,Running,Running,Enabled,Updated,Compliant,100,Compliant,4310,44,52,63,218,1,4,4,13,Server Down,P1,In Progress,Messaging Team,2,22,0,0,0.002405711911566661
Ubuntu 22.04,UAT,Web Server,Bangalore,Linux Team,3100,Running,Running,Running,Enabled,Updated,Compliant,100,Compliant,3100,29,38,48,612,3,2,6,5,CrowdStrike Offline,P3,Closed,Linux Team,14,16,0,0,1.079628368105063e-05
Windows Server 2019,UAT,API Server,Bangalore,Infrastructure Team,1623,Running,Running,Running,Enabled,Updated,Compliant,100,Compliant,1623,58,67,33,6,1,2,5,14,Qualys Agent Missing,P3,In Progress,Infrastructure Team,9,22,0,0,1.5245340270978288e-06
Ubuntu 22.04,Production,Mail Server,Mumbai,Messaging Team,4917,Running,Running,Running,Enabled,Updated,Compliant,100,Compliant,4917,36,41,38,18,1,3,7,13,Server Down,P3,Resolved,Messaging Team,16,24,0,0,9.573882831194394e-06
RHEL 9,Development,Application Server,Hyderabad,Infrastructure Team,4519,Running,Running,Running,Enabled,Updated,Compliant,100,Compliant,4519,79,68,62,392,2,2,11,13,CrowdStrike Offline,P4,Open,Infrastructure Team,38,28,0,0,0.017556145759476956
Ubuntu 22.04,Production,Authentication Server,Pune,Security Team,2708,Running,Running,Running,Enabled,Updated,Compliant,100,Compliant,2708,59,60,49,314,0,3,4,7,Server Down,P2,Closed,Security Team,5,14,0,0,1.826658298452869e-07
RHEL 9,UAT,Application Server,Chennai,Infrastructure Team,3986,Running,Running,Stopped,Enabled,Updated,Compliant,80,Warning,3986,42,65,73,125,1,3,12,16,CrowdStrike Offline,P4,Closed,Infrastructure Team,59,32,1,1,0.9403408076514201
RHEL 9,UAT,File Server,Pune,Windows Team,1069,Running,Running,Running,Enabled,Updated,Compliant,100,Compliant,1069,35,35,73,52,1,1,8,10,CPU Utilization High,P4,Resolved,Windows Team,18,20,0,0,1.0111598195825844e-06
Ubuntu 22.04,Development,Application Server,Mumbai,Infrastructure Team,124,Running,Running,Running,Enabled,Updated,Compliant,100,Compliant,124,79,69,52,259,0,2,11,10,Splunk Agent Down,P4,In Progress,Infrastructure Team,50,23,0,0,4.420420329771e-05
Windows Server 2022,Testing,Web Server,Hyderabad,Linux Team,3561,Running,Running,Running,Enabled,Updated,Non-Compliant,90,Compliant,3561,32,60,57,442,1,1,8,7,Disk Space Full,P4,Closed,Linux Team,15,17,0,0,4.719500509409171e-05
Ubuntu 22.04,UAT,Mail Server,Chennai,Messaging Team,2002,Running,Running,Running,Enabled,Updated,Compliant,100,Compliant,2002,38,54,62,293,0,4,2,9,Server Down,P3,Closed,Messaging Team,22,15,0,0,1.4555215176806866e-08
Windows Server 2022,UAT,Database Server,Hyderabad,Database Team,3797,Running,Running,Running,Enabled,Updated,Compliant,100,Compliant,3797,84,78,69,379,2,2,14,17,Memory Utilization High,P3,In Progress,Database Team,8,35,1,1,0.9904110223006413
RHEL 8,Testing,File Server,Chennai,Windows Team,243,Running,Running,Running,Enabled,Updated,Compliant,100,Compliant,243,16,39,74,719,0,2,8,11,Firewall Disabled,P4,Closed,Windows Team,67,21,0,0,1.1056847909639308e-05
Ubuntu 22.04,Development,Application Server,Mumbai,Infrastructure Team,160,Running,Running,Running,Enabled,Updated,Compliant,100,Compliant,160,79,51,62,503,1,5,6,12,Disk Space Full,P4,Resolved,Infrastructure Team,12,24,0,0,0.0002233532101140604
RHEL 8,Development,Web Server,Mumbai,Linux Team,2207,Running,Running,Running,Enabled,Updated,Compliant,100,Compliant,2207,29,55,43,72,3,5,7,11,Splunk Agent Down,P3,Closed,Linux Team,5,26,0,0,0.011680306216140636
Windows Server 2019,Testing,Authentication Server,Bangalore,Security Team,4824,Running,Running,Running,Enabled,Updated,Compliant,100,Compliant,4824,55,70,45,571,0,2,6,10,Firewall Disabled,P3,Closed,Security Team,18,18,0,0,1.476879515814083e-07
Windows Server 2022,Testing,Mail Server,Mumbai,Messaging Team,1320,Running,Running,Running,Enabled,Updated,Compliant,100,Compliant,1320,38,60,47,527,0,2,6,5,Splunk Agent Down,P4,Open,Messaging Team,29,13,0,0,3.1942068597940254e-09
Windows Server 2019,Production,Database Server,Pune,Database Team,1554,Stopped,Running,Running,Enabled,Updated,Compliant,80,Warning,1554,83,77,77,519,3,6,19,28,Patch Failure,P2,Resolved,Database Team,6,56,1,1,0.9999999999999987
RHEL 8,Testing,Application Server,Mumbai,Infrastructure Team,3633,Running,Running,Running,Enabled,Updated,Compliant,100,Compliant,3633,55,63,57,615,2,1,8,15,CPU Utilization High,P4,Closed,Infrastructure Team,57,26,0,0,0.0008179742720012886
Windows Server 2022,Production,Database Server,Bangalore,Database Team,3514,Running,Running,Running,Enabled,Outdated,Compliant,85,Warning,3514,60,76,68,497,1,6,7,27,Firewall Disabled,P2,Closed,Database Team,7,41,1,1,0.9999998452946288
Windows Server 2019,Production,API Server,Mumbai,Infrastructure Team,3183,Running,Running,Running,Enabled,Updated,Compliant,100,Compliant,3183,77,48,32,400,2,4,7,15,Firewall Disabled,P3,Resolved,Infrastructure Team,7,28,0,0,0.007238375422691246
Windows Server 2022,Testing,API Server,Hyderabad,Infrastructure Team,4920,Running,Running,Running,Enabled,Updated,Compliant,100,Compliant,4920,46,61,44,647,2,1,10,5,Splunk Agent Down,P4,Resolved,Infrastructure Team,37,18,0,0,8.008870988202093e-06
Windows Server 2022,UAT,Database Server,Bangalore,Database Team,747,Running,Running,Running,Enabled,Updated,Compliant,100,Compliant,747,61,89,66,430,5,4,15,25,Patch Failure,P4,In Progress,Database Team,60,49,1,1,0.9999999989481132
RHEL 8,Production,Application Server,Pune,Infrastructure Team,740,Running,Stopped,Running,Enabled,Outdated,Compliant,65,Non-Compliant,740,59,78,49,400,2,3,3,10,Application Not Responding,P4,Closed,Infrastructure Team,21,18,0,0,0.04593812425904699
Ubuntu 22.04,Development,Mail Server,Mumbai,Messaging Team,2295,Running,Running,Running,Enabled,Updated,Compliant,100,Compliant,2295,31,58,38,583,2,3,3,7,Memory Utilization High,P4,Resolved,Messaging Team,27,15,0,0,1.4739168772616688e-07
RHEL 8,Production,API Server,Pune,Infrastructure Team,2616,Running,Running,Running,Enabled,Updated,Compliant,100,Compliant,2616,77,74,47,687,1,2,6,12,Splunk Agent Down,P3,Open,Infrastructure Team,16,21,0,0,9.264455065818744e-06
Windows Server 2022,Development,Mail Server,Pune,Messaging Team,1367,Running,Running,Running,Enabled,Updated,Compliant,100,Compliant,1367,42,62,36,717,0,3,4,12,Server Down,P3,Closed,Messaging Team,22,19,0,0,2.4879534294624364e-07
RHEL 9,UAT,Database Server,Hyderabad,Database Team,2636,Running,Running,Running,Enabled,Updated,Compliant,100,Compliant,2636,86,89,75,614,4,9,9,19,CPU Utilization High,P2,Closed,Database Team,3,41,1,1,0.9999999995882973
RHEL 8,Testing,Mail Server,Chennai,Messaging Team,903,Running,Running,Running,Enabled,Outdated,Compliant,85,Warning,903,34,41,59,650,0,2,7,8,Qualys Agent Missing,P4,Closed,Messaging Team,60,17,0,0,3.329518769079388e-05
Windows Server 2019,Development,File Server,Mumbai,Windows Team,1775,Running,Running,Running,Enabled,Outdated,Compliant,85,Warning,1775,21,40,93,194,1,3,8,7,Application Not Responding,P3,Closed,Windows Team,12,19,0,0,0.006823928663156188
Ubuntu 22.04,Testing,Mail Server,Hyderabad,Messaging Team,4023,Stopped,Running,Running,Enabled,Outdated,Compliant,65,Non-Compliant,4023,35,40,39,369,1,4,7,9,CrowdStrike Offline,P4,In Progress,Messaging Team,64,21,0,1,0.5580664650184567
Ubuntu 22.04,Production,Database Server,Mumbai,Database Team,3945,Running,Running,Running,Enabled,Updated,Compliant,100,Compliant,3945,81,72,84,44,0,4,16,10,Server Down,P4,In Progress,Database Team,11,30,0,1,0.6641528056986081
Ubuntu 22.04,Testing,File Server,Chennai,Windows Team,860,Running,Running,Running,Enabled,Updated,Compliant,100,Compliant,860,27,32,78,413,0,1,5,5,CPU Utilization High,P2,Resolved,Windows Team,5,11,0,0,6.920444800122274e-08
RHEL 9,Testing,Web Server,Mumbai,Linux Team,1442,Running,Running,Running,Enabled,Updated,Compliant,100,Compliant,1442,44,49,21,578,1,2,13,12,CPU Utilization High,P4,Closed,Linux Team,29,28,0,0,0.013774405016085314
Windows Server 2019,UAT,Application Server,Chennai,Infrastructure Team,2780,Running,Running,Running,Enabled,Updated,Compliant,100,Compliant,2780,67,53,65,337,1,2,11,6,Splunk Agent Down,P2,Open,Infrastructure Team,8,20,0,0,0.0007066353031886627
RHEL 9,Testing,API Server,Hyderabad,Infrastructure Team,4495,Running,Running,Running,Enabled,Updated,Compliant,100,Compliant,4495,53,71,40,503,1,4,3,10,Application Not Responding,P4,Resolved,Infrastructure Team,51,18,0,0,1.5605043665021416e-06
RHEL 8,UAT,Application Server,Bangalore,Infrastructure Team,2715,Running,Running,Running,Enabled,Updated,Compliant,100,Compliant,2715,42,62,61,419,0,2,3,10,Disk Space Full,P3,Closed,Infrastructure Team,4,15,0,0,1.272391530636159e-09
Windows Server 2019,Production,Authentication Server,Chennai,Security Team,1342,Running,Running,Running,Disabled,Outdated,Compliant,70,Warning,1342,37,62,28,473,0,1,4,4,Patch Failure,P4,Resolved,Security Team,18,9,0,0,1.24920867815455e-06
RHEL 9,Production,Database Server,Mumbai,Database Team,4330,Running,Running,Running,Enabled,Updated,Compliant,100,Compliant,4330,62,87,86,249,1,3,13,12,Firewall Disabled,P3,Resolved,Database Team,11,29,1,0,0.47046711239025163
RHEL 9,Production,Authentication Server,Bangalore,Security Team,381,Running,Running,Running,Enabled,Updated,Compliant,100,Compliant,381,40,59,37,344,2,4,4,12,Server Down,P2,Closed,Security Team,3,22,0,0,0.0011330165306568127
RHEL 9,Production,Application Server,Bangalore,Infrastructure Team,145,Running,Running,Running,Enabled,Updated,Compliant,100,Compliant,145,61,59,63,124,1,4,7,14,Disk Space Full,P4,In Progress,Infrastructure Team,18,26,0,0,0.0001912069013889429
Windows Server 2019,Production,Mail Server,Chennai,Messaging Team,2206,Running,Running,Running,Enabled,Updated,Compliant,100,Compliant,2206,30,57,30,335,2,3,5,6,Server Down,P4,Resolved,Messaging Team,54,16,0,0,8.992681340547965e-07
Ubuntu 22.04,Testing,Authentication Server,Chennai,Security Team,2329,Running,Running,Running,Enabled,Updated,Non-Compliant,90,Compliant,2329,34,53,31,314,1,1,2,8,Disk Space Full,P1,Closed,Security Team,3,12,0,0,6.406716881713996e-06
RHEL 8,Testing,File Server,Bangalore,Windows Team,2907,Stopped,Running,Running,Enabled,Updated,Non-Compliant,70,Warning,2907,30,22,85,557,0,2,3,11,CPU Utilization High,P3,In Progress,Windows Team,20,16,0,0,0.0022211795885642154
Windows Server 2019,Testing,Web Server,Mumbai,Linux Team,652,Running,Running,Running,Enabled,Updated,Compliant,100,Compliant,652,55,66,43,183,1,6,13,16,Splunk Agent Down,P4,Resolved,Linux Team,17,36,0,1,0.9703313911669791
Ubuntu 22.04,Production,Web Server,Bangalore,Linux Team,2048,Running,Running,Running,Enabled,Updated,Compliant,100,Compliant,2048,43,42,56,354,3,3,12,10,Application Not Responding,P4,Resolved,Linux Team,23,28,0,0,0.2122219328361771
RHEL 9,Production,File Server,Chennai,Windows Team,783,Running,Running,Stopped,Enabled,Updated,Compliant,80,Warning,783,28,25,83,332,1,3,5,11,Patch Failure,P2,Resolved,Windows Team,8,20,0,0,0.03146553384282964
RHEL 9,Development,Authentication Server,Mumbai,Security Team,1784,Running,Running,Running,Enabled,Updated,Compliant,100,Compliant,1784,58,43,54,706,1,1,4,12,Disk Space Full,P4,Closed,Security Team,45,18,0,0,4.755686765331477e-08
Ubuntu 22.04,Production,Web Server,Hyderabad,Linux Team,1627,Running,Running,Running,Enabled,Outdated,Non-Compliant,75,Warning,1627,27,34,27,355,3,3,5,19,Patch Failure,P4,Closed,Linux Team,12,30,1,1,0.9974207539330457
Windows Server 2022,Testing,Application Server,Bangalore,Infrastructure Team,157,Stopped,Running,Running,Enabled,Updated,Compliant,80,Warning,157,58,50,63,455,2,3,4,11,Patch Failure,P4,In Progress,Infrastructure Team,23,20,0,0,0.0008057505665259629
Windows Server 2022,Testing,Application Server,Bangalore,Infrastructure Team,2994,Stopped,Running,Running,Enabled,Updated,Compliant,80,Warning,2994,52,81,60,705,1,3,8,18,Firewall Disabled,P4,In Progress,Infrastructure Team,23,30,1,1,0.7501936216070451
RHEL 8,Testing,Web Server,Pune,Linux Team,267,Running,Running,Running,Enabled,Updated,Compliant,100,Compliant,267,42,30,51,720,2,4,15,15,Patch Failure,P3,Closed,Linux Team,14,36,1,1,0.9851535007502968
Ubuntu 22.04,UAT,Application Server,Pune,Infrastructure Team,2281,Running,Running,Running,Enabled,Updated,Compliant,100,Compliant,2281,69,65,66,262,1,3,11,6,Splunk Agent Down,P3,Closed,Infrastructure Team,19,21,0,0,0.00010855629299858872
Windows Server 2022,Development,Web Server,Pune,Linux Team,1097,Running,Running,Running,Enabled,Updated,Compliant,100,Compliant,1097,44,41,27,49,1,4,14,5,CPU Utilization High,P3,Closed,Linux Team,20,24,0,0,0.0015759226360302426
Ubuntu 22.04,UAT,API Server,Mumbai,Infrastructure Team,1872,Running,Running,Running,Enabled,Outdated,Compliant,85,Warning,1872,60,74,51,178,0,3,6,10,Firewall Disabled,P4,Resolved,Infrastructure Team,32,19,0,0,9.537566285370713e-05
RHEL 8,UAT,Application Server,Bangalore,Infrastructure Team,1854,Running,Running,Running,Enabled,Updated,Compliant,100,Compliant,1854,45,50,60,131,0,4,6,12,Application Not Responding,P2,Resolved,Infrastructure Team,3,22,0,0,3.5376490058048505e-05
RHEL 9,Production,API Server,Hyderabad,Infrastructure Team,2272,Running,Running,Running,Enabled,Updated,Non-Compliant,90,Compliant,2272,62,58,47,671,1,2,8,14,Patch Failure,P4,Resolved,Infrastructure Team,11,25,0,0,0.01657866779808278
Windows Server 2019,Production,Web Server,Chennai,Linux Team,4170,Running,Running,Running,Enabled,Updated,Compliant,100,Compliant,4170,56,43,47,17,0,4,9,17,Qualys Agent Missing,P4,Closed,Linux Team,56,30,0,0,0.0015495562598795121
RHEL 8,Production,Authentication Server,Mumbai,Security Team,4012,Running,Running,Running,Enabled,Updated,Compliant,100,Compliant,4012,37,58,33,158,1,2,2,8,Patch Failure,P4,Resolved,Security Team,45,13,0,0,2.3231028611227446e-10
RHEL 9,Production,API Server,Chennai,Infrastructure Team,1421,Running,Running,Running,Enabled,Updated,Compliant,100,Compliant,1421,48,47,59,660,0,1,9,8,Firewall Disabled,P4,Open,Infrastructure Team,20,18,0,0,1.4068688524613645e-07
RHEL 9,Production,File Server,Mumbai,Windows Team,4769,Running,Running,Running,Enabled,Updated,Compliant,100,Compliant,4769,12,26,93,14,0,2,7,12,Patch Failure,P3,Closed,Windows Team,20,21,0,0,3.4650389898624413e-07
Ubuntu 22.04,UAT,Authentication Server,Hyderabad,Security Team,294,Running,Running,Running,Enabled,Updated,Compliant,100,Compliant,294,59,50,54,400,2,1,2,9,Qualys Agent Missing,P4,Resolved,Security Team,19,14,0,0,6.7759730071875504e-09
Windows Server 2022,UAT,File Server,Pune,Windows Team,3363,Running,Running,Running,Enabled,Updated,Compliant,100,Compliant,3363,25,44,89,355,0,2,2,15,Application Not Responding,P4,Resolved,Windows Team,47,19,0,0,4.2120201174858256e-08
Ubuntu 22.04,Testing,Authentication Server,Pune,Security Team,15,Running,Running,Running,Enabled,Updated,Compliant,100,Compliant,15,34,64,37,7,1,2,5,12,Patch Failure,P4,Resolved,Security Team,69,20,0,0,9.609714450230197e-08
RHEL 8,Production,Database Server,Bangalore,Database Team,10,Running,Running,Running,Enabled,Updated,Compliant,100,Compliant,10,64,83,82,562,1,6,14,10,CrowdStrike Offline,P4,In Progress,Database Team,41,31,1,1,0.997139295587257
RHEL 9,Development,Database Server,Chennai,Database Team,403,Running,Running,Running,Enabled,Updated,Compliant,100,Compliant,403,81,83,65,154,5,5,7,16,Application Not Responding,P3,In Progress,Database Team,13,33,1,1,0.9997384278428701
Ubuntu 22.04,Development,API Server,Bangalore,Infrastructure Team,3732,Running,Running,Running,Enabled,Updated,Compliant,100,Compliant,3732,59,52,47,100,2,1,5,15,Patch Failure,P3,In Progress,Infrastructure Team,17,23,0,0,2.511953038558013e-06
Ubuntu 22.04,UAT,Mail Server,Mumbai,Messaging Team,4720,Running,Running,Running,Enabled,Updated,Compliant,100,Compliant,4720,42,57,33,360,1,3,4,14,Patch Failure,P3,Closed,Messaging Team,12,22,0,0,1.8503970350917947e-06
Windows Server 2019,UAT,Authentication Server,Chennai,Security Team,4733,Running,Running,Running,Enabled,Updated,Compliant,100,Compliant,4733,30,70,38,480,0,2,8,10,Firewall Disabled,P3,Closed,Security Team,20,20,0,0,7.589892900911466e-07
RHEL 9,Testing,Authentication Server,Chennai,Security Team,3171,Running,Running,Running,Enabled,Updated,Compliant,100,Compliant,3171,58,66,30,511,0,2,6,10,Server Down,P3,Closed,Security Team,9,18,0,0,1.1800846407101672e-07
RHEL 8,UAT,Authentication Server,Bangalore,Security Team,680,Running,Running,Running,Enabled,Updated,Compliant,100,Compliant,680,34,65,25,636,1,4,6,7,Memory Utilization High,P2,Closed,Security Team,2,18,0,0,5.635135498290386e-05
Ubuntu 22.04,Development,Application Server,Bangalore,Infrastructure Team,2810,Running,Running,Running,Enabled,Outdated,Compliant,85,Warning,2810,50,56,57,102,0,1,10,17,Memory Utilization High,P3,In Progress,Infrastructure Team,24,28,0,0,0.009899921483673082
Windows Server 2022,Development,Web Server,Pune,Linux Team,785,Running,Running,Running,Enabled,Updated,Compliant,100,Compliant,785,34,59,60,78,0,3,4,5,CPU Utilization High,P4,Closed,Linux Team,16,12,0,0,7.271904796111316e-10
RHEL 9,UAT,Authentication Server,Chennai,Security Team,152,Running,Running,Running,Enabled,Updated,Non-Compliant,90,Compliant,152,41,60,48,723,2,1,6,10,CPU Utilization High,P2,Closed,Security Team,3,19,0,0,0.0459466533199484
RHEL 9,Development,File Server,Mumbai,Windows Team,1624,Running,Running,Running,Enabled,Updated,Compliant,100,Compliant,1624,16,39,72,112,0,3,3,8,Disk Space Full,P3,Closed,Windows Team,19,14,0,0,3.935340056369937e-09
RHEL 8,UAT,Application Server,Chennai,Infrastructure Team,3217,Running,Running,Running,Enabled,Updated,Compliant,100,Compliant,3217,57,84,75,532,2,5,4,10,Splunk Agent Down,P1,Resolved,Infrastructure Team,1,21,0,0,0.06250967832802491
Windows Server 2019,Testing,Database Server,Bangalore,Database Team,1764,Running,Running,Running,Enabled,Updated,Compliant,100,Compliant,1764,89,78,95,529,4,9,8,21,Server Down,P4,Open,Database Team,48,42,1,1,0.999999974559642
Windows Server 2022,Development,Web Server,Pune,Linux Team,4183,Running,Running,Running,Enabled,Outdated,Compliant,85,Warning,4183,24,50,38,711,2,5,15,18,Patch Failure,P4,Closed,Linux Team,60,40,1,1,0.9999984802731879
RHEL 8,Testing,Web Server,Chennai,Linux Team,1204,Stopped,Running,Running,Enabled,Updated,Compliant,80,Warning,1204,56,54,37,88,3,6,9,9,CrowdStrike Offline,P3,Resolved,Linux Team,14,27,1,1,0.9886464089410987
Windows Server 2019,Development,Database Server,Mumbai,Database Team,439,Running,Running,Running,Enabled,Updated,Compliant,100,Compliant,439,75,80,79,670,1,8,7,14,Patch Failure,P4,Resolved,Database Team,42,30,1,1,0.9657937413438957
Windows Server 2019,Testing,File Server,Chennai,Windows Team,3907,Running,Running,Running,Enabled,Updated,Compliant,100,Compliant,3907,34,20,83,434,0,3,3,10,Firewall Disabled,P3,Open,Windows Team,21,16,0,0,4.5198725526974264e-08
Windows Server 2022,Testing,Web Server,Pune,Linux Team,3247,Running,Running,Running,Enabled,Outdated,Compliant,85,Warning,3247,49,68,22,632,0,6,6,13,CrowdStrike Offline,P3,Closed,Linux Team,16,25,0,0,0.25702787785697007
Windows Server 2019,Production,File Server,Chennai,Windows Team,3540,Running,Running,Running,Enabled,Updated,Compliant,100,Compliant,3540,31,38,92,666,0,3,2,14,Disk Space Full,P3,Closed,Windows Team,15,19,0,0,5.960629951687626e-07
RHEL 8,Testing,Web Server,Hyderabad,Linux Team,4801,Running,Running,Running,Enabled,Updated,Compliant,100,Compliant,4801,37,62,27,222,2,1,8,9,Server Down,P1,Resolved,Linux Team,3,20,0,0,0.0010605237770423
RHEL 9,Development,API Server,Mumbai,Infrastructure Team,2152,Running,Running,Running,Enabled,Updated,Compliant,100,Compliant,2152,50,51,40,618,2,4,5,6,CrowdStrike Offline,P3,Closed,Infrastructure Team,6,17,0,0,8.681655804910616e-06
Windows Server 2019,Production,File Server,Pune,Windows Team,4670,Running,Running,Running,Enabled,Updated,Compliant,100,Compliant,4670,15,46,76,334,0,2,6,13,Patch Failure,P4,In Progress,Windows Team,36,21,0,0,1.038733608762072e-06
RHEL 8,UAT,Database Server,Chennai,Database Team,3997,Running,Running,Running,Enabled,Outdated,Compliant,85,Warning,3997,71,92,69,34,4,6,14,17,Splunk Agent Down,P4,Closed,Database Team,37,41,1,1,0.9999999979711491
RHEL 9,Production,API Server,Pune,Infrastructure Team,191,Running,Running,Running,Enabled,Updated,Compliant,100,Compliant,191,51,55,50,80,0,5,7,15,Patch Failure,P4,In Progress,Infrastructure Team,46,27,0,0,0.00011017102503330316
Windows Server 2019,Testing,Web Server,Bangalore,Linux Team,3725,Running,Running,Running,Enabled,Updated,Compliant,100,Compliant,3725,44,43,22,716,3,2,7,19,Splunk Agent Down,P3,Closed,Linux Team,23,31,0,0,0.1119598353285638
Ubuntu 22.04,Development,Web Server,Pune,Linux Team,644,Running,Running,Running,Enabled,Outdated,Compliant,85,Warning,644,43,57,46,672,3,4,8,13,CPU Utilization High,P4,Closed,Linux Team,56,28,1,1,0.9962307595429198
Windows Server 2022,Testing,Web Server,Chennai,Linux Team,3524,Running,Running,Running,Enabled,Updated,Compliant,100,Compliant,3524,30,34,45,557,2,5,6,7,Firewall Disabled,P3,Closed,Linux Team,7,20,0,0,0.00012264370721194975
Ubuntu 22.04,Development,Mail Server,Chennai,Messaging Team,3891,Stopped,Running,Running,Enabled,Updated,Compliant,80,Warning,3891,52,52,53,243,1,4,6,13,Firewall Disabled,P4,Open,Messaging Team,34,24,0,0,0.0065071565999897055
RHEL 8,UAT,Mail Server,Mumbai,Messaging Team,2080,Stopped,Running,Running,Enabled,Updated,Compliant,80,Warning,2080,50,70,62,414,1,3,5,15,Memory Utilization High,P2,Open,Messaging Team,8,24,0,0,0.1380659122689822
Windows Server 2019,Testing,Authentication Server,Chennai,Security Team,883,Running,Running,Running,Enabled,Updated,Non-Compliant,90,Compliant,883,56,60,51,581,1,2,2,4,Qualys Agent Missing,P3,Resolved,Security Team,20,9,0,0,2.3394800552717212e-07
RHEL 9,Testing,Mail Server,Chennai,Messaging Team,2236,Running,Running,Running,Enabled,Updated,Compliant,100,Compliant,2236,32,50,50,122,1,2,7,14,Server Down,P4,Closed,Messaging Team,45,24,0,0,5.326716004695993e-06
Windows Server 2022,Production,Web Server,Pune,Linux Team,3816,Running,Running,Running,Enabled,Outdated,Compliant,85,Warning,3816,51,34,42,33,1,1,11,17,Splunk Agent Down,P3,In Progress,Linux Team,18,30,0,0,0.15386803837643304
RHEL 9,UAT,Application Server,Mumbai,Infrastructure Team,3973,Running,Running,Running,Enabled,Updated,Compliant,100,Compliant,3973,43,60,50,674,2,4,8,12,CPU Utilization High,P3,Closed,Infrastructure Team,4,26,0,0,0.018441482763790797
RHEL 9,UAT,File Server,Mumbai,Windows Team,2863,Running,Running,Running,Enabled,Updated,Compliant,100,Compliant,2863,29,49,78,372,0,0,8,11,Server Down,P3,Resolved,Windows Team,21,19,0,0,4.469512028632344e-07
RHEL 9,Production,Application Server,Pune,Infrastructure Team,318,Running,Running,Running,Enabled,Updated,Compliant,100,Compliant,318,66,69,72,494,2,1,9,10,Disk Space Full,P2,Resolved,Infrastructure Team,3,22,0,0,0.0027655084552091072
Windows Server 2022,Development,Mail Server,Mumbai,Messaging Team,4217,Running,Stopped,Running,Enabled,Updated,Compliant,80,Warning,4217,32,46,60,490,0,2,2,11,Server Down,P4,Closed,Messaging Team,38,15,0,0,1.5229823765827204e-07
Ubuntu 22.04,UAT,File Server,Chennai,Windows Team,2881,Running,Running,Running,Enabled,Updated,Compliant,100,Compliant,2881,34,34,93,5,0,2,4,5,Disk Space Full,P3,In Progress,Windows Team,21,11,0,0,1.0159664948413256e-09
RHEL 8,Development,Web Server,Bangalore,Linux Team,560,Running,Running,Running,Enabled,Updated,Compliant,100,Compliant,560,23,47,37,710,3,4,11,11,Disk Space Full,P4,Resolved,Linux Team,71,29,1,1,0.5637524116139748
RHEL 8,Testing,Database Server,Pune,Database Team,2988,Running,Running,Running,Enabled,Outdated,Compliant,85,Warning,2988,80,92,92,533,5,6,13,30,Memory Utilization High,P4,Closed,Database Team,44,54,1,1,0.9999999999999389
Windows Server 2022,Production,File Server,Pune,Windows Team,1762,Running,Stopped,Running,Enabled,Updated,Compliant,80,Warning,1762,24,31,82,489,1,1,4,8,Disk Space Full,P3,Open,Windows Team,24,14,0,0,2.6986916860019725e-06
Ubuntu 22.04,Testing,API Server,Bangalore,Infrastructure Team,2743,Stopped,Running,Running,Enabled,Updated,Compliant,80,Warning,2743,62,72,40,118,0,3,3,15,Application Not Responding,P4,Closed,Infrastructure Team,10,21,0,0,1.7834041941029916e-05
Windows Server 2022,UAT,API Server,Hyderabad,Infrastructure Team,3884,Running,Running,Running,Enabled,Updated,Compliant,100,Compliant,3884,60,67,60,322,0,1,6,13,Qualys Agent Missing,P4,Resolved,Infrastructure Team,25,20,0,0,6.0585951852624e-08
RHEL 8,Production,Database Server,Bangalore,Database Team,3781,Running,Running,Running,Enabled,Outdated,Compliant,85,Warning,3781,72,72,67,60,0,4,20,13,Disk Space Full,P3,Resolved,Database Team,16,37,1,1,0.9999877621757778
RHEL 8,Development,File Server,Pune,Windows Team,468,Running,Running,Running,Enabled,Updated,Compliant,100,Compliant,468,35,23,72,99,1,2,7,10,Firewall Disabled,P3,Resolved,Windows Team,6,20,0,0,6.348753225822725e-07
Windows Server 2022,Development,Mail Server,Bangalore,Messaging Team,3784,Running,Running,Running,Enabled,Updated,Compliant,100,Compliant,3784,26,52,51,658,0,1,9,7,Server Down,P4,Resolved,Messaging Team,48,17,0,0,6.274322859067348e-08
RHEL 9,UAT,Authentication Server,Chennai,Security Team,3101,Running,Running,Running,Enabled,Updated,Compliant,100,Compliant,3101,32,57,41,359,0,2,3,8,Application Not Responding,P2,In Progress,Security Team,4,13,0,0,2.55650217712391e-08
RHEL 9,UAT,API Server,Pune,Infrastructure Team,708,Running,Stopped,Running,Enabled,Updated,Compliant,80,Warning,708,68,62,30,182,1,2,8,11,Patch Failure,P3,Resolved,Infrastructure Team,21,22,0,0,0.0007453386897315047
Ubuntu 22.04,Development,Database Server,Hyderabad,Database Team,845,Running,Running,Running,Enabled,Updated,Compliant,100,Compliant,845,68,74,76,194,1,9,6,30,Firewall Disabled,P4,Closed,Database Team,43,46,1,1,0.9999857113689655
RHEL 8,UAT,Database Server,Hyderabad,Database Team,3319,Running,Running,Running,Enabled,Updated,Compliant,100,Compliant,3319,64,93,66,177,3,3,13,20,Disk Space Full,P3,Resolved,Database Team,17,39,1,1,0.999749048749985
Windows Server 2019,Production,Authentication Server,Pune,Security Team,4200,Running,Running,Running,Enabled,Updated,Compliant,100,Compliant,4200,56,47,52,108,1,1,8,4,Splunk Agent Down,P4,Open,Security Team,32,14,0,0,4.876454888812e-09
Windows Server 2019,UAT,Application Server,Pune,Infrastructure Team,655,Running,Running,Running,Enabled,Updated,Compliant,100,Compliant,655,80,82,60,256,0,3,5,17,Disk Space Full,P3,Closed,Infrastructure Team,13,25,0,0,1.1319018464175628e-05
Windows Server 2019,UAT,File Server,Bangalore,Windows Team,861,Running,Running,Running,Enabled,Updated,Compliant,100,Compliant,861,29,29,82,540,1,3,4,12,Firewall Disabled,P4,Resolved,Windows Team,65,20,0,0,7.596720048878918e-06
RHEL 9,Testing,Database Server,Hyderabad,Database Team,4154,Running,Running,Running,Enabled,Updated,Non-Compliant,90,Compliant,4154,86,79,94,354,2,2,5,20,Firewall Disabled,P3,Closed,Database Team,18,29,1,1,0.9174825005408025
RHEL 9,Testing,Application Server,Mumbai,Infrastructure Team,3759,Running,Running,Running,Enabled,Updated,Compliant,100,Compliant,3759,69,66,55,543,0,5,3,16,Application Not Responding,P2,In Progress,Infrastructure Team,3,24,0,0,0.002017385583385484
RHEL 8,Testing,Database Server,Bangalore,Database Team,1141,Running,Running,Running,Enabled,Updated,Compliant,100,Compliant,1141,83,95,78,478,2,3,13,26,Qualys Agent Missing,P3,Closed,Database Team,11,44,1,1,0.9999880832956842
RHEL 8,UAT,Authentication Server,Bangalore,Security Team,806,Running,Running,Running,Enabled,Updated,Compliant,100,Compliant,806,52,66,35,506,2,2,8,4,Firewall Disabled,P3,Open,Security Team,13,16,0,0,1.617031211109837e-06
Ubuntu 22.04,Testing,Database Server,Mumbai,Database Team,4683,Running,Running,Running,Enabled,Updated,Compliant,100,Compliant,4683,82,77,83,446,1,7,15,16,Server Down,P3,Resolved,Database Team,16,39,1,1,0.9999933046893739
Windows Server 2022,Testing,File Server,Chennai,Windows Team,3337,Running,Running,Running,Enabled,Updated,Compliant,100,Compliant,3337,23,25,84,711,0,3,2,14,Server Down,P3,Resolved,Windows Team,8,19,0,0,3.000729453109494e-07
Ubuntu 22.04,Testing,Application Server,Bangalore,Infrastructure Team,4736,Running,Running,Running,Enabled,Updated,Compliant,100,Compliant,4736,75,67,41,147,0,1,6,17,Application Not Responding,P3,Open,Infrastructure Team,11,24,0,0,6.294656798580711e-07
Ubuntu 22.04,Testing,Database Server,Bangalore,Database Team,2405,Running,Running,Running,Enabled,Updated,Compliant,100,Compliant,2405,66,76,94,69,4,10,20,10,Patch Failure,P3,Closed,Database Team,13,44,1,1,0.9999999999301541
RHEL 9,Production,API Server,Mumbai,Infrastructure Team,3222,Running,Running,Running,Enabled,Updated,Compliant,100,Compliant,3222,62,57,52,630,1,5,10,9,Application Not Responding,P4,Open,Infrastructure Team,66,25,0,0,0.018309592203912404
Windows Server 2022,Testing,API Server,Bangalore,Infrastructure Team,2131,Running,Running,Running,Enabled,Updated,Compliant,100,Compliant,2131,65,53,35,217,0,2,8,9,Patch Failure,P3,Resolved,Infrastructure Team,19,19,0,0,7.182508505361671e-08
RHEL 8,UAT,Application Server,Hyderabad,Infrastructure Team,4341,Running,Running,Running,Enabled,Updated,Non-Compliant,90,Compliant,4341,79,68,66,413,0,1,9,17,Patch Failure,P2,Closed,Infrastructure Team,5,27,0,0,0.1639595851129942
RHEL 9,Testing,Mail Server,Bangalore,Messaging Team,3991,Running,Running,Running,Enabled,Updated,Compliant,100,Compliant,3991,31,65,37,210,2,4,7,8,Disk Space Full,P4,Resolved,Messaging Team,56,21,0,0,4.613166649890913e-05
Windows Server 2019,UAT,File Server,Pune,Windows Team,4755,Running,Running,Running,Enabled,Updated,Compliant,100,Compliant,4755,10,34,79,604,0,1,3,8,Qualys Agent Missing,P4,Resolved,Windows Team,37,12,0,0,7.711339575098344e-10
Windows Server 2019,Testing,Mail Server,Pune,Messaging Team,245,Running,Stopped,Running,Enabled,Updated,Compliant,80,Warning,245,53,41,53,262,2,2,8,10,Memory Utilization High,P3,In Progress,Messaging Team,17,22,0,0,0.006394772799916079
Ubuntu 22.04,UAT,Mail Server,Mumbai,Messaging Team,3944,Running,Running,Running,Enabled,Updated,Non-Compliant,90,Compliant,3944,49,68,37,448,2,2,2,14,CrowdStrike Offline,P3,Resolved,Messaging Team,22,20,0,0,0.000539442151781734
RHEL 8,Production,Mail Server,Pune,Messaging Team,1376,Running,Running,Running,Enabled,Outdated,Compliant,85,Warning,1376,30,54,43,671,1,4,9,6,Splunk Agent Down,P2,In Progress,Messaging Team,2,20,1,0,0.4616807609801663
Windows Server 2019,UAT,Authentication Server,Chennai,Security Team,2003,Running,Running,Running,Enabled,Outdated,Compliant,85,Warning,2003,47,56,49,624,2,4,7,11,Server Down,P2,In Progress,Security Team,2,24,1,1,0.9778663115554449
Windows Server 2022,Testing,Application Server,Hyderabad,Infrastructure Team,497,Running,Running,Running,Enabled,Updated,Compliant,100,Compliant,497,51,57,61,462,0,1,12,13,Server Down,P4,Resolved,Infrastructure Team,42,26,0,0,7.101479322046988e-05
Ubuntu 22.04,Testing,Authentication Server,Hyderabad,Security Team,4840,Running,Running,Running,Enabled,Updated,Compliant,100,Compliant,4840,40,40,29,161,1,4,6,11,Patch Failure,P4,Closed,Security Team,16,22,0,0,1.3036184052856482e-06
Windows Server 2022,Production,Database Server,Hyderabad,Database Team,4853,Running,Running,Running,Enabled,Updated,Compliant,100,Compliant,4853,70,92,92,682,1,6,19,30,CPU Utilization High,P3,Resolved,Database Team,9,56,1,1,0.9999999999518643
Windows Server 2022,Development,Authentication Server,Pune,Security Team,3416,Running,Running,Running,Enabled,Updated,Compliant,100,Compliant,3416,34,50,42,139,1,3,2,5,Memory Utilization High,P2,Closed,Security Team,3,11,0,0,3.42109692990093e-09
Windows Server 2019,Testing,Application Server,Bangalore,Infrastructure Team,884,Running,Stopped,Running,Enabled,Updated,Compliant,80,Warning,884,43,53,56,174,0,3,4,12,CPU Utilization High,P2,Closed,Infrastructure Team,8,19,0,0,0.0005238771776076144
Windows Server 2019,Testing,Web Server,Chennai,Linux Team,3667,Running,Running,Running,Enabled,Updated,Compliant,100,Compliant,3667,39,35,25,129,0,6,13,10,Application Not Responding,P2,Closed,Linux Team,8,29,0,1,0.5349536806463444
Windows Server 2022,Testing,API Server,Pune,Infrastructure Team,4623,Running,Running,Running,Enabled,Updated,Compliant,100,Compliant,4623,64,66,43,125,2,1,5,7,Application Not Responding,P3,Closed,Infrastructure Team,19,15,0,0,3.13891509886304e-08
RHEL 9,Production,Web Server,Pune,Linux Team,694,Running,Running,Running,Enabled,Updated,Compliant,100,Compliant,694,43,49,53,253,1,1,7,13,Qualys Agent Missing,P2,Closed,Linux Team,8,22,0,0,9.319530790462769e-05
Ubuntu 22.04,UAT,Authentication Server,Pune,Security Team,935,Running,Running,Running,Enabled,Updated,Compliant,100,Compliant,935,31,44,39,322,1,4,3,5,Memory Utilization High,P3,Closed,Security Team,11,13,0,0,5.530295311851213e-09
RHEL 9,Development,API Server,Chennai,Infrastructure Team,1440,Running,Running,Running,Enabled,Updated,Compliant,100,Compliant,1440,73,68,56,605,1,3,4,15,Firewall Disabled,P4,Closed,Infrastructure Team,47,23,0,0,2.146116556070122e-05
Windows Server 2019,Testing,Application Server,Bangalore,Infrastructure Team,1692,Running,Running,Running,Enabled,Updated,Compliant,100,Compliant,1692,60,57,40,37,0,1,6,13,CrowdStrike Offline,P1,Resolved,Infrastructure Team,3,20,0,0,4.257141991169372e-06
RHEL 9,UAT,API Server,Bangalore,Infrastructure Team,916,Running,Running,Running,Enabled,Updated,Compliant,100,Compliant,916,55,71,49,454,1,5,9,9,Patch Failure,P3,Resolved,Infrastructure Team,24,24,0,0,0.002117022236295258
Ubuntu 22.04,Development,Web Server,Bangalore,Linux Team,2652,Running,Running,Running,Enabled,Updated,Compliant,100,Compliant,2652,55,46,36,247,2,2,5,12,Application Not Responding,P2,In Progress,Linux Team,7,21,0,0,0.0003974165706730099
Windows Server 2019,Production,Database Server,Mumbai,Database Team,3303,Running,Running,Running,Enabled,Updated,Compliant,100,Compliant,3303,72,73,95,567,0,4,12,23,Server Down,P4,Open,Database Team,72,39,1,1,0.9979273996823879
Windows Server 2019,Testing,File Server,Mumbai,Windows Team,3921,Running,Running,Running,Enabled,Updated,Compliant,100,Compliant,3921,13,36,85,368,1,3,4,9,Qualys Agent Missing,P4,Resolved,Windows Team,15,17,0,0,5.330222955831866e-07
Windows Server 2019,Production,Mail Server,Bangalore,Messaging Team,1992,Running,Running,Running,Enabled,Updated,Compliant,100,Compliant,1992,28,62,37,713,0,3,10,7,Firewall Disabled,P4,Resolved,Messaging Team,24,20,0,0,7.2537146733009236e-06
RHEL 9,Development,Mail Server,Mumbai,Messaging Team,1273,Running,Running,Running,Enabled,Outdated,Compliant,85,Warning,1273,48,40,51,271,1,3,8,12,Patch Failure,P4,Resolved,Messaging Team,50,24,0,0,0.006823817078624782
Windows Server 2019,UAT,Mail Server,Chennai,Messaging Team,199,Running,Running,Running,Enabled,Updated,Compliant,100,Compliant,199,27,41,63,337,2,3,7,13,Splunk Agent Down,P4,Closed,Messaging Team,20,25,0,0,0.0001650615480545847
Windows Server 2022,Development,Database Server,Bangalore,Database Team,1988,Running,Running,Running,Enabled,Updated,Compliant,100,Compliant,1988,77,84,75,439,0,6,18,23,Firewall Disabled,P3,Resolved,Database Team,19,47,1,1,0.9999993348578721
RHEL 9,Testing,Application Server,Chennai,Infrastructure Team,2367,Running,Running,Running,Enabled,Updated,Compliant,100,Compliant,2367,50,58,53,152,1,1,9,15,CPU Utilization High,P4,In Progress,Infrastructure Team,51,26,0,0,7.951155002968759e-05
RHEL 9,Production,Mail Server,Chennai,Messaging Team,1377,Stopped,Running,Running,Enabled,Updated,Compliant,80,Warning,1377,34,48,43,613,1,4,6,14,Application Not Responding,P2,Closed,Messaging Team,5,25,1,1,0.6575428398740137
Ubuntu 22.04,Production,File Server,Hyderabad,Windows Team,2106,Running,Running,Stopped,Enabled,Outdated,Compliant,65,Non-Compliant,2106,24,48,78,704,1,1,8,15,Qualys Agent Missing,P3,In Progress,Windows Team,21,25,1,1,0.9880165465915344
RHEL 9,UAT,Web Server,Bangalore,Linux Team,1486,Running,Running,Running,Enabled,Updated,Compliant,100,Compliant,1486,36,42,46,49,1,6,7,5,Memory Utilization High,P3,In Progress,Linux Team,19,19,0,0,2.9863246674373987e-05
Ubuntu 22.04,Production,Database Server,Bangalore,Database Team,2486,Running,Running,Running,Enabled,Updated,Compliant,100,Compliant,2486,77,89,95,496,2,4,14,17,Disk Space Full,P2,Closed,Database Team,5,37,1,1,0.9999959627916829
RHEL 9,UAT,API Server,Mumbai,Infrastructure Team,1049,Running,Running,Running,Enabled,Updated,Compliant,100,Compliant,1049,72,40,55,493,2,1,5,7,Qualys Agent Missing,P4,Open,Infrastructure Team,47,15,0,0,1.1925673959186893e-07
RHEL 8,Development,Mail Server,Pune,Messaging Team,4961,Running,Running,Running,Enabled,Updated,Compliant,100,Compliant,4961,30,49,59,323,1,4,3,11,Patch Failure,P4,Resolved,Messaging Team,71,19,0,0,1.7793932019070723e-07
Windows Server 2019,Testing,Web Server,Mumbai,Linux Team,2888,Running,Running,Running,Enabled,Updated,Compliant,100,Compliant,2888,31,65,60,623,3,3,15,8,Qualys Agent Missing,P4,Closed,Linux Team,69,29,1,1,0.970482570657457
RHEL 9,Production,File Server,Bangalore,Windows Team,1086,Running,Running,Running,Enabled,Updated,Compliant,100,Compliant,1086,21,25,82,631,1,2,5,13,Application Not Responding,P3,Closed,Windows Team,6,21,0,0,8.651601978946865e-06
RHEL 9,Testing,Application Server,Pune,Infrastructure Team,3595,Running,Running,Running,Enabled,Updated,Compliant,100,Compliant,3595,51,79,61,702,0,2,12,14,Qualys Agent Missing,P4,Resolved,Infrastructure Team,37,28,0,0,0.0026563762640055767
Windows Server 2022,Production,API Server,Pune,Infrastructure Team,4151,Running,Running,Running,Enabled,Updated,Compliant,100,Compliant,4151,59,58,42,357,0,4,5,8,CPU Utilization High,P4,Closed,Infrastructure Team,25,17,0,0,8.18615589081464e-08
Ubuntu 22.04,UAT,Application Server,Pune,Infrastructure Team,2049,Running,Running,Running,Enabled,Outdated,Compliant,85,Warning,2049,53,65,68,175,1,3,11,13,Splunk Agent Down,P4,Resolved,Infrastructure Team,48,28,0,1,0.5029481039118594
Ubuntu 22.04,Testing,Authentication Server,Bangalore,Security Team,893,Running,Running,Running,Enabled,Updated,Compliant,100,Compliant,893,35,44,28,1,1,2,3,6,Splunk Agent Down,P3,Resolved,Security Team,4,12,0,0,1.6147267254304576e-10
Windows Server 2019,Development,Application Server,Mumbai,Infrastructure Team,4676,Running,Running,Running,Enabled,Updated,Non-Compliant,90,Compliant,4676,67,57,64,63,2,4,5,11,Server Down,P2,Resolved,Infrastructure Team,5,22,0,0,0.2777622960484686
Windows Server 2019,Testing,Authentication Server,Mumbai,Security Team,2900,Running,Running,Running,Enabled,Updated,Compliant,100,Compliant,2900,34,58,46,529,2,1,4,11,CPU Utilization High,P4,In Progress,Security Team,27,18,0,0,6.127720825397705e-07
RHEL 8,Production,Database Server,Pune,Database Team,1740,Running,Running,Running,Enabled,Updated,Compliant,100,Compliant,1740,90,86,82,75,5,2,5,30,Splunk Agent Down,P4,Closed,Database Team,62,42,1,1,0.9997130177974309
Windows Server 2019,UAT,File Server,Bangalore,Windows Team,1618,Running,Running,Running,Enabled,Updated,Compliant,100,Compliant,1618,24,23,86,208,1,3,8,8,Memory Utilization High,P3,Resolved,Windows Team,13,20,0,0,9.773251408248743e-06
RHEL 9,Testing,API Server,Chennai,Infrastructure Team,733,Running,Running,Running,Enabled,Updated,Non-Compliant,90,Compliant,733,67,51,42,727,0,5,5,10,Application Not Responding,P2,In Progress,Infrastructure Team,6,20,0,0,0.13571234096996396
Windows Server 2022,Production,Authentication Server,Hyderabad,Security Team,4661,Running,Running,Running,Enabled,Updated,Compliant,100,Compliant,4661,49,40,42,318,1,2,5,9,Application Not Responding,P4,Closed,Security Team,55,17,0,0,3.1110135697030386e-08
RHEL 9,UAT,API Server,Chennai,Infrastructure Team,4362,Running,Running,Running,Enabled,Updated,Compliant,100,Compliant,4362,68,60,60,513,2,5,7,7,Disk Space Full,P3,Resolved,Infrastructure Team,9,21,0,0,0.000771840914644219
RHEL 9,Testing,API Server,Mumbai,Infrastructure Team,649,Stopped,Running,Running,Enabled,Outdated,Compliant,65,Non-Compliant,649,62,43,50,337,0,1,7,12,CPU Utilization High,P3,Closed,Infrastructure Team,18,20,0,0,0.006641952076723463
Windows Server 2022,UAT,Authentication Server,Pune,Security Team,3553,Running,Running,Running,Enabled,Updated,Compliant,100,Compliant,3553,33,52,55,325,1,4,8,12,Disk Space Full,P4,Closed,Security Team,59,25,0,0,8.037984776751664e-05
RHEL 9,Testing,Database Server,Bangalore,Database Team,4608,Running,Running,Running,Enabled,Updated,Compliant,100,Compliant,4608,65,72,76,298,3,6,20,18,Application Not Responding,P2,Closed,Database Team,6,47,1,1,0.9999999999360338
Windows Server 2022,UAT,Mail Server,Mumbai,Messaging Team,1409,Running,Running,Running,Enabled,Updated,Compliant,100,Compliant,1409,30,47,64,244,2,1,10,9,Firewall Disabled,P2,Resolved,Messaging Team,8,22,0,0,0.000575133064801884
RHEL 9,Development,Database Server,Mumbai,Database Team,4549,Running,Running,Running,Enabled,Updated,Compliant,100,Compliant,4549,62,75,66,269,5,5,10,21,Server Down,P4,In Progress,Database Team,11,41,1,1,0.9999984926467936
Ubuntu 22.04,Development,Authentication Server,Bangalore,Security Team,3869,Running,Running,Running,Enabled,Updated,Compliant,100,Compliant,3869,60,46,36,510,1,4,8,7,Disk Space Full,P4,In Progress,Security Team,54,20,0,0,2.1410552559879298e-05
RHEL 9,Testing,File Server,Bangalore,Windows Team,2126,Running,Running,Running,Enabled,Updated,Compliant,100,Compliant,2126,14,34,78,350,0,2,5,7,Server Down,P4,In Progress,Windows Team,23,14,0,0,1.2835773409023292e-08
Windows Server 2019,Development,Authentication Server,Hyderabad,Security Team,826,Running,Running,Running,Enabled,Updated,Compliant,100,Compliant,826,31,51,44,681,0,1,6,4,Firewall Disabled,P3,Closed,Security Team,8,11,0,0,5.242497611837453e-10
RHEL 9,Production,File Server,Chennai,Windows Team,4869,Running,Running,Running,Enabled,Updated,Non-Compliant,90,Compliant,4869,12,35,76,118,1,2,6,7,Splunk Agent Down,P4,Closed,Windows Team,17,16,0,0,1.63671812009335e-05
RHEL 8,Testing,File Server,Mumbai,Windows Team,4845,Running,Running,Running,Enabled,Updated,Compliant,100,Compliant,4845,12,45,79,32,0,1,2,5,CPU Utilization High,P3,Closed,Windows Team,8,8,0,0,1.2181823276328743e-11
Windows Server 2022,Testing,Web Server,Pune,Linux Team,4862,Running,Running,Running,Enabled,Updated,Compliant,100,Compliant,4862,51,67,50,126,2,5,15,7,Disk Space Full,P3,Open,Linux Team,20,29,1,1,0.656876423826844
RHEL 9,UAT,Application Server,Chennai,Infrastructure Team,2829,Running,Running,Running,Enabled,Updated,Compliant,100,Compliant,2829,51,58,43,226,1,3,3,12,CrowdStrike Offline,P3,Open,Infrastructure Team,13,19,0,0,2.449535910670561e-07
Windows Server 2022,Testing,Application Server,Pune,Infrastructure Team,944,Running,Running,Running,Enabled,Updated,Compliant,100,Compliant,944,71,82,71,600,2,2,8,15,Patch Failure,P4,Closed,Infrastructure Team,9,27,0,0,0.0017176864775146946
Windows Server 2019,Testing,Mail Server,Bangalore,Messaging Team,4540,Running,Running,Running,Enabled,Updated,Compliant,100,Compliant,4540,39,50,44,568,2,1,2,8,Disk Space Full,P1,Resolved,Messaging Team,2,13,0,0,7.707978600743441e-07
Ubuntu 22.04,Production,Authentication Server,Bangalore,Security Team,3977,Running,Running,Running,Enabled,Updated,Compliant,100,Compliant,3977,41,45,30,243,2,4,7,6,Qualys Agent Missing,P4,Resolved,Security Team,29,19,0,0,8.058231741068326e-06
Ubuntu 22.04,Testing,API Server,Bangalore,Infrastructure Team,232,Running,Running,Running,Enabled,Updated,Compliant,100,Compliant,232,45,48,53,43,1,3,6,7,Disk Space Full,P4,Resolved,Infrastructure Team,30,17,0,0,6.61891309306248e-08
RHEL 8,Development,File Server,Bangalore,Windows Team,74,Running,Stopped,Running,Disabled,Outdated,Non-Compliant,40,Non-Compliant,74,18,31,84,72,0,2,7,6,Firewall Disabled,P3,Open,Windows Team,12,15,1,1,0.9506342676302131
RHEL 9,Production,Mail Server,Chennai,Messaging Team,4605,Running,Running,Running,Enabled,Updated,Compliant,100,Compliant,4605,26,57,54,636,1,4,7,10,Patch Failure,P3,Resolved,Messaging Team,15,22,0,0,6.794962730795914e-05
Ubuntu 22.04,UAT,Application Server,Hyderabad,Infrastructure Team,1446,Running,Running,Running,Enabled,Outdated,Compliant,85,Warning,1446,69,79,73,687,0,5,5,14,Application Not Responding,P4,Closed,Infrastructure Team,46,24,0,0,0.13871129108436853
Windows Server 2022,Development,Web Server,Mumbai,Linux Team,2425,Running,Running,Running,Enabled,Outdated,Compliant,85,Warning,2425,21,44,27,606,3,5,9,20,Application Not Responding,P4,In Progress,Linux Team,59,37,1,1,0.9999841084926389
Windows Server 2022,Production,Authentication Server,Pune,Security Team,3538,Running,Running,Running,Enabled,Updated,Compliant,100,Compliant,3538,48,64,52,388,1,2,5,6,Splunk Agent Down,P4,In Progress,Security Team,57,14,0,0,2.1224287925608327e-08
RHEL 8,Development,File Server,Bangalore,Windows Team,1282,Running,Running,Running,Enabled,Updated,Compliant,100,Compliant,1282,23,37,79,179,1,1,3,9,Firewall Disabled,P3,In Progress,Windows Team,19,14,0,0,4.6962606916694325e-09
Windows Server 2019,UAT,Database Server,Pune,Database Team,2396,Running,Running,Running,Enabled,Updated,Compliant,100,Compliant,2396,78,71,67,654,3,10,15,23,Application Not Responding,P4,Resolved,Database Team,8,51,1,1,0.9999999999735054
RHEL 8,UAT,API Server,Pune,Infrastructure Team,1865,Running,Running,Running,Enabled,Updated,Compliant,100,Compliant,1865,80,72,56,432,1,3,5,6,Qualys Agent Missing,P3,Closed,Infrastructure Team,17,15,0,0,2.6781973972866764e-07
RHEL 9,Production,Web Server,Mumbai,Linux Team,1278,Running,Running,Running,Enabled,Outdated,Compliant,85,Warning,1278,28,46,36,348,2,2,7,11,Patch Failure,P3,Resolved,Linux Team,4,22,0,0,0.008311126178890436
Ubuntu 22.04,Production,Mail Server,Bangalore,Messaging Team,2835,Running,Running,Running,Enabled,Updated,Compliant,100,Compliant,2835,35,70,33,202,0,3,4,6,Qualys Agent Missing,P1,Resolved,Messaging Team,4,13,0,0,4.958355468680815e-07
RHEL 8,Production,API Server,Mumbai,Infrastructure Team,4072,Running,Running,Running,Enabled,Updated,Compliant,100,Compliant,4072,78,68,58,94,0,3,7,5,Firewall Disabled,P2,Closed,Infrastructure Team,8,15,0,0,9.88400064883091e-07
Windows Server 2019,Production,Mail Server,Bangalore,Messaging Team,3455,Running,Running,Running,Enabled,Updated,Compliant,100,Compliant,3455,49,68,37,366,2,2,9,14,CPU Utilization High,P3,Closed,Messaging Team,14,27,0,0,0.0038047950003563947
RHEL 9,UAT,Database Server,Bangalore,Database Team,1637,Running,Running,Running,Enabled,Updated,Compliant,100,Compliant,1637,79,94,91,569,1,5,12,16,Memory Utilization High,P4,In Progress,Database Team,50,34,1,1,0.9977895714087195
RHEL 9,UAT,Database Server,Hyderabad,Database Team,2066,Running,Running,Running,Enabled,Updated,Compliant,100,Compliant,2066,80,95,89,415,1,7,6,12,Disk Space Full,P4,Closed,Database Team,17,26,0,0,0.27068890180008104
Windows Server 2022,Production,Authentication Server,Pune,Security Team,947,Running,Running,Running,Enabled,Outdated,Compliant,85,Warning,947,36,54,53,191,0,2,3,8,Disk Space Full,P2,In Progress,Security Team,4,13,0,0,2.0066602333467467e-06
RHEL 8,Production,API Server,Chennai,Infrastructure Team,50,Running,Running,Running,Enabled,Updated,Compliant,100,Compliant,50,65,59,39,202,1,4,10,9,Memory Utilization High,P4,Closed,Infrastructure Team,37,24,0,0,0.000178698074052563
RHEL 8,Development,File Server,Chennai,Windows Team,4222,Running,Running,Running,Enabled,Updated,Compliant,100,Compliant,4222,10,45,72,545,0,0,2,7,Patch Failure,P1,In Progress,Windows Team,3,9,0,0,4.731997782269932e-09
RHEL 9,UAT,Authentication Server,Bangalore,Security Team,3114,Running,Running,Running,Enabled,Outdated,Compliant,85,Warning,3114,33,45,50,656,2,1,2,12,CrowdStrike Offline,P4,Resolved,Security Team,14,17,0,0,9.884830448419125e-06
Windows Server 2019,Production,API Server,Mumbai,Infrastructure Team,964,Running,Running,Running,Enabled,Updated,Compliant,100,Compliant,964,45,64,45,168,2,3,6,5,Server Down,P3,Resolved,Infrastructure Team,20,16,0,0,1.9911350706561357e-06
Windows Server 2022,UAT,Database Server,Pune,Database Team,4175,Running,Running,Running,Enabled,Outdated,Compliant,85,Warning,4175,85,89,78,505,3,7,18,20,Firewall Disabled,P4,Closed,Database Team,72,48,1,1,0.9999999999989495
Windows Server 2019,Development,File Server,Chennai,Windows Team,4849,Running,Stopped,Running,Enabled,Outdated,Compliant,65,Non-Compliant,4849,12,31,80,622,0,3,2,5,Application Not Responding,P2,Closed,Windows Team,6,10,0,0,0.0022208420512290464
Windows Server 2022,Testing,Mail Server,Hyderabad,Messaging Team,4493,Running,Running,Running,Enabled,Updated,Non-Compliant,90,Compliant,4493,55,49,35,700,2,2,2,12,Patch Failure,P3,Resolved,Messaging Team,12,18,0,0,5.931413859219869e-05
RHEL 8,Production,Web Server,Mumbai,Linux Team,1247,Running,Running,Running,Enabled,Updated,Compliant,100,Compliant,1247,44,50,53,298,2,4,10,14,Firewall Disabled,P1,Resolved,Linux Team,2,30,1,1,0.957565611712462
Ubuntu 22.04,Production,Mail Server,Bangalore,Messaging Team,3462,Running,Running,Running,Enabled,Updated,Compliant,100,Compliant,3462,49,53,40,703,0,1,8,11,CPU Utilization High,P3,Closed,Messaging Team,19,20,0,0,1.073208734106996e-06
Windows Server 2022,Testing,API Server,Chennai,Infrastructure Team,1525,Running,Running,Running,Enabled,Updated,Compliant,100,Compliant,1525,53,53,46,317,0,4,7,5,Server Down,P4,In Progress,Infrastructure Team,59,16,0,0,3.3873428944047144e-07
RHEL 8,Development,Authentication Server,Bangalore,Security Team,3371,Running,Running,Running,Enabled,Outdated,Non-Compliant,75,Warning,3371,37,69,49,619,0,4,4,8,CrowdStrike Offline,P3,Closed,Security Team,15,16,0,0,0.006871596030495666
RHEL 8,Testing,Mail Server,Chennai,Messaging Team,4657,Running,Running,Running,Enabled,Updated,Compliant,100,Compliant,4657,27,65,52,668,2,1,10,11,Splunk Agent Down,P3,Closed,Messaging Team,15,24,0,0,0.0003810095639793065
Ubuntu 22.04,UAT,Database Server,Bangalore,Database Team,1399,Running,Running,Running,Disabled,Updated,Compliant,85,Warning,1399,85,90,89,119,5,9,11,15,Memory Utilization High,P2,Resolved,Database Team,4,40,1,1,0.999999999998195
Windows Server 2022,Development,API Server,Bangalore,Infrastructure Team,625,Running,Running,Running,Enabled,Updated,Non-Compliant,90,Compliant,625,47,57,33,8,1,5,4,14,CPU Utilization High,P3,Closed,Infrastructure Team,11,24,0,0,0.003446593388040783
RHEL 9,Development,Authentication Server,Mumbai,Security Team,3316,Running,Running,Running,Enabled,Updated,Compliant,100,Compliant,3316,36,47,33,313,2,3,2,7,Patch Failure,P3,In Progress,Security Team,6,14,0,0,1.7149093389041727e-08
RHEL 8,Production,API Server,Hyderabad,Infrastructure Team,1584,Running,Running,Running,Enabled,Outdated,Compliant,85,Warning,1584,58,46,45,58,0,1,7,12,Firewall Disabled,P4,Closed,Infrastructure Team,70,20,0,0,8.365025346492117e-06
Ubuntu 22.04,Testing,File Server,Bangalore,Windows Team,4101,Running,Running,Running,Enabled,Updated,Compliant,100,Compliant,4101,30,44,78,608,0,3,5,13,Firewall Disabled,P2,In Progress,Windows Team,5,21,0,0,0.00036988179494667865
Windows Server 2022,Development,Database Server,Mumbai,Database Team,3421,Running,Running,Running,Enabled,Updated,Compliant,100,Compliant,3421,84,73,68,258,2,2,19,26,Qualys Agent Missing,P4,Resolved,Database Team,67,49,1,1,0.9999996117388952
Ubuntu 22.04,UAT,File Server,Hyderabad,Windows Team,4095,Running,Running,Running,Enabled,Updated,Compliant,100,Compliant,4095,10,28,88,386,0,3,3,5,Qualys Agent Missing,P2,Closed,Windows Team,3,11,0,0,8.70979060493767e-08
Windows Server 2019,Development,Mail Server,Chennai,Messaging Team,357,Running,Running,Running,Enabled,Updated,Compliant,100,Compliant,357,52,45,41,219,0,3,2,9,Patch Failure,P3,Open,Messaging Team,4,14,0,0,4.885965067430034e-10
Windows Server 2019,Testing,File Server,Chennai,Windows Team,4454,Running,Running,Running,Enabled,Updated,Compliant,100,Compliant,4454,25,33,81,192,1,1,8,14,Server Down,P4,Closed,Windows Team,15,24,0,0,1.5471074648978535e-05
RHEL 8,Development,Database Server,Bangalore,Database Team,3646,Running,Running,Running,Enabled,Updated,Compliant,100,Compliant,3646,68,82,85,463,4,4,9,14,Disk Space Full,P3,In Progress,Database Team,23,31,1,1,0.9962411022416209
RHEL 9,Development,Web Server,Bangalore,Linux Team,4704,Running,Running,Running,Enabled,Updated,Compliant,100,Compliant,4704,20,38,36,387,1,2,7,11,CPU Utilization High,P4,Closed,Linux Team,32,21,0,0,1.8607044075710783e-06
Windows Server 2019,Development,Database Server,Chennai,Database Team,4053,Running,Running,Running,Enabled,Updated,Compliant,100,Compliant,4053,67,70,78,720,5,4,6,12,Application Not Responding,P4,Open,Database Team,57,27,1,1,0.9868878686210496
Ubuntu 22.04,Testing,API Server,Mumbai,Infrastructure Team,2268,Running,Running,Running,Enabled,Updated,Compliant,100,Compliant,2268,47,43,59,280,0,2,10,11,Memory Utilization High,P4,Closed,Infrastructure Team,41,23,0,0,2.9974253674309446e-06
RHEL 8,Development,File Server,Hyderabad,Windows Team,2086,Running,Running,Running,Enabled,Updated,Compliant,100,Compliant,2086,18,28,94,83,0,3,4,12,Qualys Agent Missing,P4,In Progress,Windows Team,53,19,0,0,1.6149368994267288e-07
Ubuntu 22.04,UAT,Authentication Server,Mumbai,Security Team,1886,Running,Running,Running,Enabled,Updated,Non-Compliant,90,Compliant,1886,43,61,26,291,0,2,4,7,Splunk Agent Down,P3,Resolved,Security Team,15,13,0,0,1.7600804579427693e-07
RHEL 9,Development,Database Server,Pune,Database Team,2263,Running,Running,Running,Enabled,Updated,Compliant,100,Compliant,2263,81,80,77,224,1,10,20,13,Patch Failure,P2,Closed,Database Team,7,44,1,1,0.9999999996607154
RHEL 8,UAT,Application Server,Hyderabad,Infrastructure Team,3457,Running,Running,Running,Enabled,Updated,Compliant,100,Compliant,3457,45,77,49,358,2,3,6,10,CPU Utilization High,P3,Closed,Infrastructure Team,4,21,0,0,5.514914400025473e-05
Ubuntu 22.04,Testing,Database Server,Mumbai,Database Team,516,Running,Running,Running,Enabled,Updated,Compliant,100,Compliant,516,71,80,72,620,1,5,19,16,Qualys Agent Missing,P3,Closed,Database Team,19,41,1,1,0.9999989934453495
RHEL 8,Testing,Database Server,Mumbai,Database Team,554,Running,Running,Running,Enabled,Updated,Compliant,100,Compliant,554,60,81,81,288,5,2,17,28,Firewall Disabled,P4,Closed,Database Team,67,52,1,1,0.9999999990599717
RHEL 9,Development,File Server,Hyderabad,Windows Team,1338,Running,Running,Running,Enabled,Updated,Compliant,100,Compliant,1338,22,35,90,40,0,1,5,6,Memory Utilization High,P3,In Progress,Windows Team,8,12,0,0,5.91201788530199e-10
Ubuntu 22.04,Production,Mail Server,Mumbai,Messaging Team,4887,Running,Running,Running,Enabled,Updated,Non-Compliant,90,Compliant,4887,33,45,58,566,1,4,3,15,Patch Failure,P3,In Progress,Messaging Team,8,23,0,0,0.003842035607947469
Windows Server 2022,UAT,Mail Server,Pune,Messaging Team,2559,Running,Running,Running,Enabled,Outdated,Compliant,85,Warning,2559,39,43,40,408,2,4,2,5,Firewall Disabled,P3,Resolved,Messaging Team,10,13,0,0,9.147823144476772e-06
Ubuntu 22.04,Development,API Server,Chennai,Infrastructure Team,2781,Running,Running,Running,Enabled,Updated,Compliant,100,Compliant,2781,57,64,44,416,0,5,4,15,Splunk Agent Down,P4,Resolved,Infrastructure Team,14,24,0,0,1.0803904105370529e-05
Ubuntu 22.04,Development,Web Server,Pune,Linux Team,3930,Running,Running,Running,Enabled,Updated,Compliant,100,Compliant,3930,21,59,44,165,2,6,12,7,Disk Space Full,P3,Resolved,Linux Team,16,27,0,0,0.19212733855779565
Ubuntu 22.04,Testing,Application Server,Mumbai,Infrastructure Team,3231,Running,Running,Running,Enabled,Outdated,Compliant,85,Warning,3231,43,71,54,116,1,1,10,14,CPU Utilization High,P3,Resolved,Infrastructure Team,24,26,0,0,0.05470747346397228
Ubuntu 22.04,Testing,API Server,Chennai,Infrastructure Team,23,Running,Running,Running,Enabled,Updated,Compliant,100,Compliant,23,53,57,52,296,2,5,7,7,Disk Space Full,P3,Resolved,Infrastructure Team,17,21,0,0,0.0003803113660818252
Windows Server 2019,Testing,File Server,Bangalore,Windows Team,2257,Running,Running,Stopped,Enabled,Updated,Compliant,80,Warning,2257,30,31,72,244,1,2,6,7,CPU Utilization High,P4,Resolved,Windows Team,24,16,0,0,6.325431909373535e-05
RHEL 9,Development,Authentication Server,Hyderabad,Security Team,3925,Stopped,Running,Running,Enabled,Updated,Compliant,80,Warning,3925,40,57,32,614,1,2,7,4,Splunk Agent Down,P3,In Progress,Security Team,9,14,0,0,2.287624073139884e-05
RHEL 9,Development,File Server,Bangalore,Windows Team,2532,Running,Running,Running,Enabled,Updated,Compliant,100,Compliant,2532,34,23,95,393,0,0,5,9,CrowdStrike Offline,P2,Resolved,Windows Team,3,14,0,0,4.770666848127197e-08
RHEL 9,Production,API Server,Mumbai,Infrastructure Team,3208,Running,Running,Running,Disabled,Updated,Compliant,85,Warning,3208,45,63,31,371,2,4,4,10,Memory Utilization High,P2,Resolved,Infrastructure Team,6,20,0,0,0.09119733839028175
Windows Server 2022,Testing,Web Server,Bangalore,Linux Team,4707,Running,Running,Running,Enabled,Updated,Compliant,100,Compliant,4707,58,37,55,326,0,5,14,10,Qualys Agent Missing,P1,In Progress,Linux Team,3,29,1,1,0.934120484164443
Windows Server 2019,Production,API Server,Pune,Infrastructure Team,3204,Running,Running,Running,Enabled,Updated,Compliant,100,Compliant,3204,54,70,55,295,1,4,3,5,Application Not Responding,P2,Closed,Infrastructure Team,7,13,0,0,1.6025358280423307e-06
Ubuntu 22.04,Production,Authentication Server,Mumbai,Security Team,2488,Running,Running,Running,Enabled,Updated,Compliant,100,Compliant,2488,43,53,37,671,1,1,5,12,Splunk Agent Down,P3,Closed,Security Team,16,19,0,0,2.847172921820639e-07
Windows Server 2022,Testing,Mail Server,Pune,Messaging Team,752,Running,Running,Running,Enabled,Outdated,Compliant,85,Warning,752,52,47,53,191,0,4,10,15,Server Down,P4,Open,Messaging Team,59,29,0,0,0.2038229796533964
Windows Server 2019,Testing,Web Server,Chennai,Linux Team,4875,Running,Running,Running,Enabled,Updated,Compliant,100,Compliant,4875,45,43,52,131,1,6,7,9,Application Not Responding,P4,Closed,Linux Team,36,23,0,0,0.00039155977219072546
Ubuntu 22.04,Production,API Server,Hyderabad,Infrastructure Team,1003,Running,Running,Running,Enabled,Updated,Compliant,100,Compliant,1003,79,70,56,223,1,1,7,13,CPU Utilization High,P4,In Progress,Infrastructure Team,41,22,0,0,1.0918574557910526e-05
RHEL 9,UAT,Application Server,Bangalore,Infrastructure Team,4594,Running,Running,Running,Enabled,Updated,Compliant,100,Compliant,4594,55,85,62,344,2,4,7,12,Firewall Disabled,P3,Open,Infrastructure Team,19,25,0,0,0.00367068697604255
Ubuntu 22.04,UAT,API Server,Bangalore,Infrastructure Team,2085,Running,Running,Running,Enabled,Updated,Compliant,100,Compliant,2085,52,46,52,224,1,5,3,8,Patch Failure,P4,Closed,Infrastructure Team,44,17,0,0,2.0713090696005227e-07
Windows Server 2022,Development,Web Server,Chennai,Linux Team,3915,Running,Running,Running,Enabled,Outdated,Compliant,85,Warning,3915,28,48,35,78,0,4,7,9,Disk Space Full,P3,Closed,Linux Team,6,20,0,0,0.00014261696696030393
RHEL 9,Testing,Web Server,Hyderabad,Linux Team,4766,Running,Running,Running,Enabled,Updated,Compliant,100,Compliant,4766,50,32,48,504,3,2,8,11,CPU Utilization High,P1,Resolved,Linux Team,1,24,0,0,0.30955076419528477
Windows Server 2022,Development,API Server,Mumbai,Infrastructure Team,1920,Running,Running,Running,Enabled,Updated,Non-Compliant,90,Compliant,1920,55,48,57,335,0,3,7,6,Firewall Disabled,P4,Closed,Infrastructure Team,24,16,0,0,5.6035684658750395e-06
Ubuntu 22.04,Production,API Server,Hyderabad,Infrastructure Team,2710,Running,Running,Running,Enabled,Updated,Compliant,100,Compliant,2710,73,65,30,258,0,2,3,10,Firewall Disabled,P2,Resolved,Infrastructure Team,3,15,0,0,7.509289044125477e-08
RHEL 9,Development,Mail Server,Hyderabad,Messaging Team,2224,Running,Running,Running,Enabled,Updated,Compliant,100,Compliant,2224,54,44,33,378,2,1,5,7,Qualys Agent Missing,P4,Closed,Messaging Team,37,15,0,0,3.49702191793234e-08
Ubuntu 22.04,Development,Application Server,Bangalore,Infrastructure Team,2287,Running,Running,Running,Enabled,Updated,Compliant,100,Compliant,2287,55,58,62,23,0,4,4,6,Application Not Responding,P2,In Progress,Infrastructure Team,5,14,0,0,3.631924608361534e-07
Windows Server 2022,UAT,Database Server,Mumbai,Database Team,4897,Running,Running,Running,Enabled,Updated,Compliant,100,Compliant,4897,79,85,94,350,1,4,5,20,Server Down,P3,Closed,Database Team,18,30,0,0,0.11196980613820755
RHEL 9,Testing,Mail Server,Pune,Messaging Team,4596,Stopped,Running,Running,Enabled,Updated,Compliant,80,Warning,4596,37,45,54,317,1,1,10,10,CrowdStrike Offline,P3,Closed,Messaging Team,17,22,0,0,0.0009787403969005101
Windows Server 2019,Testing,File Server,Hyderabad,Windows Team,572,Running,Running,Running,Enabled,Outdated,Compliant,85,Warning,572,22,26,82,428,1,1,2,8,Memory Utilization High,P3,Closed,Windows Team,10,12,0,0,5.552755675555617e-07
RHEL 8,Production,Authentication Server,Chennai,Security Team,3795,Running,Running,Running,Enabled,Updated,Compliant,100,Compliant,3795,50,65,47,241,2,1,2,11,CPU Utilization High,P4,Closed,Security Team,38,16,0,0,1.4563474717314717e-08
Windows Server 2022,Testing,Application Server,Mumbai,Infrastructure Team,2198,Stopped,Running,Running,Enabled,Outdated,Non-Compliant,55,Non-Compliant,2198,79,56,66,607,0,1,11,12,CPU Utilization High,P3,Resolved,Infrastructure Team,5,24,1,1,0.9978689931647615
Ubuntu 22.04,UAT,Web Server,Pune,Linux Team,2957,Running,Stopped,Running,Enabled,Updated,Compliant,80,Warning,2957,32,55,41,478,1,2,11,18,Application Not Responding,P4,Resolved,Linux Team,10,32,0,1,0.8017338582659346
Windows Server 2022,UAT,API Server,Pune,Infrastructure Team,3172,Running,Running,Running,Enabled,Updated,Compliant,100,Compliant,3172,74,68,49,506,0,5,4,11,CrowdStrike Offline,P4,Resolved,Infrastructure Team,52,20,0,0,2.866179568477344e-06
Ubuntu 22.04,Development,Database Server,Bangalore,Database Team,932,Running,Running,Stopped,Enabled,Updated,Compliant,80,Warning,932,75,83,91,514,4,9,13,15,Memory Utilization High,P2,Resolved,Database Team,3,41,1,1,0.9999999999991847
RHEL 8,UAT,Mail Server,Bangalore,Messaging Team,979,Running,Running,Running,Enabled,Updated,Compliant,100,Compliant,979,51,58,49,146,0,3,7,8,Application Not Responding,P4,Open,Messaging Team,25,18,0,0,6.942415353796093e-08
Ubuntu 22.04,UAT,Database Server,Bangalore,Database Team,915,Running,Running,Running,Enabled,Updated,Compliant,100,Compliant,915,78,72,67,674,5,2,10,30,Application Not Responding,P4,Closed,Database Team,19,47,1,1,0.9999997552216637
Windows Server 2019,Production,File Server,Hyderabad,Windows Team,3245,Running,Running,Running,Enabled,Outdated,Compliant,85,Warning,3245,22,39,82,590,0,3,4,13,CPU Utilization High,P2,Closed,Windows Team,8,20,0,0,0.04577974379624698
RHEL 8,Development,Authentication Server,Chennai,Security Team,1647,Running,Running,Running,Enabled,Updated,Non-Compliant,90,Compliant,1647,36,42,33,402,1,1,8,5,Server Down,P4,In Progress,Security Team,56,15,0,0,7.0604083659483185e-06
Ubuntu 22.04,Development,Database Server,Hyderabad,Database Team,3331,Running,Running,Running,Enabled,Outdated,Compliant,85,Warning,3331,60,70,84,52,5,4,11,30,Qualys Agent Missing,P4,Resolved,Database Team,26,50,1,1,0.9999999999055524
Windows Server 2022,Development,Mail Server,Hyderabad,Messaging Team,1549,Running,Running,Stopped,Enabled,Updated,Compliant,80,Warning,1549,28,49,46,41,1,1,5,6,Application Not Responding,P3,Resolved,Messaging Team,20,13,0,0,1.7933946208726162e-07
Ubuntu 22.04,Production,Web Server,Mumbai,Linux Team,2851,Running,Running,Running,Enabled,Updated,Compliant,100,Compliant,2851,30,61,57,248,1,6,12,20,Qualys Agent Missing,P2,In Progress,Linux Team,3,39,1,1,0.9999225731376596
Windows Server 2019,Development,File Server,Mumbai,Windows Team,1527,Running,Stopped,Running,Enabled,Updated,Compliant,80,Warning,1527,12,24,88,599,0,0,6,8,Disk Space Full,P2,Resolved,Windows Team,6,14,0,0,2.5086698839545755e-05
Ubuntu 22.04,UAT,API Server,Bangalore,Infrastructure Team,3976,Running,Running,Running,Enabled,Updated,Compliant,100,Compliant,3976,73,56,39,197,1,4,8,8,CPU Utilization High,P1,Closed,Infrastructure Team,4,21,0,0,0.00733751206206039
RHEL 8,Testing,Application Server,Chennai,Infrastructure Team,1514,Running,Running,Running,Enabled,Updated,Compliant,100,Compliant,1514,67,73,70,497,0,1,5,16,Qualys Agent Missing,P3,Closed,Infrastructure Team,13,22,0,0,5.689646708237912e-07
Windows Server 2019,Development,API Server,Hyderabad,Infrastructure Team,592,Running,Running,Running,Enabled,Updated,Compliant,100,Compliant,592,51,41,47,554,2,5,10,15,Splunk Agent Down,P4,In Progress,Infrastructure Team,67,32,0,1,0.7231857086813803
RHEL 8,Development,File Server,Mumbai,Windows Team,4964,Running,Running,Running,Enabled,Updated,Compliant,100,Compliant,4964,24,21,70,350,1,1,3,6,CrowdStrike Offline,P4,Closed,Windows Team,25,11,0,0,3.3381458888671967e-10
RHEL 8,Development,Database Server,Pune,Database Team,1573,Running,Running,Running,Enabled,Updated,Compliant,100,Compliant,1573,76,90,84,529,4,4,7,19,Splunk Agent Down,P4,Resolved,Database Team,55,34,1,1,0.9981275666236624
Ubuntu 22.04,Production,Web Server,Hyderabad,Linux Team,2088,Running,Running,Running,Enabled,Updated,Compliant,100,Compliant,2088,27,50,41,47,2,6,8,18,Patch Failure,P3,In Progress,Linux Team,10,34,1,1,0.674305662689822
RHEL 9,Testing,Web Server,Pune,Linux Team,1402,Running,Running,Running,Enabled,Updated,Compliant,100,Compliant,1402,22,47,52,232,0,2,5,15,Server Down,P3,Closed,Linux Team,24,22,0,0,3.501840492951835e-07
Windows Server 2022,Testing,Mail Server,Hyderabad,Messaging Team,4263,Running,Running,Running,Enabled,Updated,Compliant,100,Compliant,4263,41,48,50,693,1,2,3,5,Splunk Agent Down,P4,In Progress,Messaging Team,15,11,0,0,1.7463463718610005e-09
RHEL 8,Development,Authentication Server,Chennai,Security Team,4326,Running,Running,Running,Enabled,Updated,Non-Compliant,90,Compliant,4326,40,60,49,80,1,1,6,8,CrowdStrike Offline,P4,Closed,Security Team,27,16,0,0,9.858552437831412e-07
Windows Server 2019,Development,File Server,Hyderabad,Windows Team,1277,Running,Running,Running,Enabled,Updated,Compliant,100,Compliant,1277,17,44,82,127,0,2,6,13,Server Down,P4,In Progress,Windows Team,50,21,0,0,1.6298730701913403e-06
Ubuntu 22.04,Testing,File Server,Pune,Windows Team,4604,Running,Running,Running,Enabled,Updated,Compliant,100,Compliant,4604,12,33,89,567,1,3,7,9,Patch Failure,P2,Resolved,Windows Team,6,20,0,0,0.0006404426143880462
Ubuntu 22.04,UAT,File Server,Chennai,Windows Team,4854,Running,Running,Running,Enabled,Updated,Compliant,100,Compliant,4854,21,30,71,201,1,0,2,11,Firewall Disabled,P4,Closed,Windows Team,15,14,0,0,3.964412148662745e-10
RHEL 9,Testing,Application Server,Hyderabad,Infrastructure Team,1510,Running,Running,Running,Enabled,Updated,Compliant,100,Compliant,1510,80,84,54,302,0,3,3,17,Application Not Responding,P4,In Progress,Infrastructure Team,67,23,0,0,6.0557333628424175e-06
Windows Server 2022,Production,Authentication Server,Mumbai,Security Team,1429,Running,Running,Running,Enabled,Updated,Compliant,100,Compliant,1429,38,51,27,202,1,2,4,8,Memory Utilization High,P3,Resolved,Security Team,16,15,0,0,2.7889399528751897e-09
RHEL 8,Development,Mail Server,Chennai,Messaging Team,449,Running,Running,Running,Enabled,Updated,Compliant,100,Compliant,449,46,50,34,427,0,4,3,15,Splunk Agent Down,P2,Closed,Messaging Team,8,22,0,0,1.4582135543738585e-05
Windows Server 2022,Production,Authentication Server,Chennai,Security Team,244,Running,Running,Running,Enabled,Updated,Compliant,100,Compliant,244,41,57,41,115,2,2,4,9,Qualys Agent Missing,P1,Resolved,Security Team,4,17,0,0,1.7216574372957005e-05
Windows Server 2019,Production,Authentication Server,Pune,Security Team,3692,Running,Running,Running,Enabled,Updated,Compliant,100,Compliant,3692,58,47,48,44,1,3,5,12,Qualys Agent Missing,P4,Closed,Security Team,64,21,0,0,7.092037096553572e-07
RHEL 8,UAT,Authentication Server,Mumbai,Security Team,3940,Running,Running,Running,Enabled,Outdated,Compliant,85,Warning,3940,41,61,52,600,1,3,3,10,Qualys Agent Missing,P3,Resolved,Security Team,7,17,0,0,6.169058904504972e-05
Ubuntu 22.04,Development,API Server,Pune,Infrastructure Team,1355,Running,Running,Running,Enabled,Updated,Compliant,100,Compliant,1355,47,62,51,296,2,1,8,9,Splunk Agent Down,P4,Closed,Infrastructure Team,62,20,0,0,4.859259456346101e-06
RHEL 8,Development,API Server,Pune,Infrastructure Team,2948,Running,Running,Running,Enabled,Updated,Compliant,100,Compliant,2948,58,73,50,64,1,3,8,13,CPU Utilization High,P4,Closed,Infrastructure Team,27,25,0,0,4.2392264071821515e-05
RHEL 8,Development,API Server,Chennai,Infrastructure Team,2733,Running,Running,Running,Enabled,Updated,Compliant,100,Compliant,2733,73,73,34,516,0,2,9,13,Disk Space Full,P2,In Progress,Infrastructure Team,2,24,0,0,0.0007268511441430779
RHEL 9,Development,Application Server,Bangalore,Infrastructure Team,1526,Running,Running,Running,Enabled,Updated,Compliant,100,Compliant,1526,59,59,71,432,2,3,11,18,Application Not Responding,P3,Closed,Infrastructure Team,8,34,0,1,0.5590702493282298
Ubuntu 22.04,Production,Database Server,Chennai,Database Team,3606,Running,Running,Running,Enabled,Updated,Non-Compliant,90,Compliant,3606,71,80,93,717,4,5,8,28,Application Not Responding,P4,Resolved,Database Team,13,45,1,1,0.9999999988503401
RHEL 9,Development,File Server,Bangalore,Windows Team,4469,Running,Running,Running,Enabled,Updated,Non-Compliant,90,Compliant,4469,11,37,70,270,1,1,5,6,Application Not Responding,P3,Resolved,Windows Team,6,13,0,0,1.5872634973334706e-06
RHEL 8,Production,API Server,Pune,Infrastructure Team,1308,Running,Running,Running,Enabled,Outdated,Compliant,85,Warning,1308,71,65,42,59,0,3,10,15,CPU Utilization High,P1,Resolved,Infrastructure Team,1,28,1,1,0.925451169403894
RHEL 9,Testing,Web Server,Hyderabad,Linux Team,68,Running,Stopped,Running,Enabled,Updated,Non-Compliant,70,Warning,68,36,48,56,297,3,1,5,14,Server Down,P4,Closed,Linux Team,32,23,0,1,0.7396146757035394
Windows Server 2019,Production,Application Server,Chennai,Infrastructure Team,3786,Running,Running,Running,Enabled,Updated,Compliant,100,Compliant,3786,42,79,70,95,0,5,7,6,CrowdStrike Offline,P4,In Progress,Infrastructure Team,53,18,0,0,5.409440577324692e-06
RHEL 9,Production,Web Server,Bangalore,Linux Team,1454,Running,Running,Running,Enabled,Updated,Compliant,100,Compliant,1454,27,54,44,75,3,4,5,18,Firewall Disabled,P4,Resolved,Linux Team,47,30,0,0,0.019070466664740767
Windows Server 2022,Production,Web Server,Hyderabad,Linux Team,1036,Running,Running,Running,Enabled,Updated,Compliant,100,Compliant,1036,20,62,35,311,2,5,7,18,Application Not Responding,P4,Open,Linux Team,49,32,0,0,0.23220127290586642
Windows Server 2022,Production,Application Server,Pune,Infrastructure Team,3879,Running,Running,Running,Enabled,Updated,Compliant,100,Compliant,3879,58,63,56,281,0,3,12,6,Splunk Agent Down,P3,Closed,Infrastructure Team,17,21,0,0,1.3486896525584149e-05
Windows Server 2019,Production,Authentication Server,Hyderabad,Security Team,1488,Running,Running,Running,Enabled,Updated,Compliant,100,Compliant,1488,46,53,37,200,0,2,6,6,Splunk Agent Down,P4,In Progress,Security Team,60,14,0,0,4.590508564929864e-09
Windows Server 2019,Production,Database Server,Chennai,Database Team,2512,Running,Running,Running,Enabled,Outdated,Compliant,85,Warning,2512,84,85,90,494,5,7,11,16,Server Down,P2,Closed,Database Team,2,39,1,1,0.9999999999972189
Ubuntu 22.04,UAT,Mail Server,Bangalore,Messaging Team,1870,Running,Running,Running,Enabled,Updated,Compliant,100,Compliant,1870,47,53,44,696,0,3,6,10,Memory Utilization High,P4,Resolved,Messaging Team,21,19,0,0,3.4336269206861427e-07
Ubuntu 22.04,Development,Web Server,Pune,Linux Team,4436,Running,Running,Running,Enabled,Updated,Compliant,100,Compliant,4436,34,64,41,477,1,5,6,6,CrowdStrike Offline,P3,Resolved,Linux Team,8,18,0,0,2.1627520103943943e-05
RHEL 8,Development,Database Server,Hyderabad,Database Team,3601,Stopped,Running,Running,Enabled,Updated,Compliant,80,Warning,3601,80,95,92,600,5,3,10,28,Application Not Responding,P3,Resolved,Database Team,19,46,1,1,0.9999999997395126
Ubuntu 22.04,UAT,Mail Server,Chennai,Messaging Team,3311,Running,Running,Running,Enabled,Updated,Compliant,100,Compliant,3311,46,51,61,95,1,4,7,15,Qualys Agent Missing,P2,Resolved,Messaging Team,8,27,0,0,0.013302362606436049
RHEL 9,UAT,Web Server,Hyderabad,Linux Team,4084,Running,Running,Running,Disabled,Updated,Compliant,85,Warning,4084,59,55,37,504,1,4,11,11,Patch Failure,P3,Resolved,Linux Team,24,27,0,1,0.8529147319146333
Windows Server 2022,Production,API Server,Hyderabad,Infrastructure Team,4635,Running,Running,Running,Enabled,Updated,Compliant,100,Compliant,4635,59,60,44,402,2,1,7,15,Patch Failure,P3,Resolved,Infrastructure Team,21,25,0,0,4.7741621316548546e-05
RHEL 9,Production,Mail Server,Mumbai,Messaging Team,847,Running,Running,Running,Enabled,Updated,Compliant,100,Compliant,847,48,42,34,103,0,4,9,14,Splunk Agent Down,P2,Closed,Messaging Team,3,27,0,0,0.0025337546820139384
Windows Server 2022,Development,Web Server,Mumbai,Linux Team,2773,Running,Running,Running,Enabled,Updated,Compliant,100,Compliant,2773,40,46,45,172,2,5,10,8,Firewall Disabled,P1,Closed,Linux Team,4,25,1,1,0.5670726205863568
Windows Server 2019,Production,Database Server,Hyderabad,Database Team,1487,Running,Running,Running,Enabled,Updated,Compliant,100,Compliant,1487,85,92,85,708,5,7,10,17,Disk Space Full,P4,Resolved,Database Team,54,39,1,1,0.99999996975524
RHEL 8,Production,Mail Server,Chennai,Messaging Team,118,Running,Running,Running,Enabled,Outdated,Compliant,85,Warning,118,25,44,49,565,1,3,10,13,Firewall Disabled,P3,Resolved,Messaging Team,8,27,0,0,0.24212684807381224
RHEL 8,Testing,API Server,Pune,Infrastructure Team,4048,Running,Running,Running,Enabled,Updated,Compliant,100,Compliant,4048,55,48,44,544,2,3,6,9,Qualys Agent Missing,P3,Resolved,Infrastructure Team,4,20,0,0,1.1902776789728067e-05
RHEL 9,Development,Authentication Server,Pune,Security Team,4229,Running,Running,Running,Enabled,Updated,Compliant,100,Compliant,4229,45,42,51,609,0,1,5,10,CrowdStrike Offline,P1,Closed,Security Team,2,16,0,0,4.890948699363123e-07
RHEL 8,Production,Authentication Server,Pune,Security Team,4099,Running,Running,Running,Enabled,Updated,Compliant,100,Compliant,4099,37,64,30,191,0,1,8,5,CrowdStrike Offline,P4,Closed,Security Team,9,14,0,0,5.917316889556183e-10
Ubuntu 22.04,Development,Database Server,Chennai,Database Team,4994,Running,Running,Running,Enabled,Updated,Compliant,100,Compliant,4994,66,85,69,532,3,3,11,12,Application Not Responding,P4,Closed,Database Team,45,29,1,1,0.9575114597871267
Windows Server 2022,Development,Application Server,Hyderabad,Infrastructure Team,1255,Running,Running,Running,Enabled,Outdated,Compliant,85,Warning,1255,65,73,57,584,1,4,8,14,Memory Utilization High,P4,Resolved,Infrastructure Team,46,27,0,0,0.4977451716698441
RHEL 9,UAT,File Server,Pune,Windows Team,3901,Running,Running,Running,Enabled,Updated,Compliant,100,Compliant,3901,27,32,83,645,0,1,5,11,Disk Space Full,P3,Resolved,Windows Team,9,17,0,0,3.847798344000496e-08
RHEL 8,Testing,Mail Server,Mumbai,Messaging Team,1438,Running,Running,Running,Enabled,Updated,Compliant,100,Compliant,1438,55,61,34,554,0,1,4,13,Firewall Disabled,P4,Closed,Messaging Team,50,18,0,0,9.774109057548883e-09
Ubuntu 22.04,Development,Web Server,Mumbai,Linux Team,2582,Running,Running,Running,Enabled,Updated,Compliant,100,Compliant,2582,37,52,27,675,2,2,4,5,CPU Utilization High,P3,Resolved,Linux Team,23,13,0,0,3.527546244430809e-07
RHEL 9,UAT,Authentication Server,Pune,Security Team,101,Running,Running,Running,Enabled,Updated,Compliant,100,Compliant,101,56,63,25,683,2,1,6,12,CPU Utilization High,P2,In Progress,Security Team,6,21,0,0,0.0007195328003827845
Windows Server 2022,Production,Web Server,Mumbai,Linux Team,2172,Running,Running,Stopped,Enabled,Updated,Compliant,80,Warning,2172,34,64,55,645,2,1,12,20,Application Not Responding,P2,Resolved,Linux Team,8,35,1,1,0.9999543961046695
Windows Server 2019,Testing,Application Server,Chennai,Infrastructure Team,401,Running,Running,Running,Enabled,Updated,Compliant,100,Compliant,401,44,68,72,562,1,4,7,16,Disk Space Full,P2,Closed,Infrastructure Team,4,28,0,0,0.13881478974348704
Windows Server 2019,Development,Database Server,Hyderabad,Database Team,470,Running,Running,Running,Enabled,Updated,Compliant,100,Compliant,470,61,87,93,353,0,5,13,20,Splunk Agent Down,P2,Resolved,Database Team,6,38,1,1,0.9999216693790883
RHEL 9,Development,File Server,Bangalore,Windows Team,1332,Running,Running,Running,Enabled,Updated,Compliant,100,Compliant,1332,14,26,75,36,0,2,8,11,CrowdStrike Offline,P3,In Progress,Windows Team,11,21,0,0,1.0433111741674981e-06
RHEL 8,Testing,Database Server,Pune,Database Team,3603,Running,Running,Running,Enabled,Updated,Compliant,100,Compliant,3603,79,73,71,675,0,4,9,20,Memory Utilization High,P4,Resolved,Database Team,65,33,0,0,0.38730821793589076
RHEL 9,Testing,Authentication Server,Chennai,Security Team,1817,Running,Running,Running,Enabled,Updated,Compliant,100,Compliant,1817,48,59,40,159,2,4,3,11,Firewall Disabled,P4,Closed,Security Team,37,20,0,0,2.195031819875895e-06
RHEL 9,Development,Database Server,Chennai,Database Team,4744,Running,Running,Running,Enabled,Updated,Non-Compliant,90,Compliant,4744,81,92,76,246,5,8,14,20,CPU Utilization High,P4,Resolved,Database Team,21,47,1,1,0.999999999999474
Windows Server 2019,Development,Application Server,Bangalore,Infrastructure Team,3234,Running,Running,Running,Enabled,Updated,Compliant,100,Compliant,3234,57,72,42,280,1,3,10,7,Patch Failure,P2,Closed,Infrastructure Team,7,21,0,0,0.0009408999734188976
Ubuntu 22.04,Development,Web Server,Hyderabad,Linux Team,2102,Running,Running,Running,Enabled,Updated,Compliant,100,Compliant,2102,52,59,53,197,3,1,10,7,Disk Space Full,P4,Resolved,Linux Team,32,21,0,0,0.0001725648658590695
Windows Server 2019,Development,API Server,Chennai,Infrastructure Team,2414,Running,Running,Running,Enabled,Updated,Compliant,100,Compliant,2414,68,70,52,585,2,5,10,15,Memory Utilization High,P2,Closed,Infrastructure Team,2,32,1,1,0.9904523865549673
RHEL 9,Production,API Server,Chennai,Infrastructure Team,2832,Running,Running,Running,Enabled,Updated,Compliant,100,Compliant,2832,65,59,37,283,2,4,8,15,Patch Failure,P3,Closed,Infrastructure Team,13,29,0,0,0.013517455766522983
RHEL 8,Production,Authentication Server,Pune,Security Team,3499,Running,Running,Running,Enabled,Updated,Non-Compliant,90,Compliant,3499,33,50,52,519,1,1,3,7,Disk Space Full,P3,Resolved,Security Team,18,12,0,0,7.167114058555834e-08
Windows Server 2022,Production,Mail Server,Chennai,Messaging Team,2112,Running,Stopped,Running,Enabled,Outdated,Non-Compliant,55,Non-Compliant,2112,39,43,40,192,2,4,9,8,CPU Utilization High,P2,Closed,Messaging Team,3,23,1,1,0.9999919252584574
Windows Server 2022,Production,Web Server,Mumbai,Linux Team,2817,Stopped,Running,Running,Enabled,Updated,Compliant,80,Warning,2817,38,32,43,81,2,2,12,17,CrowdStrike Offline,P4,Closed,Linux Team,19,33,1,1,0.8870068757523557
RHEL 9,Testing,API Server,Mumbai,Infrastructure Team,899,Running,Running,Running,Enabled,Updated,Compliant,100,Compliant,899,73,70,56,122,0,2,9,14,CrowdStrike Offline,P3,In Progress,Infrastructure Team,4,25,0,0,3.533333647107333e-05
Windows Server 2022,Development,Web Server,Bangalore,Linux Team,2496,Running,Running,Running,Enabled,Updated,Compliant,100,Compliant,2496,52,66,56,568,1,1,6,11,CPU Utilization High,P2,Closed,Linux Team,8,19,0,0,5.479070293673739e-05
Windows Server 2019,Development,Mail Server,Bangalore,Messaging Team,3344,Running,Running,Running,Enabled,Outdated,Compliant,85,Warning,3344,40,42,39,574,0,2,10,12,CrowdStrike Offline,P4,In Progress,Messaging Team,26,24,0,0,0.0058068213941105526
RHEL 9,Testing,File Server,Hyderabad,Windows Team,2498,Stopped,Running,Running,Enabled,Updated,Compliant,80,Warning,2498,30,45,73,435,1,2,5,9,Memory Utilization High,P4,Closed,Windows Team,58,17,0,0,0.00013676086199849058
RHEL 9,Production,API Server,Chennai,Infrastructure Team,2380,Running,Running,Running,Enabled,Outdated,Non-Compliant,75,Warning,2380,79,67,33,253,1,3,5,12,Splunk Agent Down,P3,Resolved,Infrastructure Team,17,21,0,0,0.2601225048625974
Ubuntu 22.04,Development,Web Server,Hyderabad,Linux Team,2118,Running,Running,Running,Enabled,Updated,Compliant,100,Compliant,2118,57,42,20,494,0,5,13,11,CPU Utilization High,P4,Closed,Linux Team,53,29,0,0,0.0829527518782255
Windows Server 2019,Development,Mail Server,Chennai,Messaging Team,4363,Running,Running,Running,Enabled,Updated,Compliant,100,Compliant,4363,45,55,53,253,1,2,3,8,Application Not Responding,P1,Closed,Messaging Team,1,14,0,0,8.566923584417116e-07
Ubuntu 22.04,Development,File Server,Hyderabad,Windows Team,3088,Running,Running,Running,Enabled,Updated,Compliant,100,Compliant,3088,29,20,91,120,0,0,4,9,CPU Utilization High,P2,Closed,Windows Team,3,13,0,0,9.131001114903208e-09
Windows Server 2022,Production,API Server,Chennai,Infrastructure Team,1690,Running,Running,Running,Enabled,Updated,Compliant,100,Compliant,1690,51,62,47,487,1,5,3,6,Patch Failure,P1,In Progress,Infrastructure Team,2,15,0,0,7.905369087279233e-05
RHEL 8,UAT,Application Server,Pune,Infrastructure Team,1047,Running,Running,Running,Enabled,Updated,Compliant,100,Compliant,1047,64,78,44,618,0,4,7,14,Qualys Agent Missing,P3,Open,Infrastructure Team,9,25,0,0,0.00017573333008294423
Ubuntu 22.04,Testing,API Server,Mumbai,Infrastructure Team,3893,Running,Running,Running,Enabled,Outdated,Non-Compliant,75,Warning,3893,45,72,51,228,0,5,6,14,Application Not Responding,P2,Closed,Infrastructure Team,4,25,1,1,0.996605540831045
RHEL 9,Testing,API Server,Bangalore,Infrastructure Team,2420,Running,Running,Running,Disabled,Updated,Compliant,85,Warning,2420,57,45,52,666,0,4,4,6,Disk Space Full,P4,Resolved,Infrastructure Team,45,14,0,0,5.6403604499307344e-06
RHEL 8,UAT,Mail Server,Mumbai,Messaging Team,4370,Stopped,Running,Running,Enabled,Updated,Compliant,80,Warning,4370,49,46,51,154,0,2,10,13,Patch Failure,P4,Resolved,Messaging Team,62,25,0,0,0.0009486120129568421
Windows Server 2019,Production,API Server,Bangalore,Infrastructure Team,3871,Running,Running,Running,Enabled,Updated,Compliant,100,Compliant,3871,68,56,57,470,2,4,4,12,Splunk Agent Down,P4,Closed,Infrastructure Team,37,22,0,0,7.297006628387731e-05
RHEL 9,Production,Application Server,Mumbai,Infrastructure Team,4713,Running,Running,Running,Enabled,Updated,Compliant,100,Compliant,4713,53,73,48,197,2,1,6,15,Disk Space Full,P4,Resolved,Infrastructure Team,22,24,0,0,9.061640438034928e-06
RHEL 9,Production,File Server,Pune,Windows Team,3473,Stopped,Running,Running,Enabled,Updated,Compliant,80,Warning,3473,23,40,94,423,0,0,2,13,CrowdStrike Offline,P4,Closed,Windows Team,39,15,0,0,1.73714176168431e-07
RHEL 8,Testing,Mail Server,Chennai,Messaging Team,3671,Running,Running,Running,Enabled,Updated,Compliant,100,Compliant,3671,25,49,35,662,0,1,3,5,Firewall Disabled,P3,Open,Messaging Team,23,9,0,0,2.5650397519383695e-11
Windows Server 2019,UAT,Mail Server,Mumbai,Messaging Team,132,Running,Running,Running,Enabled,Outdated,Compliant,85,Warning,132,30,57,58,624,2,2,6,7,Firewall Disabled,P4,Resolved,Messaging Team,52,17,0,0,0.0010891718748346488
Ubuntu 22.04,Development,Database Server,Chennai,Database Team,1716,Running,Running,Running,Enabled,Updated,Compliant,100,Compliant,1716,90,81,78,532,1,5,7,13,Patch Failure,P3,Open,Database Team,16,26,0,0,0.11596281788913557
Windows Server 2019,Development,Authentication Server,Pune,Security Team,3157,Running,Running,Running,Enabled,Updated,Compliant,100,Compliant,3157,49,70,52,140,1,2,8,6,Application Not Responding,P4,Closed,Security Team,66,17,0,0,3.3057606923575666e-07
Ubuntu 22.04,Development,Application Server,Pune,Infrastructure Team,2043,Running,Running,Running,Enabled,Updated,Compliant,100,Compliant,2043,53,65,45,250,0,1,3,13,Qualys Agent Missing,P3,Resolved,Infrastructure Team,8,17,0,0,1.8546846208383076e-09
RHEL 8,Production,Application Server,Bangalore,Infrastructure Team,251,Running,Running,Running,Enabled,Updated,Non-Compliant,90,Compliant,251,74,58,53,184,1,1,4,9,Splunk Agent Down,P3,Closed,Infrastructure Team,8,15,0,0,8.495333172557539e-07
Windows Server 2019,Development,API Server,Chennai,Infrastructure Team,665,Running,Running,Running,Enabled,Updated,Compliant,100,Compliant,665,65,52,32,214,1,2,10,6,Patch Failure,P2,Resolved,Infrastructure Team,3,19,0,0,5.001499564656886e-05
Ubuntu 22.04,Production,Authentication Server,Chennai,Security Team,4865,Running,Running,Running,Enabled,Updated,Compliant,100,Compliant,4865,33,41,33,688,0,4,8,12,Application Not Responding,P4,In Progress,Security Team,56,24,0,0,9.715020298994365e-05
Ubuntu 22.04,Testing,Web Server,Hyderabad,Linux Team,4344,Stopped,Running,Running,Enabled,Updated,Compliant,80,Warning,4344,20,63,36,135,1,4,6,7,CrowdStrike Offline,P4,Closed,Linux Team,55,18,0,0,0.0006526323243453682
RHEL 9,UAT,API Server,Bangalore,Infrastructure Team,248,Running,Running,Stopped,Enabled,Updated,Compliant,80,Warning,248,53,42,50,659,1,4,10,10,CPU Utilization High,P4,Closed,Infrastructure Team,66,25,1,1,0.5308812594202198
RHEL 8,UAT,Application Server,Bangalore,Infrastructure Team,4768,Running,Running,Running,Enabled,Updated,Compliant,100,Compliant,4768,41,83,70,135,1,3,4,7,CrowdStrike Offline,P3,Closed,Infrastructure Team,4,15,0,0,4.294484019619466e-08
Windows Server 2019,Production,API Server,Chennai,Infrastructure Team,3244,Running,Running,Running,Enabled,Updated,Compliant,100,Compliant,3244,73,68,34,687,1,3,4,15,Server Down,P3,Resolved,Infrastructure Team,10,23,0,0,4.747775104178903e-05
Windows Server 2019,Testing,Database Server,Mumbai,Database Team,4348,Running,Running,Running,Enabled,Outdated,Compliant,85,Warning,4348,86,91,76,540,3,2,8,12,Splunk Agent Down,P3,Open,Database Team,11,25,1,1,0.9926480650759356
Windows Server 2022,Testing,Application Server,Bangalore,Infrastructure Team,1604,Running,Running,Running,Enabled,Updated,Compliant,100,Compliant,1604,69,73,45,563,1,1,5,7,Patch Failure,P2,Resolved,Infrastructure Team,5,14,0,0,4.295901859988733e-07
RHEL 9,UAT,API Server,Pune,Infrastructure Team,4842,Running,Running,Running,Enabled,Outdated,Compliant,85,Warning,4842,64,62,45,706,1,2,8,10,Disk Space Full,P4,Closed,Infrastructure Team,10,21,0,0,0.0022456960464141353
RHEL 9,Production,Authentication Server,Chennai,Security Team,500,Running,Running,Running,Enabled,Updated,Compliant,100,Compliant,500,33,41,28,322,2,4,5,8,Memory Utilization High,P4,Resolved,Security Team,41,19,0,0,2.151535785052778e-06
RHEL 8,UAT,Mail Server,Chennai,Messaging Team,4108,Running,Running,Running,Enabled,Updated,Compliant,100,Compliant,4108,32,47,63,539,1,1,2,11,Qualys Agent Missing,P4,Resolved,Messaging Team,53,15,0,0,2.7251068333344023e-09
RHEL 8,UAT,Mail Server,Chennai,Messaging Team,1044,Running,Running,Running,Enabled,Updated,Compliant,100,Compliant,1044,48,61,40,284,0,3,2,7,Firewall Disabled,P3,In Progress,Messaging Team,9,12,0,0,5.641366705187273e-10
RHEL 9,Development,Authentication Server,Hyderabad,Security Team,1999,Running,Running,Running,Enabled,Updated,Compliant,100,Compliant,1999,59,56,49,553,2,2,8,10,Application Not Responding,P4,Closed,Security Team,57,22,0,0,0.00010715847905306849
Windows Server 2019,Development,API Server,Chennai,Infrastructure Team,1125,Running,Running,Running,Enabled,Updated,Non-Compliant,90,Compliant,1125,54,61,39,341,0,4,9,6,Firewall Disabled,P4,Resolved,Infrastructure Team,21,19,0,0,0.0004998448317621491
Ubuntu 22.04,Testing,File Server,Mumbai,Windows Team,2251,Running,Running,Running,Enabled,Updated,Compliant,100,Compliant,2251,32,50,87,255,0,2,6,12,CPU Utilization High,P3,Open,Windows Team,10,20,0,0,2.3537839420357903e-06
Windows Server 2022,Production,Database Server,Hyderabad,Database Team,4482,Running,Running,Running,Enabled,Updated,Compliant,100,Compliant,4482,68,87,94,309,3,10,10,10,Splunk Agent Down,P1,Resolved,Database Team,2,33,1,1,0.9999999312481042
Ubuntu 22.04,UAT,Mail Server,Bangalore,Messaging Team,4742,Running,Running,Running,Enabled,Updated,Non-Compliant,90,Compliant,4742,36,55,46,109,1,4,4,13,Splunk Agent Down,P3,Closed,Messaging Team,10,22,0,0,0.0005759496209790702
Ubuntu 22.04,Production,Web Server,Hyderabad,Linux Team,4237,Running,Stopped,Running,Enabled,Updated,Compliant,80,Warning,4237,41,42,34,409,0,1,7,10,Application Not Responding,P4,Closed,Linux Team,29,18,0,0,1.0005284381285668e-05
Ubuntu 22.04,UAT,Web Server,Mumbai,Linux Team,2037,Running,Running,Running,Enabled,Outdated,Compliant,85,Warning,2037,50,60,31,545,0,2,4,12,CrowdStrike Offline,P4,Closed,Linux Team,53,18,0,0,5.2790969519282166e-05
Windows Server 2019,Testing,Database Server,Hyderabad,Database Team,3143,Running,Running,Running,Enabled,Updated,Compliant,100,Compliant,3143,81,90,75,251,4,7,10,25,Memory Utilization High,P3,Closed,Database Team,12,46,1,1,0.99999997305686
RHEL 9,Testing,Application Server,Mumbai,Infrastructure Team,53,Running,Running,Running,Enabled,Updated,Compliant,100,Compliant,53,61,63,51,162,2,3,5,6,CPU Utilization High,P3,Closed,Infrastructure Team,14,16,0,0,1.420596325809383e-06
RHEL 8,Production,Database Server,Mumbai,Database Team,1968,Running,Running,Running,Enabled,Updated,Compliant,100,Compliant,1968,81,80,95,60,0,3,10,13,Disk Space Full,P4,Closed,Database Team,42,26,0,0,0.0016988585904246026
Ubuntu 22.04,UAT,Web Server,Hyderabad,Linux Team,1305,Running,Running,Running,Enabled,Outdated,Non-Compliant,75,Warning,1305,24,58,50,493,1,3,12,10,Memory Utilization High,P3,Resolved,Linux Team,21,26,1,1,0.998541336943239
RHEL 9,UAT,Application Server,Hyderabad,Infrastructure Team,2584,Running,Running,Running,Enabled,Updated,Compliant,100,Compliant,2584,57,69,60,33,2,1,9,12,Firewall Disabled,P3,Closed,Infrastructure Team,23,24,0,0,6.743055975907546e-05
Ubuntu 22.04,Development,API Server,Chennai,Infrastructure Team,4266,Running,Running,Running,Enabled,Updated,Compliant,100,Compliant,4266,73,69,40,611,0,5,8,12,Patch Failure,P3,Resolved,Infrastructure Team,15,25,0,0,0.000633252854894864
RHEL 8,UAT,Database Server,Mumbai,Database Team,2820,Running,Running,Stopped,Enabled,Updated,Compliant,80,Warning,2820,82,74,66,24,3,8,15,20,Patch Failure,P3,Closed,Database Team,18,46,1,1,0.9999999998946916
RHEL 9,Development,Application Server,Chennai,Infrastructure Team,3798,Running,Running,Running,Enabled,Updated,Compliant,100,Compliant,3798,76,65,72,326,1,3,4,8,Memory Utilization High,P4,In Progress,Infrastructure Team,44,16,0,0,1.8975175194036652e-07
RHEL 8,Testing,Web Server,Bangalore,Linux Team,3022,Running,Running,Running,Enabled,Updated,Compliant,100,Compliant,3022,37,60,38,427,1,1,13,17,Firewall Disabled,P3,Resolved,Linux Team,19,32,0,0,0.02265847070239468
RHEL 9,Production,File Server,Pune,Windows Team,149,Running,Running,Stopped,Enabled,Updated,Compliant,80,Warning,149,25,28,83,299,1,0,2,9,Firewall Disabled,P3,Resolved,Windows Team,10,12,0,0,8.735066314640188e-08
Windows Server 2022,UAT,Web Server,Chennai,Linux Team,2390,Running,Running,Running,Enabled,Updated,Compliant,100,Compliant,2390,42,56,40,52,0,4,8,14,Disk Space Full,P4,Closed,Linux Team,35,26,0,0,3.341233589180103e-05
Ubuntu 22.04,Testing,Application Server,Bangalore,Infrastructure Team,2706,Running,Running,Running,Enabled,Updated,Compliant,100,Compliant,2706,49,78,74,176,2,4,11,16,Patch Failure,P4,Resolved,Infrastructure Team,19,33,0,0,0.3813538083514733
RHEL 8,Testing,Mail Server,Bangalore,Messaging Team,2434,Running,Running,Running,Enabled,Updated,Compliant,100,Compliant,2434,50,41,43,16,0,1,4,13,CrowdStrike Offline,P4,Closed,Messaging Team,26,18,0,0,4.758438522434806e-10
RHEL 8,UAT,File Server,Hyderabad,Windows Team,4695,Running,Running,Running,Enabled,Outdated,Compliant,85,Warning,4695,11,32,77,472,0,0,7,10,Qualys Agent Missing,P3,Closed,Windows Team,5,17,0,0,8.283934592685596e-06
Windows Server 2022,Production,Database Server,Hyderabad,Database Team,3512,Running,Running,Running,Enabled,Outdated,Compliant,85,Warning,3512,76,86,69,188,0,7,19,10,Splunk Agent Down,P4,Closed,Database Team,36,36,1,1,0.9999994856674642
RHEL 9,Development,Mail Server,Chennai,Messaging Team,1208,Running,Running,Running,Enabled,Updated,Compliant,100,Compliant,1208,27,53,41,257,0,2,10,15,Disk Space Full,P3,Resolved,Messaging Team,6,27,0,0,2.1343869454289685e-05
Windows Server 2019,Testing,File Server,Hyderabad,Windows Team,1748,Running,Running,Running,Enabled,Updated,Compliant,100,Compliant,1748,33,45,75,89,0,1,4,8,Qualys Agent Missing,P3,In Progress,Windows Team,8,13,0,0,2.5615559721738964e-09
Ubuntu 22.04,Development,Authentication Server,Bangalore,Security Team,3949,Running,Running,Running,Enabled,Updated,Compliant,100,Compliant,3949,51,53,50,49,2,3,4,7,Application Not Responding,P3,Open,Security Team,13,16,0,0,1.3549118865568116e-07
Ubuntu 22.04,Testing,Authentication Server,Pune,Security Team,4277,Running,Running,Running,Enabled,Updated,Compliant,100,Compliant,4277,35,50,48,271,2,2,2,12,Splunk Agent Down,P3,Closed,Security Team,21,18,0,0,7.238820415464476e-08
Windows Server 2019,UAT,API Server,Bangalore,Infrastructure Team,2880,Running,Running,Running,Enabled,Updated,Compliant,100,Compliant,2880,72,56,52,612,1,1,9,10,Splunk Agent Down,P2,Resolved,Infrastructure Team,4,21,0,0,0.0003318709847345358
RHEL 9,Development,API Server,Pune,Infrastructure Team,798,Running,Running,Running,Enabled,Updated,Compliant,100,Compliant,798,64,72,41,396,1,5,7,6,Server Down,P4,In Progress,Infrastructure Team,30,19,0,0,4.664092027825748e-05
Windows Server 2019,Development,Web Server,Bangalore,Linux Team,2873,Running,Running,Running,Enabled,Updated,Compliant,100,Compliant,2873,27,32,50,104,3,5,11,15,Qualys Agent Missing,P3,Resolved,Linux Team,18,34,1,1,0.9152885190629005
Windows Server 2019,UAT,API Server,Chennai,Infrastructure Team,1521,Running,Running,Running,Enabled,Updated,Compliant,100,Compliant,1521,57,46,43,529,2,1,4,5,Patch Failure,P3,Resolved,Infrastructure Team,23,12,0,0,9.485103468529163e-09
Windows Server 2022,UAT,API Server,Chennai,Infrastructure Team,3408,Running,Running,Running,Enabled,Updated,Compliant,100,Compliant,3408,63,69,48,361,2,3,6,13,Qualys Agent Missing,P3,Resolved,Infrastructure Team,18,24,0,0,0.0002922770945033873
Windows Server 2022,Production,API Server,Chennai,Infrastructure Team,3687,Running,Running,Running,Enabled,Updated,Compliant,100,Compliant,3687,73,42,48,433,2,4,6,13,Patch Failure,P4,In Progress,Infrastructure Team,20,25,0,0,0.0003747554684626529
RHEL 9,Testing,API Server,Mumbai,Infrastructure Team,231,Stopped,Running,Running,Enabled,Updated,Compliant,80,Warning,231,61,45,54,32,1,4,10,14,Patch Failure,P4,Resolved,Infrastructure Team,65,29,1,0,0.3542767131921497
Ubuntu 22.04,Production,File Server,Mumbai,Windows Team,3726,Running,Running,Running,Enabled,Updated,Compliant,100,Compliant,3726,30,46,91,187,1,1,5,11,CPU Utilization High,P3,Resolved,Windows Team,17,18,0,0,6.572742865541594e-07
RHEL 8,Production,Authentication Server,Pune,Security Team,4260,Running,Running,Running,Enabled,Updated,Compliant,100,Compliant,4260,35,66,45,253,0,1,8,12,Patch Failure,P3,Resolved,Security Team,19,21,0,0,7.025058084989562e-08
Windows Server 2022,Development,Mail Server,Pune,Messaging Team,3620,Running,Running,Running,Enabled,Outdated,Compliant,85,Warning,3620,49,53,49,424,2,1,2,10,CrowdStrike Offline,P4,Resolved,Messaging Team,33,15,0,0,2.034926131333553e-06
Windows Server 2022,Testing,API Server,Bangalore,Infrastructure Team,805,Running,Running,Running,Enabled,Updated,Compliant,100,Compliant,805,48,50,30,485,1,4,7,8,CrowdStrike Offline,P4,Closed,Infrastructure Team,16,20,0,0,5.1328789116829905e-06
RHEL 9,Production,API Server,Chennai,Infrastructure Team,621,Running,Running,Running,Enabled,Updated,Non-Compliant,90,Compliant,621,47,75,31,467,1,2,9,11,Server Down,P4,Closed,Infrastructure Team,23,23,0,0,0.013017122799930777
RHEL 8,Development,File Server,Mumbai,Windows Team,1229,Running,Running,Running,Enabled,Updated,Compliant,100,Compliant,1229,25,34,80,650,0,3,4,13,CrowdStrike Offline,P4,Resolved,Windows Team,15,20,0,0,7.664216779324004e-07
Windows Server 2019,UAT,Database Server,Pune,Database Team,3085,Running,Running,Stopped,Enabled,Updated,Compliant,80,Warning,3085,69,91,70,535,5,8,8,14,Application Not Responding,P3,Resolved,Database Team,14,35,1,1,0.9999999968284901
RHEL 8,Production,Application Server,Pune,Infrastructure Team,2116,Running,Running,Running,Enabled,Updated,Compliant,100,Compliant,2116,57,62,41,162,2,2,4,14,Server Down,P2,Resolved,Infrastructure Team,8,22,0,0,7.938235006393949e-05
Windows Server 2022,UAT,API Server,Pune,Infrastructure Team,634,Running,Running,Running,Enabled,Updated,Compliant,100,Compliant,634,56,48,55,639,1,2,4,7,Qualys Agent Missing,P2,Closed,Infrastructure Team,7,14,0,0,6.469381454079224e-07
Ubuntu 22.04,Testing,Application Server,Hyderabad,Infrastructure Team,2658,Running,Running,Running,Enabled,Outdated,Non-Compliant,75,Warning,2658,76,81,40,668,0,4,6,14,Patch Failure,P3,Open,Infrastructure Team,9,24,1,1,0.9049988539228195
Ubuntu 22.04,Production,API Server,Hyderabad,Infrastructure Team,1250,Running,Running,Running,Enabled,Updated,Compliant,100,Compliant,1250,61,42,32,537,2,5,4,12,Qualys Agent Missing,P3,Resolved,Infrastructure Team,9,23,0,0,0.0004220545343703348
Windows Server 2019,UAT,Mail Server,Mumbai,Messaging Team,1783,Running,Running,Running,Enabled,Updated,Compliant,100,Compliant,1783,30,60,42,64,1,1,4,6,Disk Space Full,P4,In Progress,Messaging Team,15,12,0,0,3.277789696259152e-10
Windows Server 2019,UAT,API Server,Chennai,Infrastructure Team,599,Stopped,Running,Running,Enabled,Updated,Compliant,80,Warning,599,76,65,39,52,2,3,5,11,Qualys Agent Missing,P3,Closed,Infrastructure Team,21,21,0,0,0.003812980119715927
Ubuntu 22.04,UAT,Database Server,Bangalore,Database Team,1885,Running,Running,Running,Enabled,Updated,Compliant,100,Compliant,1885,67,87,91,90,5,8,15,18,Splunk Agent Down,P3,Resolved,Database Team,14,46,1,1,0.9999999998166498
Windows Server 2019,Production,API Server,Chennai,Infrastructure Team,4306,Running,Running,Running,Enabled,Updated,Non-Compliant,90,Compliant,4306,77,54,30,2,0,2,6,14,Server Down,P1,Resolved,Infrastructure Team,2,22,0,0,0.009216376842573653
Windows Server 2022,Testing,Mail Server,Bangalore,Messaging Team,3762,Running,Running,Running,Enabled,Updated,Compliant,100,Compliant,3762,40,66,42,133,2,4,6,6,Application Not Responding,P4,Closed,Messaging Team,44,18,0,0,4.4481214798111996e-06
Ubuntu 22.04,UAT,Mail Server,Hyderabad,Messaging Team,1127,Running,Running,Running,Enabled,Updated,Non-Compliant,90,Compliant,1127,45,56,45,584,1,3,7,9,Server Down,P4,Resolved,Messaging Team,64,20,0,0,0.0049954427358764614
RHEL 9,UAT,API Server,Bangalore,Infrastructure Team,1459,Running,Running,Running,Enabled,Updated,Compliant,100,Compliant,1459,59,49,48,158,2,4,3,9,CPU Utilization High,P3,Resolved,Infrastructure Team,20,18,0,0,2.0121290322422815e-06
RHEL 8,Production,Mail Server,Pune,Messaging Team,1906,Running,Running,Running,Enabled,Updated,Compliant,100,Compliant,1906,41,68,35,21,1,2,7,10,Qualys Agent Missing,P3,Closed,Messaging Team,15,20,0,0,4.316998679096518e-07
Windows Server 2019,Development,File Server,Chennai,Windows Team,4500,Running,Running,Running,Enabled,Updated,Compliant,100,Compliant,4500,33,33,74,591,1,3,2,11,Application Not Responding,P4,Closed,Windows Team,58,17,0,0,6.547352088725564e-07
Windows Server 2022,UAT,File Server,Bangalore,Windows Team,716,Running,Running,Running,Enabled,Updated,Compliant,100,Compliant,716,15,23,79,429,1,2,7,10,CrowdStrike Offline,P3,Resolved,Windows Team,11,20,0,0,3.929835145945276e-06
RHEL 9,UAT,Mail Server,Hyderabad,Messaging Team,1206,Running,Running,Running,Enabled,Updated,Non-Compliant,90,Compliant,1206,40,46,31,446,1,1,7,15,Application Not Responding,P1,Closed,Messaging Team,3,24,0,0,0.19150821219351677
Windows Server 2019,Testing,Authentication Server,Hyderabad,Security Team,3520,Running,Running,Running,Enabled,Updated,Compliant,100,Compliant,3520,55,67,47,2,2,4,4,8,CrowdStrike Offline,P3,Closed,Security Team,21,18,0,0,2.6858051643865616e-06
Ubuntu 22.04,Testing,Mail Server,Pune,Messaging Team,4796,Running,Running,Running,Enabled,Updated,Compliant,100,Compliant,4796,25,57,45,579,1,1,4,9,Application Not Responding,P2,Closed,Messaging Team,2,15,0,0,3.5749784763401305e-07
Ubuntu 22.04,Development,Application Server,Hyderabad,Infrastructure Team,2044,Running,Stopped,Running,Enabled,Updated,Compliant,80,Warning,2044,58,64,59,378,1,2,5,8,Application Not Responding,P3,Closed,Infrastructure Team,20,16,0,0,3.4752672113579455e-05
RHEL 8,UAT,Web Server,Pune,Linux Team,4955,Running,Running,Running,Enabled,Updated,Compliant,100,Compliant,4955,42,46,27,425,0,6,6,14,Disk Space Full,P4,Open,Linux Team,30,26,0,0,0.00011774377835705657
Windows Server 2022,Testing,File Server,Mumbai,Windows Team,1233,Running,Running,Running,Enabled,Updated,Compliant,100,Compliant,1233,16,31,72,692,1,1,5,8,Memory Utilization High,P3,Resolved,Windows Team,21,15,0,0,7.550265911836602e-08
RHEL 8,Development,Mail Server,Bangalore,Messaging Team,1907,Running,Running,Running,Enabled,Updated,Compliant,100,Compliant,1907,41,44,59,628,1,3,8,8,Firewall Disabled,P4,Resolved,Messaging Team,26,20,0,0,4.008533317906522e-06
RHEL 8,Testing,Authentication Server,Bangalore,Security Team,1502,Running,Running,Running,Enabled,Updated,Compliant,100,Compliant,1502,55,43,55,213,0,3,6,8,CrowdStrike Offline,P4,Resolved,Security Team,34,17,0,0,1.5005286894658866e-08
Windows Server 2022,Development,Authentication Server,Mumbai,Security Team,2139,Running,Running,Running,Enabled,Updated,Non-Compliant,90,Compliant,2139,54,54,32,28,1,2,6,6,Memory Utilization High,P2,Open,Security Team,7,15,0,0,3.6435698254598075e-05
Ubuntu 22.04,Testing,Web Server,Hyderabad,Linux Team,3790,Running,Running,Running,Enabled,Updated,Compliant,100,Compliant,3790,52,70,57,412,3,6,14,7,CrowdStrike Offline,P2,Resolved,Linux Team,4,30,1,1,0.999916499168306
