performance_id,server_id,cpu_usage,memory_usage,disk_usage,uptime_days
1,1,53,62,57,521
2,2,63,72,67,549
3,3,13,30,78,730
4,4,22,67,49,690
5,5,40,63,40,534
6,6,33,28,70,156
7,7,22,30,32,95
8,8,32,39,83,603
9,9,27,45,35,374
10,10,64,83,82,562
11,11,70,63,52,637
12,12,54,56,54,74
13,13,61,68,48,9
14,14,54,49,32,331
15,15,34,64,37,7
16,16,73,77,83,485
17,17,74,58,51,617
18,18,40,59,43,39
19,19,64,67,64,47
20,20,34,56,31,164
21,21,14,35,81,262
22,22,50,56,45,512
23,23,53,57,52,296
24,24,26,53,61,167
25,25,67,55,33,705
26,26,47,70,47,693
27,27,83,94,93,373
28,28,11,21,74,274
29,29,49,66,54,698
30,30,42,60,38,455
31,31,61,74,49,171
32,32,29,65,46,423
33,33,26,58,41,690
34,34,77,74,75,362
35,35,72,57,49,687
36,36,25,33,78,565
37,37,62,93,76,189
38,38,73,74,52,362
39,39,88,75,72,58
40,40,80,82,92,691
41,41,52,63,30,432
42,42,35,42,46,393
43,43,66,79,75,729
44,44,45,59,33,277
45,45,51,78,49,311
46,46,24,54,44,534
47,47,49,68,27,365
48,48,55,60,25,405
49,49,90,89,93,642
50,50,65,59,39,202
51,51,67,65,46,613
52,52,79,81,93,468
53,53,61,63,51,162
54,54,53,66,57,688
55,55,63,86,91,495
56,56,47,82,46,375
57,57,56,44,38,276
58,58,53,58,56,543
59,59,49,43,30,677
60,60,61,75,92,567
61,61,54,41,38,597
62,62,32,32,28,433
63,63,27,42,50,709
64,64,22,43,88,122
65,65,14,40,73,711
66,66,38,69,38,475
67,67,80,50,75,367
68,68,36,48,56,297
69,69,80,58,45,574
70,70,81,91,79,609
71,71,64,56,68,461
72,72,48,48,53,115
73,73,56,57,62,27
74,74,18,31,84,72
75,75,71,56,43,286
76,76,85,89,74,88
77,77,55,84,54,265
78,78,70,64,72,620
79,79,49,60,53,442
80,80,25,38,56,669
81,81,70,48,41,615
82,82,38,57,38,80
83,83,34,50,59,697
84,84,63,51,54,296
85,85,45,44,40,85
86,86,33,48,53,552
87,87,65,57,49,672
88,88,49,41,42,446
89,89,45,40,53,88
90,90,27,37,94,516
91,91,63,93,79,116
92,92,63,78,72,332
93,93,35,45,39,645
94,94,53,49,30,542
95,95,79,89,81,332
96,96,71,57,71,496
97,97,75,73,48,393
98,98,61,65,48,148
99,99,84,83,82,692
100,100,37,68,31,689
101,101,56,63,25,683
102,102,30,34,93,721
103,103,46,57,44,691
104,104,28,70,57,133
105,105,27,45,90,586
106,106,22,26,94,383
107,107,28,64,33,68
108,108,42,68,49,150
109,109,30,52,63,126
110,110,73,70,43,631
111,111,51,55,45,319
112,112,62,54,64,8
113,113,49,51,40,4
114,114,26,33,83,680
115,115,48,74,60,180
116,116,50,67,46,362
117,117,78,78,62,307
118,118,25,44,49,565
119,119,58,49,36,698
120,120,16,33,72,145
121,121,31,57,25,723
122,122,73,63,52,183
123,123,31,62,48,124
124,124,79,69,52,259
125,125,29,70,39,21
126,126,15,25,72,210
127,127,46,42,54,510
128,128,48,56,56,54
129,129,56,64,74,66
130,130,15,22,93,633
131,131,37,37,44,469
132,132,30,57,58,624
133,133,20,50,73,39
134,134,48,67,56,77
135,135,54,66,62,441
136,136,31,49,58,301
137,137,32,51,32,179
138,138,16,43,82,628
139,139,33,42,52,497
140,140,56,36,36,328
141,141,30,66,32,278
142,142,52,44,62,441
143,143,72,71,38,53
144,144,53,51,59,465
145,145,61,59,63,124
146,146,15,34,79,284
147,147,67,81,72,724
148,148,29,25,83,292
149,149,25,28,83,299
150,150,46,55,47,233
151,151,80,54,52,521
152,152,41,60,48,723
153,153,10,50,75,609
154,154,52,62,49,357
155,155,74,57,67,499
156,156,61,55,30,113
157,157,58,50,63,455
158,158,57,73,60,567
159,159,78,65,56,24
160,160,79,51,62,503
161,161,27,60,40,184
162,162,55,67,60,208
163,163,60,69,53,561
164,164,30,51,43,537
165,165,53,50,42,88
166,166,56,59,48,407
167,167,24,58,27,250
168,168,34,67,42,424
169,169,87,88,71,125
170,170,39,67,45,634
171,171,64,72,69,709
172,172,52,66,65,409
173,173,33,40,76,199
174,174,85,78,78,106
175,175,51,51,43,430
176,176,68,94,65,25
177,177,13,39,92,509
178,178,67,90,74,302
179,179,78,61,70,709
180,180,30,43,28,378
181,181,21,27,85,255
182,182,29,44,71,478
183,183,34,44,91,340
184,184,42,51,38,58
185,185,34,51,53,569
186,186,86,84,75,574
187,187,35,38,81,256
188,188,51,64,36,637
189,189,53,48,51,670
190,190,63,82,75,306
191,191,51,55,50,80
192,192,82,90,65,668
193,193,12,44,86,75
194,194,77,73,51,221
195,195,69,52,63,352
196,196,63,80,74,419
197,197,71,86,86,460
198,198,43,41,61,300
199,199,27,41,63,337
200,200,80,79,41,593
201,201,47,44,31,250
202,202,57,56,46,647
203,203,34,40,56,706
204,204,31,50,58,257
205,205,42,30,31,562
206,206,39,69,40,239
207,207,51,50,61,316
208,208,76,60,56,637
209,209,43,52,23,421
210,210,53,55,32,393
211,211,33,48,91,130
212,212,29,40,80,470
213,213,33,39,95,674
214,214,46,45,49,524
215,215,46,60,48,107
216,216,27,42,41,25
217,217,46,69,34,122
218,218,40,56,41,567
219,219,46,61,37,514
220,220,15,31,76,172
221,221,66,79,85,178
222,222,35,65,28,370
223,223,38,45,53,385
224,224,10,46,75,638
225,225,33,49,48,202
226,226,50,50,35,524
227,227,43,69,51,59
228,228,66,64,40,144
229,229,68,60,67,707
230,230,25,58,55,105
231,231,61,45,54,32
232,232,45,48,53,43
233,233,32,61,46,499
234,234,52,66,31,626
235,235,59,56,47,375
236,236,51,60,52,308
237,237,47,50,37,532
238,238,47,46,37,719
239,239,51,45,41,448
240,240,57,42,30,6
241,241,32,40,70,387
242,242,42,54,21,202
243,243,16,39,74,719
244,244,41,57,41,115
245,245,53,41,53,262
246,246,21,45,24,144
247,247,65,66,59,207
248,248,53,42,50,659
249,249,14,41,71,160
250,250,26,32,73,585
251,251,74,58,53,184
252,252,29,49,92,71
253,253,50,66,48,465
254,254,78,76,53,414
255,255,35,63,34,431
256,256,77,61,47,375
257,257,55,46,54,201
258,258,74,91,71,548
259,259,69,72,76,348
260,260,58,68,57,660
261,261,61,48,34,458
262,262,67,46,35,199
263,263,50,52,53,644
264,264,30,50,94,127
265,265,48,52,38,350
266,266,23,28,83,187
267,267,42,30,51,720
268,268,50,55,46,277
269,269,10,24,85,68
270,270,60,33,29,641
271,271,75,44,42,689
272,272,70,71,70,390
273,273,53,57,56,542
274,274,30,60,47,592
275,275,27,62,48,458
276,276,41,41,50,117
277,277,75,72,66,519
278,278,85,71,94,567
279,279,41,41,50,251
280,280,53,64,55,369
281,281,66,72,76,408
282,282,80,86,66,377
283,283,36,60,31,442
284,284,55,74,59,716
285,285,39,60,28,28
286,286,81,85,65,671
287,287,46,42,60,494
288,288,52,66,33,366
289,289,64,82,69,62
290,290,57,59,42,337
291,291,67,71,81,99
292,292,74,69,70,277
293,293,54,66,54,303
294,294,59,50,54,400
295,295,77,73,44,661
296,296,77,45,39,301
297,297,46,42,26,442
298,298,57,75,59,592
299,299,73,56,30,250
300,300,72,93,67,274
301,301,20,27,71,150
302,302,81,81,86,218
303,303,63,64,73,143
304,304,32,34,85,629
305,305,73,69,54,632
306,306,86,92,71,500
307,307,22,42,37,543
308,308,29,27,86,61
309,309,21,38,59,702
310,310,67,89,89,38
311,311,34,41,53,701
312,312,52,44,35,518
313,313,47,56,25,722
314,314,66,55,36,356
315,315,41,55,57,511
316,316,60,41,27,502
317,317,57,72,71,260
318,318,66,69,72,494
319,319,32,58,51,436
320,320,75,73,73,575
321,321,75,68,46,711
322,322,86,89,95,488
323,323,77,69,46,7
324,324,86,84,92,364
325,325,88,90,71,421
326,326,29,42,84,78
327,327,44,41,56,233
328,328,35,48,85,546
329,329,47,74,43,451
330,330,77,48,51,372
331,331,79,54,55,710
332,332,26,60,37,64
333,333,25,37,89,30
334,334,30,44,47,618
335,335,26,23,87,591
336,336,42,66,34,405
337,337,53,45,34,303
338,338,36,49,30,174
339,339,67,46,45,55
340,340,49,85,73,132
341,341,75,65,40,516
342,342,41,64,36,556
343,343,52,58,33,236
344,344,42,79,53,24
345,345,55,53,50,589
346,346,51,76,62,36
347,347,13,21,84,332
348,348,18,47,77,115
349,349,69,71,93,593
350,350,77,81,77,556
351,351,34,61,54,316
352,352,27,60,60,28
353,353,60,57,45,492
354,354,56,60,52,111
355,355,76,53,35,629
356,356,78,70,77,79
357,357,52,45,41,219
358,358,41,39,21,308
359,359,76,68,53,537
360,360,78,90,85,266
361,361,75,74,58,198
362,362,80,50,31,55
363,363,48,58,41,679
364,364,58,60,45,597
365,365,59,78,43,530
366,366,83,76,77,196
367,367,30,61,43,430
368,368,19,24,86,521
369,369,26,30,78,536
370,370,55,41,51,171
371,371,39,49,47,178
372,372,37,53,31,297
373,373,85,94,91,293
374,374,31,52,50,105
375,375,57,70,40,282
376,376,82,86,94,346
377,377,35,42,45,315
378,378,24,43,87,539
379,379,73,84,72,79
380,380,76,56,63,549
381,381,40,59,37,344
382,382,56,60,59,127
383,383,75,60,46,172
384,384,60,49,47,717
385,385,31,54,30,2
386,386,49,74,47,330
387,387,20,26,70,722
388,388,18,40,85,183
389,389,44,50,57,198
390,390,57,58,46,298
391,391,76,80,87,300
392,392,89,75,93,651
393,393,17,27,95,99
394,394,74,60,41,160
395,395,33,64,48,574
396,396,37,69,45,58
397,397,49,41,41,365
398,398,87,84,95,134
399,399,55,47,47,50
400,400,79,62,67,28
401,401,44,68,72,562
402,402,65,47,36,522
403,403,81,83,65,154
404,404,26,42,71,114
405,405,49,46,46,1
406,406,76,94,91,353
407,407,28,45,44,462
408,408,34,43,36,310
409,409,12,47,78,249
410,410,35,41,51,517
411,411,33,50,72,330
412,412,53,51,47,153
413,413,56,68,43,592
414,414,49,44,46,606
415,415,57,73,72,281
416,416,62,62,57,574
417,417,44,32,53,46
418,418,26,43,75,690
419,419,60,91,92,635
420,420,52,52,43,136
421,421,47,52,49,38
422,422,49,40,49,251
423,423,78,72,91,43
424,424,73,56,42,161
425,425,26,54,37,403
426,426,31,39,56,7
427,427,42,70,30,685
428,428,65,83,53,374
429,429,80,73,46,616
430,430,33,49,50,221
431,431,24,38,81,294
432,432,37,65,61,459
433,433,36,64,48,313
434,434,51,66,33,281
435,435,78,68,38,527
436,436,72,85,59,243
437,437,52,46,51,56
438,438,36,56,36,87
439,439,75,80,79,670
440,440,37,42,48,283
441,441,69,53,41,388
442,442,33,54,52,382
443,443,52,64,41,617
444,444,74,70,56,343
445,445,52,60,26,144
446,446,34,42,27,724
447,447,40,48,65,524
448,448,30,61,31,167
449,449,46,50,34,427
450,450,30,64,48,724
451,451,50,55,46,718
452,452,80,56,44,63
453,453,50,67,33,318
454,454,46,68,45,537
455,455,22,24,85,693
456,456,55,66,47,138
457,457,47,73,42,582
458,458,69,76,61,227
459,459,84,91,87,596
460,460,58,54,68,422
461,461,56,61,52,579
462,462,64,86,92,102
463,463,43,58,36,22
464,464,75,91,93,149
465,465,54,61,32,2
466,466,60,71,69,418
467,467,46,43,42,78
468,468,35,23,72,99
469,469,28,34,94,155
470,470,61,87,93,353
471,471,71,58,69,585
472,472,62,53,33,563
473,473,55,61,54,398
474,474,57,63,35,586
475,475,28,70,36,672
476,476,55,69,39,696
477,477,80,73,50,341
478,478,49,59,51,474
479,479,14,25,72,379
480,480,76,62,53,273
481,481,28,40,36,493
482,482,53,62,41,604
483,483,87,70,67,49
484,484,17,41,81,497
485,485,62,84,53,62
486,486,20,66,24,685
487,487,68,59,44,473
488,488,29,38,86,45
489,489,60,57,32,129
490,490,56,74,42,487
491,491,53,55,62,287
492,492,67,82,50,151
493,493,59,47,55,217
494,494,41,47,64,642
495,495,59,68,54,724
496,496,55,65,58,12
497,497,51,57,61,462
498,498,14,46,91,678
499,499,30,66,57,136
500,500,33,41,28,322
501,501,48,49,31,287
502,502,30,34,34,612
503,503,69,68,38,447
504,504,20,30,49,537
505,505,47,42,29,605
506,506,33,37,78,333
507,507,32,65,46,413
508,508,66,67,52,69
509,509,46,71,31,30
510,510,30,59,34,604
511,511,47,66,29,582
512,512,43,43,33,648
513,513,50,37,48,103
514,514,19,33,82,60
515,515,20,44,82,567
516,516,71,80,72,620
517,517,55,52,49,598
518,518,34,67,57,59
519,519,57,42,45,152
520,520,67,74,38,644
521,521,26,42,84,379
522,522,54,55,45,96
523,523,46,69,30,637
524,524,35,23,94,587
525,525,78,71,45,92
526,526,60,56,71,545
527,527,35,40,81,730
528,528,74,83,66,236
529,529,26,33,79,134
530,530,35,50,43,726
531,531,54,60,43,530
532,532,52,62,53,331
533,533,36,45,38,558
534,534,69,81,76,134
535,535,73,84,67,408
536,536,15,21,70,653
537,537,30,54,56,156
538,538,32,44,35,501
539,539,78,87,88,531
540,540,48,55,35,323
541,541,41,79,69,672
542,542,78,74,88,16
543,543,39,59,32,235
544,544,88,71,91,627
545,545,60,40,38,374
546,546,58,73,36,121
547,547,18,50,72,90
548,548,29,43,56,268
549,549,42,52,55,94
550,550,61,70,72,670
551,551,30,57,35,174
552,552,23,54,20,723
553,553,28,30,89,475
554,554,60,81,81,288
555,555,32,41,24,696
556,556,28,49,55,28
557,557,16,40,77,610
558,558,72,73,57,328
559,559,71,70,60,693
560,560,23,47,37,710
561,561,47,52,61,605
562,562,65,90,91,411
563,563,64,82,84,109
564,564,56,55,31,723
565,565,57,58,32,677
566,566,48,69,31,680
567,567,30,56,39,589
568,568,65,55,42,406
569,569,68,73,94,225
570,570,54,40,44,471
571,571,44,69,54,53
572,572,22,26,82,428
573,573,55,42,50,494
574,574,87,87,68,534
575,575,54,42,29,319
576,576,36,33,60,105
577,577,37,41,59,674
578,578,86,74,68,649
579,579,31,48,62,719
580,580,52,68,56,87
581,581,80,87,67,220
582,582,74,47,50,444
583,583,33,46,63,537
584,584,44,44,44,526
585,585,67,71,69,491
586,586,26,67,35,189
587,587,11,21,72,414
588,588,31,39,90,199
589,589,49,59,41,542
590,590,53,68,47,195
591,591,70,68,42,711
592,592,51,41,47,554
593,593,23,45,94,10
594,594,79,68,63,399
595,595,29,49,71,474
596,596,62,73,94,66
597,597,31,20,74,146
598,598,23,53,55,674
599,599,76,65,39,52
600,600,81,92,89,99
601,601,37,43,35,233
602,602,42,68,51,728
603,603,59,79,53,515
604,604,48,47,25,534
605,605,26,33,22,18
606,606,75,90,90,257
607,607,36,45,53,418
608,608,51,64,35,640
609,609,34,42,45,443
610,610,75,74,65,547
611,611,45,61,55,463
612,612,30,48,34,336
613,613,47,68,34,82
614,614,49,61,27,105
615,615,76,52,56,276
616,616,31,36,60,464
617,617,29,70,59,556
618,618,89,86,67,582
619,619,42,46,63,647
620,620,78,83,63,701
621,621,47,75,31,467
622,622,65,52,67,143
623,623,59,69,33,24
624,624,53,61,30,564
625,625,47,57,33,8
626,626,51,66,58,640
627,627,15,22,92,406
628,628,47,39,55,500
629,629,63,53,55,524
630,630,26,33,57,34
631,631,47,64,56,419
632,632,34,20,74,406
633,633,77,87,92,445
634,634,56,48,55,639
635,635,56,57,50,549
636,636,79,72,43,373
637,637,70,83,73,229
638,638,30,61,33,178
639,639,36,56,32,544
640,640,52,44,42,373
641,641,64,81,52,654
642,642,50,66,35,243
643,643,31,68,29,569
644,644,43,57,46,672
645,645,16,22,71,241
646,646,83,94,91,172
647,647,37,66,46,523
648,648,54,47,43,49
649,649,62,43,50,337
650,650,15,33,93,502
651,651,73,74,69,591
652,652,55,66,43,183
653,653,53,49,33,78
654,654,28,24,71,485
655,655,80,82,60,256
656,656,50,63,22,630
657,657,67,73,57,397
658,658,38,50,49,308
659,659,44,75,55,382
660,660,33,56,23,333
661,661,24,41,76,389
662,662,64,72,73,183
663,663,11,23,76,328
664,664,30,62,47,405
665,665,65,52,32,214
666,666,39,67,50,560
667,667,59,62,27,318
668,668,30,40,34,629
669,669,40,57,51,554
670,670,56,59,50,254
671,671,22,54,23,593
672,672,66,54,39,495
673,673,74,55,44,419
674,674,60,67,74,337
675,675,56,56,42,206
676,676,46,40,63,510
677,677,41,41,44,358
678,678,25,69,45,284
679,679,32,61,55,504
680,680,34,65,25,636
681,681,62,61,44,457
682,682,78,84,53,627
683,683,54,67,62,481
684,684,31,63,50,404
685,685,74,44,44,295
686,686,66,42,47,129
687,687,34,62,40,638
688,688,74,72,51,699
689,689,30,49,49,328
690,690,29,59,39,85
691,691,42,43,61,396
692,692,36,65,59,677
693,693,52,65,46,23
694,694,43,49,53,253
695,695,70,69,42,463
696,696,84,95,90,626
697,697,26,59,64,127
698,698,50,52,54,663
699,699,44,43,41,563
700,700,37,41,51,690
701,701,57,64,42,30
702,702,44,43,51,303
703,703,73,42,38,711
704,704,24,34,84,317
705,705,43,58,60,277
706,706,35,28,87,86
707,707,51,42,40,580
708,708,68,62,30,182
709,709,50,42,23,643
710,710,55,57,30,385
711,711,30,64,25,559
712,712,24,33,57,389
713,713,31,65,64,282
714,714,51,51,63,648
715,715,55,49,51,626
716,716,15,23,79,429
717,717,16,26,70,523
718,718,11,30,71,634
719,719,73,62,36,215
720,720,59,50,45,601
721,721,76,95,94,409
722,722,58,62,49,391
723,723,25,28,89,123
724,724,30,32,92,42
725,725,33,68,49,39
726,726,33,70,53,512
727,727,43,44,35,560
728,728,80,59,42,556
729,729,37,52,28,636
730,730,14,50,94,118
731,731,56,58,48,434
732,732,54,45,50,150
733,733,67,51,42,727
734,734,41,61,41,351
735,735,80,84,88,650
736,736,29,38,78,514
737,737,25,58,59,389
738,738,34,52,25,187
739,739,11,30,85,588
740,740,59,78,49,400
741,741,38,37,40,202
742,742,70,74,78,726
743,743,44,56,63,654
744,744,31,48,36,148
745,745,45,45,42,713
746,746,46,62,49,232
747,747,61,89,66,430
748,748,35,39,80,505
749,749,87,75,68,539
750,750,41,63,41,458
751,751,51,44,57,350
752,752,52,47,53,191
753,753,33,20,89,106
754,754,87,87,72,524
755,755,57,51,31,405
756,756,79,79,82,378
757,757,75,58,58,624
758,758,39,50,55,472
759,759,25,29,90,642
760,760,42,59,58,230
761,761,65,73,61,649
762,762,26,70,54,34
763,763,47,43,29,628
764,764,53,61,66,583
765,765,17,45,89,203
766,766,11,39,83,621
767,767,59,40,47,716
768,768,42,69,62,543
769,769,69,63,52,691
770,770,74,64,34,92
771,771,24,41,90,109
772,772,44,64,52,713
773,773,70,50,57,333
774,774,25,25,93,633
775,775,65,79,63,368
776,776,60,53,34,356
777,777,89,81,67,239
778,778,74,70,47,721
779,779,45,60,25,33
780,780,30,66,50,486
781,781,40,36,36,608
782,782,29,50,95,632
783,783,28,25,83,332
784,784,36,60,31,489
785,785,34,59,60,78
786,786,41,34,22,673
787,787,61,78,70,620
788,788,81,77,72,257
789,789,71,83,54,578
790,790,50,56,29,616
791,791,34,32,85,274
792,792,60,48,29,536
793,793,13,38,91,161
794,794,11,24,85,455
795,795,73,89,83,13
796,796,89,72,72,123
797,797,65,61,54,626
798,798,64,72,41,396
799,799,23,63,53,607
800,800,37,45,59,127
801,801,38,57,52,589
802,802,59,59,40,412
803,803,71,84,57,515
804,804,49,56,38,211
805,805,48,50,30,485
806,806,52,66,35,506
807,807,25,41,80,550
808,808,23,22,84,55
809,809,32,48,92,440
810,810,47,51,46,371
811,811,36,62,38,584
812,812,89,79,91,571
813,813,70,79,65,425
814,814,80,75,38,455
815,815,76,50,37,662
816,816,51,40,38,724
817,817,51,57,46,168
818,818,68,49,35,588
819,819,31,34,92,469
820,820,48,69,51,557
821,821,47,56,48,295
822,822,66,78,73,314
823,823,12,22,72,451
824,824,52,69,31,399
825,825,78,70,92,267
826,826,31,51,44,681
827,827,50,51,38,255
828,828,44,64,61,435
829,829,66,76,66,615
830,830,90,80,78,381
831,831,37,41,44,570
832,832,64,53,30,730
833,833,26,64,65,120
834,834,53,71,59,374
835,835,85,93,95,210
836,836,38,63,44,249
837,837,86,83,90,649
838,838,46,40,26,16
839,839,55,54,37,31
840,840,35,63,53,144
841,841,35,46,93,99
842,842,43,49,39,168
843,843,35,50,49,417
844,844,58,63,44,400
845,845,68,74,76,194
846,846,33,20,88,153
847,847,48,42,34,103
848,848,70,71,95,158
849,849,44,40,42,247
850,850,61,76,85,174
851,851,42,32,37,225
852,852,62,50,31,101
853,853,39,63,64,452
854,854,30,60,56,299
855,855,69,82,77,392
856,856,28,44,35,286
857,857,34,40,50,196
858,858,49,40,34,712
859,859,67,72,89,321
860,860,27,32,78,413
861,861,29,29,82,540
862,862,12,33,76,370
863,863,52,53,61,476
864,864,77,74,63,66
865,865,41,65,37,489
866,866,59,69,64,601
867,867,67,89,93,470
868,868,52,41,56,57
869,869,48,77,64,653
870,870,28,57,32,592
871,871,68,86,68,525
872,872,26,26,84,382
873,873,41,35,35,584
874,874,51,61,39,175
875,875,44,52,31,37
876,876,47,63,43,70
877,877,26,32,81,562
878,878,44,74,68,305
879,879,31,70,34,256
880,880,60,77,90,643
881,881,63,88,69,649
882,882,36,61,31,191
883,883,56,60,51,581
884,884,43,53,56,174
885,885,79,60,47,397
886,886,79,73,36,365
887,887,39,58,37,700
888,888,55,60,38,101
889,889,30,24,89,250
890,890,40,36,57,186
891,891,58,69,39,714
892,892,31,47,26,380
893,893,35,44,28,1
894,894,34,23,94,139
895,895,31,20,78,202
896,896,83,85,79,421
897,897,50,75,45,6
898,898,52,40,31,664
899,899,73,70,56,122
900,900,27,32,53,398
901,901,48,45,60,482
902,902,52,44,65,388
903,903,34,41,59,650
904,904,10,39,85,57
905,905,54,31,47,299
906,906,41,46,43,72
907,907,46,35,39,84
908,908,57,64,45,616
909,909,20,48,72,429
910,910,72,52,47,77
911,911,59,81,53,630
912,912,30,59,47,19
913,913,42,39,20,353
914,914,27,37,74,187
915,915,78,72,67,674
916,916,55,71,49,454
917,917,46,53,26,505
918,918,51,42,58,315
919,919,34,64,38,351
920,920,22,37,85,281
921,921,22,34,56,314
922,922,25,31,82,504
923,923,68,70,72,15
924,924,59,43,37,496
925,925,73,93,79,686
926,926,16,23,81,596
927,927,77,86,78,725
928,928,38,48,30,393
929,929,48,67,39,529
930,930,65,51,42,171
931,931,44,55,37,415
932,932,75,83,91,514
933,933,70,86,83,387
934,934,46,60,55,214
935,935,31,44,39,322
936,936,16,32,80,269
937,937,50,52,72,306
938,938,25,29,86,540
939,939,72,81,62,544
940,940,56,56,58,255
941,941,61,69,34,728
942,942,51,64,54,642
943,943,60,77,86,344
944,944,71,82,71,600
945,945,22,50,22,181
946,946,31,60,36,208
947,947,36,54,53,191
948,948,37,58,33,353
949,949,61,81,52,203
950,950,17,44,73,131
951,951,71,80,65,669
952,952,54,45,47,623
953,953,42,46,26,542
954,954,48,54,51,347
955,955,22,45,94,43
956,956,60,94,81,429
957,957,59,37,34,252
958,958,47,51,36,186
959,959,42,51,26,454
960,960,64,81,81,673
961,961,29,59,40,677
962,962,36,37,57,722
963,963,18,26,70,539
964,964,45,64,45,168
965,965,65,70,59,275
966,966,63,89,81,531
967,967,11,43,89,313
968,968,13,47,81,271
969,969,58,50,40,673
970,970,49,68,68,265
971,971,28,67,59,228
972,972,58,45,34,607
973,973,79,73,68,618
974,974,62,84,89,584
975,975,51,57,52,484
976,976,40,59,74,663
977,977,75,59,59,164
978,978,53,61,53,20
979,979,51,58,49,146
980,980,47,59,55,319
981,981,51,78,48,82
982,982,46,70,61,437
983,983,59,48,33,537
984,984,76,44,60,403
985,985,31,57,33,144
986,986,16,26,76,516
987,987,44,46,49,165
988,988,59,61,40,113
989,989,34,62,27,524
990,990,53,41,33,525
991,991,55,49,64,423
992,992,24,70,30,603
993,993,53,63,41,721
994,994,66,93,66,112
995,995,65,64,37,363
996,996,30,50,77,645
997,997,80,67,32,423
998,998,13,47,81,717
999,999,46,56,45,361
1000,1000,60,66,41,660
1001,1001,19,24,92,4
1002,1002,69,75,67,468
1003,1003,79,70,56,223
1004,1004,53,73,31,665
1005,1005,57,45,35,357
1006,1006,36,50,31,496
1007,1007,28,47,44,632
1008,1008,43,53,59,598
1009,1009,31,58,44,60
1010,1010,33,34,31,375
1011,1011,42,52,68,461
1012,1012,25,68,54,246
1013,1013,56,59,39,83
1014,1014,34,46,40,484
1015,1015,28,37,72,176
1016,1016,26,27,74,387
1017,1017,29,46,72,285
1018,1018,46,66,37,196
1019,1019,22,58,55,709
1020,1020,80,44,37,374
1021,1021,52,55,36,235
1022,1022,30,48,37,600
1023,1023,45,47,49,432
1024,1024,49,51,56,284
1025,1025,25,34,91,213
1026,1026,61,52,64,356
1027,1027,60,48,29,446
1028,1028,38,69,49,292
1029,1029,62,78,67,668
1030,1030,61,67,56,556
1031,1031,44,67,31,433
1032,1032,60,49,36,69
1033,1033,77,84,52,474
1034,1034,58,49,49,574
1035,1035,37,63,34,43
1036,1036,20,62,35,311
1037,1037,30,55,55,11
1038,1038,61,90,85,269
1039,1039,54,71,35,632
1040,1040,31,54,46,85
1041,1041,55,66,51,555
1042,1042,77,93,92,649
1043,1043,19,29,89,584
1044,1044,48,61,40,284
1045,1045,51,65,30,280
1046,1046,34,53,47,369
1047,1047,64,78,44,618
1048,1048,47,58,41,561
1049,1049,72,40,55,493
1050,1050,51,41,60,643
1051,1051,51,79,69,153
1052,1052,30,49,63,336
1053,1053,64,84,70,278
1054,1054,53,52,72,117
1055,1055,77,77,69,400
1056,1056,14,27,83,439
1057,1057,64,69,34,596
1058,1058,54,47,53,721
1059,1059,88,88,83,239
1060,1060,55,51,52,671
1061,1061,34,44,36,301
1062,1062,48,60,27,705
1063,1063,58,42,60,353
1064,1064,46,42,34,270
1065,1065,52,68,59,368
1066,1066,38,70,40,605
1067,1067,39,65,51,437
1068,1068,78,70,78,558
1069,1069,35,35,73,52
1070,1070,53,48,37,339
1071,1071,35,42,82,568
1072,1072,60,67,53,2
1073,1073,28,68,33,403
1074,1074,32,22,95,204
1075,1075,88,75,95,549
1076,1076,23,49,26,497
1077,1077,48,68,46,239
1078,1078,44,62,73,484
1079,1079,59,66,45,34
1080,1080,59,40,41,403
1081,1081,32,50,30,146
1082,1082,33,63,33,319
1083,1083,51,62,36,681
1084,1084,23,64,21,50
1085,1085,68,79,68,470
1086,1086,21,25,82,631
1087,1087,83,76,90,387
1088,1088,57,51,55,472
1089,1089,43,57,40,626
1090,1090,38,42,49,478
1091,1091,49,55,51,690
1092,1092,89,87,76,727
1093,1093,63,56,51,260
1094,1094,51,56,46,640
1095,1095,15,23,90,424
1096,1096,47,55,35,526
1097,1097,44,41,27,49
1098,1098,54,34,29,311
1099,1099,80,72,43,655
1100,1100,72,94,86,626
1101,1101,13,43,95,19
1102,1102,54,73,57,698
1103,1103,41,76,66,612
1104,1104,48,79,56,552
1105,1105,52,63,60,383
1106,1106,53,43,31,435
1107,1107,81,72,92,644
1108,1108,40,42,38,141
1109,1109,56,30,22,580
1110,1110,59,64,48,516
1111,1111,22,41,82,243
1112,1112,57,32,36,445
1113,1113,44,63,31,664
1114,1114,11,25,82,169
1115,1115,31,55,37,694
1116,1116,44,53,67,679
1117,1117,33,20,88,140
1118,1118,12,48,75,40
1119,1119,31,42,85,462
1120,1120,53,55,34,222
1121,1121,36,43,55,394
1122,1122,56,32,21,683
1123,1123,36,64,35,663
1124,1124,32,44,77,236
1125,1125,54,61,39,341
1126,1126,87,71,94,323
1127,1127,45,56,45,584
1128,1128,56,63,31,487
1129,1129,54,59,62,248
1130,1130,60,71,84,571
1131,1131,31,42,61,254
1132,1132,47,51,42,638
1133,1133,48,67,34,670
1134,1134,35,51,45,201
1135,1135,77,93,68,580
1136,1136,29,45,77,620
1137,1137,49,56,40,224
1138,1138,11,42,73,656
1139,1139,71,75,79,564
1140,1140,53,52,54,157
1141,1141,83,95,78,478
1142,1142,78,72,78,302
1143,1143,61,71,74,259
1144,1144,10,37,75,184
1145,1145,55,54,48,414
1146,1146,47,67,43,620
1147,1147,21,27,70,6
1148,1148,67,43,31,395
1149,1149,48,47,54,263
1150,1150,55,82,43,591
1151,1151,34,20,86,691
1152,1152,63,53,47,197
1153,1153,54,37,48,494
1154,1154,22,49,88,303
1155,1155,61,48,53,282
1156,1156,76,64,63,508
1157,1157,39,49,60,362
1158,1158,20,29,77,491
1159,1159,54,34,58,623
1160,1160,69,90,76,297
1161,1161,55,64,43,524
1162,1162,37,56,44,729
1163,1163,64,88,66,138
1164,1164,31,48,83,427
1165,1165,58,32,29,454
1166,1166,70,43,57,644
1167,1167,27,44,94,698
1168,1168,77,45,49,227
1169,1169,27,48,91,471
1170,1170,70,82,54,85
1171,1171,45,53,47,713
1172,1172,50,43,55,41
1173,1173,70,59,59,670
1174,1174,73,77,78,445
1175,1175,27,20,86,615
1176,1176,51,61,40,621
1177,1177,43,58,34,96
1178,1178,32,44,94,282
1179,1179,66,73,62,619
1180,1180,52,65,31,180
1181,1181,10,49,79,686
1182,1182,64,65,37,496
1183,1183,50,51,33,193
1184,1184,55,41,33,215
1185,1185,42,48,23,105
1186,1186,67,77,76,635
1187,1187,71,61,45,22
1188,1188,27,57,21,381
1189,1189,85,91,87,452
1190,1190,77,88,95,423
1191,1191,70,85,59,195
1192,1192,39,40,64,159
1193,1193,53,53,42,267
1194,1194,54,60,53,288
1195,1195,37,33,35,260
1196,1196,74,82,63,61
1197,1197,36,56,40,395
1198,1198,71,84,71,185
1199,1199,67,86,76,118
1200,1200,49,55,40,669
1201,1201,78,59,36,5
1202,1202,16,26,71,701
1203,1203,45,46,41,483
1204,1204,56,54,37,88
1205,1205,66,66,39,64
1206,1206,40,46,31,446
1207,1207,25,20,85,421
1208,1208,27,53,41,257
1209,1209,41,42,48,713
1210,1210,31,43,34,219
1211,1211,77,70,53,636
1212,1212,77,64,57,117
1213,1213,59,47,34,63
1214,1214,50,50,46,9
1215,1215,26,42,61,561
1216,1216,48,42,46,666
1217,1217,50,61,40,583
1218,1218,64,94,92,424
1219,1219,49,39,42,147
1220,1220,71,82,82,727
1221,1221,47,64,53,159
1222,1222,74,79,82,312
1223,1223,52,46,56,139
1224,1224,55,69,63,544
1225,1225,54,67,29,614
1226,1226,56,45,40,581
1227,1227,42,54,45,168
1228,1228,47,59,54,118
1229,1229,25,34,80,650
1230,1230,37,44,42,238
1231,1231,27,41,86,468
1232,1232,82,87,73,685
1233,1233,16,31,72,692
1234,1234,12,26,89,408
1235,1235,53,47,54,261
1236,1236,31,63,51,291
1237,1237,53,46,63,123
1238,1238,70,94,65,342
1239,1239,22,53,59,668
1240,1240,33,26,75,297
1241,1241,58,45,39,600
1242,1242,21,50,87,313
1243,1243,76,94,89,571
1244,1244,82,73,65,266
1245,1245,76,49,51,623
1246,1246,49,55,41,539
1247,1247,44,50,53,298
1248,1248,45,60,30,211
1249,1249,76,95,87,34
1250,1250,61,42,32,537
1251,1251,89,85,65,557
1252,1252,75,49,30,125
1253,1253,54,51,59,480
1254,1254,76,70,93,301
1255,1255,65,73,57,584
1256,1256,38,65,32,251
1257,1257,58,70,57,686
1258,1258,50,42,49,336
1259,1259,79,66,30,332
1260,1260,70,59,47,620
1261,1261,54,42,21,307
1262,1262,26,62,42,462
1263,1263,46,45,34,325
1264,1264,58,66,45,546
1265,1265,51,75,53,356
1266,1266,38,40,57,509
1267,1267,75,55,53,250
1268,1268,23,69,50,184
1269,1269,38,64,55,624
1270,1270,36,65,55,703
1271,1271,77,52,47,720
1272,1272,80,41,58,236
1273,1273,48,40,51,271
1274,1274,25,37,39,47
1275,1275,69,91,70,259
1276,1276,69,64,36,272
1277,1277,17,44,82,127
1278,1278,28,46,36,348
1279,1279,45,52,65,163
1280,1280,54,42,54,631
1281,1281,47,80,70,24
1282,1282,23,37,79,179
1283,1283,35,61,23,613
1284,1284,32,48,39,687
1285,1285,32,42,57,424
1286,1286,55,55,49,598
1287,1287,34,64,50,89
1288,1288,86,74,80,346
1289,1289,77,52,67,667
1290,1290,36,43,40,541
1291,1291,41,60,31,629
1292,1292,35,49,45,60
1293,1293,38,51,36,264
1294,1294,78,78,72,214
1295,1295,67,84,87,599
1296,1296,22,24,87,726
1297,1297,56,77,60,120
1298,1298,80,79,68,488
1299,1299,32,48,39,107
1300,1300,25,61,38,261
1301,1301,49,43,48,51
1302,1302,45,46,22,61
1303,1303,35,48,55,206
1304,1304,31,54,45,513
1305,1305,24,58,50,493
1306,1306,73,73,69,569
1307,1307,70,56,38,188
1308,1308,71,65,42,59
1309,1309,82,79,82,650
1310,1310,57,51,55,335
1311,1311,56,59,43,380
1312,1312,40,44,63,458
1313,1313,65,94,82,613
1314,1314,53,58,45,573
1315,1315,68,77,83,499
1316,1316,65,54,61,595
1317,1317,45,63,48,7
1318,1318,36,45,60,664
1319,1319,51,70,50,499
1320,1320,38,60,47,527
1321,1321,73,86,74,164
1322,1322,60,76,59,118
1323,1323,33,45,35,413
1324,1324,49,68,47,410
1325,1325,18,45,81,196
1326,1326,71,83,66,194
1327,1327,36,66,64,520
1328,1328,20,24,82,408
1329,1329,77,70,66,389
1330,1330,43,67,43,515
1331,1331,49,46,39,673
1332,1332,14,26,75,36
1333,1333,55,60,55,51
1334,1334,51,83,58,512
1335,1335,58,63,48,240
1336,1336,50,47,47,630
1337,1337,52,68,53,385
1338,1338,22,35,90,40
1339,1339,55,49,51,547
1340,1340,57,76,71,641
1341,1341,41,54,57,137
1342,1342,37,62,28,473
1343,1343,24,27,84,119
1344,1344,65,72,80,592
1345,1345,77,45,40,607
1346,1346,22,59,45,348
1347,1347,66,71,57,129
1348,1348,59,59,42,447
1349,1349,17,47,92,290
1350,1350,26,60,33,319
1351,1351,47,60,48,660
1352,1352,44,61,55,184
1353,1353,26,25,75,398
1354,1354,76,70,76,166
1355,1355,47,62,51,296
1356,1356,57,66,35,267
1357,1357,53,56,47,277
1358,1358,21,42,79,201
1359,1359,34,48,83,359
1360,1360,60,94,74,116
1361,1361,41,67,25,672
1362,1362,79,52,66,411
1363,1363,18,37,94,16
1364,1364,43,77,68,330
1365,1365,59,45,50,148
1366,1366,47,45,48,333
1367,1367,42,62,36,717
1368,1368,70,65,46,150
1369,1369,56,52,28,661
1370,1370,58,43,32,649
1371,1371,30,42,34,642
1372,1372,47,54,30,716
1373,1373,49,55,61,360
1374,1374,37,49,26,667
1375,1375,25,57,30,284
1376,1376,30,54,43,671
1377,1377,34,48,43,613
1378,1378,46,56,27,533
1379,1379,10,35,85,681
1380,1380,74,77,95,382
1381,1381,29,22,76,382
1382,1382,68,51,32,138
1383,1383,83,92,91,691
1384,1384,72,75,41,32
1385,1385,25,70,64,66
1386,1386,18,21,90,597
1387,1387,17,42,86,460
1388,1388,88,89,79,334
1389,1389,25,62,30,458
1390,1390,61,85,75,31
1391,1391,53,47,43,248
1392,1392,57,58,33,431
1393,1393,49,57,28,558
1394,1394,58,64,32,662
1395,1395,36,60,44,497
1396,1396,75,67,74,600
1397,1397,30,68,41,69
1398,1398,80,82,64,648
1399,1399,85,90,89,119
1400,1400,10,37,84,70
1401,1401,66,63,59,229
1402,1402,22,47,52,232
1403,1403,58,58,21,648
1404,1404,37,42,37,558
1405,1405,60,81,52,431
1406,1406,74,52,60,501
1407,1407,52,41,33,411
1408,1408,75,44,47,122
1409,1409,30,47,64,244
1410,1410,26,61,47,627
1411,1411,16,44,85,33
1412,1412,76,68,33,512
1413,1413,66,80,77,244
1414,1414,25,43,53,58
1415,1415,69,83,95,557
1416,1416,12,50,95,346
1417,1417,66,46,34,407
1418,1418,65,71,32,691
1419,1419,26,61,29,37
1420,1420,45,58,42,450
1421,1421,48,47,59,660
1422,1422,41,65,41,33
1423,1423,31,43,44,128
1424,1424,32,53,38,138
1425,1425,89,83,84,433
1426,1426,67,62,40,347
1427,1427,64,72,93,601
1428,1428,62,70,71,145
1429,1429,38,51,27,202
1430,1430,38,44,26,682
1431,1431,79,71,90,602
1432,1432,43,64,50,213
1433,1433,46,50,50,467
1434,1434,69,73,58,589
1435,1435,54,41,32,654
1436,1436,43,81,61,529
1437,1437,74,66,47,221
1438,1438,55,61,34,554
1439,1439,76,76,68,164
1440,1440,73,68,56,605
1441,1441,56,67,53,151
1442,1442,44,49,21,578
1443,1443,27,32,58,293
1444,1444,37,42,36,553
1445,1445,43,64,53,682
1446,1446,69,79,73,687
1447,1447,75,90,79,214
1448,1448,50,43,56,569
1449,1449,25,42,78,89
1450,1450,41,60,42,260
1451,1451,70,72,86,630
1452,1452,43,70,42,511
1453,1453,34,40,57,623
1454,1454,27,54,44,75
1455,1455,52,38,44,162
1456,1456,47,69,44,294
1457,1457,41,49,45,688
1458,1458,69,82,66,562
1459,1459,59,49,48,158
1460,1460,32,60,49,486
1461,1461,46,43,28,442
1462,1462,62,75,85,327
1463,1463,54,64,28,261
1464,1464,14,35,77,34
1465,1465,79,72,37,179
1466,1466,64,93,92,722
1467,1467,34,49,31,628
1468,1468,61,83,77,88
1469,1469,52,49,58,165
1470,1470,63,80,82,666
1471,1471,58,61,36,648
1472,1472,33,52,48,583
1473,1473,47,46,46,192
1474,1474,53,56,44,105
1475,1475,46,83,74,381
1476,1476,69,73,65,330
1477,1477,35,62,34,692
1478,1478,43,59,53,99
1479,1479,85,87,70,207
1480,1480,71,79,66,83
1481,1481,32,43,44,705
1482,1482,79,82,51,439
1483,1483,84,75,67,22
1484,1484,33,32,89,12
1485,1485,30,56,34,237
1486,1486,36,42,46,49
1487,1487,85,92,85,708
1488,1488,46,53,37,200
1489,1489,50,48,30,317
1490,1490,70,74,33,389
1491,1491,70,43,54,399
1492,1492,49,74,43,526
1493,1493,34,36,92,686
1494,1494,28,50,34,514
1495,1495,20,24,71,626
1496,1496,60,89,82,194
1497,1497,22,27,88,201
1498,1498,13,40,92,668
1499,1499,65,48,51,457
1500,1500,33,68,64,433
1501,1501,18,25,78,160
1502,1502,55,43,55,213
1503,1503,12,21,80,558
1504,1504,68,63,53,470
1505,1505,62,66,57,317
1506,1506,46,56,32,691
1507,1507,43,64,48,622
1508,1508,10,21,89,439
1509,1509,55,65,39,419
1510,1510,80,84,54,302
1511,1511,72,57,38,19
1512,1512,33,46,36,267
1513,1513,33,49,43,498
1514,1514,67,73,70,497
1515,1515,32,47,54,47
1516,1516,20,31,77,259
1517,1517,78,57,57,457
1518,1518,38,45,33,652
1519,1519,34,66,36,274
1520,1520,72,77,82,151
1521,1521,57,46,43,529
1522,1522,28,38,36,682
1523,1523,29,47,76,319
1524,1524,31,55,33,624
1525,1525,53,53,46,317
1526,1526,59,59,71,432
1527,1527,12,24,88,599
1528,1528,59,62,40,280
1529,1529,52,70,41,433
1530,1530,29,33,77,558
1531,1531,62,76,52,291
1532,1532,33,47,57,558
1533,1533,52,48,59,391
1534,1534,30,51,37,133
1535,1535,49,47,41,365
1536,1536,56,41,33,494
1537,1537,67,88,75,470
1538,1538,27,49,79,604
1539,1539,86,72,73,213
1540,1540,22,34,81,445
1541,1541,25,47,33,404
1542,1542,63,66,33,543
1543,1543,24,46,72,299
1544,1544,54,66,33,697
1545,1545,39,50,30,300
1546,1546,64,83,44,284
1547,1547,39,68,46,695
1548,1548,40,46,57,461
1549,1549,28,49,46,41
1550,1550,30,41,53,266
1551,1551,27,33,55,457
1552,1552,77,54,60,539
1553,1553,42,51,53,665
1554,1554,83,77,77,519
1555,1555,86,73,77,247
1556,1556,13,20,81,217
1557,1557,11,28,92,525
1558,1558,60,75,95,303
1559,1559,47,46,42,715
1560,1560,59,83,68,274
1561,1561,34,70,51,563
1562,1562,33,22,88,624
1563,1563,26,49,23,378
1564,1564,43,30,37,538
1565,1565,27,63,58,95
1566,1566,63,84,61,283
1567,1567,40,53,41,34
1568,1568,23,30,78,343
1569,1569,48,61,44,4
1570,1570,52,49,25,231
1571,1571,29,42,88,519
1572,1572,40,52,40,276
1573,1573,76,90,84,529
1574,1574,27,24,94,362
1575,1575,32,30,91,349
1576,1576,50,60,37,599
1577,1577,24,24,87,627
1578,1578,55,67,30,405
1579,1579,65,54,43,465
1580,1580,56,60,32,459
1581,1581,41,46,33,6
1582,1582,67,52,56,437
1583,1583,78,94,88,434
1584,1584,58,46,45,58
1585,1585,26,34,92,357
1586,1586,80,46,55,697
1587,1587,79,76,54,198
1588,1588,34,50,89,266
1589,1589,33,51,34,136
1590,1590,87,78,69,672
1591,1591,35,69,44,235
1592,1592,46,84,59,473
1593,1593,51,74,43,632
1594,1594,51,74,33,424
1595,1595,63,93,71,26
1596,1596,89,93,79,79
1597,1597,25,25,92,223
1598,1598,89,77,75,559
1599,1599,46,69,48,19
1600,1600,87,77,72,530
1601,1601,46,42,51,150
1602,1602,51,61,36,88
1603,1603,67,48,31,298
1604,1604,69,73,45,563
1605,1605,77,87,76,608
1606,1606,48,54,37,475
1607,1607,76,72,60,478
1608,1608,69,89,87,703
1609,1609,31,40,42,726
1610,1610,56,31,37,54
1611,1611,46,56,43,326
1612,1612,53,64,53,373
1613,1613,31,43,89,436
1614,1614,58,65,56,473
1615,1615,85,80,84,170
1616,1616,41,40,43,275
1617,1617,70,71,76,640
1618,1618,24,23,86,208
1619,1619,43,64,37,186
1620,1620,71,46,51,667
1621,1621,57,58,40,37
1622,1622,40,65,35,128
1623,1623,58,67,33,6
1624,1624,16,39,72,112
1625,1625,39,50,48,135
1626,1626,33,49,48,217
1627,1627,27,34,27,355
1628,1628,47,47,48,712
1629,1629,74,79,66,134
1630,1630,86,75,86,481
1631,1631,67,77,81,186
1632,1632,48,56,64,272
1633,1633,87,89,77,227
1634,1634,53,67,48,610
1635,1635,30,60,62,210
1636,1636,31,61,30,657
1637,1637,79,94,91,569
1638,1638,80,92,90,532
1639,1639,22,44,80,417
1640,1640,46,77,41,446
1641,1641,75,65,42,299
1642,1642,53,51,42,683
1643,1643,86,87,87,317
1644,1644,57,75,64,150
1645,1645,79,40,40,592
1646,1646,31,43,88,197
1647,1647,36,42,33,402
1648,1648,31,52,35,23
1649,1649,73,79,84,368
1650,1650,52,47,32,277
1651,1651,51,50,57,507
1652,1652,35,40,77,167
1653,1653,68,53,62,729
1654,1654,58,57,57,3
1655,1655,65,95,88,487
1656,1656,41,69,42,655
1657,1657,33,59,47,462
1658,1658,70,70,66,589
1659,1659,15,24,81,425
1660,1660,54,44,64,532
1661,1661,67,84,74,438
1662,1662,32,56,29,520
1663,1663,72,61,35,581
1664,1664,49,70,51,113
1665,1665,35,37,87,180
1666,1666,13,34,73,103
1667,1667,74,85,67,50
1668,1668,46,70,44,243
1669,1669,36,51,53,593
1670,1670,59,60,50,187
1671,1671,46,48,37,653
1672,1672,49,43,53,48
1673,1673,38,51,36,193
1674,1674,80,86,89,662
1675,1675,79,68,64,224
1676,1676,72,68,75,682
1677,1677,45,71,60,513
1678,1678,60,41,23,450
1679,1679,77,56,37,275
1680,1680,31,52,61,510
1681,1681,62,60,72,16
1682,1682,35,68,37,232
1683,1683,89,91,89,390
1684,1684,51,44,49,253
1685,1685,24,36,88,79
1686,1686,57,56,66,399
1687,1687,28,34,70,440
1688,1688,58,42,47,259
1689,1689,28,31,58,589
1690,1690,51,62,47,487
1691,1691,41,69,63,445
1692,1692,60,57,40,37
1693,1693,34,36,33,607
1694,1694,53,70,45,465
1695,1695,69,71,70,89
1696,1696,87,78,94,556
1697,1697,69,68,52,82
1698,1698,26,32,31,129
1699,1699,26,70,54,55
1700,1700,49,45,39,338
1701,1701,46,47,39,504
1702,1702,32,48,21,217
1703,1703,44,77,50,669
1704,1704,39,44,53,232
1705,1705,80,52,58,163
1706,1706,60,87,74,205
1707,1707,55,53,53,499
1708,1708,69,83,76,485
1709,1709,72,46,51,97
1710,1710,77,56,58,537
1711,1711,52,46,63,589
1712,1712,49,46,39,422
1713,1713,53,56,34,575
1714,1714,31,27,71,171
1715,1715,39,53,40,350
1716,1716,90,81,78,532
1717,1717,49,56,66,657
1718,1718,74,66,52,698
1719,1719,49,36,20,113
1720,1720,27,68,57,470
1721,1721,70,86,90,21
1722,1722,51,56,42,698
1723,1723,27,49,49,466
1724,1724,33,37,31,240
1725,1725,20,68,38,567
1726,1726,51,77,72,46
1727,1727,65,77,92,206
1728,1728,71,40,54,283
1729,1729,46,49,37,309
1730,1730,47,66,39,38
1731,1731,26,42,89,191
1732,1732,57,45,50,1
1733,1733,38,68,55,267
1734,1734,38,40,36,367
1735,1735,54,44,53,94
1736,1736,42,83,41,634
1737,1737,31,43,75,610
1738,1738,57,65,61,447
1739,1739,27,29,85,473
1740,1740,90,86,82,75
1741,1741,69,81,71,703
1742,1742,38,42,54,710
1743,1743,64,57,50,304
1744,1744,73,93,84,92
1745,1745,59,67,55,487
1746,1746,56,42,27,259
1747,1747,48,46,47,154
1748,1748,33,45,75,89
1749,1749,47,75,36,614
1750,1750,69,50,67,155
1751,1751,64,50,57,352
1752,1752,31,52,44,167
1753,1753,47,44,29,588
1754,1754,30,53,27,640
1755,1755,47,60,28,442
1756,1756,66,56,52,435
1757,1757,48,66,74,122
1758,1758,62,82,86,442
1759,1759,76,88,74,321
1760,1760,33,52,43,595
1761,1761,74,79,69,475
1762,1762,24,31,82,489
1763,1763,64,60,49,317
1764,1764,89,78,95,529
1765,1765,40,59,60,50
1766,1766,57,44,33,578
1767,1767,24,67,43,698
1768,1768,61,91,71,89
1769,1769,40,42,49,55
1770,1770,57,72,35,230
1771,1771,49,45,43,450
1772,1772,18,48,89,437
1773,1773,28,56,23,193
1774,1774,47,59,46,166
1775,1775,21,40,93,194
1776,1776,74,88,84,303
1777,1777,32,53,30,253
1778,1778,21,68,50,677
1779,1779,12,43,93,419
1780,1780,12,25,91,41
1781,1781,38,38,58,514
1782,1782,27,49,87,683
1783,1783,30,60,42,64
1784,1784,58,43,54,706
1785,1785,63,73,45,485
1786,1786,54,45,54,155
1787,1787,55,62,30,308
1788,1788,54,74,48,107
1789,1789,47,54,31,209
1790,1790,51,43,37,156
1791,1791,52,81,43,716
1792,1792,33,59,37,353
1793,1793,36,55,61,535
1794,1794,69,70,43,218
1795,1795,71,41,34,727
1796,1796,34,44,57,23
1797,1797,59,84,57,297
1798,1798,90,82,89,274
1799,1799,73,64,43,296
1800,1800,73,75,41,578
1801,1801,65,80,42,722
1802,1802,55,79,45,607
1803,1803,11,36,76,715
1804,1804,51,67,54,351
1805,1805,17,24,88,96
1806,1806,59,42,37,53
1807,1807,38,47,53,110
1808,1808,13,44,70,200
1809,1809,19,39,77,700
1810,1810,38,49,27,390
1811,1811,50,59,42,586
1812,1812,25,68,44,460
1813,1813,81,92,75,536
1814,1814,31,42,38,192
1815,1815,82,86,76,359
1816,1816,87,73,88,619
1817,1817,48,59,40,159
1818,1818,45,66,37,526
1819,1819,51,61,30,306
1820,1820,51,65,54,386
1821,1821,69,58,51,370
1822,1822,60,95,85,110
1823,1823,52,64,49,6
1824,1824,70,85,90,327
1825,1825,18,48,79,60
1826,1826,35,35,94,591
1827,1827,53,49,27,587
1828,1828,28,42,57,340
1829,1829,51,74,65,725
1830,1830,37,48,34,283
1831,1831,75,45,48,94
1832,1832,86,84,85,132
1833,1833,70,51,60,699
1834,1834,49,59,67,435
1835,1835,79,80,79,505
1836,1836,69,73,68,404
1837,1837,55,57,42,463
1838,1838,28,30,81,307
1839,1839,60,82,90,348
1840,1840,82,71,70,274
1841,1841,14,21,84,192
1842,1842,47,61,48,671
1843,1843,21,64,58,729
1844,1844,71,67,50,704
1845,1845,37,51,34,79
1846,1846,50,70,45,581
1847,1847,74,74,56,423
1848,1848,55,56,25,685
1849,1849,49,68,27,83
1850,1850,52,55,58,197
1851,1851,46,63,35,711
1852,1852,80,85,71,287
1853,1853,14,46,76,679
1854,1854,45,50,60,131
1855,1855,59,52,43,332
1856,1856,47,59,42,132
1857,1857,22,45,71,435
1858,1858,43,59,52,266
1859,1859,30,40,52,529
1860,1860,73,57,51,404
1861,1861,51,52,61,519
1862,1862,42,42,54,127
1863,1863,57,60,60,728
1864,1864,30,39,70,76
1865,1865,80,72,56,432
1866,1866,71,58,50,117
1867,1867,49,51,46,586
1868,1868,80,89,87,41
1869,1869,62,72,67,440
1870,1870,47,53,44,696
1871,1871,22,39,73,646
1872,1872,60,74,51,178
1873,1873,73,51,40,70
1874,1874,34,51,38,249
1875,1875,27,36,91,708
1876,1876,50,55,33,714
1877,1877,78,51,46,46
1878,1878,47,30,35,546
1879,1879,40,59,46,691
1880,1880,64,80,67,412
1881,1881,54,49,33,629
1882,1882,58,71,63,296
1883,1883,20,43,26,298
1884,1884,70,73,59,449
1885,1885,67,87,91,90
1886,1886,43,61,26,291
1887,1887,40,45,37,410
1888,1888,46,40,26,707
1889,1889,18,46,72,310
1890,1890,34,38,91,695
1891,1891,50,50,47,54
1892,1892,67,44,32,497
1893,1893,30,50,73,21
1894,1894,31,61,37,582
1895,1895,53,40,25,292
1896,1896,10,36,91,593
1897,1897,20,32,80,74
1898,1898,35,47,70,391
1899,1899,29,52,52,250
1900,1900,17,48,83,125
1901,1901,21,44,78,73
1902,1902,36,31,41,590
1903,1903,14,48,95,384
1904,1904,20,33,81,316
1905,1905,45,65,37,450
1906,1906,41,68,35,21
1907,1907,41,44,59,628
1908,1908,50,85,70,395
1909,1909,62,55,43,81
1910,1910,63,48,36,123
1911,1911,90,75,82,89
1912,1912,57,35,27,39
1913,1913,31,23,95,285
1914,1914,54,40,50,596
1915,1915,58,42,53,389
1916,1916,52,72,50,438
1917,1917,23,56,55,362
1918,1918,76,59,58,471
1919,1919,81,84,76,545
1920,1920,55,48,57,335
1921,1921,46,49,27,403
1922,1922,31,42,23,392
1923,1923,57,51,33,290
1924,1924,59,67,41,232
1925,1925,52,49,47,512
1926,1926,88,72,85,342
1927,1927,54,46,45,628
1928,1928,31,48,81,679
1929,1929,52,55,49,160
1930,1930,60,43,48,534
1931,1931,77,77,54,293
1932,1932,22,66,36,191
1933,1933,62,60,40,459
1934,1934,34,56,52,314
1935,1935,66,87,71,416
1936,1936,58,62,30,277
1937,1937,50,61,30,78
1938,1938,65,94,72,617
1939,1939,48,55,44,74
1940,1940,75,61,51,297
1941,1941,34,50,32,35
1942,1942,36,55,48,203
1943,1943,45,50,46,377
1944,1944,68,79,67,107
1945,1945,36,52,34,677
1946,1946,24,30,75,23
1947,1947,19,45,91,174
1948,1948,33,41,92,382
1949,1949,50,56,47,640
1950,1950,18,21,75,438
1951,1951,40,51,51,470
1952,1952,59,44,35,276
1953,1953,45,70,58,445
1954,1954,53,65,38,170
1955,1955,35,50,39,247
1956,1956,86,86,74,725
1957,1957,26,31,82,306
1958,1958,37,50,26,521
1959,1959,60,78,60,663
1960,1960,32,67,34,51
1961,1961,72,54,57,518
1962,1962,78,54,65,160
1963,1963,81,95,81,238
1964,1964,31,69,38,88
1965,1965,44,67,36,590
1966,1966,38,45,64,489
1967,1967,43,53,34,691
1968,1968,81,80,95,60
1969,1969,57,47,52,725
1970,1970,41,62,32,261
1971,1971,31,22,75,324
1972,1972,51,48,33,445
1973,1973,74,69,38,676
1974,1974,77,70,67,365
1975,1975,24,32,84,56
1976,1976,57,42,35,87
1977,1977,29,53,60,180
1978,1978,80,89,79,271
1979,1979,48,58,41,79
1980,1980,65,68,39,56
1981,1981,26,47,91,706
1982,1982,23,25,73,566
1983,1983,87,74,89,193
1984,1984,55,75,30,184
1985,1985,55,40,55,68
1986,1986,49,60,47,110
1987,1987,34,61,30,487
1988,1988,77,84,75,439
1989,1989,27,64,34,291
1990,1990,77,76,81,211
1991,1991,26,58,38,345
1992,1992,28,62,37,713
1993,1993,16,35,91,413
1994,1994,45,64,63,98
1995,1995,26,43,87,632
1996,1996,54,46,47,315
1997,1997,58,60,45,597
1998,1998,87,87,79,472
1999,1999,59,56,49,553
2000,2000,78,79,91,606
2001,2001,48,67,49,182
2002,2002,38,54,62,293
2003,2003,47,56,49,624
2004,2004,46,61,40,558
2005,2005,41,61,34,589
2006,2006,50,42,43,141
2007,2007,42,59,40,534
2008,2008,47,64,38,4
2009,2009,77,80,69,579
2010,2010,78,73,77,610
2011,2011,57,80,48,188
2012,2012,74,57,44,228
2013,2013,47,65,40,522
2014,2014,37,56,45,657
2015,2015,43,50,26,393
2016,2016,38,35,50,473
2017,2017,29,68,49,286
2018,2018,22,58,26,80
2019,2019,53,58,37,288
2020,2020,63,54,32,5
2021,2021,21,46,73,157
2022,2022,12,30,82,524
2023,2023,37,59,57,117
2024,2024,47,43,43,415
2025,2025,17,49,94,448
2026,2026,41,42,32,638
2027,2027,48,52,44,496
2028,2028,45,64,28,681
2029,2029,79,73,74,287
2030,2030,34,66,20,702
2031,2031,30,44,53,364
2032,2032,60,55,25,690
2033,2033,42,70,29,246
2034,2034,16,40,93,638
2035,2035,74,82,71,551
2036,2036,29,69,33,430
2037,2037,50,60,31,545
2038,2038,42,65,22,650
2039,2039,42,32,23,604
2040,2040,44,58,58,235
2041,2041,42,53,34,442
2042,2042,54,48,42,333
2043,2043,53,65,45,250
2044,2044,58,64,59,378
2045,2045,57,36,35,482
2046,2046,79,51,70,318
2047,2047,87,74,82,675
2048,2048,43,42,56,354
2049,2049,53,65,68,175
2050,2050,90,82,93,667
2051,2051,33,44,31,330
2052,2052,84,70,69,730
2053,2053,69,66,66,27
2054,2054,57,49,50,330
2055,2055,77,90,72,211
2056,2056,14,49,79,723
2057,2057,79,51,45,18
2058,2058,48,63,74,701
2059,2059,48,75,52,665
2060,2060,48,36,26,448
2061,2061,35,44,64,256
2062,2062,45,64,54,42
2063,2063,40,52,52,656
2064,2064,46,78,73,57
2065,2065,80,67,66,76
2066,2066,80,95,89,415
2067,2067,40,52,35,657
2068,2068,63,67,66,719
2069,2069,41,61,43,136
2070,2070,22,51,43,360
2071,2071,84,95,67,605
2072,2072,57,44,32,684
2073,2073,55,53,32,19
2074,2074,19,37,80,286
2075,2075,55,63,54,313
2076,2076,75,59,56,305
2077,2077,46,41,60,273
2078,2078,10,20,95,215
2079,2079,53,67,33,701
2080,2080,50,70,62,414
2081,2081,23,40,92,505
2082,2082,71,79,93,653
2083,2083,66,95,67,471
2084,2084,86,78,79,7
2085,2085,52,46,52,224
2086,2086,18,28,94,83
2087,2087,32,20,83,107
2088,2088,27,50,41,47
2089,2089,34,61,51,431
2090,2090,30,69,50,54
2091,2091,32,33,93,591
2092,2092,81,81,89,91
2093,2093,34,34,28,701
2094,2094,43,45,30,119
2095,2095,40,68,75,315
2096,2096,43,81,46,635
2097,2097,90,94,83,49
2098,2098,37,52,51,276
2099,2099,35,36,87,628
2100,2100,29,28,82,374
2101,2101,33,46,48,438
2102,2102,52,59,53,197
2103,2103,36,50,27,449
2104,2104,85,80,85,566
2105,2105,59,52,41,457
2106,2106,24,48,78,704
2107,2107,45,46,43,713
2108,2108,41,71,67,505
2109,2109,51,69,38,228
2110,2110,53,54,33,481
2111,2111,78,65,40,150
2112,2112,39,43,40,192
2113,2113,85,75,67,165
2114,2114,29,49,73,632
2115,2115,51,61,67,636
2116,2116,57,62,41,162
2117,2117,43,43,26,409
2118,2118,57,42,20,494
2119,2119,50,52,59,486
2120,2120,68,72,58,79
2121,2121,26,60,58,11
2122,2122,68,90,75,30
2123,2123,10,33,95,375
2124,2124,52,35,23,621
2125,2125,39,55,46,102
2126,2126,14,34,78,350
2127,2127,48,61,64,409
2128,2128,57,68,63,263
2129,2129,51,64,31,134
2130,2130,68,65,55,372
2131,2131,65,53,35,217
2132,2132,24,68,48,712
2133,2133,20,33,86,615
2134,2134,34,44,38,94
2135,2135,36,67,39,225
2136,2136,56,48,29,594
2137,2137,64,60,70,660
2138,2138,43,62,42,296
2139,2139,54,54,32,28
2140,2140,73,89,84,186
2141,2141,39,43,55,368
2142,2142,66,84,66,606
2143,2143,75,53,45,72
2144,2144,56,31,23,626
2145,2145,51,49,64,277
2146,2146,69,73,36,92
2147,2147,54,65,55,159
2148,2148,44,70,53,39
2149,2149,55,71,59,658
2150,2150,34,50,33,82
2151,2151,56,41,21,370
2152,2152,50,51,40,618
2153,2153,77,54,42,335
2154,2154,47,61,41,599
2155,2155,80,51,44,324
2156,2156,48,75,42,75
2157,2157,71,74,49,402
2158,2158,70,64,57,636
2159,2159,49,50,43,61
2160,2160,46,43,45,635
2161,2161,18,39,77,493
2162,2162,33,45,32,176
2163,2163,54,56,65,582
2164,2164,37,63,30,594
2165,2165,57,49,34,218
2166,2166,33,53,57,648
2167,2167,18,39,79,689
2168,2168,51,43,42,216
2169,2169,55,65,52,378
2170,2170,86,77,79,116
2171,2171,50,35,34,246
2172,2172,34,64,55,645
2173,2173,50,74,42,611
2174,2174,34,50,75,499
2175,2175,71,52,66,265
2176,2176,54,70,42,168
2177,2177,13,20,93,729
2178,2178,67,78,81,278
2179,2179,79,57,70,189
2180,2180,67,70,92,20
2181,2181,26,39,28,566
2182,2182,83,88,95,450
2183,2183,74,86,67,235
2184,2184,68,85,69,91
2185,2185,76,44,38,454
2186,2186,35,45,33,532
2187,2187,47,67,34,365
2188,2188,44,44,55,222
2189,2189,44,58,34,60
2190,2190,48,48,26,528
2191,2191,79,51,68,166
2192,2192,26,49,26,225
2193,2193,36,53,35,603
2194,2194,66,52,43,556
2195,2195,86,73,88,463
2196,2196,68,52,48,153
2197,2197,30,46,85,694
2198,2198,79,56,66,607
2199,2199,57,62,54,155
2200,2200,88,87,82,26
2201,2201,50,61,57,199
2202,2202,59,46,44,593
2203,2203,33,51,38,513
2204,2204,47,61,48,267
2205,2205,69,67,43,288
2206,2206,30,57,30,335
2207,2207,29,55,43,72
2208,2208,42,85,66,338
2209,2209,31,45,88,552
2210,2210,60,37,26,329
2211,2211,36,39,59,675
2212,2212,76,54,51,248
2213,2213,44,52,63,721
2214,2214,24,48,35,272
2215,2215,41,66,53,357
2216,2216,46,43,44,169
2217,2217,87,82,94,261
2218,2218,67,47,48,135
2219,2219,20,69,55,544
2220,2220,78,64,31,53
2221,2221,66,51,70,413
2222,2222,33,54,40,527
2223,2223,26,25,88,626
2224,2224,54,44,33,378
2225,2225,25,69,46,422
2226,2226,30,30,29,190
2227,2227,32,44,39,205
2228,2228,41,50,45,545
2229,2229,14,21,73,575
2230,2230,88,71,80,48
2231,2231,23,57,22,492
2232,2232,74,87,93,649
2233,2233,32,46,51,489
2234,2234,57,62,32,196
2235,2235,40,63,61,416
2236,2236,32,50,50,122
2237,2237,47,59,63,4
2238,2238,58,55,37,698
2239,2239,72,94,76,159
2240,2240,78,64,59,245
2241,2241,57,64,30,305
2242,2242,26,33,84,319
2243,2243,31,45,27,17
2244,2244,69,73,91,593
2245,2245,26,43,70,410
2246,2246,59,58,62,595
2247,2247,55,61,41,646
2248,2248,45,56,29,319
2249,2249,74,62,56,84
2250,2250,80,94,86,14
2251,2251,32,50,87,255
2252,2252,40,85,52,396
2253,2253,70,70,46,534
2254,2254,32,38,94,576
2255,2255,65,91,69,559
2256,2256,28,46,56,175
2257,2257,30,31,72,244
2258,2258,53,64,34,378
2259,2259,44,52,40,108
2260,2260,69,73,88,208
2261,2261,31,47,87,576
2262,2262,33,63,46,81
2263,2263,81,80,77,224
2264,2264,44,49,53,580
2265,2265,82,77,78,322
2266,2266,68,76,64,649
2267,2267,73,72,54,573
2268,2268,47,43,59,280
2269,2269,26,56,33,351
2270,2270,45,63,50,668
2271,2271,50,51,29,715
2272,2272,62,58,47,671
2273,2273,21,21,80,612
2274,2274,37,60,63,414
2275,2275,64,78,83,427
2276,2276,63,60,47,105
2277,2277,43,58,43,669
2278,2278,78,71,92,106
2279,2279,32,44,50,177
2280,2280,84,81,86,1
2281,2281,69,65,66,262
2282,2282,59,40,53,24
2283,2283,24,23,85,660
2284,2284,39,70,41,146
2285,2285,79,85,80,122
2286,2286,14,46,73,596
2287,2287,55,58,62,23
2288,2288,33,66,44,96
2289,2289,14,29,92,451
2290,2290,70,62,39,609
2291,2291,31,57,32,629
2292,2292,28,42,93,485
2293,2293,30,38,45,168
2294,2294,73,95,86,272
2295,2295,31,58,38,583
2296,2296,50,71,58,626
2297,2297,40,47,43,12
2298,2298,50,41,50,619
2299,2299,35,54,64,236
2300,2300,32,46,46,292
2301,2301,74,67,73,8
2302,2302,36,61,55,149
2303,2303,64,40,49,661
2304,2304,41,76,52,51
2305,2305,81,70,74,637
2306,2306,38,70,33,383
2307,2307,58,46,51,118
2308,2308,18,28,70,210
2309,2309,41,41,33,713
2310,2310,32,60,29,299
2311,2311,28,28,70,619
2312,2312,90,70,78,247
2313,2313,90,92,82,402
2314,2314,29,65,30,469
2315,2315,43,48,30,176
2316,2316,80,95,67,240
2317,2317,52,61,44,119
2318,2318,49,44,41,85
2319,2319,79,88,78,305
2320,2320,42,69,61,529
2321,2321,21,65,33,644
2322,2322,74,67,63,728
2323,2323,51,62,55,675
2324,2324,38,66,43,409
2325,2325,58,61,59,189
2326,2326,63,76,91,636
2327,2327,77,87,86,456
2328,2328,46,52,55,198
2329,2329,34,53,31,314
2330,2330,33,63,53,47
2331,2331,28,22,80,6
2332,2332,50,78,44,397
2333,2333,57,59,47,588
2334,2334,61,64,42,670
2335,2335,52,42,39,225
2336,2336,17,22,83,300
2337,2337,64,80,41,271
2338,2338,51,60,53,379
2339,2339,74,89,72,13
2340,2340,49,62,45,266
2341,2341,28,56,62,534
2342,2342,84,74,94,406
2343,2343,27,66,54,730
2344,2344,42,70,58,336
2345,2345,46,38,45,106
2346,2346,50,68,47,394
2347,2347,24,45,25,271
2348,2348,56,41,26,547
2349,2349,42,61,56,722
2350,2350,31,68,34,120
2351,2351,63,56,44,229
2352,2352,26,30,25,247
2353,2353,87,77,76,705
2354,2354,35,56,45,452
2355,2355,33,47,55,383
2356,2356,37,42,51,630
2357,2357,69,91,70,435
2358,2358,60,67,44,355
2359,2359,30,46,45,612
2360,2360,49,65,43,541
2361,2361,75,70,57,164
2362,2362,46,52,49,215
2363,2363,77,75,42,415
2364,2364,80,89,83,74
2365,2365,89,92,79,423
2366,2366,37,63,62,687
2367,2367,50,58,53,152
2368,2368,81,90,71,614
2369,2369,78,82,92,331
2370,2370,73,55,60,550
2371,2371,48,33,51,345
2372,2372,44,58,42,6
2373,2373,67,49,42,682
2374,2374,60,78,75,605
2375,2375,41,45,31,68
2376,2376,70,94,92,719
2377,2377,38,58,49,318
2378,2378,40,49,47,35
2379,2379,40,49,26,221
2380,2380,79,67,33,253
2381,2381,59,62,33,328
2382,2382,73,70,52,250
2383,2383,32,50,45,707
2384,2384,74,71,30,501
2385,2385,68,59,44,372
2386,2386,22,39,47,124
2387,2387,49,53,72,28
2388,2388,54,56,38,41
2389,2389,78,73,40,729
2390,2390,42,56,40,52
2391,2391,35,62,46,155
2392,2392,17,50,71,547
2393,2393,59,54,31,383
2394,2394,43,62,49,726
2395,2395,32,50,48,614
2396,2396,78,71,67,654
2397,2397,62,84,65,65
2398,2398,31,32,47,541
2399,2399,68,80,53,520
2400,2400,45,46,54,206
2401,2401,44,40,33,422
2402,2402,56,69,28,439
2403,2403,31,24,76,499
2404,2404,17,32,82,170
2405,2405,66,76,94,69
2406,2406,16,26,77,156
2407,2407,43,60,25,577
2408,2408,89,81,83,442
2409,2409,30,38,82,536
2410,2410,29,33,77,582
2411,2411,42,72,61,2
2412,2412,88,70,67,720
2413,2413,32,50,35,555
2414,2414,68,70,52,585
2415,2415,47,49,39,293
2416,2416,69,58,68,290
2417,2417,23,67,26,481
2418,2418,90,79,71,56
2419,2419,44,61,31,593
2420,2420,57,45,52,666
2421,2421,27,35,92,65
2422,2422,51,52,59,260
2423,2423,70,80,94,535
2424,2424,31,50,51,557
2425,2425,21,44,27,606
2426,2426,41,64,57,99
2427,2427,27,69,60,499
2428,2428,69,73,90,195
2429,2429,44,70,69,155
2430,2430,65,42,49,571
2431,2431,35,42,51,669
2432,2432,36,44,46,413
2433,2433,82,76,88,103
2434,2434,50,41,43,16
2435,2435,37,63,42,583
2436,2436,26,54,53,422
2437,2437,72,52,41,63
2438,2438,26,63,46,648
2439,2439,89,74,71,271
2440,2440,57,42,59,487
2441,2441,32,25,86,546
2442,2442,64,72,60,123
2443,2443,48,50,58,662
2444,2444,76,74,42,668
2445,2445,69,77,69,437
2446,2446,83,75,94,5
2447,2447,65,49,43,197
2448,2448,20,36,48,132
2449,2449,52,70,75,215
2450,2450,67,94,86,655
2451,2451,31,22,95,224
2452,2452,48,82,63,259
2453,2453,43,39,43,222
2454,2454,46,65,74,352
2455,2455,66,54,50,4
2456,2456,32,63,29,279
2457,2457,54,65,30,664
2458,2458,25,44,56,675
2459,2459,60,72,66,288
2460,2460,20,46,50,534
2461,2461,16,42,82,355
2462,2462,86,94,66,155
2463,2463,53,62,37,298
2464,2464,86,85,82,171
2465,2465,62,41,47,279
2466,2466,49,72,33,132
2467,2467,52,45,23,271
2468,2468,58,74,40,420
2469,2469,27,54,32,667
2470,2470,73,89,94,80
2471,2471,50,70,37,404
2472,2472,35,53,25,532
2473,2473,66,92,80,163
2474,2474,63,46,43,222
2475,2475,55,59,40,626
2476,2476,17,37,88,144
2477,2477,22,62,54,551
2478,2478,67,61,71,563
2479,2479,32,43,55,144
2480,2480,56,73,42,99
2481,2481,72,51,43,303
2482,2482,58,72,53,686
2483,2483,51,44,37,159
2484,2484,51,67,26,499
2485,2485,13,42,71,18
2486,2486,77,89,95,496
2487,2487,40,41,38,524
2488,2488,43,53,37,671
2489,2489,52,39,32,618
2490,2490,73,82,62,450
2491,2491,34,56,52,4
2492,2492,37,32,54,318
2493,2493,35,65,29,625
2494,2494,70,79,80,681
2495,2495,73,79,40,13
2496,2496,52,66,56,568
2497,2497,21,50,33,59
2498,2498,30,45,73,435
2499,2499,52,54,58,389
2500,2500,50,66,29,47
2501,2501,57,53,56,92
2502,2502,39,48,46,686
2503,2503,31,20,90,476
2504,2504,40,46,42,473
2505,2505,37,49,42,436
2506,2506,29,29,83,332
2507,2507,45,68,40,159
2508,2508,54,35,53,170
2509,2509,59,49,46,691
2510,2510,33,52,42,137
2511,2511,66,81,91,620
2512,2512,84,85,90,494
2513,2513,26,35,72,648
2514,2514,84,93,72,203
2515,2515,17,35,91,177
2516,2516,36,48,62,591
2517,2517,63,91,86,500
2518,2518,78,78,81,597
2519,2519,16,44,77,511
2520,2520,51,76,47,175
2521,2521,23,30,42,482
2522,2522,52,62,62,665
2523,2523,67,54,54,87
2524,2524,53,48,41,387
2525,2525,89,83,85,644
2526,2526,89,92,87,115
2527,2527,28,45,43,102
2528,2528,20,35,26,131
2529,2529,79,41,34,717
2530,2530,67,81,67,341
2531,2531,34,40,37,201
2532,2532,34,23,95,393
2533,2533,77,47,57,176
2534,2534,61,69,44,51
2535,2535,50,41,49,484
2536,2536,37,68,49,229
2537,2537,73,70,78,699
2538,2538,21,61,50,728
2539,2539,38,57,51,374
2540,2540,80,56,55,163
2541,2541,82,87,83,543
2542,2542,60,76,74,74
2543,2543,45,46,43,155
2544,2544,67,87,65,150
2545,2545,17,29,86,332
2546,2546,33,53,33,189
2547,2547,19,27,86,131
2548,2548,52,52,28,601
2549,2549,21,47,58,109
2550,2550,68,84,47,299
2551,2551,29,52,61,138
2552,2552,31,60,33,251
2553,2553,50,65,39,566
2554,2554,37,67,36,609
2555,2555,18,21,79,278
2556,2556,33,65,55,640
2557,2557,49,82,46,419
2558,2558,35,50,33,566
2559,2559,39,43,40,408
2560,2560,40,83,58,231
2561,2561,55,61,47,17
2562,2562,41,45,27,616
2563,2563,28,55,64,594
2564,2564,27,49,89,200
2565,2565,47,44,46,269
2566,2566,38,65,35,710
2567,2567,49,51,41,165
2568,2568,42,69,48,159
2569,2569,67,70,49,463
2570,2570,75,86,75,512
2571,2571,30,37,71,308
2572,2572,40,70,45,252
2573,2573,68,67,47,389
2574,2574,75,75,43,65
2575,2575,56,54,45,599
2576,2576,48,54,45,209
2577,2577,19,34,90,562
2578,2578,45,43,49,158
2579,2579,11,20,85,605
2580,2580,43,56,58,145
2581,2581,82,93,72,347
2582,2582,37,52,27,675
2583,2583,51,53,39,5
2584,2584,57,69,60,33
2585,2585,60,61,52,593
2586,2586,34,22,92,318
2587,2587,22,46,45,366
2588,2588,60,49,56,566
2589,2589,58,67,55,137
2590,2590,39,70,59,587
2591,2591,59,49,38,6
2592,2592,73,69,54,163
2593,2593,79,63,31,292
2594,2594,80,76,74,551
2595,2595,78,93,81,325
2596,2596,44,55,41,96
2597,2597,33,53,48,483
2598,2598,79,53,56,440
2599,2599,28,30,80,663
2600,2600,48,67,34,287
2601,2601,59,31,47,425
2602,2602,39,67,63,213
2603,2603,41,59,61,160
2604,2604,28,41,32,206
2605,2605,82,80,76,112
2606,2606,35,47,84,350
2607,2607,14,43,86,121
2608,2608,31,58,48,544
2609,2609,53,66,31,168
2610,2610,23,22,70,292
2611,2611,50,54,27,10
2612,2612,63,64,65,225
2613,2613,26,41,81,326
2614,2614,31,39,91,500
2615,2615,55,61,60,621
2616,2616,77,74,47,687
2617,2617,20,33,36,497
2618,2618,68,67,36,687
2619,2619,68,72,91,318
2620,2620,37,48,48,560
2621,2621,48,63,31,510
2622,2622,33,67,50,171
2623,2623,28,46,72,47
2624,2624,59,34,54,24
2625,2625,62,72,80,55
2626,2626,69,90,80,357
2627,2627,53,54,53,231
2628,2628,80,89,86,289
2629,2629,23,42,47,576
2630,2630,68,67,50,41
2631,2631,30,55,36,253
2632,2632,63,76,61,502
2633,2633,32,63,23,320
2634,2634,67,66,51,415
2635,2635,49,43,58,368
2636,2636,86,89,75,614
2637,2637,30,60,44,702
2638,2638,45,47,30,188
2639,2639,44,68,41,219
2640,2640,37,66,32,139
2641,2641,44,51,34,450
2642,2642,53,54,47,685
2643,2643,65,78,68,609
2644,2644,55,54,33,443
2645,2645,20,60,60,673
2646,2646,26,35,70,485
2647,2647,15,49,90,697
2648,2648,62,78,92,261
2649,2649,30,34,73,655
2650,2650,55,50,55,457
2651,2651,52,60,28,147
2652,2652,55,46,36,247
2653,2653,22,41,93,485
2654,2654,32,65,38,644
2655,2655,57,45,52,253
2656,2656,69,91,76,669
2657,2657,49,69,35,610
2658,2658,76,81,40,668
2659,2659,19,48,95,259
2660,2660,38,56,23,662
2661,2661,72,84,46,358
2662,2662,60,64,26,693
2663,2663,50,64,65,70
2664,2664,81,94,86,448
2665,2665,26,41,72,193
2666,2666,44,43,64,119
2667,2667,50,47,42,588
2668,2668,34,36,82,618
2669,2669,85,87,94,284
2670,2670,31,45,44,36
2671,2671,54,40,36,317
2672,2672,62,94,82,342
2673,2673,75,91,85,431
2674,2674,88,78,76,620
2675,2675,68,74,55,511
2676,2676,61,44,47,532
2677,2677,60,57,26,554
2678,2678,17,43,93,419
2679,2679,34,49,79,249
2680,2680,47,59,53,42
2681,2681,50,46,45,421
2682,2682,35,65,44,584
2683,2683,47,56,34,178
2684,2684,29,60,48,576
2685,2685,32,60,44,63
2686,2686,80,73,67,671
2687,2687,67,82,69,38
2688,2688,37,42,50,522
2689,2689,16,32,84,527
2690,2690,76,79,66,729
2691,2691,49,63,50,656
2692,2692,30,41,30,210
2693,2693,21,35,22,163
2694,2694,63,95,69,14
2695,2695,27,40,75,191
2696,2696,90,88,77,383
2697,2697,68,41,56,48
2698,2698,68,76,72,347
2699,2699,54,44,30,305
2700,2700,31,56,46,86
2701,2701,56,57,49,506
2702,2702,50,53,51,314
2703,2703,51,67,50,540
2704,2704,24,34,57,357
2705,2705,55,62,71,480
2706,2706,49,78,74,176
2707,2707,45,65,36,695
2708,2708,59,60,49,314
2709,2709,25,47,42,121
2710,2710,73,65,30,258
2711,2711,72,94,66,257
2712,2712,51,40,51,663
2713,2713,87,83,85,84
2714,2714,76,62,36,472
2715,2715,42,62,61,419
2716,2716,67,78,76,335
2717,2717,52,55,45,134
2718,2718,77,83,92,135
2719,2719,39,47,40,611
2720,2720,29,61,35,147
2721,2721,23,28,85,466
2722,2722,31,62,53,383
2723,2723,77,83,64,249
2724,2724,25,45,49,431
2725,2725,55,45,60,42
2726,2726,32,50,75,675
2727,2727,50,60,46,188
2728,2728,58,58,57,641
2729,2729,46,79,40,214
2730,2730,28,43,60,323
2731,2731,44,55,32,272
2732,2732,62,73,92,730
2733,2733,73,73,34,516
2734,2734,28,38,88,688
2735,2735,36,60,27,92
2736,2736,30,49,87,473
2737,2737,30,43,32,654
2738,2738,80,91,65,230
2739,2739,39,49,30,636
2740,2740,11,45,73,250
2741,2741,57,61,33,268
2742,2742,60,55,57,195
2743,2743,62,72,40,118
2744,2744,48,68,70,374
2745,2745,38,56,29,185
2746,2746,22,34,45,405
2747,2747,46,69,55,263
2748,2748,57,41,29,129
2749,2749,19,21,83,572
2750,2750,67,50,36,41
2751,2751,73,86,91,361
2752,2752,52,41,38,374
2753,2753,32,55,63,232
2754,2754,53,62,65,403
2755,2755,17,44,91,612
2756,2756,42,65,42,471
2757,2757,52,40,44,702
2758,2758,28,55,50,378
2759,2759,50,60,51,268
2760,2760,45,68,43,79
2761,2761,40,58,33,103
2762,2762,38,41,51,230
2763,2763,16,22,77,510
2764,2764,32,20,75,369
2765,2765,50,71,59,427
2766,2766,62,88,67,32
2767,2767,64,66,63,469
2768,2768,69,50,36,714
2769,2769,79,53,51,68
2770,2770,39,67,57,118
2771,2771,60,72,92,213
2772,2772,13,22,92,373
2773,2773,40,46,45,172
2774,2774,15,48,87,87
2775,2775,40,70,62,335
2776,2776,66,75,35,406
2777,2777,23,51,30,699
2778,2778,74,72,51,128
2779,2779,47,66,63,217
2780,2780,67,53,65,337
2781,2781,57,64,44,416
2782,2782,24,44,80,148
2783,2783,55,70,45,145
2784,2784,51,68,44,103
2785,2785,79,64,51,667
2786,2786,73,58,38,143
2787,2787,56,69,42,83
2788,2788,63,40,58,319
2789,2789,54,52,47,482
2790,2790,32,32,55,191
2791,2791,28,53,36,7
2792,2792,52,42,35,280
2793,2793,18,37,76,461
2794,2794,38,49,23,126
2795,2795,52,84,47,38
2796,2796,53,44,58,494
2797,2797,43,48,32,123
2798,2798,23,38,58,271
2799,2799,72,74,53,575
2800,2800,58,54,53,398
2801,2801,69,49,36,73
2802,2802,44,39,45,288
2803,2803,45,43,21,19
2804,2804,63,84,68,312
2805,2805,71,60,45,423
2806,2806,26,43,81,115
2807,2807,27,53,30,395
2808,2808,47,58,51,663
2809,2809,55,54,40,8
2810,2810,50,56,57,102
2811,2811,52,53,34,80
2812,2812,63,74,83,646
2813,2813,71,56,54,41
2814,2814,79,59,54,229
2815,2815,43,44,47,648
2816,2816,60,79,67,601
2817,2817,38,32,43,81
2818,2818,37,37,35,291
2819,2819,79,95,86,467
2820,2820,82,74,66,24
2821,2821,50,74,51,572
2822,2822,54,48,43,590
2823,2823,23,39,78,672
2824,2824,90,74,90,712
2825,2825,71,44,45,616
2826,2826,47,74,71,692
2827,2827,32,68,51,703
2828,2828,68,94,75,140
2829,2829,51,58,43,226
2830,2830,60,91,91,522
2831,2831,59,64,54,81
2832,2832,65,59,37,283
2833,2833,83,90,76,511
2834,2834,54,41,44,233
2835,2835,35,70,33,202
2836,2836,67,88,78,356
2837,2837,45,72,44,720
2838,2838,50,82,53,420
2839,2839,70,83,74,423
2840,2840,79,54,43,702
2841,2841,30,41,70,104
2842,2842,47,51,43,616
2843,2843,80,43,52,73
2844,2844,50,66,55,134
2845,2845,34,52,43,651
2846,2846,34,52,28,246
2847,2847,23,34,27,165
2848,2848,22,64,37,201
2849,2849,63,84,70,725
2850,2850,38,60,29,291
2851,2851,30,61,57,248
2852,2852,52,50,22,298
2853,2853,31,38,86,558
2854,2854,51,75,70,468
2855,2855,77,42,33,178
2856,2856,44,63,56,666
2857,2857,54,72,60,284
2858,2858,24,36,92,538
2859,2859,42,60,59,616
2860,2860,79,66,65,3
2861,2861,48,35,20,32
2862,2862,41,54,73,263
2863,2863,29,49,78,372
2864,2864,45,65,47,431
2865,2865,45,49,49,493
2866,2866,86,80,70,468
2867,2867,70,90,79,348
2868,2868,38,52,36,188
2869,2869,26,42,44,51
2870,2870,26,67,34,532
2871,2871,26,65,37,524
2872,2872,37,48,36,574
2873,2873,27,32,50,104
2874,2874,30,53,35,473
2875,2875,60,67,67,242
2876,2876,38,49,33,310
2877,2877,51,66,55,654
2878,2878,26,40,61,706
2879,2879,72,92,93,332
2880,2880,72,56,52,612
2881,2881,34,34,93,5
2882,2882,38,45,33,92
2883,2883,30,49,71,304
2884,2884,32,55,42,12
2885,2885,60,43,57,434
2886,2886,40,69,40,545
2887,2887,56,44,31,717
2888,2888,31,65,60,623
2889,2889,45,59,31,438
2890,2890,89,71,65,111
2891,2891,42,46,50,513
2892,2892,69,62,72,210
2893,2893,10,30,72,14
2894,2894,40,67,25,700
2895,2895,49,68,52,46
2896,2896,39,52,40,249
2897,2897,11,24,95,429
2898,2898,67,81,72,439
2899,2899,55,44,56,334
2900,2900,34,58,46,529
2901,2901,20,36,43,275
2902,2902,64,68,59,301
2903,2903,39,55,45,121
2904,2904,56,62,69,142
2905,2905,54,55,51,541
2906,2906,49,70,60,147
2907,2907,30,22,85,557
2908,2908,51,56,36,280
2909,2909,33,63,31,520
2910,2910,49,64,42,406
2911,2911,34,43,87,468
2912,2912,75,78,42,280
2913,2913,76,71,67,595
2914,2914,55,52,44,33
2915,2915,81,95,93,629
2916,2916,32,52,44,119
2917,2917,17,27,84,392
2918,2918,76,70,40,322
2919,2919,61,51,51,548
2920,2920,32,65,53,663
2921,2921,29,60,63,245
2922,2922,79,79,87,706
2923,2923,65,83,54,237
2924,2924,44,31,27,678
2925,2925,71,56,49,293
2926,2926,31,56,46,552
2927,2927,25,49,39,102
2928,2928,83,80,89,535
2929,2929,78,93,77,477
2930,2930,30,43,38,607
2931,2931,70,46,49,323
2932,2932,21,45,81,566
2933,2933,66,90,95,140
2934,2934,76,72,36,441
2935,2935,65,74,81,557
2936,2936,39,44,37,630
2937,2937,11,36,85,574
2938,2938,50,56,38,452
2939,2939,34,49,89,192
2940,2940,79,90,79,34
2941,2941,29,44,88,294
2942,2942,67,59,40,603
2943,2943,45,75,37,427
2944,2944,39,59,52,689
2945,2945,62,64,38,148
2946,2946,70,84,73,534
2947,2947,50,71,67,305
2948,2948,58,73,50,64
2949,2949,66,71,91,260
2950,2950,72,90,93,398
2951,2951,69,94,73,309
2952,2952,10,20,81,284
2953,2953,50,67,44,87
2954,2954,80,90,75,102
2955,2955,33,34,94,75
2956,2956,88,91,85,649
2957,2957,32,55,41,478
2958,2958,50,80,62,442
2959,2959,90,87,70,197
2960,2960,22,25,77,454
2961,2961,56,45,41,569
2962,2962,56,52,66,304
2963,2963,35,61,43,625
2964,2964,51,55,43,274
2965,2965,42,63,58,228
2966,2966,54,84,49,540
2967,2967,39,62,29,146
2968,2968,25,41,35,525
2969,2969,23,41,91,713
2970,2970,49,75,58,152
2971,2971,74,70,57,694
2972,2972,30,43,77,269
2973,2973,42,68,57,534
2974,2974,30,46,58,136
2975,2975,65,74,73,187
2976,2976,49,47,62,93
2977,2977,64,65,45,301
2978,2978,42,68,43,269
2979,2979,31,51,48,284
2980,2980,37,55,46,199
2981,2981,68,76,65,121
2982,2982,71,81,67,230
2983,2983,60,35,40,502
2984,2984,54,60,69,604
2985,2985,53,40,51,627
2986,2986,67,67,58,594
2987,2987,72,75,49,366
2988,2988,80,92,92,533
2989,2989,50,66,41,530
2990,2990,79,55,64,70
2991,2991,40,69,30,492
2992,2992,59,57,54,341
2993,2993,29,42,32,468
2994,2994,52,81,60,705
2995,2995,61,40,54,704
2996,2996,54,50,53,541
2997,2997,45,50,54,553
2998,2998,64,47,45,334
2999,2999,44,54,51,159
3000,3000,75,70,51,436
3001,3001,50,41,32,484
3002,3002,79,93,81,392
3003,3003,47,44,34,657
3004,3004,33,50,46,668
3005,3005,33,44,32,556
3006,3006,13,48,89,347
3007,3007,65,66,48,427
3008,3008,17,28,87,386
3009,3009,39,40,54,635
3010,3010,60,63,47,641
3011,3011,70,91,74,289
3012,3012,67,40,58,354
3013,3013,74,58,67,251
3014,3014,35,62,46,337
3015,3015,50,67,40,126
3016,3016,31,66,25,262
3017,3017,71,56,43,538
3018,3018,46,61,55,506
3019,3019,79,74,55,468
3020,3020,26,45,60,418
3021,3021,30,44,32,508
3022,3022,37,60,38,427
3023,3023,56,56,26,190
3024,3024,72,85,88,25
3025,3025,64,80,72,371
3026,3026,79,77,80,387
3027,3027,23,49,86,324
3028,3028,61,70,67,212
3029,3029,48,64,45,512
3030,3030,53,30,46,55
3031,3031,38,70,24,705
3032,3032,38,59,54,303
3033,3033,74,74,80,17
3034,3034,17,48,77,44
3035,3035,60,38,40,510
3036,3036,29,66,39,21
3037,3037,58,51,48,466
3038,3038,44,70,45,367
3039,3039,29,41,62,361
3040,3040,40,66,51,334
3041,3041,58,55,35,674
3042,3042,38,53,53,255
3043,3043,40,43,47,129
3044,3044,62,75,47,200
3045,3045,48,65,43,550
3046,3046,42,44,33,593
3047,3047,75,43,59,478
3048,3048,78,85,71,468
3049,3049,49,47,45,572
3050,3050,62,75,37,610
3051,3051,21,38,89,145
3052,3052,38,43,53,151
3053,3053,41,68,52,204
3054,3054,69,88,74,490
3055,3055,22,26,94,369
3056,3056,40,47,39,629
3057,3057,55,63,57,130
3058,3058,23,47,87,80
3059,3059,73,73,67,571
3060,3060,55,67,44,178
3061,3061,50,72,41,260
3062,3062,22,22,79,8
3063,3063,39,62,34,211
3064,3064,61,76,72,621
3065,3065,59,38,32,528
3066,3066,66,77,65,516
3067,3067,81,91,92,451
3068,3068,60,63,24,498
3069,3069,80,71,70,341
3070,3070,56,64,47,713
3071,3071,62,79,55,410
3072,3072,48,31,41,350
3073,3073,34,34,79,598
3074,3074,70,93,85,680
3075,3075,77,45,43,171
3076,3076,41,41,41,15
3077,3077,60,86,86,465
3078,3078,85,73,90,284
3079,3079,34,49,45,404
3080,3080,67,50,59,485
3081,3081,54,45,59,444
3082,3082,72,70,46,253
3083,3083,36,66,28,562
3084,3084,54,41,42,460
3085,3085,69,91,70,535
3086,3086,26,60,22,500
3087,3087,26,42,64,431
3088,3088,29,20,91,120
3089,3089,23,31,28,418
3090,3090,31,34,71,471
3091,3091,50,72,47,202
3092,3092,59,71,59,170
3093,3093,13,23,89,428
3094,3094,35,41,48,583
3095,3095,56,55,53,630
3096,3096,20,62,48,439
3097,3097,74,86,85,530
3098,3098,36,37,25,297
3099,3099,36,49,42,312
3100,3100,29,38,48,612
3101,3101,32,57,41,359
3102,3102,59,73,71,192
3103,3103,60,50,20,236
3104,3104,73,89,65,607
3105,3105,68,57,33,609
3106,3106,53,44,35,653
3107,3107,37,42,46,509
3108,3108,57,52,60,309
3109,3109,89,78,77,86
3110,3110,79,67,57,476
3111,3111,47,70,34,641
3112,3112,65,62,35,86
3113,3113,69,50,62,34
3114,3114,33,45,50,656
3115,3115,49,62,54,580
3116,3116,26,37,52,381
3117,3117,46,49,59,360
3118,3118,34,22,71,226
3119,3119,41,43,51,159
3120,3120,85,89,92,321
3121,3121,19,36,93,674
3122,3122,68,70,76,570
3123,3123,52,46,39,389
3124,3124,52,43,37,523
3125,3125,29,41,41,34
3126,3126,83,72,92,206
3127,3127,47,59,60,249
3128,3128,55,72,57,719
3129,3129,11,35,82,210
3130,3130,76,86,85,398
3131,3131,74,53,59,573
3132,3132,36,41,56,361
3133,3133,72,44,46,376
3134,3134,64,91,81,395
3135,3135,67,71,79,308
3136,3136,49,33,42,688
3137,3137,18,41,84,95
3138,3138,59,61,26,521
3139,3139,89,86,92,244
3140,3140,51,39,34,568
3141,3141,39,43,49,218
3142,3142,66,71,89,488
3143,3143,81,90,75,251
3144,3144,30,48,89,282
3145,3145,73,43,47,156
3146,3146,34,45,42,479
3147,3147,80,56,56,260
3148,3148,50,45,38,582
3149,3149,23,24,84,608
3150,3150,54,51,64,636
3151,3151,76,82,53,368
3152,3152,57,70,45,446
3153,3153,20,44,57,441
3154,3154,78,73,50,530
3155,3155,41,53,36,255
3156,3156,77,93,83,442
3157,3157,49,70,52,140
3158,3158,48,59,63,554
3159,3159,42,50,38,235
3160,3160,83,95,90,480
3161,3161,62,70,84,83
3162,3162,69,95,75,713
3163,3163,42,54,58,665
3164,3164,56,58,38,472
3165,3165,64,92,81,348
3166,3166,39,62,61,83
3167,3167,68,95,81,21
3168,3168,38,68,34,365
3169,3169,88,83,89,624
3170,3170,79,53,71,435
3171,3171,58,66,30,511
3172,3172,74,68,49,506
3173,3173,51,48,48,680
3174,3174,25,45,41,236
3175,3175,25,29,84,244
3176,3176,34,41,37,669
3177,3177,50,51,33,645
3178,3178,32,33,71,208
3179,3179,35,54,31,65
3180,3180,81,83,65,579
3181,3181,20,51,47,280
3182,3182,51,70,38,173
3183,3183,77,48,32,400
3184,3184,23,24,85,130
3185,3185,52,37,49,367
3186,3186,43,52,58,308
3187,3187,74,70,44,239
3188,3188,69,51,36,185
3189,3189,38,61,43,600
3190,3190,80,76,85,315
3191,3191,59,70,46,692
3192,3192,32,65,48,16
3193,3193,12,24,95,519
3194,3194,48,47,48,320
3195,3195,47,63,41,239
3196,3196,60,81,90,88
3197,3197,65,71,44,305
3198,3198,38,53,33,68
3199,3199,66,67,35,408
3200,3200,61,76,65,279
3201,3201,49,85,62,201
3202,3202,24,70,49,228
3203,3203,33,67,34,314
3204,3204,54,70,55,295
3205,3205,49,48,35,489
3206,3206,44,52,64,587
3207,3207,40,33,23,673
3208,3208,45,63,31,371
3209,3209,56,61,51,525
3210,3210,29,38,89,245
3211,3211,21,50,78,142
3212,3212,89,76,68,236
3213,3213,53,66,60,529
3214,3214,46,70,26,346
3215,3215,78,60,37,404
3216,3216,18,39,72,214
3217,3217,57,84,75,532
3218,3218,77,60,35,189
3219,3219,48,64,46,173
3220,3220,54,58,60,17
3221,3221,48,70,32,318
3222,3222,62,57,52,630
3223,3223,32,36,82,620
3224,3224,45,41,45,126
3225,3225,89,73,82,376
3226,3226,70,92,93,614
3227,3227,62,91,65,281
3228,3228,50,50,46,150
3229,3229,71,43,51,716
3230,3230,22,24,73,506
3231,3231,43,71,54,116
3232,3232,26,52,38,613
3233,3233,75,61,64,39
3234,3234,57,72,42,280
3235,3235,55,52,37,554
3236,3236,37,56,42,141
3237,3237,68,58,43,532
3238,3238,79,45,57,174
3239,3239,38,46,27,644
3240,3240,54,64,37,430
3241,3241,55,64,33,152
3242,3242,59,45,52,620
3243,3243,10,28,89,47
3244,3244,73,68,34,687
3245,3245,22,39,82,590
3246,3246,50,82,56,212
3247,3247,49,68,22,632
3248,3248,69,55,52,181
3249,3249,47,47,47,617
3250,3250,37,40,46,330
3251,3251,64,69,35,626
3252,3252,44,60,31,66
3253,3253,53,40,39,722
3254,3254,45,60,28,159
3255,3255,47,55,52,295
3256,3256,73,56,47,564
3257,3257,41,43,38,462
3258,3258,47,50,34,224
3259,3259,86,70,72,62
3260,3260,53,61,44,92
3261,3261,42,74,44,297
3262,3262,21,58,49,728
3263,3263,42,62,45,182
3264,3264,77,76,76,121
3265,3265,64,71,51,444
3266,3266,26,38,93,457
3267,3267,26,41,20,88
3268,3268,25,31,72,442
3269,3269,35,56,44,569
3270,3270,67,80,73,185
3271,3271,54,40,30,545
3272,3272,83,74,93,303
3273,3273,81,83,81,166
3274,3274,62,69,38,602
3275,3275,45,45,36,301
3276,3276,81,73,83,99
3277,3277,54,45,44,66
3278,3278,13,34,70,455
3279,3279,68,82,71,682
3280,3280,53,56,20,340
3281,3281,54,30,43,420
3282,3282,48,44,37,302
3283,3283,27,53,54,259
3284,3284,31,61,21,173
3285,3285,66,40,35,409
3286,3286,17,47,87,387
3287,3287,57,44,23,288
3288,3288,80,69,41,61
3289,3289,27,34,91,204
3290,3290,36,54,49,239
3291,3291,70,40,58,392
3292,3292,26,46,29,587
3293,3293,59,63,54,70
3294,3294,31,61,56,611
3295,3295,64,74,49,691
3296,3296,53,57,47,604
3297,3297,52,54,30,370
3298,3298,54,40,51,354
3299,3299,33,26,94,385
3300,3300,54,74,37,580
3301,3301,46,50,39,420
3302,3302,47,72,34,388
3303,3303,72,73,95,567
3304,3304,63,89,72,371
3305,3305,75,84,51,375
3306,3306,59,52,47,30
3307,3307,46,51,40,309
3308,3308,39,59,61,312
3309,3309,41,48,52,164
3310,3310,60,40,24,549
3311,3311,46,51,61,95
3312,3312,48,55,30,624
3313,3313,58,64,34,166
3314,3314,29,42,63,295
3315,3315,70,77,90,70
3316,3316,36,47,33,313
3317,3317,58,44,44,516
3318,3318,49,54,27,1
3319,3319,64,93,66,177
3320,3320,55,62,59,215
3321,3321,44,47,36,22
3322,3322,22,33,60,411
3323,3323,33,61,53,57
3324,3324,77,63,49,65
3325,3325,33,42,41,302
3326,3326,45,59,51,684
3327,3327,75,47,51,209
3328,3328,45,57,45,378
3329,3329,43,51,52,236
3330,3330,24,43,91,234
3331,3331,60,70,84,52
3332,3332,60,60,43,506
3333,3333,69,87,82,535
3334,3334,40,59,44,448
3335,3335,21,27,88,454
3336,3336,51,53,67,570
3337,3337,23,25,84,711
3338,3338,52,63,63,423
3339,3339,37,36,52,254
3340,3340,48,53,36,307
3341,3341,62,73,90,463
3342,3342,49,73,37,27
3343,3343,23,59,54,460
3344,3344,40,42,39,574
3345,3345,12,33,81,508
3346,3346,44,50,62,380
3347,3347,35,56,41,239
3348,3348,25,46,36,4
3349,3349,33,41,25,648
3350,3350,34,65,33,618
3351,3351,72,43,55,611
3352,3352,33,70,47,686
3353,3353,51,48,56,173
3354,3354,79,72,58,699
3355,3355,80,47,32,20
3356,3356,63,52,52,49
3357,3357,10,20,75,329
3358,3358,77,61,51,594
3359,3359,80,83,73,385
3360,3360,57,43,36,128
3361,3361,66,53,71,349
3362,3362,34,31,83,594
3363,3363,25,44,89,355
3364,3364,10,20,89,646
3365,3365,63,55,32,127
3366,3366,33,57,32,524
3367,3367,60,45,53,380
3368,3368,23,44,43,453
3369,3369,60,55,61,472
3370,3370,57,67,65,537
3371,3371,37,69,49,619
3372,3372,56,79,57,409
3373,3373,11,48,82,55
3374,3374,50,58,58,172
3375,3375,75,76,92,41
3376,3376,80,45,50,460
3377,3377,50,53,55,88
3378,3378,38,61,32,201
3379,3379,65,89,84,153
3380,3380,21,61,50,179
3381,3381,67,71,45,310
3382,3382,37,43,55,75
3383,3383,51,70,37,391
3384,3384,64,89,81,410
3385,3385,55,62,63,264
3386,3386,30,63,31,355
3387,3387,61,63,61,245
3388,3388,72,73,30,479
3389,3389,46,62,45,170
3390,3390,50,78,70,622
3391,3391,55,67,51,631
3392,3392,32,64,52,139
3393,3393,59,33,31,398
3394,3394,80,51,39,105
3395,3395,29,25,93,94
3396,3396,61,67,53,270
3397,3397,27,50,30,656
3398,3398,66,83,94,106
3399,3399,35,41,53,659
3400,3400,23,69,46,715
3401,3401,10,43,79,692
3402,3402,25,36,74,604
3403,3403,21,37,85,413
3404,3404,55,54,56,404
3405,3405,88,70,71,74
3406,3406,60,63,72,595
3407,3407,79,51,38,311
3408,3408,63,69,48,361
3409,3409,74,76,92,494
3410,3410,32,47,75,681
3411,3411,76,89,75,425
3412,3412,30,52,38,675
3413,3413,29,52,65,576
3414,3414,90,74,94,666
3415,3415,49,62,57,275
3416,3416,34,50,42,139
3417,3417,12,33,86,666
3418,3418,69,50,44,650
3419,3419,41,62,52,470
3420,3420,46,61,44,110
3421,3421,84,73,68,258
3422,3422,67,58,56,222
3423,3423,35,38,81,724
3424,3424,29,60,37,243
3425,3425,37,40,35,408
3426,3426,34,30,84,673
3427,3427,23,24,94,121
3428,3428,38,45,22,275
3429,3429,49,49,40,48
3430,3430,46,69,30,448
3431,3431,40,64,57,246
3432,3432,65,69,36,618
3433,3433,47,62,47,300
3434,3434,25,37,75,155
3435,3435,54,65,56,460
3436,3436,28,27,73,627
3437,3437,75,81,65,90
3438,3438,48,58,70,6
3439,3439,41,42,50,434
3440,3440,53,31,22,258
3441,3441,74,68,70,714
3442,3442,35,63,43,393
3443,3443,78,71,45,468
3444,3444,45,63,40,646
3445,3445,39,69,33,456
3446,3446,47,69,53,326
3447,3447,80,75,47,225
3448,3448,24,31,82,614
3449,3449,89,81,80,477
3450,3450,73,54,47,24
3451,3451,60,84,70,17
3452,3452,51,58,44,578
3453,3453,33,27,77,656
3454,3454,48,81,41,696
3455,3455,49,68,37,366
3456,3456,35,42,44,457
3457,3457,45,77,49,358
3458,3458,71,85,91,381
3459,3459,50,57,33,696
3460,3460,84,78,92,296
3461,3461,78,81,72,253
3462,3462,49,53,40,703
3463,3463,50,40,22,625
3464,3464,32,64,34,76
3465,3465,48,47,39,277
3466,3466,63,68,53,504
3467,3467,75,70,95,492
3468,3468,51,60,59,643
3469,3469,40,54,35,355
3470,3470,59,48,34,3
3471,3471,42,58,73,498
3472,3472,30,20,84,81
3473,3473,23,40,94,423
3474,3474,23,40,76,292
3475,3475,70,56,51,329
3476,3476,55,31,32,637
3477,3477,44,55,37,75
3478,3478,45,40,33,372
3479,3479,69,71,72,116
3480,3480,47,63,59,727
3481,3481,62,53,56,35
3482,3482,52,45,57,586
3483,3483,35,49,55,600
3484,3484,65,52,30,505
3485,3485,48,54,55,217
3486,3486,64,91,92,325
3487,3487,75,62,58,665
3488,3488,48,75,58,27
3489,3489,30,52,40,379
3490,3490,43,32,54,90
3491,3491,54,70,65,100
3492,3492,73,81,89,95
3493,3493,30,43,80,395
3494,3494,51,64,46,175
3495,3495,25,41,37,693
3496,3496,55,67,52,323
3497,3497,36,62,54,523
3498,3498,51,42,55,278
3499,3499,33,50,52,519
3500,3500,48,32,43,489
3501,3501,62,52,37,161
3502,3502,75,46,48,621
3503,3503,35,44,82,443
3504,3504,28,42,28,439
3505,3505,59,61,47,148
3506,3506,80,87,82,196
3507,3507,49,56,46,284
3508,3508,66,88,70,361
3509,3509,39,46,38,339
3510,3510,47,67,59,373
3511,3511,25,32,91,353
3512,3512,76,86,69,188
3513,3513,67,86,71,655
3514,3514,60,76,68,497
3515,3515,25,41,94,269
3516,3516,18,24,70,307
3517,3517,68,79,72,544
3518,3518,88,85,66,61
3519,3519,20,27,87,618
3520,3520,55,67,47,2
3521,3521,34,46,27,254
3522,3522,44,44,40,302
3523,3523,50,56,55,581
3524,3524,30,34,45,557
3525,3525,42,40,32,284
3526,3526,35,58,53,424
3527,3527,22,51,48,90
3528,3528,40,67,37,470
3529,3529,14,35,87,214
3530,3530,56,53,42,241
3531,3531,28,50,35,201
3532,3532,79,82,69,114
3533,3533,86,83,68,178
3534,3534,72,72,89,542
3535,3535,40,69,30,206
3536,3536,67,93,81,603
3537,3537,70,82,44,648
3538,3538,48,64,52,388
3539,3539,35,61,51,383
3540,3540,31,38,92,666
3541,3541,56,59,68,595
3542,3542,30,50,40,425
3543,3543,66,74,56,231
3544,3544,84,78,88,614
3545,3545,55,67,52,350
3546,3546,43,68,37,617
3547,3547,54,70,22,264
3548,3548,71,80,44,279
3549,3549,69,76,90,521
3550,3550,75,61,72,620
3551,3551,52,68,59,126
3552,3552,48,46,29,666
3553,3553,33,52,55,325
3554,3554,30,40,57,346
3555,3555,34,47,37,527
3556,3556,79,46,34,383
3557,3557,32,26,79,339
3558,3558,75,66,40,723
3559,3559,35,58,25,673
3560,3560,18,40,80,127
3561,3561,32,60,57,442
3562,3562,28,26,79,708
3563,3563,21,42,20,649
3564,3564,74,90,66,480
3565,3565,24,66,38,90
3566,3566,49,55,46,472
3567,3567,72,54,58,515
3568,3568,68,79,66,667
3569,3569,87,87,90,387
3570,3570,58,64,34,622
3571,3571,60,68,72,32
3572,3572,48,44,33,579
3573,3573,78,95,95,313
3574,3574,27,61,38,293
3575,3575,80,58,34,678
3576,3576,60,55,32,127
3577,3577,31,48,63,359
3578,3578,57,61,26,254
3579,3579,19,23,70,290
3580,3580,80,83,71,620
3581,3581,11,35,81,55
3582,3582,24,34,71,483
3583,3583,39,54,47,339
3584,3584,76,75,95,560
3585,3585,30,60,46,726
3586,3586,53,67,23,130
3587,3587,69,84,71,302
3588,3588,32,63,41,78
3589,3589,33,38,77,8
3590,3590,71,91,72,423
3591,3591,53,48,56,403
3592,3592,67,53,41,478
3593,3593,75,78,75,720
3594,3594,21,48,90,554
3595,3595,51,79,61,702
3596,3596,14,43,88,487
3597,3597,46,64,47,290
3598,3598,39,68,51,232
3599,3599,38,68,57,157
3600,3600,45,42,31,707
3601,3601,80,95,92,600
3602,3602,43,62,30,209
3603,3603,79,73,71,675
3604,3604,40,54,40,468
3605,3605,53,58,30,493
3606,3606,71,80,93,717
3607,3607,24,33,86,332
3608,3608,37,31,48,625
3609,3609,26,42,94,664
3610,3610,46,69,41,473
3611,3611,69,61,53,501
3612,3612,46,58,53,220
3613,3613,32,37,88,465
3614,3614,60,71,47,549
3615,3615,79,78,89,523
3616,3616,89,76,93,108
3617,3617,34,54,60,685
3618,3618,33,62,55,290
3619,3619,53,61,50,526
3620,3620,49,53,49,424
3621,3621,59,74,68,657
3622,3622,76,70,63,604
3623,3623,39,59,55,481
3624,3624,24,22,77,505
3625,3625,83,85,72,675
3626,3626,34,62,35,61
3627,3627,77,55,59,29
3628,3628,49,50,32,4
3629,3629,60,57,21,188
3630,3630,43,68,67,472
3631,3631,58,42,40,533
3632,3632,48,43,46,326
3633,3633,55,63,57,615
3634,3634,31,47,94,185
3635,3635,46,62,50,257
3636,3636,55,50,41,706
3637,3637,75,47,37,271
3638,3638,47,42,26,28
3639,3639,30,63,59,445
3640,3640,36,52,38,383
3641,3641,31,24,78,536
3642,3642,65,81,52,589
3643,3643,34,42,55,569
3644,3644,90,74,78,335
3645,3645,60,31,48,704
3646,3646,68,82,85,463
3647,3647,46,59,52,179
3648,3648,52,42,43,104
3649,3649,19,29,94,67
3650,3650,48,63,35,486
3651,3651,59,50,28,320
3652,3652,36,58,33,578
3653,3653,81,95,76,306
3654,3654,20,36,26,427
3655,3655,45,70,27,706
3656,3656,48,68,43,625
3657,3657,64,55,53,276
3658,3658,49,46,48,722
3659,3659,88,75,87,396
3660,3660,73,53,50,475
3661,3661,41,63,43,10
3662,3662,19,27,79,243
3663,3663,42,64,65,660
3664,3664,37,59,31,605
3665,3665,15,37,74,392
3666,3666,39,46,65,679
3667,3667,39,35,25,129
3668,3668,76,70,36,175
3669,3669,61,75,91,398
3670,3670,47,52,50,123
3671,3671,25,49,35,662
3672,3672,63,50,60,409
3673,3673,37,59,51,1
3674,3674,80,45,36,426
3675,3675,22,33,81,507
3676,3676,58,79,50,153
3677,3677,65,52,33,523
3678,3678,20,33,88,25
3679,3679,30,30,94,192
3680,3680,32,63,49,445
3681,3681,45,56,30,498
3682,3682,64,77,56,38
3683,3683,49,56,56,369
3684,3684,61,83,70,232
3685,3685,42,47,53,79
3686,3686,51,47,33,608
3687,3687,73,42,48,433
3688,3688,34,31,73,28
3689,3689,80,55,54,169
3690,3690,26,43,58,605
3691,3691,26,47,89,417
3692,3692,58,47,48,44
3693,3693,45,68,48,216
3694,3694,53,57,39,593
3695,3695,71,77,83,721
3696,3696,55,51,65,338
3697,3697,81,76,85,538
3698,3698,56,66,42,714
3699,3699,63,52,72,205
3700,3700,75,49,39,380
3701,3701,84,90,73,131
3702,3702,67,82,90,545
3703,3703,23,66,31,642
3704,3704,31,42,88,115
3705,3705,58,51,21,608
3706,3706,66,79,73,560
3707,3707,37,31,58,359
3708,3708,53,55,30,638
3709,3709,63,75,56,549
3710,3710,39,66,49,22
3711,3711,51,70,43,675
3712,3712,40,63,47,195
3713,3713,32,32,84,516
3714,3714,52,54,44,626
3715,3715,34,39,93,710
3716,3716,23,66,36,22
3717,3717,51,58,38,27
3718,3718,50,63,41,429
3719,3719,55,72,48,316
3720,3720,46,61,44,597
3721,3721,51,32,46,584
3722,3722,61,70,73,366
3723,3723,76,95,85,465
3724,3724,22,34,78,458
3725,3725,44,43,22,716
3726,3726,30,46,91,187
3727,3727,26,47,50,375
3728,3728,85,89,81,509
3729,3729,54,67,73,708
3730,3730,63,51,32,161
3731,3731,53,43,49,39
3732,3732,59,52,47,100
3733,3733,35,62,47,567
3734,3734,60,47,30,544
3735,3735,58,59,55,27
3736,3736,52,55,44,331
3737,3737,71,54,41,473
3738,3738,62,85,59,564
3739,3739,41,65,40,490
3740,3740,55,44,49,566
3741,3741,21,33,83,48
3742,3742,47,60,36,333
3743,3743,10,21,91,361
3744,3744,45,66,59,23
3745,3745,18,31,91,578
3746,3746,40,65,39,626
3747,3747,72,65,46,33
3748,3748,80,95,76,387
3749,3749,44,42,29,222
3750,3750,46,44,40,372
3751,3751,66,80,58,471
3752,3752,72,95,80,628
3753,3753,49,44,25,659
3754,3754,47,74,35,409
3755,3755,28,63,41,197
3756,3756,66,43,57,58
3757,3757,43,59,49,37
3758,3758,25,34,80,437
3759,3759,69,66,55,543
3760,3760,51,59,31,351
3761,3761,35,68,43,649
3762,3762,40,66,42,133
3763,3763,72,82,59,387
3764,3764,72,95,83,417
3765,3765,60,89,75,339
3766,3766,72,78,44,386
3767,3767,27,29,70,401
3768,3768,86,81,94,370
3769,3769,62,40,48,366
3770,3770,33,44,89,157
3771,3771,60,43,25,557
3772,3772,78,74,81,91
3773,3773,72,73,42,602
3774,3774,27,57,32,92
3775,3775,73,58,48,590
3776,3776,36,44,47,696
3777,3777,58,44,34,109
3778,3778,24,34,75,80
3779,3779,59,51,51,34
3780,3780,67,91,87,183
3781,3781,72,72,67,60
3782,3782,70,51,58,216
3783,3783,48,42,37,586
3784,3784,26,52,51,658
3785,3785,38,50,50,465
3786,3786,42,79,70,95
3787,3787,40,43,55,598
3788,3788,36,51,52,74
3789,3789,47,55,49,426
3790,3790,52,70,57,412
3791,3791,61,47,33,174
3792,3792,74,81,69,626
3793,3793,10,25,74,685
3794,3794,51,50,39,13
3795,3795,50,65,47,241
3796,3796,62,93,82,261
3797,3797,84,78,69,379
3798,3798,76,65,72,326
3799,3799,74,75,69,131
3800,3800,74,88,91,452
3801,3801,62,77,88,44
3802,3802,28,56,31,299
3803,3803,30,63,45,480
3804,3804,74,59,60,683
3805,3805,68,68,68,117
3806,3806,32,30,48,369
3807,3807,46,57,42,533
3808,3808,14,36,86,115
3809,3809,54,57,74,415
3810,3810,23,27,82,597
3811,3811,56,59,53,320
3812,3812,73,73,89,93
3813,3813,23,61,42,471
3814,3814,80,78,76,535
3815,3815,65,65,43,130
3816,3816,51,34,42,33
3817,3817,21,41,89,126
3818,3818,36,42,43,699
3819,3819,72,79,79,366
3820,3820,64,71,43,58
3821,3821,29,44,47,286
3822,3822,43,67,63,573
3823,3823,80,92,80,258
3824,3824,42,53,41,27
3825,3825,39,49,32,684
3826,3826,73,80,67,506
3827,3827,45,82,49,173
3828,3828,51,56,34,472
3829,3829,29,58,30,543
3830,3830,52,51,64,225
3831,3831,53,70,41,510
3832,3832,71,52,47,305
3833,3833,53,41,55,707
3834,3834,17,37,87,229
3835,3835,45,56,33,217
3836,3836,38,52,29,131
3837,3837,41,40,49,346
3838,3838,49,58,74,116
3839,3839,85,86,66,705
3840,3840,12,39,83,54
3841,3841,46,58,36,328
3842,3842,50,42,30,191
3843,3843,79,67,63,620
3844,3844,68,59,32,634
3845,3845,65,58,38,79
3846,3846,64,76,82,60
3847,3847,79,70,73,499
3848,3848,51,65,51,355
3849,3849,45,56,75,64
3850,3850,47,65,37,227
3851,3851,25,49,75,422
3852,3852,53,46,43,395
3853,3853,73,70,40,30
3854,3854,59,54,39,692
3855,3855,47,54,52,473
3856,3856,28,47,35,647
3857,3857,51,35,41,515
3858,3858,37,57,32,469
3859,3859,34,31,84,164
3860,3860,25,47,58,228
3861,3861,30,44,45,534
3862,3862,29,52,60,305
3863,3863,52,45,54,409
3864,3864,40,52,39,583
3865,3865,12,29,70,24
3866,3866,77,78,89,99
3867,3867,33,36,85,420
3868,3868,20,46,87,276
3869,3869,60,46,36,510
3870,3870,73,76,56,39
3871,3871,68,56,57,470
3872,3872,49,59,46,168
3873,3873,14,28,95,155
3874,3874,41,69,40,365
3875,3875,84,74,73,516
3876,3876,34,69,53,69
3877,3877,75,74,48,541
3878,3878,62,74,78,415
3879,3879,58,63,56,281
3880,3880,66,66,55,678
3881,3881,25,59,41,540
3882,3882,34,47,20,183
3883,3883,58,62,48,7
3884,3884,60,67,60,322
3885,3885,60,61,32,723
3886,3886,51,65,56,151
3887,3887,36,43,45,516
3888,3888,46,60,38,646
3889,3889,47,47,37,14
3890,3890,49,52,51,453
3891,3891,52,52,53,243
3892,3892,62,58,57,597
3893,3893,45,72,51,228
3894,3894,63,82,69,237
3895,3895,47,43,20,479
3896,3896,90,80,78,489
3897,3897,86,71,84,97
3898,3898,59,66,57,489
3899,3899,67,46,31,158
3900,3900,27,37,94,595
3901,3901,27,32,83,645
3902,3902,56,60,42,497
3903,3903,46,63,31,308
3904,3904,28,47,58,525
3905,3905,55,50,75,5
3906,3906,45,50,41,414
3907,3907,34,20,83,434
3908,3908,57,75,57,277
3909,3909,80,75,56,582
3910,3910,24,43,84,241
3911,3911,75,42,45,393
3912,3912,36,44,34,121
3913,3913,68,65,65,183
3914,3914,82,81,67,170
3915,3915,28,48,35,78
3916,3916,45,66,36,259
3917,3917,48,49,63,297
3918,3918,52,56,28,127
3919,3919,34,35,83,56
3920,3920,55,67,37,607
3921,3921,13,36,85,368
3922,3922,48,67,55,117
3923,3923,11,25,75,102
3924,3924,37,42,37,197
3925,3925,40,57,32,614
3926,3926,53,59,31,365
3927,3927,31,42,48,182
3928,3928,69,90,91,399
3929,3929,67,82,62,700
3930,3930,21,59,44,165
3931,3931,54,32,41,415
3932,3932,54,58,40,415
3933,3933,84,94,95,255
3934,3934,81,90,75,389
3935,3935,40,65,48,287
3936,3936,57,54,53,271
3937,3937,63,75,66,504
3938,3938,44,67,56,45
3939,3939,66,74,93,612
3940,3940,41,61,52,600
3941,3941,85,70,95,24
3942,3942,74,85,86,62
3943,3943,87,87,68,251
3944,3944,49,68,37,448
3945,3945,81,72,84,44
3946,3946,30,47,40,611
3947,3947,46,81,65,508
3948,3948,61,60,59,288
3949,3949,51,53,50,49
3950,3950,24,55,34,76
3951,3951,69,81,73,622
3952,3952,32,56,37,216
3953,3953,79,80,70,127
3954,3954,42,62,34,313
3955,3955,55,50,33,239
3956,3956,21,41,76,725
3957,3957,74,51,64,262
3958,3958,76,64,54,219
3959,3959,60,86,77,301
3960,3960,87,77,66,581
3961,3961,78,65,46,306
3962,3962,33,42,70,515
3963,3963,54,81,75,404
3964,3964,41,55,51,36
3965,3965,29,20,82,105
3966,3966,62,60,58,201
3967,3967,47,56,33,323
3968,3968,46,59,64,544
3969,3969,63,76,75,649
3970,3970,44,57,55,115
3971,3971,11,34,71,335
3972,3972,24,22,82,288
3973,3973,43,60,50,674
3974,3974,80,95,95,35
3975,3975,46,42,44,29
3976,3976,73,56,39,197
3977,3977,41,45,30,243
3978,3978,40,52,43,45
3979,3979,75,68,56,284
3980,3980,80,84,94,23
3981,3981,54,46,32,11
3982,3982,40,47,49,190
3983,3983,68,71,67,111
3984,3984,62,66,73,703
3985,3985,44,67,27,231
3986,3986,42,65,73,125
3987,3987,79,47,44,315
3988,3988,12,21,85,479
3989,3989,88,74,75,148
3990,3990,49,44,33,573
3991,3991,31,65,37,210
3992,3992,64,77,88,555
3993,3993,44,55,43,513
3994,3994,31,56,42,367
3995,3995,59,71,46,58
3996,3996,35,21,80,340
3997,3997,71,92,69,34
3998,3998,43,70,50,410
3999,3999,38,42,37,402
4000,4000,23,28,87,236
4001,4001,13,46,85,362
4002,4002,30,48,52,569
4003,4003,62,87,72,287
4004,4004,55,76,53,382
4005,4005,21,50,76,639
4006,4006,47,62,68,15
4007,4007,16,46,85,655
4008,4008,62,68,36,443
4009,4009,14,32,84,502
4010,4010,18,36,86,50
4011,4011,78,76,87,57
4012,4012,37,58,33,158
4013,4013,28,49,81,5
4014,4014,49,57,48,410
4015,4015,51,31,34,220
4016,4016,73,79,43,235
4017,4017,36,48,30,33
4018,4018,51,59,46,474
4019,4019,74,84,88,163
4020,4020,53,43,40,633
4021,4021,42,69,57,12
4022,4022,10,46,86,308
4023,4023,35,40,39,369
4024,4024,27,34,28,253
4025,4025,48,59,24,713
4026,4026,89,94,81,144
4027,4027,30,43,51,566
4028,4028,78,93,66,426
4029,4029,52,83,48,533
4030,4030,79,84,72,41
4031,4031,60,47,46,484
4032,4032,74,70,45,154
4033,4033,29,48,83,672
4034,4034,40,48,50,469
4035,4035,62,71,78,696
4036,4036,11,48,72,115
4037,4037,34,56,30,158
4038,4038,48,40,58,606
4039,4039,34,50,55,19
4040,4040,46,48,59,37
4041,4041,53,54,48,329
4042,4042,34,49,23,31
4043,4043,59,55,54,564
4044,4044,81,91,70,353
4045,4045,41,64,51,438
4046,4046,81,93,82,13
4047,4047,26,65,31,692
4048,4048,55,48,44,544
4049,4049,51,53,42,69
4050,4050,44,45,33,458
4051,4051,39,55,39,697
4052,4052,54,52,65,318
4053,4053,67,70,78,720
4054,4054,26,45,55,680
4055,4055,73,77,72,336
4056,4056,13,43,78,24
4057,4057,76,68,55,99
4058,4058,73,55,47,602
4059,4059,14,23,77,245
4060,4060,37,67,35,304
4061,4061,77,64,58,330
4062,4062,20,50,78,661
4063,4063,60,49,35,311
4064,4064,62,73,72,670
4065,4065,52,46,52,532
4066,4066,47,75,44,648
4067,4067,73,62,44,10
4068,4068,36,51,59,191
4069,4069,24,61,59,575
4070,4070,54,33,21,34
4071,4071,67,83,61,600
4072,4072,78,68,58,94
4073,4073,44,47,46,56
4074,4074,55,79,68,306
4075,4075,43,43,59,26
4076,4076,35,47,45,80
4077,4077,62,45,38,376
4078,4078,44,43,45,615
4079,4079,42,57,59,679
4080,4080,56,56,29,288
4081,4081,58,55,35,640
4082,4082,49,61,58,401
4083,4083,70,63,48,460
4084,4084,59,55,37,504
4085,4085,72,60,52,502
4086,4086,32,67,33,202
4087,4087,28,42,70,46
4088,4088,39,60,47,241
4089,4089,79,78,85,418
4090,4090,46,45,43,531
4091,4091,22,47,83,155
4092,4092,68,93,66,99
4093,4093,75,46,43,253
4094,4094,47,44,52,669
4095,4095,10,28,88,386
4096,4096,69,80,53,446
4097,4097,42,55,40,375
4098,4098,17,25,80,30
4099,4099,37,64,30,191
4100,4100,50,67,40,454
4101,4101,30,44,78,608
4102,4102,54,45,38,592
4103,4103,16,37,92,500
4104,4104,76,73,37,488
4105,4105,60,76,95,375
4106,4106,41,48,42,546
4107,4107,48,54,26,17
4108,4108,32,47,63,539
4109,4109,54,62,60,405
4110,4110,69,52,45,647
4111,4111,48,66,37,283
4112,4112,52,54,51,539
4113,4113,31,61,62,371
4114,4114,40,65,54,39
4115,4115,76,63,72,50
4116,4116,21,39,39,361
4117,4117,49,57,55,488
4118,4118,47,35,23,319
4119,4119,47,70,54,276
4120,4120,33,66,50,83
4121,4121,45,69,35,303
4122,4122,62,72,79,692
4123,4123,40,38,56,701
4124,4124,67,80,93,350
4125,4125,62,70,73,86
4126,4126,40,67,68,107
4127,4127,48,38,35,619
4128,4128,31,45,36,373
4129,4129,30,69,26,338
4130,4130,53,47,37,67
4131,4131,52,42,31,440
4132,4132,18,25,74,520
4133,4133,29,33,91,671
4134,4134,36,63,51,647
4135,4135,34,36,22,629
4136,4136,53,68,31,8
4137,4137,33,52,47,682
4138,4138,61,86,81,288
4139,4139,80,63,48,581
4140,4140,86,92,93,656
4141,4141,73,67,74,297
4142,4142,34,56,32,139
4143,4143,68,95,84,446
4144,4144,24,20,72,330
4145,4145,27,42,83,421
4146,4146,71,48,39,435
4147,4147,60,40,51,372
4148,4148,56,62,53,307
4149,4149,56,55,60,198
4150,4150,10,48,71,295
4151,4151,59,58,42,357
4152,4152,19,24,89,655
4153,4153,61,53,46,187
4154,4154,86,79,94,354
4155,4155,51,59,20,474
4156,4156,19,28,78,542
4157,4157,51,51,41,22
4158,4158,30,46,44,435
4159,4159,51,70,58,138
4160,4160,54,47,35,338
4161,4161,48,54,75,273
4162,4162,79,60,30,77
4163,4163,38,58,35,553
4164,4164,30,49,93,405
4165,4165,60,86,65,144
4166,4166,34,63,55,697
4167,4167,60,89,68,461
4168,4168,49,42,34,312
4169,4169,62,88,65,267
4170,4170,56,43,47,17
4171,4171,42,62,28,519
4172,4172,82,78,83,517
4173,4173,10,20,92,304
4174,4174,31,36,78,253
4175,4175,85,89,78,505
4176,4176,74,70,48,709
4177,4177,66,86,69,517
4178,4178,31,46,44,612
4179,4179,26,60,59,289
4180,4180,32,23,78,83
4181,4181,56,64,30,621
4182,4182,37,44,51,712
4183,4183,24,50,38,711
4184,4184,74,55,65,211
4185,4185,58,66,48,65
4186,4186,18,21,84,146
4187,4187,58,62,50,705
4188,4188,22,30,73,277
4189,4189,45,45,60,81
4190,4190,51,68,48,398
4191,4191,43,68,60,406
4192,4192,53,38,48,104
4193,4193,25,47,75,195
4194,4194,65,46,46,727
4195,4195,22,47,86,176
4196,4196,23,37,73,526
4197,4197,45,72,45,728
4198,4198,70,58,50,303
4199,4199,35,28,94,282
4200,4200,56,47,52,108
4201,4201,27,28,71,471
4202,4202,31,43,79,582
4203,4203,23,49,52,295
4204,4204,42,62,34,422
4205,4205,44,45,49,40
4206,4206,61,64,51,353
4207,4207,42,69,56,433
4208,4208,68,65,53,700
4209,4209,76,75,87,594
4210,4210,66,43,49,447
4211,4211,32,55,53,207
4212,4212,36,49,54,721
4213,4213,47,46,41,281
4214,4214,53,65,43,216
4215,4215,21,34,91,717
4216,4216,49,46,44,330
4217,4217,32,46,60,490
4218,4218,59,49,25,175
4219,4219,52,52,73,188
4220,4220,53,59,54,671
4221,4221,38,62,36,517
4222,4222,10,45,72,545
4223,4223,61,64,49,287
4224,4224,74,54,47,296
4225,4225,51,51,53,542
4226,4226,42,50,25,546
4227,4227,78,72,82,517
4228,4228,55,56,48,542
4229,4229,45,42,51,609
4230,4230,89,74,87,7
4231,4231,60,47,41,165
4232,4232,56,63,51,35
4233,4233,66,40,43,262
4234,4234,38,50,35,34
4235,4235,28,25,85,360
4236,4236,51,44,50,367
4237,4237,41,42,34,409
4238,4238,23,23,76,708
4239,4239,31,43,37,581
4240,4240,28,29,86,130
4241,4241,33,50,35,473
4242,4242,60,41,50,643
4243,4243,42,51,52,585
4244,4244,60,51,31,180
4245,4245,74,60,73,666
4246,4246,57,73,71,653
4247,4247,53,77,50,407
4248,4248,11,30,78,298
4249,4249,47,68,28,439
4250,4250,41,58,45,467
4251,4251,51,60,53,397
4252,4252,56,56,45,85
4253,4253,40,57,25,302
4254,4254,62,93,93,361
4255,4255,10,30,87,673
4256,4256,38,55,24,442
4257,4257,44,66,40,598
4258,4258,55,61,39,205
4259,4259,32,44,49,699
4260,4260,35,66,45,253
4261,4261,46,51,38,590
4262,4262,48,49,55,147
4263,4263,41,48,50,693
4264,4264,51,65,31,161
4265,4265,34,70,48,49
4266,4266,73,69,40,611
4267,4267,48,52,33,694
4268,4268,34,33,54,638
4269,4269,39,36,59,675
4270,4270,74,81,60,41
4271,4271,72,82,58,279
4272,4272,51,85,48,529
4273,4273,61,48,35,535
4274,4274,33,40,28,100
4275,4275,82,88,95,29
4276,4276,39,60,56,53
4277,4277,35,50,48,271
4278,4278,60,51,45,339
4279,4279,35,49,91,443
4280,4280,37,36,59,692
4281,4281,26,26,87,148
4282,4282,53,57,36,167
4283,4283,52,67,57,261
4284,4284,43,36,41,209
4285,4285,68,50,45,282
4286,4286,11,29,91,146
4287,4287,30,41,20,607
4288,4288,22,23,86,49
4289,4289,54,34,25,155
4290,4290,62,58,34,130
4291,4291,54,60,48,104
4292,4292,24,69,59,249
4293,4293,47,79,72,495
4294,4294,56,53,48,495
4295,4295,63,64,52,97
4296,4296,35,49,71,339
4297,4297,59,38,32,572
4298,4298,56,61,44,648
4299,4299,79,94,94,504
4300,4300,46,76,53,102
4301,4301,78,91,90,89
4302,4302,88,77,73,449
4303,4303,68,69,66,154
4304,4304,71,73,74,287
4305,4305,82,94,82,627
4306,4306,77,54,30,2
4307,4307,36,51,33,679
4308,4308,65,89,90,478
4309,4309,53,50,60,400
4310,4310,44,52,63,218
4311,4311,85,95,91,292
4312,4312,15,29,95,293
4313,4313,64,51,55,368
4314,4314,38,62,51,250
4315,4315,25,41,39,620
4316,4316,46,62,50,581
4317,4317,56,38,45,698
4318,4318,77,94,82,373
4319,4319,63,84,79,709
4320,4320,60,41,55,427
4321,4321,48,49,40,38
4322,4322,66,74,80,634
4323,4323,21,44,87,96
4324,4324,57,68,45,682
4325,4325,18,28,81,304
4326,4326,40,60,49,80
4327,4327,52,56,35,199
4328,4328,39,52,33,702
4329,4329,52,69,36,582
4330,4330,62,87,86,249
4331,4331,50,46,47,342
4332,4332,14,29,93,382
4333,4333,67,90,67,492
4334,4334,18,37,91,615
4335,4335,14,26,92,337
4336,4336,29,61,61,434
4337,4337,42,41,38,510
4338,4338,31,52,56,444
4339,4339,78,80,87,16
4340,4340,26,37,43,251
4341,4341,79,68,66,413
4342,4342,46,54,35,170
4343,4343,41,69,46,87
4344,4344,20,63,36,135
4345,4345,32,70,48,651
4346,4346,63,78,53,315
4347,4347,41,40,35,188
4348,4348,86,91,76,540
4349,4349,48,55,45,375
4350,4350,88,89,77,269
4351,4351,65,67,51,704
4352,4352,21,23,82,651
4353,4353,46,49,50,194
4354,4354,77,95,75,574
4355,4355,54,76,74,479
4356,4356,60,40,53,545
4357,4357,40,63,58,308
4358,4358,86,74,71,383
4359,4359,24,65,30,504
4360,4360,54,52,34,132
4361,4361,68,61,36,258
4362,4362,68,60,60,513
4363,4363,45,55,53,253
4364,4364,25,33,72,55
4365,4365,85,85,72,375
4366,4366,53,62,37,64
4367,4367,45,65,37,17
4368,4368,46,61,37,626
4369,4369,55,74,60,98
4370,4370,49,46,51,154
4371,4371,64,84,89,342
4372,4372,27,48,43,296
4373,4373,73,88,91,704
4374,4374,50,65,64,618
4375,4375,26,40,90,576
4376,4376,21,32,74,297
4377,4377,70,61,63,503
4378,4378,40,68,60,663
4379,4379,61,72,60,484
4380,4380,60,60,34,242
4381,4381,36,50,52,39
4382,4382,55,64,75,618
4383,4383,68,50,44,692
4384,4384,58,63,44,361
4385,4385,73,74,91,324
4386,4386,38,41,34,569
4387,4387,63,61,45,223
4388,4388,54,58,71,502
4389,4389,70,93,69,187
4390,4390,34,58,46,258
4391,4391,75,54,53,252
4392,4392,29,45,93,122
4393,4393,88,80,70,101
4394,4394,39,54,31,517
4395,4395,45,59,48,259
4396,4396,84,95,65,308
4397,4397,50,42,54,444
4398,4398,57,67,35,558
4399,4399,35,69,44,569
4400,4400,20,40,36,209
4401,4401,73,45,49,322
4402,4402,39,48,45,375
4403,4403,68,76,89,294
4404,4404,57,44,33,500
4405,4405,33,58,37,628
4406,4406,70,52,66,721
4407,4407,13,28,91,420
4408,4408,46,73,38,433
4409,4409,53,57,56,475
4410,4410,48,60,48,315
4411,4411,49,58,45,218
4412,4412,55,54,31,55
4413,4413,33,62,50,519
4414,4414,31,44,40,322
4415,4415,19,42,82,537
4416,4416,31,69,36,381
4417,4417,26,58,36,168
4418,4418,15,50,86,165
4419,4419,45,54,25,469
4420,4420,53,46,23,56
4421,4421,33,36,21,24
4422,4422,43,81,71,637
4423,4423,42,55,52,674
4424,4424,71,68,44,560
4425,4425,40,63,32,293
4426,4426,39,43,48,506
4427,4427,53,51,60,384
4428,4428,80,93,87,513
4429,4429,74,66,63,123
4430,4430,24,58,22,240
4431,4431,40,80,57,396
4432,4432,39,50,39,635
4433,4433,32,44,25,423
4434,4434,42,67,49,278
4435,4435,35,56,26,656
4436,4436,34,64,41,477
4437,4437,51,57,63,508
4438,4438,78,88,71,661
4439,4439,80,57,35,174
4440,4440,28,36,72,400
4441,4441,45,47,57,127
4442,4442,48,64,62,502
4443,4443,46,82,69,178
4444,4444,38,64,46,286
4445,4445,29,40,30,708
4446,4446,23,35,90,331
4447,4447,30,63,48,201
4448,4448,34,26,79,113
4449,4449,84,85,85,660
4450,4450,42,68,62,484
4451,4451,53,52,56,662
4452,4452,52,77,68,589
4453,4453,58,78,61,207
4454,4454,25,33,81,192
4455,4455,48,53,43,290
4456,4456,41,42,30,147
4457,4457,35,42,74,62
4458,4458,22,25,75,80
4459,4459,60,92,78,56
4460,4460,31,65,39,85
4461,4461,58,53,43,509
4462,4462,64,72,31,482
4463,4463,24,42,55,51
4464,4464,72,86,88,412
4465,4465,50,31,54,342
4466,4466,47,47,49,468
4467,4467,39,40,51,4
4468,4468,38,47,50,397
4469,4469,11,37,70,270
4470,4470,56,58,40,397
4471,4471,47,47,33,316
4472,4472,30,38,82,297
4473,4473,28,64,46,617
4474,4474,42,59,52,171
4475,4475,33,58,29,496
4476,4476,79,83,85,339
4477,4477,61,95,74,205
4478,4478,40,53,41,46
4479,4479,44,63,41,362
4480,4480,22,21,72,446
4481,4481,66,76,74,306
4482,4482,68,87,94,309
4483,4483,39,60,44,470
4484,4484,47,67,38,157
4485,4485,84,83,87,297
4486,4486,61,88,75,695
4487,4487,67,41,40,161
4488,4488,85,85,70,326
4489,4489,31,63,49,266
4490,4490,49,79,68,681
4491,4491,52,68,39,10
4492,4492,33,50,72,241
4493,4493,55,49,35,700
4494,4494,54,69,57,170
4495,4495,53,71,40,503
4496,4496,70,47,42,232
4497,4497,45,58,58,177
4498,4498,26,55,39,650
4499,4499,25,70,41,412
4500,4500,33,33,74,591
4501,4501,45,47,46,486
4502,4502,12,23,78,119
4503,4503,30,46,57,612
4504,4504,50,76,63,596
4505,4505,30,47,51,668
4506,4506,16,25,93,218
4507,4507,68,89,74,381
4508,4508,16,35,89,567
4509,4509,48,44,30,195
4510,4510,60,75,85,2
4511,4511,19,34,94,576
4512,4512,72,59,56,519
4513,4513,77,63,53,409
4514,4514,23,56,46,144
4515,4515,65,58,40,453
4516,4516,25,68,34,718
4517,4517,51,46,46,657
4518,4518,80,70,76,12
4519,4519,79,68,62,392
4520,4520,16,27,78,294
4521,4521,56,79,68,104
4522,4522,39,56,43,227
4523,4523,32,62,30,203
4524,4524,69,84,81,444
4525,4525,35,28,73,342
4526,4526,41,71,66,661
4527,4527,21,40,74,491
4528,4528,71,61,42,640
4529,4529,68,85,68,316
4530,4530,39,66,31,422
4531,4531,58,53,55,335
4532,4532,38,48,30,695
4533,4533,45,41,60,216
4534,4534,40,32,48,78
4535,4535,89,93,92,717
4536,4536,79,74,58,535
4537,4537,55,55,40,716
4538,4538,61,73,83,120
4539,4539,29,58,23,251
4540,4540,39,50,44,568
4541,4541,12,33,84,635
4542,4542,23,27,75,705
4543,4543,69,95,74,668
4544,4544,45,51,50,320
4545,4545,45,54,34,182
4546,4546,25,41,79,175
4547,4547,36,51,36,368
4548,4548,52,49,47,282
4549,4549,62,75,66,269
4550,4550,67,85,63,364
4551,4551,57,69,39,28
4552,4552,62,67,66,353
4553,4553,23,33,84,129
4554,4554,48,75,38,188
4555,4555,77,64,49,587
4556,4556,48,55,53,270
4557,4557,85,71,82,198
4558,4558,54,64,42,633
4559,4559,75,92,94,381
4560,4560,52,57,31,544
4561,4561,61,67,52,465
4562,4562,66,92,81,623
4563,4563,42,81,55,460
4564,4564,81,92,92,713
4565,4565,25,69,53,33
4566,4566,79,78,84,284
4567,4567,31,51,39,598
4568,4568,44,62,26,583
4569,4569,50,66,58,717
4570,4570,46,33,55,472
4571,4571,76,71,42,99
4572,4572,16,31,92,33
4573,4573,54,34,35,669
4574,4574,53,47,55,206
4575,4575,32,47,39,195
4576,4576,46,63,63,622
4577,4577,30,58,42,633
4578,4578,75,50,54,594
4579,4579,61,89,73,182
4580,4580,69,71,48,91
4581,4581,36,69,45,393
4582,4582,40,47,39,492
4583,4583,46,73,59,226
4584,4584,18,34,91,693
4585,4585,41,66,35,38
4586,4586,10,33,76,198
4587,4587,59,73,57,384
4588,4588,54,66,55,237
4589,4589,23,42,45,286
4590,4590,45,60,32,388
4591,4591,87,93,69,373
4592,4592,89,80,95,424
4593,4593,61,54,58,723
4594,4594,55,85,62,344
4595,4595,68,44,35,715
4596,4596,37,45,54,317
4597,4597,28,70,64,476
4598,4598,33,38,88,457
4599,4599,75,72,36,179
4600,4600,73,81,64,48
4601,4601,25,48,57,224
4602,4602,77,84,73,620
4603,4603,49,63,50,373
4604,4604,12,33,89,567
4605,4605,26,57,54,636
4606,4606,76,52,59,204
4607,4607,73,68,73,384
4608,4608,65,72,76,298
4609,4609,69,72,93,446
4610,4610,90,78,77,590
4611,4611,47,47,50,511
4612,4612,56,51,38,404
4613,4613,76,82,81,30
4614,4614,24,64,36,729
4615,4615,68,57,30,208
4616,4616,55,70,34,167
4617,4617,56,85,57,436
4618,4618,26,48,34,405
4619,4619,84,93,87,313
4620,4620,39,66,52,76
4621,4621,63,50,32,204
4622,4622,29,35,70,419
4623,4623,64,66,43,125
4624,4624,57,65,49,11
4625,4625,65,64,72,636
4626,4626,31,30,90,456
4627,4627,53,83,75,160
4628,4628,28,30,86,127
4629,4629,80,44,60,45
4630,4630,79,82,89,116
4631,4631,57,40,40,427
4632,4632,62,50,60,443
4633,4633,43,72,69,622
4634,4634,83,83,85,303
4635,4635,59,60,44,402
4636,4636,48,44,65,404
4637,4637,59,52,31,711
4638,4638,43,74,51,490
4639,4639,64,56,57,430
4640,4640,62,65,33,611
4641,4641,62,44,57,623
4642,4642,39,63,37,306
4643,4643,82,78,93,635
4644,4644,62,79,86,247
4645,4645,11,23,87,73
4646,4646,55,60,43,3
4647,4647,73,73,72,367
4648,4648,42,54,53,720
4649,4649,56,66,54,337
4650,4650,51,64,61,235
4651,4651,57,63,56,203
4652,4652,24,26,95,467
4653,4653,55,53,58,291
4654,4654,40,63,27,651
4655,4655,30,44,76,55
4656,4656,26,36,78,608
4657,4657,27,65,52,668
4658,4658,51,79,54,495
4659,4659,32,38,22,670
4660,4660,11,27,87,191
4661,4661,49,40,42,318
4662,4662,33,20,93,128
4663,4663,73,55,50,721
4664,4664,25,24,89,594
4665,4665,32,42,31,127
4666,4666,36,57,48,50
4667,4667,26,32,94,70
4668,4668,72,53,40,95
4669,4669,31,66,36,13
4670,4670,15,46,76,334
4671,4671,56,52,73,655
4672,4672,85,77,81,248
4673,4673,30,69,43,514
4674,4674,52,83,71,173
4675,4675,72,84,92,672
4676,4676,67,57,64,63
4677,4677,60,76,47,371
4678,4678,47,48,50,323
4679,4679,20,39,70,243
4680,4680,66,74,43,154
4681,4681,38,58,38,388
4682,4682,34,43,48,289
4683,4683,82,77,83,446
4684,4684,44,60,50,668
4685,4685,49,46,55,166
4686,4686,74,67,48,22
4687,4687,33,47,23,649
4688,4688,42,73,74,457
4689,4689,38,61,61,173
4690,4690,76,90,92,60
4691,4691,53,74,49,480
4692,4692,39,46,55,681
4693,4693,79,71,57,613
4694,4694,77,80,69,310
4695,4695,11,32,77,472
4696,4696,68,95,79,310
4697,4697,32,50,75,120
4698,4698,31,43,26,470
4699,4699,54,55,43,684
4700,4700,32,36,70,372
4701,4701,56,59,37,185
4702,4702,22,38,76,332
4703,4703,40,41,45,682
4704,4704,20,38,36,387
4705,4705,25,49,36,9
4706,4706,32,40,50,64
4707,4707,58,37,55,326
4708,4708,70,78,87,676
4709,4709,38,58,32,33
4710,4710,35,62,54,40
4711,4711,26,41,53,188
4712,4712,62,79,70,370
4713,4713,53,73,48,197
4714,4714,56,66,27,537
4715,4715,35,68,21,679
4716,4716,36,68,34,675
4717,4717,57,56,34,326
4718,4718,12,24,71,201
4719,4719,72,81,86,667
4720,4720,42,57,33,360
4721,4721,13,42,77,90
4722,4722,81,74,74,124
4723,4723,57,67,26,277
4724,4724,49,59,45,311
4725,4725,35,37,88,251
4726,4726,45,52,26,158
4727,4727,22,31,88,404
4728,4728,30,47,44,373
4729,4729,24,34,85,142
4730,4730,59,64,49,613
4731,4731,78,85,95,645
4732,4732,48,50,51,354
4733,4733,30,70,38,480
4734,4734,57,62,61,25
4735,4735,60,40,39,201
4736,4736,75,67,41,147
4737,4737,51,64,51,254
4738,4738,42,65,36,104
4739,4739,77,70,58,306
4740,4740,78,66,44,728
4741,4741,43,65,51,188
4742,4742,36,55,46,109
4743,4743,58,48,24,45
4744,4744,81,92,76,246
4745,4745,47,65,60,164
4746,4746,57,60,43,67
4747,4747,45,75,47,149
4748,4748,64,77,94,635
4749,4749,39,47,30,336
4750,4750,79,70,71,208
4751,4751,63,48,53,451
4752,4752,24,27,79,490
4753,4753,19,34,83,616
4754,4754,40,66,58,483
4755,4755,10,34,79,604
4756,4756,55,84,50,722
4757,4757,75,83,76,636
4758,4758,79,82,43,189
4759,4759,31,34,75,404
4760,4760,59,53,36,579
4761,4761,26,60,40,258
4762,4762,53,44,49,327
4763,4763,26,62,41,510
4764,4764,30,60,45,500
4765,4765,52,53,38,29
4766,4766,50,32,48,504
4767,4767,33,54,26,239
4768,4768,41,83,70,135
4769,4769,12,26,93,14
4770,4770,48,44,31,277
4771,4771,26,58,46,259
4772,4772,83,91,80,521
4773,4773,41,50,54,327
4774,4774,58,60,44,211
4775,4775,44,69,54,327
4776,4776,12,50,95,713
4777,4777,51,37,33,318
4778,4778,47,44,56,474
4779,4779,81,86,91,395
4780,4780,35,59,31,481
4781,4781,31,40,60,296
4782,4782,69,85,86,427
4783,4783,45,63,47,620
4784,4784,46,31,43,464
4785,4785,12,44,86,536
4786,4786,69,71,32,395
4787,4787,66,76,93,16
4788,4788,47,62,48,94
4789,4789,38,66,53,504
4790,4790,54,54,52,99
4791,4791,70,86,90,603
4792,4792,50,83,53,308
4793,4793,15,46,89,55
4794,4794,54,61,47,69
4795,4795,24,35,82,50
4796,4796,25,57,45,579
4797,4797,66,80,58,271
4798,4798,47,59,34,141
4799,4799,82,89,92,452
4800,4800,50,31,22,114
4801,4801,37,62,27,222
4802,4802,22,41,80,441
4803,4803,56,48,58,194
4804,4804,52,66,42,683
4805,4805,10,27,76,392
4806,4806,45,50,40,191
4807,4807,50,84,45,71
4808,4808,39,51,45,663
4809,4809,54,51,40,461
4810,4810,26,67,47,427
4811,4811,54,70,55,389
4812,4812,32,47,21,665
4813,4813,64,46,60,720
4814,4814,32,59,37,730
4815,4815,58,32,31,682
4816,4816,68,60,30,575
4817,4817,30,63,52,487
4818,4818,30,54,56,666
4819,4819,49,44,22,694
4820,4820,57,59,61,470
4821,4821,57,69,26,525
4822,4822,67,41,30,228
4823,4823,79,71,64,394
4824,4824,55,70,45,571
4825,4825,26,35,53,114
4826,4826,50,69,42,321
4827,4827,70,73,33,443
4828,4828,42,50,37,443
4829,4829,62,74,93,393
4830,4830,42,50,51,263
4831,4831,75,65,53,101
4832,4832,57,74,61,575
4833,4833,16,45,94,485
4834,4834,65,75,54,301
4835,4835,82,78,75,515
4836,4836,49,61,41,716
4837,4837,63,75,42,556
4838,4838,40,41,31,620
4839,4839,20,21,89,2
4840,4840,40,40,29,161
4841,4841,16,24,78,724
4842,4842,64,62,45,706
4843,4843,77,93,66,229
4844,4844,38,52,40,257
4845,4845,12,45,79,32
4846,4846,70,44,34,460
4847,4847,26,65,61,319
4848,4848,22,36,55,566
4849,4849,12,31,80,622
4850,4850,55,51,52,430
4851,4851,33,62,42,366
4852,4852,30,64,47,518
4853,4853,70,92,92,682
4854,4854,21,30,71,201
4855,4855,34,70,46,704
4856,4856,36,49,26,34
4857,4857,34,54,63,353
4858,4858,47,66,63,280
4859,4859,23,23,93,540
4860,4860,41,54,45,382
4861,4861,47,70,35,167
4862,4862,51,67,50,126
4863,4863,39,63,48,662
4864,4864,19,25,86,177
4865,4865,33,41,33,688
4866,4866,62,51,46,517
4867,4867,13,41,80,615
4868,4868,27,70,33,472
4869,4869,12,35,76,118
4870,4870,46,39,43,442
4871,4871,57,50,48,303
4872,4872,67,53,47,438
4873,4873,45,40,52,621
4874,4874,50,40,31,704
4875,4875,45,43,52,131
4876,4876,64,45,55,319
4877,4877,77,82,67,359
4878,4878,53,59,58,309
4879,4879,64,68,39,89
4880,4880,24,32,77,340
4881,4881,63,59,41,336
4882,4882,38,50,46,135
4883,4883,38,57,35,27
4884,4884,26,57,34,385
4885,4885,46,62,31,360
4886,4886,41,56,35,480
4887,4887,33,45,58,566
4888,4888,63,47,33,153
4889,4889,47,62,25,533
4890,4890,50,44,30,369
4891,4891,89,89,66,236
4892,4892,28,69,56,272
4893,4893,80,85,78,710
4894,4894,33,45,47,550
4895,4895,52,64,22,435
4896,4896,52,61,39,318
4897,4897,79,85,94,350
4898,4898,77,82,87,473
4899,4899,26,57,23,264
4900,4900,36,66,49,441
4901,4901,64,91,70,568
4902,4902,53,69,56,482
4903,4903,82,80,83,553
4904,4904,27,54,39,401
4905,4905,63,72,88,579
4906,4906,81,78,71,713
4907,4907,17,50,85,566
4908,4908,55,61,50,355
4909,4909,53,57,40,175
4910,4910,44,62,55,314
4911,4911,71,78,57,551
4912,4912,89,77,85,661
4913,4913,53,68,38,476
4914,4914,64,73,50,181
4915,4915,47,46,52,57
4916,4916,60,52,31,305
4917,4917,36,41,38,18
4918,4918,35,56,48,538
4919,4919,63,93,71,155
4920,4920,46,61,44,647
4921,4921,55,41,39,448
4922,4922,53,50,52,680
4923,4923,57,49,47,304
4924,4924,33,23,75,48
4925,4925,21,31,75,95
4926,4926,74,73,45,119
4927,4927,29,53,55,95
4928,4928,74,79,73,274
4929,4929,10,42,85,730
4930,4930,54,47,51,510
4931,4931,60,93,71,120
4932,4932,45,56,49,524
4933,4933,39,42,55,654
4934,4934,76,79,79,131
4935,4935,51,74,40,461
4936,4936,21,43,20,42
4937,4937,33,55,49,143
4938,4938,52,47,34,81
4939,4939,40,45,47,255
4940,4940,30,68,45,145
4941,4941,33,48,23,132
4942,4942,56,44,48,126
4943,4943,54,70,58,218
4944,4944,80,62,58,682
4945,4945,68,66,50,160
4946,4946,48,66,58,276
4947,4947,34,64,38,396
4948,4948,79,56,65,36
4949,4949,70,78,71,332
4950,4950,74,70,92,485
4951,4951,52,78,49,162
4952,4952,15,47,82,607
4953,4953,38,65,49,559
4954,4954,27,59,58,401
4955,4955,42,46,27,425
4956,4956,85,90,66,459
4957,4957,30,46,75,101
4958,4958,27,67,48,620
4959,4959,30,66,55,728
4960,4960,28,36,60,262
4961,4961,30,49,59,323
4962,4962,21,38,37,531
4963,4963,28,36,90,119
4964,4964,24,21,70,350
4965,4965,60,59,25,59
4966,4966,34,44,81,460
4967,4967,74,83,95,609
4968,4968,64,78,71,546
4969,4969,76,70,65,572
4970,4970,48,44,46,74
4971,4971,81,80,65,598
4972,4972,49,58,25,553
4973,4973,48,51,60,21
4974,4974,69,59,55,397
4975,4975,24,36,47,258
4976,4976,65,70,44,72
4977,4977,62,60,47,106
4978,4978,19,35,71,393
4979,4979,65,92,70,729
4980,4980,65,54,50,532
4981,4981,21,39,58,234
4982,4982,38,69,20,364
4983,4983,59,64,53,56
4984,4984,46,44,30,616
4985,4985,54,70,30,430
4986,4986,50,56,40,292
4987,4987,48,65,42,443
4988,4988,41,30,49,301
4989,4989,66,55,68,377
4990,4990,80,73,71,71
4991,4991,34,52,33,364
4992,4992,35,63,20,382
4993,4993,65,61,43,313
4994,4994,66,85,69,532
4995,4995,74,73,73,148
4996,4996,71,50,37,631
4997,4997,48,69,57,631
4998,4998,35,42,64,723
4999,4999,45,70,43,81
5000,5000,31,24,90,400
