server_id,hostname,operating_system,environment,server_type,location,owner_team,created_date
1,WEB001,Windows Server 2019,Production,Web Server,Chennai,Linux Team,2026-07-25
2,DB001,Ubuntu 22.04,Production,Database Server,Chennai,Database Team,2026-07-25
3,FILE001,Ubuntu 22.04,Production,File Server,Hyderabad,Windows Team,2026-07-25
4,WEB002,RHEL 9,Development,Web Server,Bangalore,Linux Team,2026-07-25
5,AUTH001,RHEL 8,Development,Authentication Server,Chennai,Security Team,2026-07-25
6,FILE002,RHEL 8,Production,File Server,Mumbai,Windows Team,2026-07-25
7,WEB003,RHEL 8,Development,Web Server,Chennai,Linux Team,2026-07-25
8,FILE003,Ubuntu 22.04,UAT,File Server,Bangalore,Windows Team,2026-07-25
9,MAIL001,RHEL 8,Testing,Mail Server,Hyderabad,Messaging Team,2026-07-25
10,DB002,RHEL 8,Production,Database Server,Bangalore,Database Team,2026-07-25
11,APP001,Ubuntu 22.04,Production,Application Server,Bangalore,Infrastructure Team,2026-07-25
12,MAIL002,Windows Server 2022,Development,Mail Server,Hyderabad,Messaging Team,2026-07-25
13,APP002,RHEL 9,Development,Application Server,Chennai,Infrastructure Team,2026-07-25
14,MAIL003,RHEL 8,Production,Mail Server,Bangalore,Messaging Team,2026-07-25
15,AUTH002,Ubuntu 22.04,Testing,Authentication Server,Pune,Security Team,2026-07-25
16,DB003,Ubuntu 22.04,Production,Database Server,Bangalore,Database Team,2026-07-25
17,API001,Ubuntu 22.04,Testing,API Server,Pune,Infrastructure Team,2026-07-25
18,APP003,Windows Server 2022,Production,Application Server,Pune,Infrastructure Team,2026-07-25
19,APP004,Ubuntu 22.04,Production,Application Server,Hyderabad,Infrastructure Team,2026-07-25
20,AUTH003,RHEL 8,Testing,Authentication Server,Mumbai,Security Team,2026-07-25
21,FILE004,Windows Server 2019,Development,File Server,Mumbai,Windows Team,2026-07-25
22,WEB004,Windows Server 2022,Testing,Web Server,Pune,Linux Team,2026-07-25
23,API002,Ubuntu 22.04,Testing,API Server,Chennai,Infrastructure Team,2026-07-25
24,MAIL004,RHEL 8,UAT,Mail Server,Hyderabad,Messaging Team,2026-07-25
25,API003,Ubuntu 22.04,UAT,API Server,Hyderabad,Infrastructure Team,2026-07-25
26,WEB005,Ubuntu 22.04,Testing,Web Server,Chennai,Linux Team,2026-07-25
27,DB004,RHEL 9,Production,Database Server,Bangalore,Database Team,2026-07-25
28,FILE005,Windows Server 2019,Testing,File Server,Pune,Windows Team,2026-07-25
29,WEB006,Ubuntu 22.04,Testing,Web Server,Pune,Linux Team,2026-07-25
30,WEB007,Windows Server 2022,Development,Web Server,Pune,Linux Team,2026-07-25
31,APP005,Windows Server 2019,UAT,Application Server,Bangalore,Infrastructure Team,2026-07-25
32,MAIL005,Ubuntu 22.04,Production,Mail Server,Pune,Messaging Team,2026-07-25
33,MAIL006,Windows Server 2019,Testing,Mail Server,Hyderabad,Messaging Team,2026-07-25
34,DB005,RHEL 9,Production,Database Server,Bangalore,Database Team,2026-07-25
35,APP006,Windows Server 2022,Testing,Application Server,Chennai,Infrastructure Team,2026-07-25
36,FILE006,Windows Server 2019,Development,File Server,Mumbai,Windows Team,2026-07-25
37,DB006,Windows Server 2019,UAT,Database Server,Chennai,Database Team,2026-07-25
38,APP007,Windows Server 2019,Development,Application Server,Mumbai,Infrastructure Team,2026-07-25
39,DB007,RHEL 8,Development,Database Server,Mumbai,Database Team,2026-07-25
40,DB008,RHEL 9,Testing,Database Server,Bangalore,Database Team,2026-07-25
41,WEB008,Ubuntu 22.04,UAT,Web Server,Chennai,Linux Team,2026-07-25
42,MAIL007,Windows Server 2022,Development,Mail Server,Mumbai,Messaging Team,2026-07-25
43,DB009,Windows Server 2019,Development,Database Server,Bangalore,Database Team,2026-07-25
44,MAIL008,Windows Server 2022,Production,Mail Server,Bangalore,Messaging Team,2026-07-25
45,APP008,Ubuntu 22.04,UAT,Application Server,Bangalore,Infrastructure Team,2026-07-25
46,WEB009,RHEL 9,Testing,Web Server,Pune,Linux Team,2026-07-25
47,WEB010,Windows Server 2022,UAT,Web Server,Bangalore,Linux Team,2026-07-25
48,WEB011,Windows Server 2022,Testing,Web Server,Hyderabad,Linux Team,2026-07-25
49,DB010,Windows Server 2022,Development,Database Server,Bangalore,Database Team,2026-07-25
50,API004,RHEL 8,Production,API Server,Chennai,Infrastructure Team,2026-07-25
51,APP009,Ubuntu 22.04,Production,Application Server,Bangalore,Infrastructure Team,2026-07-25
52,DB011,RHEL 9,Development,Database Server,Hyderabad,Database Team,2026-07-25
53,APP010,RHEL 9,Testing,Application Server,Mumbai,Infrastructure Team,2026-07-25
54,MAIL009,RHEL 8,Production,Mail Server,Chennai,Messaging Team,2026-07-25
55,DB012,Ubuntu 22.04,Production,Database Server,Pune,Database Team,2026-07-25
56,APP011,RHEL 9,UAT,Application Server,Chennai,Infrastructure Team,2026-07-25
57,API005,RHEL 9,UAT,API Server,Pune,Infrastructure Team,2026-07-25
58,APP012,RHEL 8,UAT,Application Server,Bangalore,Infrastructure Team,2026-07-25
59,AUTH004,RHEL 9,Development,Authentication Server,Mumbai,Security Team,2026-07-25
60,DB013,RHEL 9,Production,Database Server,Mumbai,Database Team,2026-07-25
61,AUTH005,Ubuntu 22.04,Testing,Authentication Server,Bangalore,Security Team,2026-07-25
62,WEB012,RHEL 8,Development,Web Server,Bangalore,Linux Team,2026-07-25
63,WEB013,Ubuntu 22.04,Production,Web Server,Pune,Linux Team,2026-07-25
64,FILE007,RHEL 9,Production,File Server,Chennai,Windows Team,2026-07-25
65,FILE008,Windows Server 2019,Testing,File Server,Chennai,Windows Team,2026-07-25
66,MAIL010,Ubuntu 22.04,UAT,Mail Server,Pune,Messaging Team,2026-07-25
67,APP013,RHEL 8,Testing,Application Server,Chennai,Infrastructure Team,2026-07-25
68,WEB014,RHEL 9,Testing,Web Server,Hyderabad,Linux Team,2026-07-25
69,API006,Windows Server 2019,UAT,API Server,Pune,Infrastructure Team,2026-07-25
70,DB014,RHEL 8,Production,Database Server,Hyderabad,Database Team,2026-07-25
71,APP014,Windows Server 2022,Development,Application Server,Hyderabad,Infrastructure Team,2026-07-25
72,MAIL011,Windows Server 2019,Testing,Mail Server,Pune,Messaging Team,2026-07-25
73,APP015,Windows Server 2019,Testing,Application Server,Hyderabad,Infrastructure Team,2026-07-25
74,FILE009,RHEL 8,Development,File Server,Bangalore,Windows Team,2026-07-25
75,API007,Ubuntu 22.04,Testing,API Server,Mumbai,Infrastructure Team,2026-07-25
76,DB015,RHEL 8,Development,Database Server,Bangalore,Database Team,2026-07-25
77,APP016,RHEL 9,UAT,Application Server,Mumbai,Infrastructure Team,2026-07-25
78,APP017,Windows Server 2019,Testing,Application Server,Pune,Infrastructure Team,2026-07-25
79,API008,Windows Server 2022,Production,API Server,Hyderabad,Infrastructure Team,2026-07-25
80,WEB015,RHEL 9,UAT,Web Server,Hyderabad,Linux Team,2026-07-25
81,API009,Windows Server 2019,Testing,API Server,Mumbai,Infrastructure Team,2026-07-25
82,MAIL012,RHEL 8,Development,Mail Server,Hyderabad,Messaging Team,2026-07-25
83,MAIL013,RHEL 9,Testing,Mail Server,Hyderabad,Messaging Team,2026-07-25
84,API010,Ubuntu 22.04,Development,API Server,Chennai,Infrastructure Team,2026-07-25
85,AUTH006,RHEL 9,Testing,Authentication Server,Mumbai,Security Team,2026-07-25
86,AUTH007,RHEL 9,Production,Authentication Server,Mumbai,Security Team,2026-07-25
87,APP018,Windows Server 2019,Production,Application Server,Hyderabad,Infrastructure Team,2026-07-25
88,MAIL014,Windows Server 2019,UAT,Mail Server,Chennai,Messaging Team,2026-07-25
89,AUTH008,RHEL 9,Production,Authentication Server,Bangalore,Security Team,2026-07-25
90,FILE010,Windows Server 2022,Production,File Server,Chennai,Windows Team,2026-07-25
91,DB016,Windows Server 2022,Production,Database Server,Chennai,Database Team,2026-07-25
92,APP019,RHEL 9,Development,Application Server,Hyderabad,Infrastructure Team,2026-07-25
93,AUTH009,Windows Server 2022,Production,Authentication Server,Hyderabad,Security Team,2026-07-25
94,AUTH010,Windows Server 2022,Testing,Authentication Server,Pune,Security Team,2026-07-25
95,DB017,Windows Server 2022,Testing,Database Server,Bangalore,Database Team,2026-07-25
96,APP020,RHEL 8,Testing,Application Server,Mumbai,Infrastructure Team,2026-07-25
97,APP021,RHEL 9,Development,Application Server,Chennai,Infrastructure Team,2026-07-25
98,API011,Windows Server 2019,Production,API Server,Chennai,Infrastructure Team,2026-07-25
99,DB018,RHEL 9,Production,Database Server,Hyderabad,Database Team,2026-07-25
100,AUTH011,Windows Server 2022,UAT,Authentication Server,Chennai,Security Team,2026-07-25
101,AUTH012,RHEL 9,UAT,Authentication Server,Pune,Security Team,2026-07-25
102,FILE011,Ubuntu 22.04,Testing,File Server,Bangalore,Windows Team,2026-07-25
103,APP022,RHEL 9,Testing,Application Server,Chennai,Infrastructure Team,2026-07-25
104,WEB016,RHEL 8,Production,Web Server,Bangalore,Linux Team,2026-07-25
105,FILE012,Ubuntu 22.04,UAT,File Server,Chennai,Windows Team,2026-07-25
106,FILE013,Windows Server 2022,UAT,File Server,Mumbai,Windows Team,2026-07-25
107,MAIL015,Ubuntu 22.04,Production,Mail Server,Hyderabad,Messaging Team,2026-07-25
108,AUTH013,RHEL 8,Testing,Authentication Server,Bangalore,Security Team,2026-07-25
109,MAIL016,RHEL 9,Development,Mail Server,Mumbai,Messaging Team,2026-07-25
110,API012,Windows Server 2019,Testing,API Server,Bangalore,Infrastructure Team,2026-07-25
111,MAIL017,Ubuntu 22.04,Production,Mail Server,Pune,Messaging Team,2026-07-25
112,APP023,RHEL 8,Development,Application Server,Bangalore,Infrastructure Team,2026-07-25
113,WEB017,RHEL 9,Development,Web Server,Chennai,Linux Team,2026-07-25
114,FILE014,RHEL 8,UAT,File Server,Hyderabad,Windows Team,2026-07-25
115,API013,Ubuntu 22.04,Production,API Server,Chennai,Infrastructure Team,2026-07-25
116,MAIL018,Windows Server 2022,UAT,Mail Server,Hyderabad,Messaging Team,2026-07-25
117,APP024,Ubuntu 22.04,UAT,Application Server,Mumbai,Infrastructure Team,2026-07-25
118,MAIL019,RHEL 8,Production,Mail Server,Chennai,Messaging Team,2026-07-25
119,AUTH014,Windows Server 2022,Development,Authentication Server,Bangalore,Security Team,2026-07-25
120,FILE015,Windows Server 2022,Testing,File Server,Hyderabad,Windows Team,2026-07-25
121,WEB018,RHEL 9,Testing,Web Server,Chennai,Linux Team,2026-07-25
122,APP025,Windows Server 2019,Testing,Application Server,Pune,Infrastructure Team,2026-07-25
123,MAIL020,RHEL 8,Production,Mail Server,Hyderabad,Messaging Team,2026-07-25
124,APP026,Ubuntu 22.04,Development,Application Server,Mumbai,Infrastructure Team,2026-07-25
125,MAIL021,Windows Server 2019,Production,Mail Server,Mumbai,Messaging Team,2026-07-25
126,FILE016,Ubuntu 22.04,UAT,File Server,Pune,Windows Team,2026-07-25
127,API014,Ubuntu 22.04,Development,API Server,Chennai,Infrastructure Team,2026-07-25
128,MAIL022,RHEL 9,Production,Mail Server,Mumbai,Messaging Team,2026-07-25
129,APP027,Windows Server 2022,Testing,Application Server,Bangalore,Infrastructure Team,2026-07-25
130,FILE017,RHEL 9,Testing,File Server,Pune,Windows Team,2026-07-25
131,WEB019,Ubuntu 22.04,UAT,Web Server,Bangalore,Linux Team,2026-07-25
132,MAIL023,Windows Server 2019,UAT,Mail Server,Mumbai,Messaging Team,2026-07-25
133,FILE018,RHEL 8,UAT,File Server,Hyderabad,Windows Team,2026-07-25
134,MAIL024,RHEL 8,Testing,Mail Server,Hyderabad,Messaging Team,2026-07-25
135,MAIL025,Windows Server 2019,UAT,Mail Server,Pune,Messaging Team,2026-07-25
136,WEB020,RHEL 9,UAT,Web Server,Bangalore,Linux Team,2026-07-25
137,AUTH015,RHEL 8,Testing,Authentication Server,Hyderabad,Security Team,2026-07-25
138,FILE019,Ubuntu 22.04,Testing,File Server,Mumbai,Windows Team,2026-07-25
139,AUTH016,Ubuntu 22.04,UAT,Authentication Server,Pune,Security Team,2026-07-25
140,WEB021,Windows Server 2022,UAT,Web Server,Chennai,Linux Team,2026-07-25
141,WEB022,RHEL 8,UAT,Web Server,Mumbai,Linux Team,2026-07-25
142,MAIL026,RHEL 9,UAT,Mail Server,Hyderabad,Messaging Team,2026-07-25
143,API015,RHEL 9,Development,API Server,Mumbai,Infrastructure Team,2026-07-25
144,APP028,Windows Server 2019,Production,Application Server,Chennai,Infrastructure Team,2026-07-25
145,APP029,RHEL 9,Production,Application Server,Bangalore,Infrastructure Team,2026-07-25
146,FILE020,RHEL 9,Production,File Server,Mumbai,Windows Team,2026-07-25
147,DB019,Ubuntu 22.04,UAT,Database Server,Mumbai,Database Team,2026-07-25
148,FILE021,RHEL 9,Testing,File Server,Bangalore,Windows Team,2026-07-25
149,FILE022,RHEL 9,Production,File Server,Pune,Windows Team,2026-07-25
150,AUTH017,RHEL 9,Production,Authentication Server,Pune,Security Team,2026-07-25
151,API016,Windows Server 2022,Testing,API Server,Bangalore,Infrastructure Team,2026-07-25
152,AUTH018,RHEL 9,UAT,Authentication Server,Chennai,Security Team,2026-07-25
153,FILE023,Ubuntu 22.04,UAT,File Server,Bangalore,Windows Team,2026-07-25
154,MAIL027,Windows Server 2022,Testing,Mail Server,Hyderabad,Messaging Team,2026-07-25
155,APP030,Windows Server 2022,Production,Application Server,Mumbai,Infrastructure Team,2026-07-25
156,API017,Windows Server 2019,Testing,API Server,Hyderabad,Infrastructure Team,2026-07-25
157,APP031,Windows Server 2022,Testing,Application Server,Bangalore,Infrastructure Team,2026-07-25
158,API018,Ubuntu 22.04,Production,API Server,Bangalore,Infrastructure Team,2026-07-25
159,APP032,Windows Server 2022,UAT,Application Server,Bangalore,Infrastructure Team,2026-07-25
160,APP033,Ubuntu 22.04,Development,Application Server,Mumbai,Infrastructure Team,2026-07-25
161,WEB023,RHEL 8,Production,Web Server,Hyderabad,Linux Team,2026-07-25
162,MAIL028,RHEL 8,UAT,Mail Server,Bangalore,Messaging Team,2026-07-25
163,AUTH019,Ubuntu 22.04,Testing,Authentication Server,Bangalore,Security Team,2026-07-25
164,WEB024,Windows Server 2019,Testing,Web Server,Hyderabad,Linux Team,2026-07-25
165,APP034,Windows Server 2022,Production,Application Server,Chennai,Infrastructure Team,2026-07-25
166,AUTH020,Ubuntu 22.04,Development,Authentication Server,Mumbai,Security Team,2026-07-25
167,WEB025,Windows Server 2022,Production,Web Server,Bangalore,Linux Team,2026-07-25
168,MAIL029,Ubuntu 22.04,Testing,Mail Server,Mumbai,Messaging Team,2026-07-25
169,DB020,Ubuntu 22.04,Production,Database Server,Chennai,Database Team,2026-07-25
170,MAIL030,Ubuntu 22.04,Production,Mail Server,Pune,Messaging Team,2026-07-25
171,DB021,Windows Server 2022,Production,Database Server,Hyderabad,Database Team,2026-07-25
172,APP035,Windows Server 2019,Testing,Application Server,Pune,Infrastructure Team,2026-07-25
173,FILE024,Windows Server 2022,Production,File Server,Hyderabad,Windows Team,2026-07-25
174,DB022,RHEL 8,UAT,Database Server,Hyderabad,Database Team,2026-07-25
175,API019,RHEL 9,Development,API Server,Pune,Infrastructure Team,2026-07-25
176,DB023,Windows Server 2022,Testing,Database Server,Chennai,Database Team,2026-07-25
177,FILE025,Windows Server 2022,Development,File Server,Hyderabad,Windows Team,2026-07-25
178,DB024,Ubuntu 22.04,Production,Database Server,Pune,Database Team,2026-07-25
179,APP036,RHEL 9,Development,Application Server,Mumbai,Infrastructure Team,2026-07-25
180,AUTH021,Ubuntu 22.04,Development,Authentication Server,Chennai,Security Team,2026-07-25
181,FILE026,RHEL 8,Development,File Server,Bangalore,Windows Team,2026-07-25
182,FILE027,RHEL 8,Development,File Server,Mumbai,Windows Team,2026-07-25
183,FILE028,Windows Server 2019,Testing,File Server,Mumbai,Windows Team,2026-07-25
184,MAIL031,Ubuntu 22.04,Testing,Mail Server,Mumbai,Messaging Team,2026-07-25
185,AUTH022,RHEL 9,UAT,Authentication Server,Mumbai,Security Team,2026-07-25
186,DB025,Windows Server 2019,Development,Database Server,Mumbai,Database Team,2026-07-25
187,FILE029,Windows Server 2022,Development,File Server,Bangalore,Windows Team,2026-07-25
188,MAIL032,Windows Server 2019,Development,Mail Server,Mumbai,Messaging Team,2026-07-25
189,MAIL033,RHEL 8,UAT,Mail Server,Hyderabad,Messaging Team,2026-07-25
190,DB026,Windows Server 2019,Production,Database Server,Bangalore,Database Team,2026-07-25
191,API020,RHEL 9,Production,API Server,Pune,Infrastructure Team,2026-07-25
192,DB027,RHEL 9,Testing,Database Server,Mumbai,Database Team,2026-07-25
193,FILE030,Windows Server 2022,Testing,File Server,Bangalore,Windows Team,2026-07-25
194,API021,Ubuntu 22.04,UAT,API Server,Hyderabad,Infrastructure Team,2026-07-25
195,APP037,Ubuntu 22.04,UAT,Application Server,Pune,Infrastructure Team,2026-07-25
196,APP038,Windows Server 2022,UAT,Application Server,Hyderabad,Infrastructure Team,2026-07-25
197,DB028,RHEL 9,UAT,Database Server,Mumbai,Database Team,2026-07-25
198,MAIL034,Ubuntu 22.04,Production,Mail Server,Mumbai,Messaging Team,2026-07-25
199,MAIL035,Windows Server 2019,UAT,Mail Server,Chennai,Messaging Team,2026-07-25
200,APP039,Ubuntu 22.04,Testing,Application Server,Chennai,Infrastructure Team,2026-07-25
201,AUTH023,Windows Server 2022,UAT,Authentication Server,Mumbai,Security Team,2026-07-25
202,WEB026,RHEL 9,UAT,Web Server,Hyderabad,Linux Team,2026-07-25
203,MAIL036,RHEL 9,Production,Mail Server,Pune,Messaging Team,2026-07-25
204,MAIL037,RHEL 8,Development,Mail Server,Hyderabad,Messaging Team,2026-07-25
205,WEB027,RHEL 9,Testing,Web Server,Chennai,Linux Team,2026-07-25
206,AUTH024,RHEL 9,UAT,Authentication Server,Bangalore,Security Team,2026-07-25
207,APP040,RHEL 8,Development,Application Server,Hyderabad,Infrastructure Team,2026-07-25
208,API022,RHEL 8,Testing,API Server,Hyderabad,Infrastructure Team,2026-07-25
209,WEB028,Windows Server 2022,Testing,Web Server,Mumbai,Linux Team,2026-07-25
210,API023,Windows Server 2022,Production,API Server,Hyderabad,Infrastructure Team,2026-07-25
211,FILE031,Windows Server 2019,UAT,File Server,Bangalore,Windows Team,2026-07-25
212,FILE032,RHEL 8,Testing,File Server,Pune,Windows Team,2026-07-25
213,FILE033,RHEL 8,Testing,File Server,Pune,Windows Team,2026-07-25
214,MAIL038,RHEL 8,Development,Mail Server,Bangalore,Messaging Team,2026-07-25
215,AUTH025,Windows Server 2022,Production,Authentication Server,Chennai,Security Team,2026-07-25
216,WEB029,RHEL 8,Development,Web Server,Mumbai,Linux Team,2026-07-25
217,MAIL039,Windows Server 2022,UAT,Mail Server,Pune,Messaging Team,2026-07-25
218,MAIL040,Windows Server 2022,Production,Mail Server,Bangalore,Messaging Team,2026-07-25
219,MAIL041,Windows Server 2019,Testing,Mail Server,Hyderabad,Messaging Team,2026-07-25
220,FILE034,Ubuntu 22.04,Testing,File Server,Mumbai,Windows Team,2026-07-25
221,DB029,RHEL 9,Production,Database Server,Pune,Database Team,2026-07-25
222,AUTH026,Ubuntu 22.04,Development,Authentication Server,Chennai,Security Team,2026-07-25
223,WEB030,RHEL 9,Testing,Web Server,Bangalore,Linux Team,2026-07-25
224,FILE035,RHEL 8,UAT,File Server,Chennai,Windows Team,2026-07-25
225,MAIL042,RHEL 8,Testing,Mail Server,Chennai,Messaging Team,2026-07-25
226,AUTH027,Ubuntu 22.04,Development,Authentication Server,Pune,Security Team,2026-07-25
227,MAIL043,Ubuntu 22.04,UAT,Mail Server,Pune,Messaging Team,2026-07-25
228,APP041,Windows Server 2022,Development,Application Server,Mumbai,Infrastructure Team,2026-07-25
229,APP042,RHEL 9,Testing,Application Server,Pune,Infrastructure Team,2026-07-25
230,WEB031,RHEL 8,Production,Web Server,Pune,Linux Team,2026-07-25
231,API024,RHEL 9,Testing,API Server,Mumbai,Infrastructure Team,2026-07-25
232,API025,Ubuntu 22.04,Testing,API Server,Bangalore,Infrastructure Team,2026-07-25
233,MAIL044,RHEL 8,UAT,Mail Server,Mumbai,Messaging Team,2026-07-25
234,MAIL045,RHEL 8,Development,Mail Server,Bangalore,Messaging Team,2026-07-25
235,APP043,Ubuntu 22.04,UAT,Application Server,Pune,Infrastructure Team,2026-07-25
236,API026,RHEL 9,Development,API Server,Pune,Infrastructure Team,2026-07-25
237,MAIL046,RHEL 8,Production,Mail Server,Chennai,Messaging Team,2026-07-25
238,WEB032,Windows Server 2019,Production,Web Server,Hyderabad,Linux Team,2026-07-25
239,AUTH028,RHEL 9,Testing,Authentication Server,Chennai,Security Team,2026-07-25
240,AUTH029,Ubuntu 22.04,Testing,Authentication Server,Pune,Security Team,2026-07-25
241,FILE036,Windows Server 2019,UAT,File Server,Bangalore,Windows Team,2026-07-25
242,WEB033,RHEL 9,Testing,Web Server,Bangalore,Linux Team,2026-07-25
243,FILE037,RHEL 8,Testing,File Server,Chennai,Windows Team,2026-07-25
244,AUTH030,Windows Server 2022,Production,Authentication Server,Chennai,Security Team,2026-07-25
245,MAIL047,Windows Server 2019,Testing,Mail Server,Pune,Messaging Team,2026-07-25
246,WEB034,RHEL 8,Production,Web Server,Mumbai,Linux Team,2026-07-25
247,API027,RHEL 8,UAT,API Server,Mumbai,Infrastructure Team,2026-07-25
248,API028,RHEL 9,UAT,API Server,Bangalore,Infrastructure Team,2026-07-25
249,FILE038,Windows Server 2019,Testing,File Server,Mumbai,Windows Team,2026-07-25
250,FILE039,RHEL 9,Development,File Server,Chennai,Windows Team,2026-07-25
251,APP044,RHEL 8,Production,Application Server,Bangalore,Infrastructure Team,2026-07-25
252,FILE040,RHEL 8,Testing,File Server,Bangalore,Windows Team,2026-07-25
253,AUTH031,Ubuntu 22.04,Testing,Authentication Server,Chennai,Security Team,2026-07-25
254,APP045,Windows Server 2019,Testing,Application Server,Hyderabad,Infrastructure Team,2026-07-25
255,MAIL048,Windows Server 2019,Production,Mail Server,Hyderabad,Messaging Team,2026-07-25
256,APP046,Windows Server 2022,Testing,Application Server,Pune,Infrastructure Team,2026-07-25
257,MAIL049,RHEL 8,Development,Mail Server,Pune,Messaging Team,2026-07-25
258,DB030,Ubuntu 22.04,UAT,Database Server,Pune,Database Team,2026-07-25
259,DB031,RHEL 9,UAT,Database Server,Mumbai,Database Team,2026-07-25
260,WEB035,Ubuntu 22.04,Production,Web Server,Chennai,Linux Team,2026-07-25
261,API029,Windows Server 2019,Production,API Server,Bangalore,Infrastructure Team,2026-07-25
262,API030,Ubuntu 22.04,Testing,API Server,Chennai,Infrastructure Team,2026-07-25
263,APP047,Windows Server 2022,Testing,Application Server,Pune,Infrastructure Team,2026-07-25
264,FILE041,RHEL 9,Production,File Server,Bangalore,Windows Team,2026-07-25
265,AUTH032,Windows Server 2019,UAT,Authentication Server,Hyderabad,Security Team,2026-07-25
266,FILE042,RHEL 9,UAT,File Server,Chennai,Windows Team,2026-07-25
267,WEB036,RHEL 8,Testing,Web Server,Pune,Linux Team,2026-07-25
268,AUTH033,Windows Server 2019,Testing,Authentication Server,Chennai,Security Team,2026-07-25
269,FILE043,Ubuntu 22.04,Development,File Server,Chennai,Windows Team,2026-07-25
270,WEB037,Windows Server 2019,Production,Web Server,Bangalore,Linux Team,2026-07-25
271,API031,Ubuntu 22.04,Production,API Server,Pune,Infrastructure Team,2026-07-25
272,DB032,Windows Server 2019,Testing,Database Server,Mumbai,Database Team,2026-07-25
273,APP048,RHEL 9,Testing,Application Server,Hyderabad,Infrastructure Team,2026-07-25
274,WEB038,Windows Server 2022,UAT,Web Server,Bangalore,Linux Team,2026-07-25
275,WEB039,RHEL 8,Production,Web Server,Hyderabad,Linux Team,2026-07-25
276,AUTH034,Windows Server 2019,Production,Authentication Server,Bangalore,Security Team,2026-07-25
277,APP049,RHEL 8,Development,Application Server,Chennai,Infrastructure Team,2026-07-25
278,DB033,RHEL 8,Development,Database Server,Bangalore,Database Team,2026-07-25
279,MAIL050,RHEL 8,Testing,Mail Server,Chennai,Messaging Team,2026-07-25
280,API032,Windows Server 2022,Production,API Server,Bangalore,Infrastructure Team,2026-07-25
281,DB034,Windows Server 2019,Testing,Database Server,Bangalore,Database Team,2026-07-25
282,DB035,Windows Server 2019,Production,Database Server,Chennai,Database Team,2026-07-25
283,AUTH035,Windows Server 2022,UAT,Authentication Server,Chennai,Security Team,2026-07-25
284,API033,Windows Server 2022,UAT,API Server,Chennai,Infrastructure Team,2026-07-25
285,AUTH036,Windows Server 2022,Development,Authentication Server,Hyderabad,Security Team,2026-07-25
286,DB036,RHEL 9,Testing,Database Server,Hyderabad,Database Team,2026-07-25
287,API034,Windows Server 2019,Production,API Server,Pune,Infrastructure Team,2026-07-25
288,AUTH037,Windows Server 2022,UAT,Authentication Server,Chennai,Security Team,2026-07-25
289,DB037,Windows Server 2019,Production,Database Server,Bangalore,Database Team,2026-07-25
290,WEB040,Windows Server 2019,Development,Web Server,Pune,Linux Team,2026-07-25
291,DB038,Windows Server 2022,Testing,Database Server,Pune,Database Team,2026-07-25
292,APP050,Ubuntu 22.04,Production,Application Server,Hyderabad,Infrastructure Team,2026-07-25
293,AUTH038,RHEL 8,Testing,Authentication Server,Pune,Security Team,2026-07-25
294,AUTH039,Ubuntu 22.04,UAT,Authentication Server,Hyderabad,Security Team,2026-07-25
295,APP051,RHEL 8,Testing,Application Server,Chennai,Infrastructure Team,2026-07-25
296,API035,RHEL 8,Testing,API Server,Pune,Infrastructure Team,2026-07-25
297,WEB041,RHEL 9,Testing,Web Server,Mumbai,Linux Team,2026-07-25
298,API036,Windows Server 2022,Production,API Server,Pune,Infrastructure Team,2026-07-25
299,API037,Ubuntu 22.04,UAT,API Server,Mumbai,Infrastructure Team,2026-07-25
300,DB039,RHEL 9,UAT,Database Server,Chennai,Database Team,2026-07-25
301,FILE044,Ubuntu 22.04,Testing,File Server,Chennai,Windows Team,2026-07-25
302,DB040,RHEL 8,Production,Database Server,Pune,Database Team,2026-07-25
303,APP052,Ubuntu 22.04,Testing,Application Server,Mumbai,Infrastructure Team,2026-07-25
304,FILE045,Windows Server 2022,Testing,File Server,Bangalore,Windows Team,2026-07-25
305,API038,Ubuntu 22.04,Production,API Server,Bangalore,Infrastructure Team,2026-07-25
306,DB041,RHEL 8,Testing,Database Server,Mumbai,Database Team,2026-07-25
307,WEB042,RHEL 9,UAT,Web Server,Mumbai,Linux Team,2026-07-25
308,FILE046,Windows Server 2019,Testing,File Server,Mumbai,Windows Team,2026-07-25
309,WEB043,Windows Server 2022,Testing,Web Server,Pune,Linux Team,2026-07-25
310,DB042,RHEL 8,Production,Database Server,Hyderabad,Database Team,2026-07-25
311,MAIL051,RHEL 9,UAT,Mail Server,Hyderabad,Messaging Team,2026-07-25
312,AUTH040,Windows Server 2022,UAT,Authentication Server,Mumbai,Security Team,2026-07-25
313,AUTH041,Windows Server 2019,Production,Authentication Server,Chennai,Security Team,2026-07-25
314,API039,Ubuntu 22.04,Testing,API Server,Hyderabad,Infrastructure Team,2026-07-25
315,APP053,RHEL 9,Production,Application Server,Bangalore,Infrastructure Team,2026-07-25
316,AUTH042,RHEL 8,Development,Authentication Server,Hyderabad,Security Team,2026-07-25
317,APP054,RHEL 8,Production,Application Server,Pune,Infrastructure Team,2026-07-25
318,APP055,RHEL 9,Production,Application Server,Pune,Infrastructure Team,2026-07-25
319,AUTH043,Ubuntu 22.04,Testing,Authentication Server,Chennai,Security Team,2026-07-25
320,DB043,Ubuntu 22.04,Development,Database Server,Bangalore,Database Team,2026-07-25
321,API040,Ubuntu 22.04,UAT,API Server,Chennai,Infrastructure Team,2026-07-25
322,DB044,Ubuntu 22.04,Testing,Database Server,Hyderabad,Database Team,2026-07-25
323,API041,RHEL 8,Development,API Server,Hyderabad,Infrastructure Team,2026-07-25
324,DB045,RHEL 8,UAT,Database Server,Mumbai,Database Team,2026-07-25
325,DB046,RHEL 8,Testing,Database Server,Hyderabad,Database Team,2026-07-25
326,FILE047,RHEL 8,UAT,File Server,Pune,Windows Team,2026-07-25
327,MAIL052,Windows Server 2022,Production,Mail Server,Pune,Messaging Team,2026-07-25
328,FILE048,Windows Server 2022,Development,File Server,Pune,Windows Team,2026-07-25
329,APP056,Windows Server 2019,Testing,Application Server,Pune,Infrastructure Team,2026-07-25
330,API042,Windows Server 2022,UAT,API Server,Chennai,Infrastructure Team,2026-07-25
331,APP057,RHEL 8,Production,Application Server,Hyderabad,Infrastructure Team,2026-07-25
332,MAIL053,Ubuntu 22.04,UAT,Mail Server,Hyderabad,Messaging Team,2026-07-25
333,FILE049,RHEL 9,Production,File Server,Mumbai,Windows Team,2026-07-25
334,MAIL054,Windows Server 2019,Production,Mail Server,Pune,Messaging Team,2026-07-25
335,FILE050,Ubuntu 22.04,UAT,File Server,Mumbai,Windows Team,2026-07-25
336,WEB044,Windows Server 2022,Production,Web Server,Mumbai,Linux Team,2026-07-25
337,AUTH044,RHEL 8,Testing,Authentication Server,Pune,Security Team,2026-07-25
338,AUTH045,Windows Server 2019,Testing,Authentication Server,Hyderabad,Security Team,2026-07-25
339,API043,RHEL 9,Testing,API Server,Pune,Infrastructure Team,2026-07-25
340,APP058,Ubuntu 22.04,Development,Application Server,Hyderabad,Infrastructure Team,2026-07-25
341,APP059,RHEL 8,Development,Application Server,Chennai,Infrastructure Team,2026-07-25
342,AUTH046,RHEL 9,UAT,Authentication Server,Mumbai,Security Team,2026-07-25
343,API044,Ubuntu 22.04,Production,API Server,Pune,Infrastructure Team,2026-07-25
344,APP060,Windows Server 2022,Production,Application Server,Pune,Infrastructure Team,2026-07-25
345,MAIL055,RHEL 8,Production,Mail Server,Mumbai,Messaging Team,2026-07-25
346,APP061,Ubuntu 22.04,Production,Application Server,Mumbai,Infrastructure Team,2026-07-25
347,FILE051,Windows Server 2022,Testing,File Server,Bangalore,Windows Team,2026-07-25
348,FILE052,RHEL 9,Production,File Server,Chennai,Windows Team,2026-07-25
349,DB047,RHEL 8,UAT,Database Server,Bangalore,Database Team,2026-07-25
350,DB048,RHEL 9,Testing,Database Server,Mumbai,Database Team,2026-07-25
351,WEB045,RHEL 8,Testing,Web Server,Mumbai,Linux Team,2026-07-25
352,MAIL056,Windows Server 2022,Development,Mail Server,Chennai,Messaging Team,2026-07-25
353,AUTH047,Ubuntu 22.04,UAT,Authentication Server,Hyderabad,Security Team,2026-07-25
354,WEB046,Ubuntu 22.04,UAT,Web Server,Hyderabad,Linux Team,2026-07-25
355,API045,Windows Server 2022,Development,API Server,Bangalore,Infrastructure Team,2026-07-25
356,DB049,RHEL 9,Testing,Database Server,Chennai,Database Team,2026-07-25
357,MAIL057,Windows Server 2019,Development,Mail Server,Chennai,Messaging Team,2026-07-25
358,WEB047,RHEL 9,UAT,Web Server,Chennai,Linux Team,2026-07-25
359,API046,Windows Server 2022,Production,API Server,Mumbai,Infrastructure Team,2026-07-25
360,DB050,Windows Server 2019,Testing,Database Server,Chennai,Database Team,2026-07-25
361,APP062,Ubuntu 22.04,Development,Application Server,Chennai,Infrastructure Team,2026-07-25
362,API047,RHEL 8,UAT,API Server,Hyderabad,Infrastructure Team,2026-07-25
363,APP063,Ubuntu 22.04,Testing,Application Server,Chennai,Infrastructure Team,2026-07-25
364,AUTH048,Windows Server 2022,Development,Authentication Server,Bangalore,Security Team,2026-07-25
365,APP064,Windows Server 2022,Development,Application Server,Hyderabad,Infrastructure Team,2026-07-25
366,DB051,RHEL 8,UAT,Database Server,Pune,Database Team,2026-07-25
367,AUTH049,Windows Server 2022,Development,Authentication Server,Pune,Security Team,2026-07-25
368,FILE053,RHEL 9,Testing,File Server,Chennai,Windows Team,2026-07-25
369,FILE054,Windows Server 2019,Development,File Server,Pune,Windows Team,2026-07-25
370,MAIL058,RHEL 9,Development,Mail Server,Chennai,Messaging Team,2026-07-25
371,WEB048,Windows Server 2022,Testing,Web Server,Bangalore,Linux Team,2026-07-25
372,WEB049,Ubuntu 22.04,Development,Web Server,Hyderabad,Linux Team,2026-07-25
373,DB052,RHEL 8,UAT,Database Server,Hyderabad,Database Team,2026-07-25
374,MAIL059,Ubuntu 22.04,Production,Mail Server,Mumbai,Messaging Team,2026-07-25
375,WEB050,Windows Server 2022,Development,Web Server,Pune,Linux Team,2026-07-25
376,DB053,Windows Server 2019,UAT,Database Server,Bangalore,Database Team,2026-07-25
377,AUTH050,RHEL 8,Development,Authentication Server,Hyderabad,Security Team,2026-07-25
378,FILE055,Windows Server 2019,Production,File Server,Chennai,Windows Team,2026-07-25
379,DB054,Windows Server 2019,Development,Database Server,Hyderabad,Database Team,2026-07-25
380,APP065,Ubuntu 22.04,Production,Application Server,Chennai,Infrastructure Team,2026-07-25
381,AUTH051,RHEL 9,Production,Authentication Server,Bangalore,Security Team,2026-07-25
382,WEB051,Windows Server 2022,Production,Web Server,Mumbai,Linux Team,2026-07-25
383,API048,Windows Server 2022,Testing,API Server,Mumbai,Infrastructure Team,2026-07-25
384,WEB052,Windows Server 2019,UAT,Web Server,Chennai,Linux Team,2026-07-25
385,MAIL060,Windows Server 2019,Testing,Mail Server,Mumbai,Messaging Team,2026-07-25
386,API049,RHEL 9,Development,API Server,Mumbai,Infrastructure Team,2026-07-25
387,FILE056,RHEL 9,Testing,File Server,Mumbai,Windows Team,2026-07-25
388,FILE057,RHEL 9,Testing,File Server,Mumbai,Windows Team,2026-07-25
389,APP066,RHEL 9,UAT,Application Server,Chennai,Infrastructure Team,2026-07-25
390,AUTH052,Windows Server 2022,UAT,Authentication Server,Bangalore,Security Team,2026-07-25
391,DB055,RHEL 8,Testing,Database Server,Chennai,Database Team,2026-07-25
392,DB056,RHEL 8,Production,Database Server,Bangalore,Database Team,2026-07-25
393,FILE058,Windows Server 2022,UAT,File Server,Chennai,Windows Team,2026-07-25
394,APP067,RHEL 8,Development,Application Server,Bangalore,Infrastructure Team,2026-07-25
395,MAIL061,RHEL 9,Production,Mail Server,Pune,Messaging Team,2026-07-25
396,AUTH053,Windows Server 2022,Testing,Authentication Server,Pune,Security Team,2026-07-25
397,MAIL062,Windows Server 2022,Development,Mail Server,Hyderabad,Messaging Team,2026-07-25
398,DB057,RHEL 9,Development,Database Server,Pune,Database Team,2026-07-25
399,AUTH054,Windows Server 2022,Testing,Authentication Server,Pune,Security Team,2026-07-25
400,APP068,RHEL 8,UAT,Application Server,Pune,Infrastructure Team,2026-07-25
401,APP069,Windows Server 2019,Testing,Application Server,Chennai,Infrastructure Team,2026-07-25
402,API050,Windows Server 2022,Development,API Server,Pune,Infrastructure Team,2026-07-25
403,DB058,RHEL 9,Development,Database Server,Chennai,Database Team,2026-07-25
404,FILE059,RHEL 8,Development,File Server,Mumbai,Windows Team,2026-07-25
405,AUTH055,RHEL 9,Testing,Authentication Server,Chennai,Security Team,2026-07-25
406,DB059,RHEL 8,Testing,Database Server,Mumbai,Database Team,2026-07-25
407,WEB053,Windows Server 2019,Development,Web Server,Bangalore,Linux Team,2026-07-25
408,MAIL063,Windows Server 2019,UAT,Mail Server,Mumbai,Messaging Team,2026-07-25
409,FILE060,RHEL 9,Production,File Server,Hyderabad,Windows Team,2026-07-25
410,MAIL064,RHEL 8,Testing,Mail Server,Pune,Messaging Team,2026-07-25
411,FILE061,RHEL 8,Testing,File Server,Chennai,Windows Team,2026-07-25
412,MAIL065,Windows Server 2019,Development,Mail Server,Mumbai,Messaging Team,2026-07-25
413,AUTH056,Windows Server 2019,Production,Authentication Server,Pune,Security Team,2026-07-25
414,AUTH057,Windows Server 2019,Development,Authentication Server,Mumbai,Security Team,2026-07-25
415,APP070,Windows Server 2019,Production,Application Server,Chennai,Infrastructure Team,2026-07-25
416,APP071,Ubuntu 22.04,Production,Application Server,Mumbai,Infrastructure Team,2026-07-25
417,WEB054,Windows Server 2022,Development,Web Server,Bangalore,Linux Team,2026-07-25
418,FILE062,RHEL 8,Production,File Server,Bangalore,Windows Team,2026-07-25
419,DB060,Windows Server 2019,Development,Database Server,Pune,Database Team,2026-07-25
420,MAIL066,Ubuntu 22.04,Testing,Mail Server,Mumbai,Messaging Team,2026-07-25
421,API051,Ubuntu 22.04,UAT,API Server,Hyderabad,Infrastructure Team,2026-07-25
422,AUTH058,RHEL 8,Testing,Authentication Server,Mumbai,Security Team,2026-07-25
423,DB061,Windows Server 2019,UAT,Database Server,Mumbai,Database Team,2026-07-25
424,APP072,RHEL 8,Testing,Application Server,Hyderabad,Infrastructure Team,2026-07-25
425,WEB055,Windows Server 2019,UAT,Web Server,Hyderabad,Linux Team,2026-07-25
426,WEB056,RHEL 9,UAT,Web Server,Mumbai,Linux Team,2026-07-25
427,MAIL067,Ubuntu 22.04,Production,Mail Server,Bangalore,Messaging Team,2026-07-25
428,APP073,Windows Server 2022,Production,Application Server,Pune,Infrastructure Team,2026-07-25
429,API052,Windows Server 2019,Testing,API Server,Bangalore,Infrastructure Team,2026-07-25
430,AUTH059,Windows Server 2019,Testing,Authentication Server,Mumbai,Security Team,2026-07-25
431,FILE063,RHEL 9,Development,File Server,Chennai,Windows Team,2026-07-25
432,MAIL068,RHEL 9,Development,Mail Server,Mumbai,Messaging Team,2026-07-25
433,MAIL069,Windows Server 2022,Production,Mail Server,Hyderabad,Messaging Team,2026-07-25
434,AUTH060,Ubuntu 22.04,Testing,Authentication Server,Chennai,Security Team,2026-07-25
435,API053,RHEL 9,Development,API Server,Hyderabad,Infrastructure Team,2026-07-25
436,APP074,RHEL 8,Development,Application Server,Pune,Infrastructure Team,2026-07-25
437,MAIL070,Ubuntu 22.04,Production,Mail Server,Chennai,Messaging Team,2026-07-25
438,AUTH061,Windows Server 2019,Production,Authentication Server,Pune,Security Team,2026-07-25
439,DB062,Windows Server 2019,Development,Database Server,Mumbai,Database Team,2026-07-25
440,WEB057,Windows Server 2022,Production,Web Server,Hyderabad,Linux Team,2026-07-25
441,API054,Windows Server 2019,Development,API Server,Mumbai,Infrastructure Team,2026-07-25
442,WEB058,Windows Server 2019,UAT,Web Server,Hyderabad,Linux Team,2026-07-25
443,APP075,Windows Server 2022,Testing,Application Server,Chennai,Infrastructure Team,2026-07-25
444,API055,Windows Server 2022,Production,API Server,Chennai,Infrastructure Team,2026-07-25
445,AUTH062,Windows Server 2019,UAT,Authentication Server,Pune,Security Team,2026-07-25
446,WEB059,Windows Server 2022,UAT,Web Server,Chennai,Linux Team,2026-07-25
447,MAIL071,RHEL 9,Production,Mail Server,Mumbai,Messaging Team,2026-07-25
448,MAIL072,Windows Server 2019,Development,Mail Server,Bangalore,Messaging Team,2026-07-25
449,MAIL073,RHEL 8,Development,Mail Server,Chennai,Messaging Team,2026-07-25
450,WEB060,Windows Server 2022,UAT,Web Server,Pune,Linux Team,2026-07-25
451,WEB061,Ubuntu 22.04,Production,Web Server,Chennai,Linux Team,2026-07-25
452,API056,Windows Server 2022,Testing,API Server,Chennai,Infrastructure Team,2026-07-25
453,API057,RHEL 8,UAT,API Server,Chennai,Infrastructure Team,2026-07-25
454,API058,Windows Server 2019,Development,API Server,Hyderabad,Infrastructure Team,2026-07-25
455,FILE064,Windows Server 2019,UAT,File Server,Hyderabad,Windows Team,2026-07-25
456,MAIL074,RHEL 8,UAT,Mail Server,Mumbai,Messaging Team,2026-07-25
457,APP076,Windows Server 2019,Production,Application Server,Bangalore,Infrastructure Team,2026-07-25
458,APP077,RHEL 9,Production,Application Server,Pune,Infrastructure Team,2026-07-25
459,DB063,RHEL 8,UAT,Database Server,Bangalore,Database Team,2026-07-25
460,APP078,RHEL 8,Development,Application Server,Hyderabad,Infrastructure Team,2026-07-25
461,AUTH063,RHEL 8,Development,Authentication Server,Chennai,Security Team,2026-07-25
462,DB064,Windows Server 2019,Production,Database Server,Pune,Database Team,2026-07-25
463,WEB062,Windows Server 2019,UAT,Web Server,Bangalore,Linux Team,2026-07-25
464,DB065,RHEL 9,Development,Database Server,Bangalore,Database Team,2026-07-25
465,API059,Windows Server 2022,UAT,API Server,Mumbai,Infrastructure Team,2026-07-25
466,DB066,Ubuntu 22.04,UAT,Database Server,Hyderabad,Database Team,2026-07-25
467,AUTH064,RHEL 8,UAT,Authentication Server,Mumbai,Security Team,2026-07-25
468,FILE065,RHEL 8,Development,File Server,Pune,Windows Team,2026-07-25
469,FILE066,Ubuntu 22.04,Testing,File Server,Bangalore,Windows Team,2026-07-25
470,DB067,Windows Server 2019,Development,Database Server,Hyderabad,Database Team,2026-07-25
471,APP079,Windows Server 2019,Production,Application Server,Hyderabad,Infrastructure Team,2026-07-25
472,API060,Windows Server 2022,Production,API Server,Hyderabad,Infrastructure Team,2026-07-25
473,API061,RHEL 8,UAT,API Server,Bangalore,Infrastructure Team,2026-07-25
474,AUTH065,Ubuntu 22.04,Production,Authentication Server,Pune,Security Team,2026-07-25
475,MAIL075,RHEL 8,Development,Mail Server,Chennai,Messaging Team,2026-07-25
476,API062,Ubuntu 22.04,UAT,API Server,Bangalore,Infrastructure Team,2026-07-25
477,API063,RHEL 9,Development,API Server,Hyderabad,Infrastructure Team,2026-07-25
478,API064,RHEL 8,Testing,API Server,Mumbai,Infrastructure Team,2026-07-25
479,FILE067,RHEL 9,Production,File Server,Bangalore,Windows Team,2026-07-25
480,APP080,Windows Server 2019,Development,Application Server,Chennai,Infrastructure Team,2026-07-25
481,MAIL076,RHEL 8,Production,Mail Server,Chennai,Messaging Team,2026-07-25
482,API065,RHEL 8,Testing,API Server,Bangalore,Infrastructure Team,2026-07-25
483,DB068,RHEL 9,Testing,Database Server,Hyderabad,Database Team,2026-07-25
484,FILE068,Windows Server 2019,UAT,File Server,Bangalore,Windows Team,2026-07-25
485,APP081,RHEL 8,UAT,Application Server,Bangalore,Infrastructure Team,2026-07-25
486,WEB063,Windows Server 2019,Production,Web Server,Bangalore,Linux Team,2026-07-25
487,API066,Windows Server 2022,Development,API Server,Hyderabad,Infrastructure Team,2026-07-25
488,FILE069,Windows Server 2022,Testing,File Server,Hyderabad,Windows Team,2026-07-25
489,API067,Windows Server 2022,Development,API Server,Pune,Infrastructure Team,2026-07-25
490,APP082,Windows Server 2019,UAT,Application Server,Mumbai,Infrastructure Team,2026-07-25
491,APP083,RHEL 8,Production,Application Server,Hyderabad,Infrastructure Team,2026-07-25
492,APP084,Ubuntu 22.04,Testing,Application Server,Pune,Infrastructure Team,2026-07-25
493,WEB064,Windows Server 2022,Production,Web Server,Chennai,Linux Team,2026-07-25
494,MAIL077,Ubuntu 22.04,Development,Mail Server,Hyderabad,Messaging Team,2026-07-25
495,AUTH066,Windows Server 2019,UAT,Authentication Server,Bangalore,Security Team,2026-07-25
496,API068,Windows Server 2019,Development,API Server,Chennai,Infrastructure Team,2026-07-25
497,APP085,Windows Server 2022,Testing,Application Server,Hyderabad,Infrastructure Team,2026-07-25
498,FILE070,Windows Server 2022,Production,File Server,Hyderabad,Windows Team,2026-07-25
499,MAIL078,Ubuntu 22.04,UAT,Mail Server,Bangalore,Messaging Team,2026-07-25
500,AUTH067,RHEL 9,Production,Authentication Server,Chennai,Security Team,2026-07-25
501,AUTH068,Windows Server 2022,Testing,Authentication Server,Chennai,Security Team,2026-07-25
502,WEB065,Ubuntu 22.04,Development,Web Server,Pune,Linux Team,2026-07-25
503,API069,Windows Server 2019,Production,API Server,Chennai,Infrastructure Team,2026-07-25
504,WEB066,Windows Server 2019,Testing,Web Server,Chennai,Linux Team,2026-07-25
505,AUTH069,Windows Server 2019,Development,Authentication Server,Mumbai,Security Team,2026-07-25
506,FILE071,Ubuntu 22.04,UAT,File Server,Pune,Windows Team,2026-07-25
507,MAIL079,RHEL 8,Development,Mail Server,Mumbai,Messaging Team,2026-07-25
508,API070,Windows Server 2022,UAT,API Server,Pune,Infrastructure Team,2026-07-25
509,API071,RHEL 8,Production,API Server,Bangalore,Infrastructure Team,2026-07-25
510,AUTH070,RHEL 9,Testing,Authentication Server,Bangalore,Security Team,2026-07-25
511,AUTH071,RHEL 9,Development,Authentication Server,Bangalore,Security Team,2026-07-25
512,AUTH072,Windows Server 2022,Production,Authentication Server,Chennai,Security Team,2026-07-25
513,WEB067,Ubuntu 22.04,Production,Web Server,Bangalore,Linux Team,2026-07-25
514,FILE072,RHEL 9,Development,File Server,Hyderabad,Windows Team,2026-07-25
515,FILE073,Ubuntu 22.04,Development,File Server,Bangalore,Windows Team,2026-07-25
516,DB069,Ubuntu 22.04,Testing,Database Server,Mumbai,Database Team,2026-07-25
517,API072,RHEL 9,Development,API Server,Hyderabad,Infrastructure Team,2026-07-25
518,MAIL080,RHEL 9,UAT,Mail Server,Pune,Messaging Team,2026-07-25
519,AUTH073,RHEL 9,Development,Authentication Server,Hyderabad,Security Team,2026-07-25
520,API073,RHEL 8,Development,API Server,Mumbai,Infrastructure Team,2026-07-25
521,FILE074,Ubuntu 22.04,Development,File Server,Pune,Windows Team,2026-07-25
522,API074,RHEL 9,UAT,API Server,Chennai,Infrastructure Team,2026-07-25
523,WEB068,Ubuntu 22.04,Testing,Web Server,Bangalore,Linux Team,2026-07-25
524,FILE075,RHEL 9,UAT,File Server,Chennai,Windows Team,2026-07-25
525,APP086,Ubuntu 22.04,Production,Application Server,Hyderabad,Infrastructure Team,2026-07-25
526,APP087,RHEL 9,Production,Application Server,Hyderabad,Infrastructure Team,2026-07-25
527,FILE076,RHEL 8,UAT,File Server,Hyderabad,Windows Team,2026-07-25
528,DB070,RHEL 8,Testing,Database Server,Mumbai,Database Team,2026-07-25
529,FILE077,Windows Server 2019,Development,File Server,Bangalore,Windows Team,2026-07-25
530,AUTH074,RHEL 9,Development,Authentication Server,Bangalore,Security Team,2026-07-25
531,MAIL081,Windows Server 2019,UAT,Mail Server,Pune,Messaging Team,2026-07-25
532,API075,Windows Server 2022,Development,API Server,Pune,Infrastructure Team,2026-07-25
533,WEB069,Ubuntu 22.04,Development,Web Server,Pune,Linux Team,2026-07-25
534,DB071,RHEL 9,UAT,Database Server,Hyderabad,Database Team,2026-07-25
535,DB072,RHEL 8,UAT,Database Server,Hyderabad,Database Team,2026-07-25
536,FILE078,RHEL 8,UAT,File Server,Mumbai,Windows Team,2026-07-25
537,WEB070,RHEL 8,UAT,Web Server,Mumbai,Linux Team,2026-07-25
538,MAIL082,RHEL 9,Production,Mail Server,Mumbai,Messaging Team,2026-07-25
539,DB073,RHEL 9,Development,Database Server,Chennai,Database Team,2026-07-25
540,API076,Ubuntu 22.04,Development,API Server,Hyderabad,Infrastructure Team,2026-07-25
541,APP088,RHEL 9,Production,Application Server,Bangalore,Infrastructure Team,2026-07-25
542,DB074,Windows Server 2022,Production,Database Server,Pune,Database Team,2026-07-25
543,MAIL083,Ubuntu 22.04,Testing,Mail Server,Bangalore,Messaging Team,2026-07-25
544,DB075,Windows Server 2019,Production,Database Server,Pune,Database Team,2026-07-25
545,AUTH075,RHEL 9,UAT,Authentication Server,Hyderabad,Security Team,2026-07-25
546,API077,RHEL 9,Production,API Server,Bangalore,Infrastructure Team,2026-07-25
547,FILE079,Windows Server 2019,Testing,File Server,Hyderabad,Windows Team,2026-07-25
548,WEB071,RHEL 9,Production,Web Server,Pune,Linux Team,2026-07-25
549,APP089,RHEL 8,Testing,Application Server,Mumbai,Infrastructure Team,2026-07-25
550,APP090,RHEL 8,Production,Application Server,Chennai,Infrastructure Team,2026-07-25
551,MAIL084,Ubuntu 22.04,UAT,Mail Server,Mumbai,Messaging Team,2026-07-25
552,WEB072,RHEL 9,Testing,Web Server,Pune,Linux Team,2026-07-25
553,FILE080,Windows Server 2022,UAT,File Server,Hyderabad,Windows Team,2026-07-25
554,DB076,RHEL 8,Testing,Database Server,Mumbai,Database Team,2026-07-25
555,WEB073,Ubuntu 22.04,Testing,Web Server,Mumbai,Linux Team,2026-07-25
556,MAIL085,RHEL 9,Production,Mail Server,Hyderabad,Messaging Team,2026-07-25
557,FILE081,RHEL 9,Production,File Server,Chennai,Windows Team,2026-07-25
558,APP091,RHEL 8,UAT,Application Server,Mumbai,Infrastructure Team,2026-07-25
559,APP092,RHEL 9,Production,Application Server,Bangalore,Infrastructure Team,2026-07-25
560,WEB074,RHEL 8,Development,Web Server,Bangalore,Linux Team,2026-07-25
561,MAIL086,Windows Server 2022,Testing,Mail Server,Pune,Messaging Team,2026-07-25
562,DB077,Ubuntu 22.04,UAT,Database Server,Mumbai,Database Team,2026-07-25
563,DB078,Windows Server 2019,Development,Database Server,Bangalore,Database Team,2026-07-25
564,API078,Ubuntu 22.04,UAT,API Server,Hyderabad,Infrastructure Team,2026-07-25
565,AUTH076,RHEL 9,UAT,Authentication Server,Mumbai,Security Team,2026-07-25
566,MAIL087,Windows Server 2019,Testing,Mail Server,Hyderabad,Messaging Team,2026-07-25
567,MAIL088,Windows Server 2022,Development,Mail Server,Chennai,Messaging Team,2026-07-25
568,API079,Ubuntu 22.04,Production,API Server,Hyderabad,Infrastructure Team,2026-07-25
569,DB079,Windows Server 2022,UAT,Database Server,Hyderabad,Database Team,2026-07-25
570,WEB075,Windows Server 2022,Testing,Web Server,Pune,Linux Team,2026-07-25
571,AUTH077,RHEL 8,Testing,Authentication Server,Chennai,Security Team,2026-07-25
572,FILE082,Windows Server 2019,Testing,File Server,Hyderabad,Windows Team,2026-07-25
573,AUTH078,RHEL 9,Testing,Authentication Server,Mumbai,Security Team,2026-07-25
574,DB080,Windows Server 2022,Testing,Database Server,Hyderabad,Database Team,2026-07-25
575,AUTH079,Ubuntu 22.04,Production,Authentication Server,Mumbai,Security Team,2026-07-25
576,WEB076,Windows Server 2019,UAT,Web Server,Hyderabad,Linux Team,2026-07-25
577,MAIL089,Ubuntu 22.04,Development,Mail Server,Mumbai,Messaging Team,2026-07-25
578,DB081,Windows Server 2022,Production,Database Server,Bangalore,Database Team,2026-07-25
579,MAIL090,RHEL 9,Development,Mail Server,Bangalore,Messaging Team,2026-07-25
580,MAIL091,Windows Server 2019,Production,Mail Server,Bangalore,Messaging Team,2026-07-25
581,DB082,RHEL 9,UAT,Database Server,Bangalore,Database Team,2026-07-25
582,API080,RHEL 8,Testing,API Server,Bangalore,Infrastructure Team,2026-07-25
583,MAIL092,RHEL 8,UAT,Mail Server,Hyderabad,Messaging Team,2026-07-25
584,WEB077,Windows Server 2022,UAT,Web Server,Chennai,Linux Team,2026-07-25
585,APP093,RHEL 8,Production,Application Server,Mumbai,Infrastructure Team,2026-07-25
586,MAIL093,Ubuntu 22.04,Production,Mail Server,Hyderabad,Messaging Team,2026-07-25
587,FILE083,RHEL 8,Production,File Server,Pune,Windows Team,2026-07-25
588,FILE084,Windows Server 2022,Production,File Server,Chennai,Windows Team,2026-07-25
589,MAIL094,RHEL 8,UAT,Mail Server,Hyderabad,Messaging Team,2026-07-25
590,MAIL095,Ubuntu 22.04,Testing,Mail Server,Hyderabad,Messaging Team,2026-07-25
591,APP094,Windows Server 2019,Production,Application Server,Mumbai,Infrastructure Team,2026-07-25
592,API081,Windows Server 2019,Development,API Server,Hyderabad,Infrastructure Team,2026-07-25
593,FILE085,Ubuntu 22.04,UAT,File Server,Mumbai,Windows Team,2026-07-25
594,APP095,RHEL 8,UAT,Application Server,Chennai,Infrastructure Team,2026-07-25
595,FILE086,Windows Server 2019,Testing,File Server,Mumbai,Windows Team,2026-07-25
596,DB083,Windows Server 2019,Testing,Database Server,Mumbai,Database Team,2026-07-25
597,FILE087,Windows Server 2022,UAT,File Server,Chennai,Windows Team,2026-07-25
598,WEB078,RHEL 9,Production,Web Server,Mumbai,Linux Team,2026-07-25
599,API082,Windows Server 2019,UAT,API Server,Chennai,Infrastructure Team,2026-07-25
600,DB084,RHEL 8,UAT,Database Server,Bangalore,Database Team,2026-07-25
601,MAIL096,RHEL 9,Production,Mail Server,Chennai,Messaging Team,2026-07-25
602,MAIL097,RHEL 9,Testing,Mail Server,Hyderabad,Messaging Team,2026-07-25
603,APP096,Windows Server 2022,Development,Application Server,Bangalore,Infrastructure Team,2026-07-25
604,AUTH080,Ubuntu 22.04,Production,Authentication Server,Pune,Security Team,2026-07-25
605,WEB079,Ubuntu 22.04,UAT,Web Server,Hyderabad,Linux Team,2026-07-25
606,DB085,RHEL 8,Development,Database Server,Bangalore,Database Team,2026-07-25
607,AUTH081,Windows Server 2019,UAT,Authentication Server,Hyderabad,Security Team,2026-07-25
608,MAIL098,RHEL 8,UAT,Mail Server,Hyderabad,Messaging Team,2026-07-25
609,AUTH082,RHEL 9,Development,Authentication Server,Chennai,Security Team,2026-07-25
610,DB086,RHEL 9,Development,Database Server,Pune,Database Team,2026-07-25
611,WEB080,Windows Server 2019,Testing,Web Server,Hyderabad,Linux Team,2026-07-25
612,WEB081,Windows Server 2019,UAT,Web Server,Pune,Linux Team,2026-07-25
613,API083,Windows Server 2019,UAT,API Server,Mumbai,Infrastructure Team,2026-07-25
614,AUTH083,Windows Server 2022,Testing,Authentication Server,Hyderabad,Security Team,2026-07-25
615,API084,Windows Server 2019,Development,API Server,Mumbai,Infrastructure Team,2026-07-25
616,WEB082,Windows Server 2022,UAT,Web Server,Mumbai,Linux Team,2026-07-25
617,MAIL099,Windows Server 2019,Development,Mail Server,Chennai,Messaging Team,2026-07-25
618,DB087,RHEL 9,Testing,Database Server,Mumbai,Database Team,2026-07-25
619,MAIL100,RHEL 8,UAT,Mail Server,Chennai,Messaging Team,2026-07-25
620,APP097,Windows Server 2019,Production,Application Server,Bangalore,Infrastructure Team,2026-07-25
621,API085,RHEL 9,Production,API Server,Chennai,Infrastructure Team,2026-07-25
622,APP098,Windows Server 2022,Development,Application Server,Hyderabad,Infrastructure Team,2026-07-25
623,API086,Windows Server 2019,Testing,API Server,Hyderabad,Infrastructure Team,2026-07-25
624,MAIL101,Windows Server 2022,Development,Mail Server,Chennai,Messaging Team,2026-07-25
625,API087,Windows Server 2022,Development,API Server,Bangalore,Infrastructure Team,2026-07-25
626,APP099,RHEL 9,UAT,Application Server,Hyderabad,Infrastructure Team,2026-07-25
627,FILE088,RHEL 8,Production,File Server,Bangalore,Windows Team,2026-07-25
628,WEB083,Windows Server 2022,UAT,Web Server,Bangalore,Linux Team,2026-07-25
629,APP100,Windows Server 2019,Testing,Application Server,Chennai,Infrastructure Team,2026-07-25
630,WEB084,RHEL 9,UAT,Web Server,Bangalore,Linux Team,2026-07-25
631,APP101,Windows Server 2022,Testing,Application Server,Chennai,Infrastructure Team,2026-07-25
632,FILE089,Ubuntu 22.04,Development,File Server,Pune,Windows Team,2026-07-25
633,DB088,RHEL 9,Production,Database Server,Chennai,Database Team,2026-07-25
634,API088,Windows Server 2022,UAT,API Server,Pune,Infrastructure Team,2026-07-25
635,APP102,Ubuntu 22.04,Development,Application Server,Chennai,Infrastructure Team,2026-07-25
636,APP103,RHEL 8,UAT,Application Server,Hyderabad,Infrastructure Team,2026-07-25
637,DB089,Ubuntu 22.04,Development,Database Server,Hyderabad,Database Team,2026-07-25
638,AUTH084,RHEL 9,Development,Authentication Server,Mumbai,Security Team,2026-07-25
639,MAIL102,Ubuntu 22.04,Testing,Mail Server,Bangalore,Messaging Team,2026-07-25
640,API089,RHEL 8,Production,API Server,Mumbai,Infrastructure Team,2026-07-25
641,APP104,Ubuntu 22.04,Development,Application Server,Pune,Infrastructure Team,2026-07-25
642,API090,Windows Server 2022,UAT,API Server,Hyderabad,Infrastructure Team,2026-07-25
643,WEB085,Windows Server 2019,Development,Web Server,Chennai,Linux Team,2026-07-25
644,WEB086,Ubuntu 22.04,Development,Web Server,Pune,Linux Team,2026-07-25
645,FILE090,Ubuntu 22.04,Production,File Server,Bangalore,Windows Team,2026-07-25
646,DB090,Windows Server 2019,Testing,Database Server,Chennai,Database Team,2026-07-25
647,AUTH085,Windows Server 2022,Testing,Authentication Server,Pune,Security Team,2026-07-25
648,AUTH086,Windows Server 2022,Development,Authentication Server,Hyderabad,Security Team,2026-07-25
649,API091,RHEL 9,Testing,API Server,Mumbai,Infrastructure Team,2026-07-25
650,FILE091,Ubuntu 22.04,Development,File Server,Chennai,Windows Team,2026-07-25
651,DB091,Ubuntu 22.04,Development,Database Server,Hyderabad,Database Team,2026-07-25
652,WEB087,Windows Server 2019,Testing,Web Server,Mumbai,Linux Team,2026-07-25
653,AUTH087,Windows Server 2022,Production,Authentication Server,Pune,Security Team,2026-07-25
654,FILE092,RHEL 8,Testing,File Server,Mumbai,Windows Team,2026-07-25
655,APP105,Windows Server 2019,UAT,Application Server,Pune,Infrastructure Team,2026-07-25
656,WEB088,Ubuntu 22.04,Testing,Web Server,Hyderabad,Linux Team,2026-07-25
657,APP106,Ubuntu 22.04,Development,Application Server,Pune,Infrastructure Team,2026-07-25
658,AUTH088,Ubuntu 22.04,Production,Authentication Server,Bangalore,Security Team,2026-07-25
659,APP107,Windows Server 2022,Production,Application Server,Chennai,Infrastructure Team,2026-07-25
660,WEB089,Windows Server 2019,Production,Web Server,Bangalore,Linux Team,2026-07-25
661,FILE093,Windows Server 2022,Development,File Server,Hyderabad,Windows Team,2026-07-25
662,DB092,Ubuntu 22.04,Production,Database Server,Hyderabad,Database Team,2026-07-25
663,FILE094,Windows Server 2022,UAT,File Server,Hyderabad,Windows Team,2026-07-25
664,WEB090,RHEL 9,Testing,Web Server,Bangalore,Linux Team,2026-07-25
665,API092,Windows Server 2019,Development,API Server,Chennai,Infrastructure Team,2026-07-25
666,WEB091,Windows Server 2019,Testing,Web Server,Hyderabad,Linux Team,2026-07-25
667,AUTH089,RHEL 9,Development,Authentication Server,Mumbai,Security Team,2026-07-25
668,AUTH090,RHEL 8,Testing,Authentication Server,Bangalore,Security Team,2026-07-25
669,MAIL103,RHEL 8,Testing,Mail Server,Mumbai,Messaging Team,2026-07-25
670,API093,RHEL 8,UAT,API Server,Pune,Infrastructure Team,2026-07-25
671,WEB092,Ubuntu 22.04,UAT,Web Server,Bangalore,Linux Team,2026-07-25
672,API094,Windows Server 2022,UAT,API Server,Mumbai,Infrastructure Team,2026-07-25
673,APP108,RHEL 8,Production,Application Server,Hyderabad,Infrastructure Team,2026-07-25
674,APP109,RHEL 8,UAT,Application Server,Chennai,Infrastructure Team,2026-07-25
675,API095,RHEL 9,UAT,API Server,Bangalore,Infrastructure Team,2026-07-25
676,MAIL104,Ubuntu 22.04,Testing,Mail Server,Mumbai,Messaging Team,2026-07-25
677,MAIL105,Windows Server 2022,UAT,Mail Server,Hyderabad,Messaging Team,2026-07-25
678,MAIL106,Windows Server 2019,Development,Mail Server,Mumbai,Messaging Team,2026-07-25
679,AUTH091,Ubuntu 22.04,Production,Authentication Server,Pune,Security Team,2026-07-25
680,AUTH092,RHEL 8,UAT,Authentication Server,Bangalore,Security Team,2026-07-25
681,APP110,Ubuntu 22.04,Production,Application Server,Hyderabad,Infrastructure Team,2026-07-25
682,APP111,Windows Server 2019,UAT,Application Server,Hyderabad,Infrastructure Team,2026-07-25
683,MAIL107,Windows Server 2022,Production,Mail Server,Mumbai,Messaging Team,2026-07-25
684,AUTH093,Windows Server 2022,Testing,Authentication Server,Mumbai,Security Team,2026-07-25
685,API096,RHEL 8,Development,API Server,Bangalore,Infrastructure Team,2026-07-25
686,API097,Windows Server 2019,Testing,API Server,Bangalore,Infrastructure Team,2026-07-25
687,MAIL108,Windows Server 2022,UAT,Mail Server,Chennai,Messaging Team,2026-07-25
688,API098,Ubuntu 22.04,UAT,API Server,Bangalore,Infrastructure Team,2026-07-25
689,AUTH094,RHEL 8,Development,Authentication Server,Hyderabad,Security Team,2026-07-25
690,MAIL109,Windows Server 2022,Production,Mail Server,Chennai,Messaging Team,2026-07-25
691,MAIL110,Windows Server 2022,Testing,Mail Server,Pune,Messaging Team,2026-07-25
692,MAIL111,Windows Server 2022,UAT,Mail Server,Bangalore,Messaging Team,2026-07-25
693,API099,RHEL 8,Production,API Server,Pune,Infrastructure Team,2026-07-25
694,WEB093,RHEL 9,Production,Web Server,Pune,Linux Team,2026-07-25
695,API100,Windows Server 2019,Development,API Server,Hyderabad,Infrastructure Team,2026-07-25
696,DB093,RHEL 9,Production,Database Server,Chennai,Database Team,2026-07-25
697,MAIL112,RHEL 9,UAT,Mail Server,Pune,Messaging Team,2026-07-25
698,AUTH095,Windows Server 2019,Testing,Authentication Server,Mumbai,Security Team,2026-07-25
699,WEB094,RHEL 9,Production,Web Server,Pune,Linux Team,2026-07-25
700,WEB095,Ubuntu 22.04,UAT,Web Server,Chennai,Linux Team,2026-07-25
701,AUTH096,Ubuntu 22.04,Testing,Authentication Server,Hyderabad,Security Team,2026-07-25
702,AUTH097,Windows Server 2019,Testing,Authentication Server,Pune,Security Team,2026-07-25
703,API101,RHEL 9,Testing,API Server,Chennai,Infrastructure Team,2026-07-25
704,FILE095,RHEL 8,Production,File Server,Mumbai,Windows Team,2026-07-25
705,MAIL113,RHEL 9,Testing,Mail Server,Pune,Messaging Team,2026-07-25
706,FILE096,Windows Server 2022,UAT,File Server,Mumbai,Windows Team,2026-07-25
707,MAIL114,Windows Server 2022,Development,Mail Server,Bangalore,Messaging Team,2026-07-25
708,API102,RHEL 9,UAT,API Server,Pune,Infrastructure Team,2026-07-25
709,WEB096,Windows Server 2022,UAT,Web Server,Mumbai,Linux Team,2026-07-25
710,API103,Windows Server 2019,Testing,API Server,Hyderabad,Infrastructure Team,2026-07-25
711,AUTH098,Windows Server 2019,Development,Authentication Server,Bangalore,Security Team,2026-07-25
712,WEB097,Ubuntu 22.04,Development,Web Server,Pune,Linux Team,2026-07-25
713,MAIL115,RHEL 9,UAT,Mail Server,Mumbai,Messaging Team,2026-07-25
714,MAIL116,Windows Server 2022,UAT,Mail Server,Hyderabad,Messaging Team,2026-07-25
715,MAIL117,RHEL 8,Production,Mail Server,Chennai,Messaging Team,2026-07-25
716,FILE097,Windows Server 2022,UAT,File Server,Bangalore,Windows Team,2026-07-25
717,FILE098,Windows Server 2019,Development,File Server,Hyderabad,Windows Team,2026-07-25
718,FILE099,Windows Server 2019,Testing,File Server,Mumbai,Windows Team,2026-07-25
719,API104,Windows Server 2022,Development,API Server,Mumbai,Infrastructure Team,2026-07-25
720,WEB098,Windows Server 2022,UAT,Web Server,Mumbai,Linux Team,2026-07-25
721,DB094,RHEL 8,Testing,Database Server,Mumbai,Database Team,2026-07-25
722,AUTH099,Windows Server 2022,Production,Authentication Server,Pune,Security Team,2026-07-25
723,FILE100,Ubuntu 22.04,Development,File Server,Hyderabad,Windows Team,2026-07-25
724,FILE101,Ubuntu 22.04,UAT,File Server,Chennai,Windows Team,2026-07-25
725,WEB099,Windows Server 2022,UAT,Web Server,Pune,Linux Team,2026-07-25
726,WEB100,RHEL 9,Development,Web Server,Hyderabad,Linux Team,2026-07-25
727,AUTH100,Ubuntu 22.04,Testing,Authentication Server,Mumbai,Security Team,2026-07-25
728,APP112,Windows Server 2022,Development,Application Server,Bangalore,Infrastructure Team,2026-07-25
729,WEB101,Windows Server 2022,Production,Web Server,Chennai,Linux Team,2026-07-25
730,FILE102,RHEL 8,Production,File Server,Hyderabad,Windows Team,2026-07-25
731,WEB102,Ubuntu 22.04,Development,Web Server,Mumbai,Linux Team,2026-07-25
732,AUTH101,Ubuntu 22.04,UAT,Authentication Server,Hyderabad,Security Team,2026-07-25
733,API105,RHEL 9,Testing,API Server,Chennai,Infrastructure Team,2026-07-25
734,AUTH102,RHEL 9,UAT,Authentication Server,Bangalore,Security Team,2026-07-25
735,DB095,Windows Server 2019,Testing,Database Server,Chennai,Database Team,2026-07-25
736,FILE103,RHEL 9,Testing,File Server,Hyderabad,Windows Team,2026-07-25
737,MAIL118,Ubuntu 22.04,UAT,Mail Server,Chennai,Messaging Team,2026-07-25
738,AUTH103,RHEL 8,UAT,Authentication Server,Hyderabad,Security Team,2026-07-25
739,FILE104,Ubuntu 22.04,Production,File Server,Hyderabad,Windows Team,2026-07-25
740,APP113,RHEL 8,Production,Application Server,Pune,Infrastructure Team,2026-07-25
741,WEB103,Windows Server 2022,UAT,Web Server,Hyderabad,Linux Team,2026-07-25
742,DB096,Windows Server 2022,Development,Database Server,Hyderabad,Database Team,2026-07-25
743,MAIL119,Ubuntu 22.04,Testing,Mail Server,Chennai,Messaging Team,2026-07-25
744,WEB104,Windows Server 2022,Development,Web Server,Mumbai,Linux Team,2026-07-25
745,API106,RHEL 8,Development,API Server,Mumbai,Infrastructure Team,2026-07-25
746,API107,RHEL 8,Development,API Server,Pune,Infrastructure Team,2026-07-25
747,DB097,Windows Server 2022,UAT,Database Server,Bangalore,Database Team,2026-07-25
748,FILE105,Windows Server 2019,UAT,File Server,Pune,Windows Team,2026-07-25
749,DB098,Windows Server 2019,Development,Database Server,Hyderabad,Database Team,2026-07-25
750,AUTH104,Windows Server 2019,Production,Authentication Server,Hyderabad,Security Team,2026-07-25
751,WEB105,Ubuntu 22.04,Development,Web Server,Pune,Linux Team,2026-07-25
752,MAIL120,Windows Server 2022,Testing,Mail Server,Pune,Messaging Team,2026-07-25
753,FILE106,RHEL 8,Development,File Server,Hyderabad,Windows Team,2026-07-25
754,DB099,Windows Server 2019,Production,Database Server,Mumbai,Database Team,2026-07-25
755,API108,RHEL 9,Production,API Server,Bangalore,Infrastructure Team,2026-07-25
756,DB100,RHEL 8,Production,Database Server,Chennai,Database Team,2026-07-25
757,API109,Ubuntu 22.04,Development,API Server,Hyderabad,Infrastructure Team,2026-07-25
758,MAIL121,Windows Server 2022,Development,Mail Server,Hyderabad,Messaging Team,2026-07-25
759,FILE107,Ubuntu 22.04,Testing,File Server,Mumbai,Windows Team,2026-07-25
760,MAIL122,RHEL 8,Production,Mail Server,Chennai,Messaging Team,2026-07-25
761,APP114,RHEL 8,Testing,Application Server,Hyderabad,Infrastructure Team,2026-07-25
762,MAIL123,Windows Server 2019,Production,Mail Server,Hyderabad,Messaging Team,2026-07-25
763,AUTH105,RHEL 8,Development,Authentication Server,Pune,Security Team,2026-07-25
764,APP115,Ubuntu 22.04,Production,Application Server,Hyderabad,Infrastructure Team,2026-07-25
765,FILE108,Ubuntu 22.04,Production,File Server,Hyderabad,Windows Team,2026-07-25
766,FILE109,Ubuntu 22.04,UAT,File Server,Bangalore,Windows Team,2026-07-25
767,API110,RHEL 9,Production,API Server,Mumbai,Infrastructure Team,2026-07-25
768,MAIL124,Windows Server 2022,UAT,Mail Server,Bangalore,Messaging Team,2026-07-25
769,APP116,Ubuntu 22.04,Testing,Application Server,Bangalore,Infrastructure Team,2026-07-25
770,API111,RHEL 8,Development,API Server,Pune,Infrastructure Team,2026-07-25
771,FILE110,Windows Server 2022,UAT,File Server,Bangalore,Windows Team,2026-07-25
772,AUTH106,Ubuntu 22.04,Production,Authentication Server,Mumbai,Security Team,2026-07-25
773,API112,Windows Server 2022,Development,API Server,Pune,Infrastructure Team,2026-07-25
774,FILE111,Windows Server 2022,Development,File Server,Mumbai,Windows Team,2026-07-25
775,APP117,RHEL 9,Production,Application Server,Mumbai,Infrastructure Team,2026-07-25
776,WEB106,Windows Server 2022,UAT,Web Server,Bangalore,Linux Team,2026-07-25
777,DB101,RHEL 8,UAT,Database Server,Bangalore,Database Team,2026-07-25
778,APP118,Windows Server 2022,Production,Application Server,Hyderabad,Infrastructure Team,2026-07-25
779,AUTH107,Ubuntu 22.04,Testing,Authentication Server,Chennai,Security Team,2026-07-25
780,AUTH108,Ubuntu 22.04,Production,Authentication Server,Bangalore,Security Team,2026-07-25
781,WEB107,RHEL 8,Testing,Web Server,Bangalore,Linux Team,2026-07-25
782,FILE112,RHEL 8,Development,File Server,Hyderabad,Windows Team,2026-07-25
783,FILE113,RHEL 9,Production,File Server,Chennai,Windows Team,2026-07-25
784,MAIL125,Ubuntu 22.04,Production,Mail Server,Pune,Messaging Team,2026-07-25
785,WEB108,Windows Server 2022,Development,Web Server,Pune,Linux Team,2026-07-25
786,WEB109,Windows Server 2019,UAT,Web Server,Mumbai,Linux Team,2026-07-25
787,DB102,RHEL 8,Testing,Database Server,Mumbai,Database Team,2026-07-25
788,DB103,Windows Server 2022,Testing,Database Server,Mumbai,Database Team,2026-07-25
789,APP119,RHEL 9,Testing,Application Server,Pune,Infrastructure Team,2026-07-25
790,AUTH109,RHEL 8,Development,Authentication Server,Pune,Security Team,2026-07-25
791,FILE114,Windows Server 2022,Production,File Server,Hyderabad,Windows Team,2026-07-25
792,AUTH110,RHEL 8,UAT,Authentication Server,Mumbai,Security Team,2026-07-25
793,FILE115,RHEL 8,Production,File Server,Mumbai,Windows Team,2026-07-25
794,FILE116,RHEL 8,Testing,File Server,Hyderabad,Windows Team,2026-07-25
795,DB104,Windows Server 2022,Testing,Database Server,Pune,Database Team,2026-07-25
796,DB105,RHEL 8,Development,Database Server,Mumbai,Database Team,2026-07-25
797,APP120,RHEL 8,Testing,Application Server,Mumbai,Infrastructure Team,2026-07-25
798,API113,RHEL 9,Development,API Server,Pune,Infrastructure Team,2026-07-25
799,WEB110,RHEL 9,UAT,Web Server,Bangalore,Linux Team,2026-07-25
800,MAIL126,Windows Server 2022,Development,Mail Server,Bangalore,Messaging Team,2026-07-25
801,AUTH111,RHEL 8,Testing,Authentication Server,Pune,Security Team,2026-07-25
802,APP121,RHEL 8,Production,Application Server,Mumbai,Infrastructure Team,2026-07-25
803,APP122,Ubuntu 22.04,Production,Application Server,Hyderabad,Infrastructure Team,2026-07-25
804,API114,Windows Server 2022,Production,API Server,Hyderabad,Infrastructure Team,2026-07-25
805,API115,Windows Server 2022,Testing,API Server,Bangalore,Infrastructure Team,2026-07-25
806,AUTH112,RHEL 8,UAT,Authentication Server,Bangalore,Security Team,2026-07-25
807,FILE117,RHEL 9,Testing,File Server,Pune,Windows Team,2026-07-25
808,FILE118,Ubuntu 22.04,Production,File Server,Hyderabad,Windows Team,2026-07-25
809,FILE119,Ubuntu 22.04,Testing,File Server,Pune,Windows Team,2026-07-25
810,AUTH113,Windows Server 2022,Production,Authentication Server,Chennai,Security Team,2026-07-25
811,MAIL127,Windows Server 2019,Testing,Mail Server,Pune,Messaging Team,2026-07-25
812,DB106,RHEL 9,UAT,Database Server,Mumbai,Database Team,2026-07-25
813,APP123,RHEL 8,Production,Application Server,Pune,Infrastructure Team,2026-07-25
814,API116,RHEL 8,UAT,API Server,Pune,Infrastructure Team,2026-07-25
815,API117,Ubuntu 22.04,Testing,API Server,Hyderabad,Infrastructure Team,2026-07-25
816,AUTH114,Windows Server 2019,Testing,Authentication Server,Chennai,Security Team,2026-07-25
817,WEB111,Windows Server 2022,UAT,Web Server,Hyderabad,Linux Team,2026-07-25
818,API118,Windows Server 2022,Production,API Server,Mumbai,Infrastructure Team,2026-07-25
819,FILE120,Windows Server 2019,Testing,File Server,Pune,Windows Team,2026-07-25
820,AUTH115,RHEL 9,Testing,Authentication Server,Bangalore,Security Team,2026-07-25
821,APP124,Ubuntu 22.04,Development,Application Server,Pune,Infrastructure Team,2026-07-25
822,DB107,Windows Server 2022,Testing,Database Server,Hyderabad,Database Team,2026-07-25
823,FILE121,Ubuntu 22.04,UAT,File Server,Mumbai,Windows Team,2026-07-25
824,MAIL128,Windows Server 2019,Development,Mail Server,Pune,Messaging Team,2026-07-25
825,DB108,Ubuntu 22.04,Testing,Database Server,Mumbai,Database Team,2026-07-25
826,AUTH116,Windows Server 2019,Development,Authentication Server,Hyderabad,Security Team,2026-07-25
827,WEB112,Ubuntu 22.04,UAT,Web Server,Bangalore,Linux Team,2026-07-25
828,MAIL129,Windows Server 2019,Production,Mail Server,Mumbai,Messaging Team,2026-07-25
829,DB109,RHEL 9,Testing,Database Server,Pune,Database Team,2026-07-25
830,DB110,RHEL 8,UAT,Database Server,Mumbai,Database Team,2026-07-25
831,MAIL130,RHEL 8,Testing,Mail Server,Hyderabad,Messaging Team,2026-07-25
832,API119,Windows Server 2022,Testing,API Server,Mumbai,Infrastructure Team,2026-07-25
833,MAIL131,Windows Server 2019,Testing,Mail Server,Pune,Messaging Team,2026-07-25
834,API120,RHEL 9,Testing,API Server,Chennai,Infrastructure Team,2026-07-25
835,DB111,Windows Server 2022,Testing,Database Server,Pune,Database Team,2026-07-25
836,AUTH117,RHEL 8,UAT,Authentication Server,Bangalore,Security Team,2026-07-25
837,DB112,Windows Server 2022,Testing,Database Server,Mumbai,Database Team,2026-07-25
838,AUTH118,Windows Server 2022,Development,Authentication Server,Hyderabad,Security Team,2026-07-25
839,MAIL132,Ubuntu 22.04,Production,Mail Server,Hyderabad,Messaging Team,2026-07-25
840,AUTH119,RHEL 8,UAT,Authentication Server,Mumbai,Security Team,2026-07-25
841,FILE122,Ubuntu 22.04,Production,File Server,Pune,Windows Team,2026-07-25
842,AUTH120,Ubuntu 22.04,UAT,Authentication Server,Pune,Security Team,2026-07-25
843,AUTH121,Ubuntu 22.04,Testing,Authentication Server,Pune,Security Team,2026-07-25
844,AUTH122,Windows Server 2019,Testing,Authentication Server,Bangalore,Security Team,2026-07-25
845,DB113,Ubuntu 22.04,Development,Database Server,Hyderabad,Database Team,2026-07-25
846,FILE123,Ubuntu 22.04,Development,File Server,Chennai,Windows Team,2026-07-25
847,MAIL133,RHEL 9,Production,Mail Server,Mumbai,Messaging Team,2026-07-25
848,DB114,Ubuntu 22.04,UAT,Database Server,Mumbai,Database Team,2026-07-25
849,MAIL134,RHEL 9,Development,Mail Server,Mumbai,Messaging Team,2026-07-25
850,DB115,Windows Server 2019,UAT,Database Server,Bangalore,Database Team,2026-07-25
851,WEB113,Windows Server 2019,Production,Web Server,Mumbai,Linux Team,2026-07-25
852,API121,RHEL 8,Production,API Server,Pune,Infrastructure Team,2026-07-25
853,MAIL135,Ubuntu 22.04,Production,Mail Server,Bangalore,Messaging Team,2026-07-25
854,WEB114,RHEL 9,UAT,Web Server,Chennai,Linux Team,2026-07-25
855,DB116,RHEL 8,UAT,Database Server,Mumbai,Database Team,2026-07-25
856,WEB115,Ubuntu 22.04,Production,Web Server,Chennai,Linux Team,2026-07-25
857,MAIL136,Ubuntu 22.04,Development,Mail Server,Hyderabad,Messaging Team,2026-07-25
858,MAIL137,RHEL 8,Testing,Mail Server,Bangalore,Messaging Team,2026-07-25
859,DB117,Windows Server 2022,Testing,Database Server,Hyderabad,Database Team,2026-07-25
860,FILE124,Ubuntu 22.04,Testing,File Server,Chennai,Windows Team,2026-07-25
861,FILE125,Windows Server 2019,UAT,File Server,Bangalore,Windows Team,2026-07-25
862,FILE126,RHEL 9,Testing,File Server,Chennai,Windows Team,2026-07-25
863,MAIL138,Windows Server 2022,Testing,Mail Server,Chennai,Messaging Team,2026-07-25
864,APP125,Windows Server 2019,Testing,Application Server,Chennai,Infrastructure Team,2026-07-25
865,WEB116,Windows Server 2019,Development,Web Server,Hyderabad,Linux Team,2026-07-25
866,APP126,Windows Server 2022,Production,Application Server,Chennai,Infrastructure Team,2026-07-25
867,DB118,RHEL 8,Testing,Database Server,Hyderabad,Database Team,2026-07-25
868,WEB117,RHEL 9,UAT,Web Server,Bangalore,Linux Team,2026-07-25
869,APP127,RHEL 8,UAT,Application Server,Pune,Infrastructure Team,2026-07-25
870,WEB118,RHEL 9,UAT,Web Server,Bangalore,Linux Team,2026-07-25
871,DB119,Windows Server 2019,Production,Database Server,Bangalore,Database Team,2026-07-25
872,FILE127,RHEL 8,Production,File Server,Bangalore,Windows Team,2026-07-25
873,WEB119,Windows Server 2019,Development,Web Server,Mumbai,Linux Team,2026-07-25
874,AUTH123,Windows Server 2019,Development,Authentication Server,Hyderabad,Security Team,2026-07-25
875,AUTH124,Ubuntu 22.04,Development,Authentication Server,Chennai,Security Team,2026-07-25
876,MAIL139,Ubuntu 22.04,Development,Mail Server,Chennai,Messaging Team,2026-07-25
877,FILE128,Windows Server 2022,UAT,File Server,Mumbai,Windows Team,2026-07-25
878,APP128,Windows Server 2019,Testing,Application Server,Mumbai,Infrastructure Team,2026-07-25
879,AUTH125,Windows Server 2022,Testing,Authentication Server,Chennai,Security Team,2026-07-25
880,DB120,RHEL 8,Testing,Database Server,Hyderabad,Database Team,2026-07-25
881,DB121,Windows Server 2022,UAT,Database Server,Hyderabad,Database Team,2026-07-25
882,AUTH126,Windows Server 2022,UAT,Authentication Server,Mumbai,Security Team,2026-07-25
883,AUTH127,Windows Server 2019,Testing,Authentication Server,Chennai,Security Team,2026-07-25
884,APP129,Windows Server 2019,Testing,Application Server,Bangalore,Infrastructure Team,2026-07-25
885,APP130,Ubuntu 22.04,Testing,Application Server,Hyderabad,Infrastructure Team,2026-07-25
886,API122,Ubuntu 22.04,UAT,API Server,Hyderabad,Infrastructure Team,2026-07-25
887,WEB120,RHEL 8,UAT,Web Server,Chennai,Linux Team,2026-07-25
888,WEB121,RHEL 8,UAT,Web Server,Pune,Linux Team,2026-07-25
889,FILE129,RHEL 9,Development,File Server,Bangalore,Windows Team,2026-07-25
890,WEB122,Windows Server 2019,UAT,Web Server,Pune,Linux Team,2026-07-25
891,API123,Ubuntu 22.04,Testing,API Server,Mumbai,Infrastructure Team,2026-07-25
892,AUTH128,Windows Server 2022,UAT,Authentication Server,Mumbai,Security Team,2026-07-25
893,AUTH129,Ubuntu 22.04,Testing,Authentication Server,Bangalore,Security Team,2026-07-25
894,FILE130,Ubuntu 22.04,Development,File Server,Chennai,Windows Team,2026-07-25
895,FILE131,Windows Server 2019,Testing,File Server,Mumbai,Windows Team,2026-07-25
896,DB122,Windows Server 2022,Development,Database Server,Bangalore,Database Team,2026-07-25
897,API124,Windows Server 2022,UAT,API Server,Chennai,Infrastructure Team,2026-07-25
898,MAIL140,Windows Server 2022,Testing,Mail Server,Bangalore,Messaging Team,2026-07-25
899,API125,RHEL 9,Testing,API Server,Mumbai,Infrastructure Team,2026-07-25
900,WEB123,RHEL 9,Development,Web Server,Pune,Linux Team,2026-07-25
901,API126,Ubuntu 22.04,UAT,API Server,Chennai,Infrastructure Team,2026-07-25
902,MAIL141,Ubuntu 22.04,UAT,Mail Server,Bangalore,Messaging Team,2026-07-25
903,MAIL142,RHEL 8,Testing,Mail Server,Chennai,Messaging Team,2026-07-25
904,FILE132,RHEL 9,Testing,File Server,Chennai,Windows Team,2026-07-25
905,WEB124,Ubuntu 22.04,Testing,Web Server,Bangalore,Linux Team,2026-07-25
906,AUTH130,Windows Server 2019,Testing,Authentication Server,Chennai,Security Team,2026-07-25
907,WEB125,Windows Server 2019,Testing,Web Server,Mumbai,Linux Team,2026-07-25
908,AUTH131,RHEL 8,UAT,Authentication Server,Mumbai,Security Team,2026-07-25
909,FILE133,RHEL 9,Production,File Server,Pune,Windows Team,2026-07-25
910,API127,RHEL 8,Production,API Server,Chennai,Infrastructure Team,2026-07-25
911,APP131,RHEL 9,Testing,Application Server,Hyderabad,Infrastructure Team,2026-07-25
912,AUTH132,Ubuntu 22.04,UAT,Authentication Server,Hyderabad,Security Team,2026-07-25
913,WEB126,RHEL 9,Production,Web Server,Bangalore,Linux Team,2026-07-25
914,FILE134,RHEL 9,Production,File Server,Hyderabad,Windows Team,2026-07-25
915,DB123,Ubuntu 22.04,UAT,Database Server,Bangalore,Database Team,2026-07-25
916,API128,RHEL 9,UAT,API Server,Bangalore,Infrastructure Team,2026-07-25
917,WEB127,Ubuntu 22.04,Development,Web Server,Chennai,Linux Team,2026-07-25
918,MAIL143,Windows Server 2022,Production,Mail Server,Chennai,Messaging Team,2026-07-25
919,MAIL144,Windows Server 2019,Development,Mail Server,Mumbai,Messaging Team,2026-07-25
920,FILE135,Ubuntu 22.04,Development,File Server,Bangalore,Windows Team,2026-07-25
921,WEB128,Windows Server 2019,Development,Web Server,Pune,Linux Team,2026-07-25
922,FILE136,Ubuntu 22.04,UAT,File Server,Hyderabad,Windows Team,2026-07-25
923,DB124,RHEL 9,UAT,Database Server,Mumbai,Database Team,2026-07-25
924,API129,RHEL 8,Production,API Server,Chennai,Infrastructure Team,2026-07-25
925,DB125,RHEL 9,UAT,Database Server,Chennai,Database Team,2026-07-25
926,FILE137,Windows Server 2022,Development,File Server,Mumbai,Windows Team,2026-07-25
927,DB126,Ubuntu 22.04,Development,Database Server,Hyderabad,Database Team,2026-07-25
928,MAIL145,Ubuntu 22.04,Production,Mail Server,Pune,Messaging Team,2026-07-25
929,WEB129,Windows Server 2022,Production,Web Server,Hyderabad,Linux Team,2026-07-25
930,API130,RHEL 9,Development,API Server,Mumbai,Infrastructure Team,2026-07-25
931,MAIL146,RHEL 9,Testing,Mail Server,Pune,Messaging Team,2026-07-25
932,DB127,Ubuntu 22.04,Development,Database Server,Bangalore,Database Team,2026-07-25
933,DB128,RHEL 9,Testing,Database Server,Mumbai,Database Team,2026-07-25
934,AUTH133,RHEL 9,Development,Authentication Server,Chennai,Security Team,2026-07-25
935,AUTH134,Ubuntu 22.04,UAT,Authentication Server,Pune,Security Team,2026-07-25
936,FILE138,Ubuntu 22.04,UAT,File Server,Mumbai,Windows Team,2026-07-25
937,APP132,RHEL 9,Testing,Application Server,Bangalore,Infrastructure Team,2026-07-25
938,FILE139,RHEL 9,Testing,File Server,Chennai,Windows Team,2026-07-25
939,APP133,Windows Server 2019,Production,Application Server,Pune,Infrastructure Team,2026-07-25
940,API131,Windows Server 2019,Production,API Server,Bangalore,Infrastructure Team,2026-07-25
941,API132,Windows Server 2022,Production,API Server,Bangalore,Infrastructure Team,2026-07-25
942,API133,RHEL 9,Testing,API Server,Chennai,Infrastructure Team,2026-07-25
943,DB129,RHEL 9,Development,Database Server,Mumbai,Database Team,2026-07-25
944,APP134,Windows Server 2022,Testing,Application Server,Pune,Infrastructure Team,2026-07-25
945,WEB130,Windows Server 2022,Production,Web Server,Bangalore,Linux Team,2026-07-25
946,WEB131,Windows Server 2022,Production,Web Server,Mumbai,Linux Team,2026-07-25
947,AUTH135,Windows Server 2022,Production,Authentication Server,Pune,Security Team,2026-07-25
948,AUTH136,Windows Server 2019,Development,Authentication Server,Bangalore,Security Team,2026-07-25
949,APP135,Ubuntu 22.04,Production,Application Server,Hyderabad,Infrastructure Team,2026-07-25
950,FILE140,Windows Server 2022,Production,File Server,Hyderabad,Windows Team,2026-07-25
951,DB130,Windows Server 2022,Production,Database Server,Bangalore,Database Team,2026-07-25
952,AUTH137,Windows Server 2019,Production,Authentication Server,Mumbai,Security Team,2026-07-25
953,AUTH138,Windows Server 2019,UAT,Authentication Server,Bangalore,Security Team,2026-07-25
954,AUTH139,Windows Server 2019,Production,Authentication Server,Hyderabad,Security Team,2026-07-25
955,FILE141,Ubuntu 22.04,Production,File Server,Hyderabad,Windows Team,2026-07-25
956,DB131,RHEL 9,Development,Database Server,Bangalore,Database Team,2026-07-25
957,WEB132,Ubuntu 22.04,Testing,Web Server,Mumbai,Linux Team,2026-07-25
958,AUTH140,Ubuntu 22.04,Production,Authentication Server,Hyderabad,Security Team,2026-07-25
959,AUTH141,Windows Server 2019,Production,Authentication Server,Bangalore,Security Team,2026-07-25
960,DB132,RHEL 9,UAT,Database Server,Hyderabad,Database Team,2026-07-25
961,MAIL147,Windows Server 2022,Development,Mail Server,Hyderabad,Messaging Team,2026-07-25
962,WEB133,Windows Server 2022,UAT,Web Server,Mumbai,Linux Team,2026-07-25
963,FILE142,Windows Server 2019,Development,File Server,Bangalore,Windows Team,2026-07-25
964,API134,Windows Server 2019,Production,API Server,Mumbai,Infrastructure Team,2026-07-25
965,API135,Windows Server 2022,UAT,API Server,Mumbai,Infrastructure Team,2026-07-25
966,DB133,Windows Server 2019,Development,Database Server,Bangalore,Database Team,2026-07-25
967,FILE143,RHEL 8,Testing,File Server,Chennai,Windows Team,2026-07-25
968,FILE144,Ubuntu 22.04,Development,File Server,Bangalore,Windows Team,2026-07-25
969,WEB134,RHEL 9,Testing,Web Server,Bangalore,Linux Team,2026-07-25
970,APP136,Windows Server 2019,Production,Application Server,Mumbai,Infrastructure Team,2026-07-25
971,WEB135,Ubuntu 22.04,UAT,Web Server,Chennai,Linux Team,2026-07-25
972,WEB136,Windows Server 2022,Development,Web Server,Pune,Linux Team,2026-07-25
973,DB134,Windows Server 2019,Development,Database Server,Mumbai,Database Team,2026-07-25
974,DB135,Windows Server 2019,UAT,Database Server,Pune,Database Team,2026-07-25
975,MAIL148,Ubuntu 22.04,UAT,Mail Server,Bangalore,Messaging Team,2026-07-25
976,APP137,Ubuntu 22.04,UAT,Application Server,Bangalore,Infrastructure Team,2026-07-25
977,APP138,Windows Server 2022,Production,Application Server,Mumbai,Infrastructure Team,2026-07-25
978,AUTH142,RHEL 8,Production,Authentication Server,Hyderabad,Security Team,2026-07-25
979,MAIL149,RHEL 8,UAT,Mail Server,Bangalore,Messaging Team,2026-07-25
980,AUTH143,Ubuntu 22.04,UAT,Authentication Server,Hyderabad,Security Team,2026-07-25
981,APP139,Ubuntu 22.04,Testing,Application Server,Bangalore,Infrastructure Team,2026-07-25
982,APP140,Windows Server 2022,Development,Application Server,Chennai,Infrastructure Team,2026-07-25
983,WEB137,Windows Server 2019,UAT,Web Server,Mumbai,Linux Team,2026-07-25
984,API136,Windows Server 2019,Development,API Server,Pune,Infrastructure Team,2026-07-25
985,WEB138,Ubuntu 22.04,Development,Web Server,Pune,Linux Team,2026-07-25
986,FILE145,RHEL 8,Production,File Server,Chennai,Windows Team,2026-07-25
987,WEB139,RHEL 8,Development,Web Server,Hyderabad,Linux Team,2026-07-25
988,API137,RHEL 9,Development,API Server,Hyderabad,Infrastructure Team,2026-07-25
989,AUTH144,Ubuntu 22.04,Testing,Authentication Server,Chennai,Security Team,2026-07-25
990,API138,RHEL 9,UAT,API Server,Bangalore,Infrastructure Team,2026-07-25
991,MAIL150,Ubuntu 22.04,Production,Mail Server,Pune,Messaging Team,2026-07-25
992,WEB140,RHEL 9,UAT,Web Server,Pune,Linux Team,2026-07-25
993,AUTH145,Ubuntu 22.04,UAT,Authentication Server,Hyderabad,Security Team,2026-07-25
994,DB136,RHEL 9,Testing,Database Server,Hyderabad,Database Team,2026-07-25
995,API139,RHEL 9,Development,API Server,Chennai,Infrastructure Team,2026-07-25
996,FILE146,RHEL 8,Development,File Server,Chennai,Windows Team,2026-07-25
997,API140,RHEL 8,Development,API Server,Chennai,Infrastructure Team,2026-07-25
998,FILE147,RHEL 9,Testing,File Server,Hyderabad,Windows Team,2026-07-25
999,AUTH146,RHEL 9,Development,Authentication Server,Pune,Security Team,2026-07-25
1000,API141,Ubuntu 22.04,Testing,API Server,Chennai,Infrastructure Team,2026-07-25
1001,FILE148,Ubuntu 22.04,Production,File Server,Mumbai,Windows Team,2026-07-25
1002,DB137,Windows Server 2019,Production,Database Server,Chennai,Database Team,2026-07-25
1003,API142,Ubuntu 22.04,Production,API Server,Hyderabad,Infrastructure Team,2026-07-25
1004,API143,Windows Server 2022,Production,API Server,Pune,Infrastructure Team,2026-07-25
1005,AUTH147,RHEL 9,Development,Authentication Server,Bangalore,Security Team,2026-07-25
1006,MAIL151,RHEL 9,Development,Mail Server,Pune,Messaging Team,2026-07-25
1007,MAIL152,Windows Server 2019,Production,Mail Server,Hyderabad,Messaging Team,2026-07-25
1008,MAIL153,RHEL 9,Development,Mail Server,Chennai,Messaging Team,2026-07-25
1009,WEB141,Windows Server 2022,Development,Web Server,Chennai,Linux Team,2026-07-25
1010,WEB142,RHEL 9,Development,Web Server,Mumbai,Linux Team,2026-07-25
1011,APP141,Ubuntu 22.04,UAT,Application Server,Pune,Infrastructure Team,2026-07-25
1012,MAIL154,Windows Server 2019,Development,Mail Server,Chennai,Messaging Team,2026-07-25
1013,AUTH148,RHEL 9,Production,Authentication Server,Chennai,Security Team,2026-07-25
1014,AUTH149,RHEL 9,Production,Authentication Server,Pune,Security Team,2026-07-25
1015,FILE149,Windows Server 2022,UAT,File Server,Chennai,Windows Team,2026-07-25
1016,FILE150,Windows Server 2022,UAT,File Server,Bangalore,Windows Team,2026-07-25
1017,FILE151,Ubuntu 22.04,UAT,File Server,Pune,Windows Team,2026-07-25
1018,API144,Windows Server 2019,UAT,API Server,Chennai,Infrastructure Team,2026-07-25
1019,WEB143,Windows Server 2022,Testing,Web Server,Pune,Linux Team,2026-07-25
1020,API145,RHEL 9,Production,API Server,Pune,Infrastructure Team,2026-07-25
1021,API146,RHEL 8,UAT,API Server,Hyderabad,Infrastructure Team,2026-07-25
1022,MAIL155,Windows Server 2019,UAT,Mail Server,Hyderabad,Messaging Team,2026-07-25
1023,API147,Ubuntu 22.04,Testing,API Server,Pune,Infrastructure Team,2026-07-25
1024,API148,Windows Server 2019,Testing,API Server,Mumbai,Infrastructure Team,2026-07-25
1025,FILE152,RHEL 9,UAT,File Server,Hyderabad,Windows Team,2026-07-25
1026,APP142,Windows Server 2022,Development,Application Server,Mumbai,Infrastructure Team,2026-07-25
1027,AUTH150,Ubuntu 22.04,Production,Authentication Server,Chennai,Security Team,2026-07-25
1028,MAIL156,RHEL 8,UAT,Mail Server,Chennai,Messaging Team,2026-07-25
1029,APP143,Ubuntu 22.04,Production,Application Server,Chennai,Infrastructure Team,2026-07-25
1030,API149,Ubuntu 22.04,Development,API Server,Hyderabad,Infrastructure Team,2026-07-25
1031,WEB144,Windows Server 2022,UAT,Web Server,Pune,Linux Team,2026-07-25
1032,AUTH151,Windows Server 2019,Testing,Authentication Server,Chennai,Security Team,2026-07-25
1033,APP144,Windows Server 2019,Testing,Application Server,Bangalore,Infrastructure Team,2026-07-25
1034,AUTH152,RHEL 9,UAT,Authentication Server,Mumbai,Security Team,2026-07-25
1035,MAIL157,RHEL 9,UAT,Mail Server,Mumbai,Messaging Team,2026-07-25
1036,WEB145,Windows Server 2022,Production,Web Server,Hyderabad,Linux Team,2026-07-25
1037,WEB146,RHEL 8,Development,Web Server,Mumbai,Linux Team,2026-07-25
1038,DB138,RHEL 9,Production,Database Server,Pune,Database Team,2026-07-25
1039,API150,Ubuntu 22.04,Production,API Server,Pune,Infrastructure Team,2026-07-25
1040,AUTH153,Ubuntu 22.04,UAT,Authentication Server,Pune,Security Team,2026-07-25
1041,MAIL158,RHEL 8,Development,Mail Server,Bangalore,Messaging Team,2026-07-25
1042,DB139,Ubuntu 22.04,Production,Database Server,Pune,Database Team,2026-07-25
1043,FILE153,Windows Server 2022,Testing,File Server,Hyderabad,Windows Team,2026-07-25
1044,MAIL159,RHEL 8,UAT,Mail Server,Chennai,Messaging Team,2026-07-25
1045,AUTH154,Windows Server 2019,UAT,Authentication Server,Bangalore,Security Team,2026-07-25
1046,WEB147,Windows Server 2019,Production,Web Server,Pune,Linux Team,2026-07-25
1047,APP145,RHEL 8,UAT,Application Server,Pune,Infrastructure Team,2026-07-25
1048,AUTH155,RHEL 8,Development,Authentication Server,Bangalore,Security Team,2026-07-25
1049,API151,RHEL 9,UAT,API Server,Mumbai,Infrastructure Team,2026-07-25
1050,MAIL160,RHEL 8,UAT,Mail Server,Hyderabad,Messaging Team,2026-07-25
1051,APP146,RHEL 8,Testing,Application Server,Pune,Infrastructure Team,2026-07-25
1052,MAIL161,Windows Server 2019,UAT,Mail Server,Chennai,Messaging Team,2026-07-25
1053,DB140,RHEL 8,Production,Database Server,Pune,Database Team,2026-07-25
1054,APP147,Windows Server 2022,Production,Application Server,Hyderabad,Infrastructure Team,2026-07-25
1055,DB141,RHEL 8,Development,Database Server,Chennai,Database Team,2026-07-25
1056,FILE154,Ubuntu 22.04,Testing,File Server,Pune,Windows Team,2026-07-25
1057,API152,RHEL 9,Testing,API Server,Chennai,Infrastructure Team,2026-07-25
1058,AUTH156,RHEL 8,Development,Authentication Server,Mumbai,Security Team,2026-07-25
1059,DB142,Windows Server 2022,Testing,Database Server,Hyderabad,Database Team,2026-07-25
1060,WEB148,RHEL 8,Testing,Web Server,Chennai,Linux Team,2026-07-25
1061,AUTH157,Ubuntu 22.04,Testing,Authentication Server,Mumbai,Security Team,2026-07-25
1062,AUTH158,RHEL 9,UAT,Authentication Server,Pune,Security Team,2026-07-25
1063,WEB149,Ubuntu 22.04,Testing,Web Server,Mumbai,Linux Team,2026-07-25
1064,WEB150,Windows Server 2022,Testing,Web Server,Bangalore,Linux Team,2026-07-25
1065,APP148,RHEL 8,Testing,Application Server,Hyderabad,Infrastructure Team,2026-07-25
1066,MAIL162,RHEL 8,Testing,Mail Server,Chennai,Messaging Team,2026-07-25
1067,AUTH159,Windows Server 2022,Production,Authentication Server,Bangalore,Security Team,2026-07-25
1068,DB143,Windows Server 2022,Production,Database Server,Chennai,Database Team,2026-07-25
1069,FILE155,RHEL 9,UAT,File Server,Pune,Windows Team,2026-07-25
1070,API153,RHEL 9,UAT,API Server,Hyderabad,Infrastructure Team,2026-07-25
1071,FILE156,Ubuntu 22.04,Production,File Server,Mumbai,Windows Team,2026-07-25
1072,WEB151,Windows Server 2019,Development,Web Server,Mumbai,Linux Team,2026-07-25
1073,WEB152,RHEL 8,Testing,Web Server,Chennai,Linux Team,2026-07-25
1074,FILE157,Windows Server 2022,Testing,File Server,Pune,Windows Team,2026-07-25
1075,DB144,Windows Server 2019,UAT,Database Server,Hyderabad,Database Team,2026-07-25
1076,WEB153,Windows Server 2022,Testing,Web Server,Hyderabad,Linux Team,2026-07-25
1077,MAIL163,RHEL 9,UAT,Mail Server,Mumbai,Messaging Team,2026-07-25
1078,APP149,RHEL 9,UAT,Application Server,Hyderabad,Infrastructure Team,2026-07-25
1079,APP150,Windows Server 2019,UAT,Application Server,Pune,Infrastructure Team,2026-07-25
1080,AUTH160,Ubuntu 22.04,UAT,Authentication Server,Mumbai,Security Team,2026-07-25
1081,WEB154,Ubuntu 22.04,Testing,Web Server,Chennai,Linux Team,2026-07-25
1082,WEB155,RHEL 9,Production,Web Server,Bangalore,Linux Team,2026-07-25
1083,API154,RHEL 9,UAT,API Server,Bangalore,Infrastructure Team,2026-07-25
1084,WEB156,RHEL 8,Development,Web Server,Mumbai,Linux Team,2026-07-25
1085,DB145,RHEL 8,Testing,Database Server,Chennai,Database Team,2026-07-25
1086,FILE158,RHEL 9,Production,File Server,Bangalore,Windows Team,2026-07-25
1087,DB146,Ubuntu 22.04,Development,Database Server,Chennai,Database Team,2026-07-25
1088,API155,RHEL 8,UAT,API Server,Pune,Infrastructure Team,2026-07-25
1089,MAIL164,RHEL 8,UAT,Mail Server,Chennai,Messaging Team,2026-07-25
1090,AUTH161,RHEL 9,Production,Authentication Server,Bangalore,Security Team,2026-07-25
1091,AUTH162,Windows Server 2019,Production,Authentication Server,Mumbai,Security Team,2026-07-25
1092,DB147,Ubuntu 22.04,Production,Database Server,Pune,Database Team,2026-07-25
1093,API156,Windows Server 2019,Testing,API Server,Hyderabad,Infrastructure Team,2026-07-25
1094,AUTH163,RHEL 8,UAT,Authentication Server,Pune,Security Team,2026-07-25
1095,FILE159,RHEL 8,Production,File Server,Bangalore,Windows Team,2026-07-25
1096,AUTH164,Ubuntu 22.04,Development,Authentication Server,Hyderabad,Security Team,2026-07-25
1097,WEB157,Windows Server 2022,Development,Web Server,Pune,Linux Team,2026-07-25
1098,WEB158,Windows Server 2022,Development,Web Server,Chennai,Linux Team,2026-07-25
1099,API157,RHEL 8,Development,API Server,Mumbai,Infrastructure Team,2026-07-25
1100,DB148,Ubuntu 22.04,Testing,Database Server,Chennai,Database Team,2026-07-25
1101,FILE160,Windows Server 2022,Production,File Server,Bangalore,Windows Team,2026-07-25
1102,API158,Windows Server 2019,UAT,API Server,Chennai,Infrastructure Team,2026-07-25
1103,APP151,RHEL 9,Production,Application Server,Mumbai,Infrastructure Team,2026-07-25
1104,APP152,Ubuntu 22.04,Testing,Application Server,Chennai,Infrastructure Team,2026-07-25
1105,APP153,RHEL 9,Testing,Application Server,Chennai,Infrastructure Team,2026-07-25
1106,API159,Windows Server 2022,Development,API Server,Pune,Infrastructure Team,2026-07-25
1107,DB149,RHEL 9,Development,Database Server,Hyderabad,Database Team,2026-07-25
1108,AUTH165,RHEL 8,Production,Authentication Server,Hyderabad,Security Team,2026-07-25
1109,WEB159,Windows Server 2022,Production,Web Server,Chennai,Linux Team,2026-07-25
1110,AUTH166,RHEL 9,Production,Authentication Server,Chennai,Security Team,2026-07-25
1111,FILE161,RHEL 9,UAT,File Server,Chennai,Windows Team,2026-07-25
1112,WEB160,Ubuntu 22.04,Development,Web Server,Pune,Linux Team,2026-07-25
1113,MAIL165,Ubuntu 22.04,UAT,Mail Server,Bangalore,Messaging Team,2026-07-25
1114,FILE162,Ubuntu 22.04,Testing,File Server,Pune,Windows Team,2026-07-25
1115,AUTH167,Ubuntu 22.04,Development,Authentication Server,Bangalore,Security Team,2026-07-25
1116,APP154,RHEL 9,Production,Application Server,Bangalore,Infrastructure Team,2026-07-25
1117,FILE163,RHEL 9,UAT,File Server,Pune,Windows Team,2026-07-25
1118,FILE164,Windows Server 2019,Production,File Server,Hyderabad,Windows Team,2026-07-25
1119,FILE165,Ubuntu 22.04,UAT,File Server,Mumbai,Windows Team,2026-07-25
1120,WEB161,Windows Server 2019,Production,Web Server,Chennai,Linux Team,2026-07-25
1121,AUTH168,RHEL 9,Production,Authentication Server,Chennai,Security Team,2026-07-25
1122,WEB162,Ubuntu 22.04,Production,Web Server,Pune,Linux Team,2026-07-25
1123,WEB163,Windows Server 2022,UAT,Web Server,Hyderabad,Linux Team,2026-07-25
1124,FILE166,Windows Server 2022,Testing,File Server,Pune,Windows Team,2026-07-25
1125,API160,Windows Server 2019,Development,API Server,Chennai,Infrastructure Team,2026-07-25
1126,DB150,RHEL 9,Production,Database Server,Pune,Database Team,2026-07-25
1127,MAIL166,Ubuntu 22.04,UAT,Mail Server,Hyderabad,Messaging Team,2026-07-25
1128,AUTH169,RHEL 9,Testing,Authentication Server,Pune,Security Team,2026-07-25
1129,MAIL167,Ubuntu 22.04,Production,Mail Server,Bangalore,Messaging Team,2026-07-25
1130,DB151,Windows Server 2019,Testing,Database Server,Pune,Database Team,2026-07-25
1131,MAIL168,RHEL 8,UAT,Mail Server,Mumbai,Messaging Team,2026-07-25
1132,APP155,Windows Server 2022,Production,Application Server,Pune,Infrastructure Team,2026-07-25
1133,API161,RHEL 8,Production,API Server,Chennai,Infrastructure Team,2026-07-25
1134,WEB164,Windows Server 2022,Production,Web Server,Hyderabad,Linux Team,2026-07-25
1135,DB152,Windows Server 2022,Testing,Database Server,Mumbai,Database Team,2026-07-25
1136,FILE167,Windows Server 2019,Development,File Server,Hyderabad,Windows Team,2026-07-25
1137,APP156,RHEL 9,Development,Application Server,Chennai,Infrastructure Team,2026-07-25
1138,FILE168,Ubuntu 22.04,UAT,File Server,Mumbai,Windows Team,2026-07-25
1139,DB153,Ubuntu 22.04,Development,Database Server,Hyderabad,Database Team,2026-07-25
1140,API162,RHEL 9,Testing,API Server,Bangalore,Infrastructure Team,2026-07-25
1141,DB154,RHEL 8,Testing,Database Server,Bangalore,Database Team,2026-07-25
1142,DB155,Windows Server 2019,UAT,Database Server,Pune,Database Team,2026-07-25
1143,APP157,Windows Server 2022,UAT,Application Server,Hyderabad,Infrastructure Team,2026-07-25
1144,FILE169,RHEL 8,Testing,File Server,Hyderabad,Windows Team,2026-07-25
1145,AUTH170,RHEL 8,Production,Authentication Server,Hyderabad,Security Team,2026-07-25
1146,MAIL169,Windows Server 2019,Production,Mail Server,Chennai,Messaging Team,2026-07-25
1147,FILE170,Ubuntu 22.04,Development,File Server,Hyderabad,Windows Team,2026-07-25
1148,API163,RHEL 9,UAT,API Server,Mumbai,Infrastructure Team,2026-07-25
1149,MAIL170,RHEL 8,UAT,Mail Server,Pune,Messaging Team,2026-07-25
1150,APP158,Windows Server 2019,Development,Application Server,Bangalore,Infrastructure Team,2026-07-25
1151,FILE171,RHEL 8,Testing,File Server,Pune,Windows Team,2026-07-25
1152,API164,RHEL 8,Development,API Server,Chennai,Infrastructure Team,2026-07-25
1153,WEB165,Windows Server 2019,Production,Web Server,Mumbai,Linux Team,2026-07-25
1154,FILE172,RHEL 8,Production,File Server,Chennai,Windows Team,2026-07-25
1155,API165,Windows Server 2022,Development,API Server,Hyderabad,Infrastructure Team,2026-07-25
1156,APP159,Ubuntu 22.04,UAT,Application Server,Chennai,Infrastructure Team,2026-07-25
1157,MAIL171,Windows Server 2019,Production,Mail Server,Mumbai,Messaging Team,2026-07-25
1158,FILE173,RHEL 9,Production,File Server,Mumbai,Windows Team,2026-07-25
1159,WEB166,RHEL 9,Production,Web Server,Chennai,Linux Team,2026-07-25
1160,DB156,RHEL 9,Development,Database Server,Bangalore,Database Team,2026-07-25
1161,APP160,RHEL 9,Development,Application Server,Bangalore,Infrastructure Team,2026-07-25
1162,MAIL172,Windows Server 2019,Testing,Mail Server,Pune,Messaging Team,2026-07-25
1163,DB157,RHEL 9,Testing,Database Server,Mumbai,Database Team,2026-07-25
1164,FILE174,RHEL 8,UAT,File Server,Chennai,Windows Team,2026-07-25
1165,WEB167,Windows Server 2022,Production,Web Server,Hyderabad,Linux Team,2026-07-25
1166,API166,Ubuntu 22.04,Development,API Server,Hyderabad,Infrastructure Team,2026-07-25
1167,FILE175,Windows Server 2022,Production,File Server,Bangalore,Windows Team,2026-07-25
1168,API167,Windows Server 2022,Testing,API Server,Bangalore,Infrastructure Team,2026-07-25
1169,FILE176,Ubuntu 22.04,Development,File Server,Chennai,Windows Team,2026-07-25
1170,APP161,RHEL 9,Testing,Application Server,Bangalore,Infrastructure Team,2026-07-25
1171,AUTH171,Windows Server 2022,Testing,Authentication Server,Chennai,Security Team,2026-07-25
1172,MAIL173,RHEL 8,Testing,Mail Server,Mumbai,Messaging Team,2026-07-25
1173,API168,RHEL 8,Production,API Server,Bangalore,Infrastructure Team,2026-07-25
1174,DB158,Ubuntu 22.04,Production,Database Server,Bangalore,Database Team,2026-07-25
1175,FILE177,RHEL 9,UAT,File Server,Pune,Windows Team,2026-07-25
1176,API169,Ubuntu 22.04,Testing,API Server,Hyderabad,Infrastructure Team,2026-07-25
1177,AUTH172,Ubuntu 22.04,Production,Authentication Server,Chennai,Security Team,2026-07-25
1178,FILE178,Windows Server 2019,Testing,File Server,Pune,Windows Team,2026-07-25
1179,APP162,RHEL 9,UAT,Application Server,Hyderabad,Infrastructure Team,2026-07-25
1180,AUTH173,RHEL 9,Development,Authentication Server,Mumbai,Security Team,2026-07-25
1181,FILE179,RHEL 8,Development,File Server,Hyderabad,Windows Team,2026-07-25
1182,API170,RHEL 9,Development,API Server,Pune,Infrastructure Team,2026-07-25
1183,WEB168,Windows Server 2019,UAT,Web Server,Chennai,Linux Team,2026-07-25
1184,API171,Windows Server 2022,Testing,API Server,Mumbai,Infrastructure Team,2026-07-25
1185,WEB169,RHEL 8,UAT,Web Server,Pune,Linux Team,2026-07-25
1186,DB159,Windows Server 2019,UAT,Database Server,Chennai,Database Team,2026-07-25
1187,API172,Windows Server 2022,Development,API Server,Pune,Infrastructure Team,2026-07-25
1188,WEB170,RHEL 8,UAT,Web Server,Chennai,Linux Team,2026-07-25
1189,DB160,RHEL 8,Production,Database Server,Mumbai,Database Team,2026-07-25
1190,DB161,Ubuntu 22.04,Production,Database Server,Bangalore,Database Team,2026-07-25
1191,APP163,Windows Server 2019,Testing,Application Server,Bangalore,Infrastructure Team,2026-07-25
1192,MAIL174,Windows Server 2019,UAT,Mail Server,Chennai,Messaging Team,2026-07-25
1193,APP164,Ubuntu 22.04,Production,Application Server,Pune,Infrastructure Team,2026-07-25
1194,MAIL175,RHEL 8,UAT,Mail Server,Pune,Messaging Team,2026-07-25
1195,WEB171,RHEL 9,Development,Web Server,Mumbai,Linux Team,2026-07-25
1196,APP165,RHEL 9,Testing,Application Server,Chennai,Infrastructure Team,2026-07-25
1197,MAIL176,Windows Server 2022,Production,Mail Server,Hyderabad,Messaging Team,2026-07-25
1198,APP166,Windows Server 2022,Production,Application Server,Bangalore,Infrastructure Team,2026-07-25
1199,DB162,RHEL 9,Development,Database Server,Mumbai,Database Team,2026-07-25
1200,APP167,RHEL 9,UAT,Application Server,Chennai,Infrastructure Team,2026-07-25
1201,API173,RHEL 8,UAT,API Server,Pune,Infrastructure Team,2026-07-25
1202,FILE180,Windows Server 2019,UAT,File Server,Chennai,Windows Team,2026-07-25
1203,AUTH174,RHEL 9,Testing,Authentication Server,Chennai,Security Team,2026-07-25
1204,WEB172,RHEL 8,Testing,Web Server,Chennai,Linux Team,2026-07-25
1205,API174,Windows Server 2019,Development,API Server,Pune,Infrastructure Team,2026-07-25
1206,MAIL177,RHEL 9,UAT,Mail Server,Hyderabad,Messaging Team,2026-07-25
1207,FILE181,RHEL 8,Development,File Server,Hyderabad,Windows Team,2026-07-25
1208,MAIL178,RHEL 9,Development,Mail Server,Chennai,Messaging Team,2026-07-25
1209,WEB173,RHEL 9,Development,Web Server,Mumbai,Linux Team,2026-07-25
1210,AUTH175,RHEL 8,Testing,Authentication Server,Bangalore,Security Team,2026-07-25
1211,API175,Windows Server 2022,Testing,API Server,Chennai,Infrastructure Team,2026-07-25
1212,APP168,Windows Server 2019,Production,Application Server,Hyderabad,Infrastructure Team,2026-07-25
1213,AUTH176,Windows Server 2022,Production,Authentication Server,Bangalore,Security Team,2026-07-25
1214,AUTH177,RHEL 8,Development,Authentication Server,Chennai,Security Team,2026-07-25
1215,MAIL179,RHEL 9,Development,Mail Server,Bangalore,Messaging Team,2026-07-25
1216,API176,RHEL 9,Testing,API Server,Mumbai,Infrastructure Team,2026-07-25
1217,MAIL180,RHEL 8,Production,Mail Server,Hyderabad,Messaging Team,2026-07-25
1218,DB163,Ubuntu 22.04,Production,Database Server,Bangalore,Database Team,2026-07-25
1219,WEB174,RHEL 9,Development,Web Server,Bangalore,Linux Team,2026-07-25
1220,DB164,Ubuntu 22.04,Production,Database Server,Mumbai,Database Team,2026-07-25
1221,WEB175,Windows Server 2022,Development,Web Server,Pune,Linux Team,2026-07-25
1222,DB165,Windows Server 2019,Testing,Database Server,Chennai,Database Team,2026-07-25
1223,API177,Windows Server 2022,Development,API Server,Bangalore,Infrastructure Team,2026-07-25
1224,MAIL181,RHEL 9,UAT,Mail Server,Mumbai,Messaging Team,2026-07-25
1225,AUTH178,RHEL 8,Development,Authentication Server,Chennai,Security Team,2026-07-25
1226,AUTH179,Ubuntu 22.04,Production,Authentication Server,Hyderabad,Security Team,2026-07-25
1227,WEB176,RHEL 8,Production,Web Server,Hyderabad,Linux Team,2026-07-25
1228,MAIL182,RHEL 8,UAT,Mail Server,Pune,Messaging Team,2026-07-25
1229,FILE182,RHEL 8,Development,File Server,Mumbai,Windows Team,2026-07-25
1230,AUTH180,Windows Server 2022,Production,Authentication Server,Chennai,Security Team,2026-07-25
1231,FILE183,Windows Server 2019,Testing,File Server,Chennai,Windows Team,2026-07-25
1232,DB166,Ubuntu 22.04,Production,Database Server,Pune,Database Team,2026-07-25
1233,FILE184,Windows Server 2022,Testing,File Server,Mumbai,Windows Team,2026-07-25
1234,FILE185,Windows Server 2022,UAT,File Server,Chennai,Windows Team,2026-07-25
1235,API178,RHEL 8,Development,API Server,Pune,Infrastructure Team,2026-07-25
1236,WEB177,Windows Server 2022,Development,Web Server,Pune,Linux Team,2026-07-25
1237,MAIL183,Ubuntu 22.04,Production,Mail Server,Bangalore,Messaging Team,2026-07-25
1238,DB167,RHEL 8,Development,Database Server,Mumbai,Database Team,2026-07-25
1239,WEB178,Ubuntu 22.04,Development,Web Server,Mumbai,Linux Team,2026-07-25
1240,FILE186,RHEL 8,Production,File Server,Hyderabad,Windows Team,2026-07-25
1241,API179,RHEL 8,Production,API Server,Mumbai,Infrastructure Team,2026-07-25
1242,FILE187,Windows Server 2019,Development,File Server,Bangalore,Windows Team,2026-07-25
1243,DB168,RHEL 9,Development,Database Server,Mumbai,Database Team,2026-07-25
1244,DB169,Ubuntu 22.04,Production,Database Server,Chennai,Database Team,2026-07-25
1245,API180,Windows Server 2019,UAT,API Server,Hyderabad,Infrastructure Team,2026-07-25
1246,AUTH181,Ubuntu 22.04,Production,Authentication Server,Bangalore,Security Team,2026-07-25
1247,WEB179,RHEL 8,Production,Web Server,Mumbai,Linux Team,2026-07-25
1248,AUTH182,Windows Server 2019,Development,Authentication Server,Mumbai,Security Team,2026-07-25
1249,DB170,Windows Server 2019,Production,Database Server,Bangalore,Database Team,2026-07-25
1250,API181,Ubuntu 22.04,Production,API Server,Hyderabad,Infrastructure Team,2026-07-25
1251,DB171,RHEL 8,UAT,Database Server,Chennai,Database Team,2026-07-25
1252,API182,Ubuntu 22.04,Development,API Server,Chennai,Infrastructure Team,2026-07-25
1253,WEB180,Ubuntu 22.04,UAT,Web Server,Mumbai,Linux Team,2026-07-25
1254,DB172,Ubuntu 22.04,UAT,Database Server,Mumbai,Database Team,2026-07-25
1255,APP169,Windows Server 2022,Development,Application Server,Hyderabad,Infrastructure Team,2026-07-25
1256,AUTH183,Windows Server 2019,Testing,Authentication Server,Hyderabad,Security Team,2026-07-25
1257,API183,Windows Server 2019,Development,API Server,Mumbai,Infrastructure Team,2026-07-25
1258,AUTH184,RHEL 9,Testing,Authentication Server,Hyderabad,Security Team,2026-07-25
1259,API184,Ubuntu 22.04,UAT,API Server,Pune,Infrastructure Team,2026-07-25
1260,APP170,RHEL 9,Development,Application Server,Bangalore,Infrastructure Team,2026-07-25
1261,WEB181,RHEL 9,Testing,Web Server,Bangalore,Linux Team,2026-07-25
1262,WEB182,RHEL 8,UAT,Web Server,Bangalore,Linux Team,2026-07-25
1263,MAIL184,Windows Server 2019,Production,Mail Server,Mumbai,Messaging Team,2026-07-25
1264,API185,RHEL 9,Production,API Server,Mumbai,Infrastructure Team,2026-07-25
1265,API186,RHEL 9,Testing,API Server,Mumbai,Infrastructure Team,2026-07-25
1266,MAIL185,Ubuntu 22.04,Production,Mail Server,Hyderabad,Messaging Team,2026-07-25
1267,API187,RHEL 8,Development,API Server,Chennai,Infrastructure Team,2026-07-25
1268,WEB183,RHEL 8,UAT,Web Server,Hyderabad,Linux Team,2026-07-25
1269,MAIL186,Windows Server 2022,Production,Mail Server,Bangalore,Messaging Team,2026-07-25
1270,AUTH185,RHEL 9,Development,Authentication Server,Hyderabad,Security Team,2026-07-25
1271,APP171,RHEL 9,Development,Application Server,Mumbai,Infrastructure Team,2026-07-25
1272,API188,Ubuntu 22.04,Development,API Server,Hyderabad,Infrastructure Team,2026-07-25
1273,MAIL187,RHEL 9,Development,Mail Server,Mumbai,Messaging Team,2026-07-25
1274,WEB184,RHEL 8,Production,Web Server,Bangalore,Linux Team,2026-07-25
1275,DB173,Ubuntu 22.04,UAT,Database Server,Hyderabad,Database Team,2026-07-25
1276,API189,RHEL 9,Production,API Server,Pune,Infrastructure Team,2026-07-25
1277,FILE188,Windows Server 2019,Development,File Server,Hyderabad,Windows Team,2026-07-25
1278,WEB185,RHEL 9,Production,Web Server,Mumbai,Linux Team,2026-07-25
1279,MAIL188,RHEL 9,Production,Mail Server,Bangalore,Messaging Team,2026-07-25
1280,AUTH186,Windows Server 2019,Testing,Authentication Server,Hyderabad,Security Team,2026-07-25
1281,APP172,Ubuntu 22.04,Testing,Application Server,Hyderabad,Infrastructure Team,2026-07-25
1282,FILE189,RHEL 8,Development,File Server,Bangalore,Windows Team,2026-07-25
1283,WEB186,Ubuntu 22.04,UAT,Web Server,Mumbai,Linux Team,2026-07-25
1284,AUTH187,Windows Server 2019,Testing,Authentication Server,Chennai,Security Team,2026-07-25
1285,WEB187,Windows Server 2019,Development,Web Server,Pune,Linux Team,2026-07-25
1286,AUTH188,Ubuntu 22.04,Development,Authentication Server,Hyderabad,Security Team,2026-07-25
1287,AUTH189,Windows Server 2022,Production,Authentication Server,Mumbai,Security Team,2026-07-25
1288,DB174,Windows Server 2019,Testing,Database Server,Pune,Database Team,2026-07-25
1289,APP173,Windows Server 2022,Testing,Application Server,Chennai,Infrastructure Team,2026-07-25
1290,MAIL189,Windows Server 2022,Development,Mail Server,Mumbai,Messaging Team,2026-07-25
1291,AUTH190,RHEL 9,Testing,Authentication Server,Hyderabad,Security Team,2026-07-25
1292,MAIL190,Ubuntu 22.04,Development,Mail Server,Bangalore,Messaging Team,2026-07-25
1293,WEB188,Windows Server 2022,Production,Web Server,Hyderabad,Linux Team,2026-07-25
1294,APP174,Windows Server 2019,Production,Application Server,Chennai,Infrastructure Team,2026-07-25
1295,DB175,RHEL 9,UAT,Database Server,Hyderabad,Database Team,2026-07-25
1296,FILE190,RHEL 9,Development,File Server,Mumbai,Windows Team,2026-07-25
1297,APP175,Ubuntu 22.04,Development,Application Server,Bangalore,Infrastructure Team,2026-07-25
1298,DB176,Windows Server 2022,UAT,Database Server,Hyderabad,Database Team,2026-07-25
1299,MAIL191,Windows Server 2022,Production,Mail Server,Chennai,Messaging Team,2026-07-25
1300,MAIL192,RHEL 9,Testing,Mail Server,Chennai,Messaging Team,2026-07-25
1301,API190,Windows Server 2019,Development,API Server,Bangalore,Infrastructure Team,2026-07-25
1302,WEB189,Ubuntu 22.04,Production,Web Server,Mumbai,Linux Team,2026-07-25
1303,MAIL193,Windows Server 2019,Development,Mail Server,Mumbai,Messaging Team,2026-07-25
1304,AUTH191,RHEL 9,UAT,Authentication Server,Hyderabad,Security Team,2026-07-25
1305,WEB190,Ubuntu 22.04,UAT,Web Server,Hyderabad,Linux Team,2026-07-25
1306,APP176,Windows Server 2022,Production,Application Server,Hyderabad,Infrastructure Team,2026-07-25
1307,API191,RHEL 8,Production,API Server,Chennai,Infrastructure Team,2026-07-25
1308,API192,RHEL 8,Production,API Server,Pune,Infrastructure Team,2026-07-25
1309,DB177,Ubuntu 22.04,Testing,Database Server,Bangalore,Database Team,2026-07-25
1310,APP177,Windows Server 2022,Development,Application Server,Mumbai,Infrastructure Team,2026-07-25
1311,API193,Ubuntu 22.04,UAT,API Server,Pune,Infrastructure Team,2026-07-25
1312,MAIL194,Windows Server 2019,Development,Mail Server,Bangalore,Messaging Team,2026-07-25
1313,DB178,RHEL 8,Testing,Database Server,Hyderabad,Database Team,2026-07-25
1314,AUTH192,Ubuntu 22.04,Production,Authentication Server,Mumbai,Security Team,2026-07-25
1315,DB179,RHEL 8,Testing,Database Server,Mumbai,Database Team,2026-07-25
1316,APP178,Windows Server 2019,UAT,Application Server,Mumbai,Infrastructure Team,2026-07-25
1317,AUTH193,RHEL 9,UAT,Authentication Server,Mumbai,Security Team,2026-07-25
1318,MAIL195,Ubuntu 22.04,Development,Mail Server,Mumbai,Messaging Team,2026-07-25
1319,API194,RHEL 8,Testing,API Server,Mumbai,Infrastructure Team,2026-07-25
1320,MAIL196,Windows Server 2022,Testing,Mail Server,Mumbai,Messaging Team,2026-07-25
1321,DB180,RHEL 9,UAT,Database Server,Mumbai,Database Team,2026-07-25
1322,APP179,RHEL 9,Development,Application Server,Bangalore,Infrastructure Team,2026-07-25
1323,WEB191,Ubuntu 22.04,Testing,Web Server,Mumbai,Linux Team,2026-07-25
1324,MAIL197,RHEL 8,Production,Mail Server,Mumbai,Messaging Team,2026-07-25
1325,FILE191,RHEL 9,Production,File Server,Chennai,Windows Team,2026-07-25
1326,DB181,RHEL 8,Development,Database Server,Bangalore,Database Team,2026-07-25
1327,MAIL198,Ubuntu 22.04,Development,Mail Server,Mumbai,Messaging Team,2026-07-25
1328,FILE192,Windows Server 2019,Development,File Server,Pune,Windows Team,2026-07-25
1329,DB182,RHEL 9,Production,Database Server,Bangalore,Database Team,2026-07-25
1330,MAIL199,RHEL 9,UAT,Mail Server,Chennai,Messaging Team,2026-07-25
1331,AUTH194,Windows Server 2022,Development,Authentication Server,Mumbai,Security Team,2026-07-25
1332,FILE193,RHEL 9,Development,File Server,Bangalore,Windows Team,2026-07-25
1333,MAIL200,Ubuntu 22.04,Production,Mail Server,Mumbai,Messaging Team,2026-07-25
1334,APP180,Windows Server 2022,Testing,Application Server,Chennai,Infrastructure Team,2026-07-25
1335,APP181,RHEL 8,Development,Application Server,Chennai,Infrastructure Team,2026-07-25
1336,MAIL201,RHEL 9,Production,Mail Server,Hyderabad,Messaging Team,2026-07-25
1337,AUTH195,Windows Server 2022,Production,Authentication Server,Bangalore,Security Team,2026-07-25
1338,FILE194,RHEL 9,Development,File Server,Hyderabad,Windows Team,2026-07-25
1339,MAIL202,Windows Server 2022,Testing,Mail Server,Hyderabad,Messaging Team,2026-07-25
1340,APP182,Windows Server 2019,Testing,Application Server,Bangalore,Infrastructure Team,2026-07-25
1341,MAIL203,Ubuntu 22.04,Development,Mail Server,Mumbai,Messaging Team,2026-07-25
1342,AUTH196,Windows Server 2019,Production,Authentication Server,Chennai,Security Team,2026-07-25
1343,FILE195,Windows Server 2019,Production,File Server,Pune,Windows Team,2026-07-25
1344,DB183,RHEL 9,UAT,Database Server,Pune,Database Team,2026-07-25
1345,API195,Windows Server 2019,Testing,API Server,Hyderabad,Infrastructure Team,2026-07-25
1346,WEB192,Ubuntu 22.04,Production,Web Server,Mumbai,Linux Team,2026-07-25
1347,API196,Windows Server 2022,Development,API Server,Bangalore,Infrastructure Team,2026-07-25
1348,AUTH197,Windows Server 2022,Production,Authentication Server,Chennai,Security Team,2026-07-25
1349,FILE196,RHEL 9,Production,File Server,Mumbai,Windows Team,2026-07-25
1350,MAIL204,RHEL 8,Testing,Mail Server,Pune,Messaging Team,2026-07-25
1351,API197,RHEL 9,Development,API Server,Bangalore,Infrastructure Team,2026-07-25
1352,MAIL205,RHEL 8,Production,Mail Server,Mumbai,Messaging Team,2026-07-25
1353,FILE197,Windows Server 2022,Production,File Server,Pune,Windows Team,2026-07-25
1354,DB184,RHEL 9,Development,Database Server,Chennai,Database Team,2026-07-25
1355,API198,Ubuntu 22.04,Development,API Server,Pune,Infrastructure Team,2026-07-25
1356,AUTH198,RHEL 9,Testing,Authentication Server,Chennai,Security Team,2026-07-25
1357,MAIL206,Ubuntu 22.04,Testing,Mail Server,Bangalore,Messaging Team,2026-07-25
1358,FILE198,Windows Server 2022,UAT,File Server,Pune,Windows Team,2026-07-25
1359,FILE199,Ubuntu 22.04,UAT,File Server,Pune,Windows Team,2026-07-25
1360,DB185,Windows Server 2022,Testing,Database Server,Hyderabad,Database Team,2026-07-25
1361,WEB193,Ubuntu 22.04,UAT,Web Server,Pune,Linux Team,2026-07-25
1362,APP183,Windows Server 2022,Production,Application Server,Bangalore,Infrastructure Team,2026-07-25
1363,FILE200,Windows Server 2022,Development,File Server,Hyderabad,Windows Team,2026-07-25
1364,APP184,Ubuntu 22.04,Production,Application Server,Hyderabad,Infrastructure Team,2026-07-25
1365,WEB194,RHEL 9,UAT,Web Server,Mumbai,Linux Team,2026-07-25
1366,MAIL207,RHEL 9,Development,Mail Server,Hyderabad,Messaging Team,2026-07-25
1367,MAIL208,Windows Server 2022,Development,Mail Server,Pune,Messaging Team,2026-07-25
1368,API199,RHEL 9,Production,API Server,Chennai,Infrastructure Team,2026-07-25
1369,AUTH199,Windows Server 2022,Production,Authentication Server,Pune,Security Team,2026-07-25
1370,AUTH200,Windows Server 2019,Testing,Authentication Server,Bangalore,Security Team,2026-07-25
1371,WEB195,RHEL 9,UAT,Web Server,Chennai,Linux Team,2026-07-25
1372,API200,RHEL 8,Production,API Server,Pune,Infrastructure Team,2026-07-25
1373,MAIL209,RHEL 9,Testing,Mail Server,Chennai,Messaging Team,2026-07-25
1374,AUTH201,Ubuntu 22.04,Production,Authentication Server,Bangalore,Security Team,2026-07-25
1375,MAIL210,Windows Server 2019,Testing,Mail Server,Pune,Messaging Team,2026-07-25
1376,MAIL211,RHEL 8,Production,Mail Server,Pune,Messaging Team,2026-07-25
1377,MAIL212,RHEL 9,Production,Mail Server,Chennai,Messaging Team,2026-07-25
1378,AUTH202,RHEL 9,UAT,Authentication Server,Chennai,Security Team,2026-07-25
1379,FILE201,Windows Server 2019,Testing,File Server,Bangalore,Windows Team,2026-07-25
1380,DB186,RHEL 8,Production,Database Server,Mumbai,Database Team,2026-07-25
1381,FILE202,Windows Server 2022,UAT,File Server,Bangalore,Windows Team,2026-07-25
1382,API201,RHEL 9,Production,API Server,Bangalore,Infrastructure Team,2026-07-25
1383,DB187,Windows Server 2019,Development,Database Server,Chennai,Database Team,2026-07-25
1384,API202,Windows Server 2022,Production,API Server,Mumbai,Infrastructure Team,2026-07-25
1385,MAIL213,RHEL 8,UAT,Mail Server,Mumbai,Messaging Team,2026-07-25
1386,FILE203,RHEL 8,Testing,File Server,Mumbai,Windows Team,2026-07-25
1387,FILE204,RHEL 8,UAT,File Server,Chennai,Windows Team,2026-07-25
1388,DB188,RHEL 9,UAT,Database Server,Hyderabad,Database Team,2026-07-25
1389,MAIL214,RHEL 9,Testing,Mail Server,Bangalore,Messaging Team,2026-07-25
1390,APP185,Ubuntu 22.04,Testing,Application Server,Mumbai,Infrastructure Team,2026-07-25
1391,WEB196,Windows Server 2019,Development,Web Server,Chennai,Linux Team,2026-07-25
1392,WEB197,RHEL 8,Testing,Web Server,Hyderabad,Linux Team,2026-07-25
1393,WEB198,RHEL 8,Production,Web Server,Bangalore,Linux Team,2026-07-25
1394,API203,RHEL 9,Production,API Server,Chennai,Infrastructure Team,2026-07-25
1395,AUTH203,RHEL 8,Production,Authentication Server,Mumbai,Security Team,2026-07-25
1396,APP186,RHEL 9,UAT,Application Server,Hyderabad,Infrastructure Team,2026-07-25
1397,AUTH204,Windows Server 2019,Testing,Authentication Server,Bangalore,Security Team,2026-07-25
1398,APP187,Ubuntu 22.04,Production,Application Server,Bangalore,Infrastructure Team,2026-07-25
1399,DB189,Ubuntu 22.04,UAT,Database Server,Bangalore,Database Team,2026-07-25
1400,FILE205,Ubuntu 22.04,UAT,File Server,Hyderabad,Windows Team,2026-07-25
1401,API204,Windows Server 2019,Testing,API Server,Chennai,Infrastructure Team,2026-07-25
1402,WEB199,RHEL 9,Testing,Web Server,Pune,Linux Team,2026-07-25
1403,WEB200,Windows Server 2022,Testing,Web Server,Bangalore,Linux Team,2026-07-25
1404,AUTH205,Windows Server 2022,UAT,Authentication Server,Bangalore,Security Team,2026-07-25
1405,APP188,Windows Server 2019,Production,Application Server,Bangalore,Infrastructure Team,2026-07-25
1406,APP189,Windows Server 2022,Testing,Application Server,Mumbai,Infrastructure Team,2026-07-25
1407,AUTH206,Windows Server 2022,UAT,Authentication Server,Bangalore,Security Team,2026-07-25
1408,API205,Windows Server 2019,Production,API Server,Mumbai,Infrastructure Team,2026-07-25
1409,MAIL215,Windows Server 2022,UAT,Mail Server,Mumbai,Messaging Team,2026-07-25
1410,MAIL216,RHEL 9,Testing,Mail Server,Pune,Messaging Team,2026-07-25
1411,FILE206,RHEL 8,UAT,File Server,Bangalore,Windows Team,2026-07-25
1412,API206,Ubuntu 22.04,Development,API Server,Chennai,Infrastructure Team,2026-07-25
1413,DB190,Windows Server 2019,Production,Database Server,Chennai,Database Team,2026-07-25
1414,MAIL217,RHEL 9,Production,Mail Server,Chennai,Messaging Team,2026-07-25
1415,DB191,Ubuntu 22.04,Production,Database Server,Bangalore,Database Team,2026-07-25
1416,FILE207,Windows Server 2022,Production,File Server,Pune,Windows Team,2026-07-25
1417,API207,Ubuntu 22.04,UAT,API Server,Pune,Infrastructure Team,2026-07-25
1418,API208,RHEL 8,Development,API Server,Chennai,Infrastructure Team,2026-07-25
1419,WEB201,Windows Server 2019,Testing,Web Server,Chennai,Linux Team,2026-07-25
1420,WEB202,Windows Server 2019,Production,Web Server,Mumbai,Linux Team,2026-07-25
1421,API209,RHEL 9,Production,API Server,Chennai,Infrastructure Team,2026-07-25
1422,MAIL218,RHEL 9,UAT,Mail Server,Chennai,Messaging Team,2026-07-25
1423,WEB203,Ubuntu 22.04,Development,Web Server,Hyderabad,Linux Team,2026-07-25
1424,AUTH207,Ubuntu 22.04,UAT,Authentication Server,Pune,Security Team,2026-07-25
1425,DB192,RHEL 8,Development,Database Server,Mumbai,Database Team,2026-07-25
1426,APP190,RHEL 8,UAT,Application Server,Bangalore,Infrastructure Team,2026-07-25
1427,DB193,RHEL 9,UAT,Database Server,Pune,Database Team,2026-07-25
1428,DB194,RHEL 8,UAT,Database Server,Chennai,Database Team,2026-07-25
1429,AUTH208,Windows Server 2022,Production,Authentication Server,Mumbai,Security Team,2026-07-25
1430,AUTH209,Ubuntu 22.04,Testing,Authentication Server,Bangalore,Security Team,2026-07-25
1431,DB195,Windows Server 2022,UAT,Database Server,Bangalore,Database Team,2026-07-25
1432,APP191,Windows Server 2019,UAT,Application Server,Hyderabad,Infrastructure Team,2026-07-25
1433,AUTH210,RHEL 9,Testing,Authentication Server,Mumbai,Security Team,2026-07-25
1434,APP192,Windows Server 2022,Development,Application Server,Hyderabad,Infrastructure Team,2026-07-25
1435,MAIL219,RHEL 8,Production,Mail Server,Hyderabad,Messaging Team,2026-07-25
1436,APP193,Windows Server 2022,Production,Application Server,Chennai,Infrastructure Team,2026-07-25
1437,APP194,Ubuntu 22.04,Testing,Application Server,Hyderabad,Infrastructure Team,2026-07-25
1438,MAIL220,RHEL 8,Testing,Mail Server,Mumbai,Messaging Team,2026-07-25
1439,APP195,Ubuntu 22.04,Production,Application Server,Mumbai,Infrastructure Team,2026-07-25
1440,API210,RHEL 9,Development,API Server,Chennai,Infrastructure Team,2026-07-25
1441,AUTH211,Windows Server 2022,Production,Authentication Server,Hyderabad,Security Team,2026-07-25
1442,WEB204,RHEL 9,Testing,Web Server,Mumbai,Linux Team,2026-07-25
1443,WEB205,Windows Server 2019,Development,Web Server,Chennai,Linux Team,2026-07-25
1444,MAIL221,RHEL 9,Testing,Mail Server,Chennai,Messaging Team,2026-07-25
1445,MAIL222,Windows Server 2022,Development,Mail Server,Pune,Messaging Team,2026-07-25
1446,APP196,Ubuntu 22.04,UAT,Application Server,Hyderabad,Infrastructure Team,2026-07-25
1447,DB196,Ubuntu 22.04,Development,Database Server,Hyderabad,Database Team,2026-07-25
1448,MAIL223,Windows Server 2019,Development,Mail Server,Mumbai,Messaging Team,2026-07-25
1449,FILE208,RHEL 8,Testing,File Server,Hyderabad,Windows Team,2026-07-25
1450,MAIL224,Windows Server 2022,UAT,Mail Server,Bangalore,Messaging Team,2026-07-25
1451,DB197,RHEL 9,UAT,Database Server,Bangalore,Database Team,2026-07-25
1452,APP197,Windows Server 2019,Production,Application Server,Chennai,Infrastructure Team,2026-07-25
1453,WEB206,RHEL 9,UAT,Web Server,Bangalore,Linux Team,2026-07-25
1454,WEB207,RHEL 9,Production,Web Server,Bangalore,Linux Team,2026-07-25
1455,WEB208,RHEL 8,Development,Web Server,Pune,Linux Team,2026-07-25
1456,MAIL225,Ubuntu 22.04,Development,Mail Server,Chennai,Messaging Team,2026-07-25
1457,WEB209,RHEL 8,UAT,Web Server,Bangalore,Linux Team,2026-07-25
1458,DB198,RHEL 8,Testing,Database Server,Hyderabad,Database Team,2026-07-25
1459,API211,RHEL 9,UAT,API Server,Bangalore,Infrastructure Team,2026-07-25
1460,WEB210,Ubuntu 22.04,UAT,Web Server,Chennai,Linux Team,2026-07-25
1461,AUTH212,Windows Server 2022,Development,Authentication Server,Chennai,Security Team,2026-07-25
1462,DB199,RHEL 9,UAT,Database Server,Bangalore,Database Team,2026-07-25
1463,WEB211,Windows Server 2022,Development,Web Server,Mumbai,Linux Team,2026-07-25
1464,FILE209,Ubuntu 22.04,Development,File Server,Bangalore,Windows Team,2026-07-25
1465,API212,Ubuntu 22.04,UAT,API Server,Bangalore,Infrastructure Team,2026-07-25
1466,DB200,RHEL 9,Testing,Database Server,Mumbai,Database Team,2026-07-25
1467,MAIL226,RHEL 8,Production,Mail Server,Pune,Messaging Team,2026-07-25
1468,DB201,RHEL 9,UAT,Database Server,Bangalore,Database Team,2026-07-25
1469,API213,RHEL 9,Production,API Server,Pune,Infrastructure Team,2026-07-25
1470,DB202,Windows Server 2019,UAT,Database Server,Bangalore,Database Team,2026-07-25
1471,WEB212,RHEL 8,UAT,Web Server,Mumbai,Linux Team,2026-07-25
1472,WEB213,Ubuntu 22.04,Testing,Web Server,Chennai,Linux Team,2026-07-25
1473,AUTH213,Ubuntu 22.04,UAT,Authentication Server,Hyderabad,Security Team,2026-07-25
1474,AUTH214,RHEL 9,Development,Authentication Server,Pune,Security Team,2026-07-25
1475,APP198,Windows Server 2022,UAT,Application Server,Bangalore,Infrastructure Team,2026-07-25
1476,DB203,RHEL 9,Development,Database Server,Bangalore,Database Team,2026-07-25
1477,MAIL227,Windows Server 2022,Development,Mail Server,Mumbai,Messaging Team,2026-07-25
1478,MAIL228,RHEL 9,UAT,Mail Server,Chennai,Messaging Team,2026-07-25
1479,DB204,Windows Server 2022,UAT,Database Server,Mumbai,Database Team,2026-07-25
1480,DB205,Windows Server 2022,Development,Database Server,Pune,Database Team,2026-07-25
1481,MAIL229,RHEL 8,Development,Mail Server,Bangalore,Messaging Team,2026-07-25
1482,APP199,Ubuntu 22.04,UAT,Application Server,Bangalore,Infrastructure Team,2026-07-25
1483,DB206,Windows Server 2019,Production,Database Server,Hyderabad,Database Team,2026-07-25
1484,FILE210,Windows Server 2022,UAT,File Server,Hyderabad,Windows Team,2026-07-25
1485,WEB214,Windows Server 2019,Testing,Web Server,Chennai,Linux Team,2026-07-25
1486,WEB215,RHEL 9,UAT,Web Server,Bangalore,Linux Team,2026-07-25
1487,DB207,Windows Server 2019,Production,Database Server,Hyderabad,Database Team,2026-07-25
1488,AUTH215,Windows Server 2019,Production,Authentication Server,Hyderabad,Security Team,2026-07-25
1489,AUTH216,Windows Server 2019,Testing,Authentication Server,Mumbai,Security Team,2026-07-25
1490,API214,RHEL 8,Testing,API Server,Bangalore,Infrastructure Team,2026-07-25
1491,API215,Windows Server 2019,UAT,API Server,Bangalore,Infrastructure Team,2026-07-25
1492,API216,Ubuntu 22.04,Production,API Server,Pune,Infrastructure Team,2026-07-25
1493,FILE211,RHEL 9,Development,File Server,Bangalore,Windows Team,2026-07-25
1494,WEB216,Windows Server 2022,Development,Web Server,Bangalore,Linux Team,2026-07-25
1495,FILE212,RHEL 9,Production,File Server,Chennai,Windows Team,2026-07-25
1496,DB208,RHEL 9,UAT,Database Server,Pune,Database Team,2026-07-25
1497,FILE213,RHEL 8,UAT,File Server,Bangalore,Windows Team,2026-07-25
1498,FILE214,RHEL 9,Testing,File Server,Mumbai,Windows Team,2026-07-25
1499,API217,Windows Server 2022,Production,API Server,Mumbai,Infrastructure Team,2026-07-25
1500,MAIL230,Windows Server 2019,UAT,Mail Server,Chennai,Messaging Team,2026-07-25
1501,FILE215,Windows Server 2022,Testing,File Server,Mumbai,Windows Team,2026-07-25
1502,AUTH217,RHEL 8,Testing,Authentication Server,Bangalore,Security Team,2026-07-25
1503,FILE216,Ubuntu 22.04,Testing,File Server,Chennai,Windows Team,2026-07-25
1504,API218,RHEL 9,Testing,API Server,Bangalore,Infrastructure Team,2026-07-25
1505,API219,Windows Server 2019,Testing,API Server,Pune,Infrastructure Team,2026-07-25
1506,AUTH218,RHEL 8,Development,Authentication Server,Pune,Security Team,2026-07-25
1507,APP200,Windows Server 2019,Development,Application Server,Pune,Infrastructure Team,2026-07-25
1508,FILE217,Ubuntu 22.04,Testing,File Server,Mumbai,Windows Team,2026-07-25
1509,MAIL231,RHEL 9,Production,Mail Server,Hyderabad,Messaging Team,2026-07-25
1510,APP201,RHEL 9,Testing,Application Server,Hyderabad,Infrastructure Team,2026-07-25
1511,API220,Windows Server 2019,UAT,API Server,Mumbai,Infrastructure Team,2026-07-25
1512,MAIL232,Windows Server 2019,Production,Mail Server,Chennai,Messaging Team,2026-07-25
1513,AUTH219,Ubuntu 22.04,UAT,Authentication Server,Bangalore,Security Team,2026-07-25
1514,APP202,RHEL 8,Testing,Application Server,Chennai,Infrastructure Team,2026-07-25
1515,AUTH220,RHEL 9,Production,Authentication Server,Mumbai,Security Team,2026-07-25
1516,FILE218,RHEL 9,Development,File Server,Chennai,Windows Team,2026-07-25
1517,API221,RHEL 9,Development,API Server,Bangalore,Infrastructure Team,2026-07-25
1518,AUTH221,RHEL 9,Testing,Authentication Server,Hyderabad,Security Team,2026-07-25
1519,MAIL233,Windows Server 2022,UAT,Mail Server,Pune,Messaging Team,2026-07-25
1520,DB209,Ubuntu 22.04,UAT,Database Server,Bangalore,Database Team,2026-07-25
1521,API222,Windows Server 2019,UAT,API Server,Chennai,Infrastructure Team,2026-07-25
1522,WEB217,RHEL 9,Testing,Web Server,Mumbai,Linux Team,2026-07-25
1523,FILE219,Windows Server 2019,Testing,File Server,Mumbai,Windows Team,2026-07-25
1524,WEB218,RHEL 9,Testing,Web Server,Hyderabad,Linux Team,2026-07-25
1525,API223,Windows Server 2022,Testing,API Server,Chennai,Infrastructure Team,2026-07-25
1526,APP203,RHEL 9,Development,Application Server,Bangalore,Infrastructure Team,2026-07-25
1527,FILE220,Windows Server 2019,Development,File Server,Mumbai,Windows Team,2026-07-25
1528,API224,Ubuntu 22.04,UAT,API Server,Hyderabad,Infrastructure Team,2026-07-25
1529,AUTH222,Windows Server 2019,Testing,Authentication Server,Pune,Security Team,2026-07-25
1530,FILE221,Ubuntu 22.04,Production,File Server,Chennai,Windows Team,2026-07-25
1531,APP204,RHEL 8,Production,Application Server,Bangalore,Infrastructure Team,2026-07-25
1532,MAIL234,Windows Server 2019,Production,Mail Server,Chennai,Messaging Team,2026-07-25
1533,MAIL235,Windows Server 2019,Testing,Mail Server,Hyderabad,Messaging Team,2026-07-25
1534,AUTH223,RHEL 9,Testing,Authentication Server,Bangalore,Security Team,2026-07-25
1535,MAIL236,Ubuntu 22.04,UAT,Mail Server,Chennai,Messaging Team,2026-07-25
1536,AUTH224,Ubuntu 22.04,UAT,Authentication Server,Pune,Security Team,2026-07-25
1537,DB210,RHEL 8,Testing,Database Server,Hyderabad,Database Team,2026-07-25
1538,FILE222,RHEL 9,Development,File Server,Hyderabad,Windows Team,2026-07-25
1539,DB211,Windows Server 2019,Production,Database Server,Pune,Database Team,2026-07-25
1540,FILE223,RHEL 9,UAT,File Server,Bangalore,Windows Team,2026-07-25
1541,MAIL237,Windows Server 2022,Development,Mail Server,Chennai,Messaging Team,2026-07-25
1542,API225,Ubuntu 22.04,Testing,API Server,Bangalore,Infrastructure Team,2026-07-25
1543,FILE224,RHEL 8,Development,File Server,Mumbai,Windows Team,2026-07-25
1544,AUTH225,Ubuntu 22.04,UAT,Authentication Server,Mumbai,Security Team,2026-07-25
1545,MAIL238,Windows Server 2019,Development,Mail Server,Chennai,Messaging Team,2026-07-25
1546,APP205,RHEL 9,Development,Application Server,Chennai,Infrastructure Team,2026-07-25
1547,MAIL239,RHEL 8,Production,Mail Server,Chennai,Messaging Team,2026-07-25
1548,MAIL240,RHEL 8,Development,Mail Server,Bangalore,Messaging Team,2026-07-25
1549,MAIL241,Windows Server 2022,Development,Mail Server,Hyderabad,Messaging Team,2026-07-25
1550,AUTH226,RHEL 9,Development,Authentication Server,Mumbai,Security Team,2026-07-25
1551,WEB219,RHEL 9,Testing,Web Server,Bangalore,Linux Team,2026-07-25
1552,API226,Windows Server 2019,Production,API Server,Pune,Infrastructure Team,2026-07-25
1553,MAIL242,Ubuntu 22.04,UAT,Mail Server,Chennai,Messaging Team,2026-07-25
1554,DB212,Windows Server 2019,Production,Database Server,Pune,Database Team,2026-07-25
1555,DB213,Ubuntu 22.04,Testing,Database Server,Chennai,Database Team,2026-07-25
1556,FILE225,RHEL 9,UAT,File Server,Pune,Windows Team,2026-07-25
1557,FILE226,Windows Server 2022,Testing,File Server,Bangalore,Windows Team,2026-07-25
1558,DB214,RHEL 8,Development,Database Server,Pune,Database Team,2026-07-25
1559,WEB220,Windows Server 2022,Development,Web Server,Pune,Linux Team,2026-07-25
1560,APP206,RHEL 8,Testing,Application Server,Mumbai,Infrastructure Team,2026-07-25
1561,AUTH227,RHEL 9,Testing,Authentication Server,Pune,Security Team,2026-07-25
1562,FILE227,RHEL 8,Testing,File Server,Hyderabad,Windows Team,2026-07-25
1563,WEB221,Windows Server 2019,Testing,Web Server,Bangalore,Linux Team,2026-07-25
1564,WEB222,RHEL 9,Production,Web Server,Mumbai,Linux Team,2026-07-25
1565,MAIL243,RHEL 8,Testing,Mail Server,Bangalore,Messaging Team,2026-07-25
1566,APP207,RHEL 9,UAT,Application Server,Hyderabad,Infrastructure Team,2026-07-25
1567,AUTH228,Ubuntu 22.04,Production,Authentication Server,Bangalore,Security Team,2026-07-25
1568,FILE228,RHEL 9,Development,File Server,Bangalore,Windows Team,2026-07-25
1569,APP208,RHEL 9,UAT,Application Server,Bangalore,Infrastructure Team,2026-07-25
1570,AUTH229,Windows Server 2019,Development,Authentication Server,Mumbai,Security Team,2026-07-25
1571,FILE229,Windows Server 2022,UAT,File Server,Mumbai,Windows Team,2026-07-25
1572,APP209,Windows Server 2019,UAT,Application Server,Hyderabad,Infrastructure Team,2026-07-25
1573,DB215,RHEL 8,Development,Database Server,Pune,Database Team,2026-07-25
1574,FILE230,RHEL 8,UAT,File Server,Hyderabad,Windows Team,2026-07-25
1575,FILE231,RHEL 9,Production,File Server,Bangalore,Windows Team,2026-07-25
1576,MAIL244,RHEL 9,Production,Mail Server,Chennai,Messaging Team,2026-07-25
1577,FILE232,RHEL 8,UAT,File Server,Pune,Windows Team,2026-07-25
1578,AUTH230,Windows Server 2022,Testing,Authentication Server,Bangalore,Security Team,2026-07-25
1579,API227,Ubuntu 22.04,Production,API Server,Bangalore,Infrastructure Team,2026-07-25
1580,AUTH231,RHEL 8,Testing,Authentication Server,Mumbai,Security Team,2026-07-25
1581,AUTH232,RHEL 9,Production,Authentication Server,Hyderabad,Security Team,2026-07-25
1582,APP210,Windows Server 2019,Development,Application Server,Chennai,Infrastructure Team,2026-07-25
1583,DB216,Windows Server 2019,Testing,Database Server,Hyderabad,Database Team,2026-07-25
1584,API228,RHEL 8,Production,API Server,Hyderabad,Infrastructure Team,2026-07-25
1585,FILE233,Ubuntu 22.04,Testing,File Server,Mumbai,Windows Team,2026-07-25
1586,API229,RHEL 8,UAT,API Server,Mumbai,Infrastructure Team,2026-07-25
1587,APP211,Ubuntu 22.04,Testing,Application Server,Bangalore,Infrastructure Team,2026-07-25
1588,FILE234,Ubuntu 22.04,Testing,File Server,Chennai,Windows Team,2026-07-25
1589,MAIL245,Windows Server 2022,UAT,Mail Server,Mumbai,Messaging Team,2026-07-25
1590,DB217,Windows Server 2019,Testing,Database Server,Hyderabad,Database Team,2026-07-25
1591,WEB223,RHEL 9,UAT,Web Server,Pune,Linux Team,2026-07-25
1592,APP212,RHEL 8,UAT,Application Server,Mumbai,Infrastructure Team,2026-07-25
1593,API230,RHEL 8,Production,API Server,Hyderabad,Infrastructure Team,2026-07-25
1594,API231,Windows Server 2022,Development,API Server,Pune,Infrastructure Team,2026-07-25
1595,DB218,Windows Server 2022,UAT,Database Server,Chennai,Database Team,2026-07-25
1596,DB219,Windows Server 2019,Development,Database Server,Hyderabad,Database Team,2026-07-25
1597,FILE235,RHEL 8,Testing,File Server,Hyderabad,Windows Team,2026-07-25
1598,DB220,RHEL 8,UAT,Database Server,Bangalore,Database Team,2026-07-25
1599,APP213,Ubuntu 22.04,UAT,Application Server,Chennai,Infrastructure Team,2026-07-25
1600,DB221,Ubuntu 22.04,Development,Database Server,Chennai,Database Team,2026-07-25
1601,MAIL246,RHEL 8,Development,Mail Server,Hyderabad,Messaging Team,2026-07-25
1602,API232,RHEL 9,UAT,API Server,Chennai,Infrastructure Team,2026-07-25
1603,API233,RHEL 9,Testing,API Server,Pune,Infrastructure Team,2026-07-25
1604,APP214,Windows Server 2022,Testing,Application Server,Bangalore,Infrastructure Team,2026-07-25
1605,DB222,RHEL 8,Development,Database Server,Hyderabad,Database Team,2026-07-25
1606,AUTH233,Ubuntu 22.04,Production,Authentication Server,Pune,Security Team,2026-07-25
1607,API234,Windows Server 2022,Testing,API Server,Hyderabad,Infrastructure Team,2026-07-25
1608,DB223,Ubuntu 22.04,UAT,Database Server,Mumbai,Database Team,2026-07-25
1609,MAIL247,Ubuntu 22.04,UAT,Mail Server,Bangalore,Messaging Team,2026-07-25
1610,WEB224,RHEL 8,UAT,Web Server,Chennai,Linux Team,2026-07-25
1611,MAIL248,Ubuntu 22.04,UAT,Mail Server,Pune,Messaging Team,2026-07-25
1612,WEB225,RHEL 9,Testing,Web Server,Pune,Linux Team,2026-07-25
1613,FILE236,Ubuntu 22.04,UAT,File Server,Mumbai,Windows Team,2026-07-25
1614,API235,RHEL 9,Development,API Server,Mumbai,Infrastructure Team,2026-07-25
1615,DB224,Ubuntu 22.04,Development,Database Server,Mumbai,Database Team,2026-07-25
1616,MAIL249,Ubuntu 22.04,Production,Mail Server,Pune,Messaging Team,2026-07-25
1617,DB225,Windows Server 2019,Production,Database Server,Bangalore,Database Team,2026-07-25
1618,FILE237,Windows Server 2019,UAT,File Server,Bangalore,Windows Team,2026-07-25
1619,WEB226,Windows Server 2019,Production,Web Server,Mumbai,Linux Team,2026-07-25
1620,API236,Windows Server 2019,Production,API Server,Pune,Infrastructure Team,2026-07-25
1621,AUTH234,Windows Server 2019,Production,Authentication Server,Pune,Security Team,2026-07-25
1622,WEB227,Ubuntu 22.04,Testing,Web Server,Chennai,Linux Team,2026-07-25
1623,API237,Windows Server 2019,UAT,API Server,Bangalore,Infrastructure Team,2026-07-25
1624,FILE238,RHEL 9,Development,File Server,Mumbai,Windows Team,2026-07-25
1625,MAIL250,Windows Server 2022,Production,Mail Server,Pune,Messaging Team,2026-07-25
1626,AUTH235,RHEL 8,Testing,Authentication Server,Bangalore,Security Team,2026-07-25
1627,WEB228,Ubuntu 22.04,Production,Web Server,Hyderabad,Linux Team,2026-07-25
1628,MAIL251,RHEL 8,UAT,Mail Server,Bangalore,Messaging Team,2026-07-25
1629,DB226,RHEL 8,UAT,Database Server,Mumbai,Database Team,2026-07-25
1630,DB227,Windows Server 2022,UAT,Database Server,Mumbai,Database Team,2026-07-25
1631,DB228,Ubuntu 22.04,Development,Database Server,Hyderabad,Database Team,2026-07-25
1632,MAIL252,Ubuntu 22.04,Development,Mail Server,Chennai,Messaging Team,2026-07-25
1633,DB229,RHEL 8,Development,Database Server,Pune,Database Team,2026-07-25
1634,API238,RHEL 9,Production,API Server,Mumbai,Infrastructure Team,2026-07-25
1635,MAIL253,RHEL 9,Testing,Mail Server,Pune,Messaging Team,2026-07-25
1636,WEB229,Windows Server 2022,Testing,Web Server,Bangalore,Linux Team,2026-07-25
1637,DB230,RHEL 9,UAT,Database Server,Bangalore,Database Team,2026-07-25
1638,DB231,Ubuntu 22.04,Development,Database Server,Bangalore,Database Team,2026-07-25
1639,FILE239,RHEL 9,Production,File Server,Bangalore,Windows Team,2026-07-25
1640,APP215,Windows Server 2019,Development,Application Server,Chennai,Infrastructure Team,2026-07-25
1641,API239,RHEL 8,UAT,API Server,Chennai,Infrastructure Team,2026-07-25
1642,AUTH236,Windows Server 2022,Testing,Authentication Server,Chennai,Security Team,2026-07-25
1643,DB232,Ubuntu 22.04,Production,Database Server,Hyderabad,Database Team,2026-07-25
1644,APP216,Windows Server 2019,UAT,Application Server,Hyderabad,Infrastructure Team,2026-07-25
1645,API240,Ubuntu 22.04,Development,API Server,Bangalore,Infrastructure Team,2026-07-25
1646,FILE240,RHEL 8,Development,File Server,Bangalore,Windows Team,2026-07-25
1647,AUTH237,RHEL 8,Development,Authentication Server,Chennai,Security Team,2026-07-25
1648,AUTH238,RHEL 9,Testing,Authentication Server,Pune,Security Team,2026-07-25
1649,DB233,Windows Server 2019,Testing,Database Server,Pune,Database Team,2026-07-25
1650,API241,Windows Server 2019,Development,API Server,Chennai,Infrastructure Team,2026-07-25
1651,API242,RHEL 8,Development,API Server,Bangalore,Infrastructure Team,2026-07-25
1652,FILE241,RHEL 8,Testing,File Server,Bangalore,Windows Team,2026-07-25
1653,APP217,RHEL 8,UAT,Application Server,Pune,Infrastructure Team,2026-07-25
1654,API243,RHEL 8,Production,API Server,Mumbai,Infrastructure Team,2026-07-25
1655,DB234,RHEL 8,Production,Database Server,Chennai,Database Team,2026-07-25
1656,WEB230,Windows Server 2019,Testing,Web Server,Mumbai,Linux Team,2026-07-25
1657,AUTH239,Windows Server 2022,Development,Authentication Server,Hyderabad,Security Team,2026-07-25
1658,APP218,RHEL 8,Testing,Application Server,Chennai,Infrastructure Team,2026-07-25
1659,FILE242,Windows Server 2022,Development,File Server,Hyderabad,Windows Team,2026-07-25
1660,MAIL254,RHEL 9,Production,Mail Server,Pune,Messaging Team,2026-07-25
1661,APP219,RHEL 8,UAT,Application Server,Mumbai,Infrastructure Team,2026-07-25
1662,WEB231,Ubuntu 22.04,Development,Web Server,Hyderabad,Linux Team,2026-07-25
1663,API244,Windows Server 2022,Development,API Server,Bangalore,Infrastructure Team,2026-07-25
1664,API245,Ubuntu 22.04,Testing,API Server,Pune,Infrastructure Team,2026-07-25
1665,FILE243,RHEL 8,Development,File Server,Bangalore,Windows Team,2026-07-25
1666,FILE244,Windows Server 2022,UAT,File Server,Pune,Windows Team,2026-07-25
1667,DB235,Ubuntu 22.04,Development,Database Server,Hyderabad,Database Team,2026-07-25
1668,API246,Windows Server 2022,UAT,API Server,Pune,Infrastructure Team,2026-07-25
1669,MAIL255,Windows Server 2019,UAT,Mail Server,Bangalore,Messaging Team,2026-07-25
1670,AUTH240,Windows Server 2022,Production,Authentication Server,Chennai,Security Team,2026-07-25
1671,MAIL256,Windows Server 2019,Testing,Mail Server,Mumbai,Messaging Team,2026-07-25
1672,API247,RHEL 9,Development,API Server,Bangalore,Infrastructure Team,2026-07-25
1673,AUTH241,Ubuntu 22.04,Production,Authentication Server,Hyderabad,Security Team,2026-07-25
1674,DB236,Windows Server 2022,UAT,Database Server,Mumbai,Database Team,2026-07-25
1675,APP220,Windows Server 2022,Testing,Application Server,Pune,Infrastructure Team,2026-07-25
1676,APP221,RHEL 9,Production,Application Server,Mumbai,Infrastructure Team,2026-07-25
1677,APP222,Ubuntu 22.04,Testing,Application Server,Mumbai,Infrastructure Team,2026-07-25
1678,WEB232,RHEL 8,Development,Web Server,Mumbai,Linux Team,2026-07-25
1679,API248,RHEL 8,UAT,API Server,Pune,Infrastructure Team,2026-07-25
1680,MAIL257,Windows Server 2022,Testing,Mail Server,Pune,Messaging Team,2026-07-25
1681,APP223,RHEL 9,Testing,Application Server,Pune,Infrastructure Team,2026-07-25
1682,MAIL258,Windows Server 2022,UAT,Mail Server,Bangalore,Messaging Team,2026-07-25
1683,DB237,Windows Server 2022,Development,Database Server,Chennai,Database Team,2026-07-25
1684,AUTH242,Ubuntu 22.04,UAT,Authentication Server,Pune,Security Team,2026-07-25
1685,FILE245,Windows Server 2019,UAT,File Server,Bangalore,Windows Team,2026-07-25
1686,APP224,RHEL 8,Testing,Application Server,Mumbai,Infrastructure Team,2026-07-25
1687,FILE246,RHEL 9,Testing,File Server,Mumbai,Windows Team,2026-07-25
1688,WEB233,Windows Server 2019,UAT,Web Server,Bangalore,Linux Team,2026-07-25
1689,WEB234,RHEL 9,UAT,Web Server,Chennai,Linux Team,2026-07-25
1690,API249,Windows Server 2022,Production,API Server,Chennai,Infrastructure Team,2026-07-25
1691,MAIL259,Windows Server 2022,Development,Mail Server,Chennai,Messaging Team,2026-07-25
1692,APP225,Windows Server 2019,Testing,Application Server,Bangalore,Infrastructure Team,2026-07-25
1693,WEB235,Windows Server 2019,Testing,Web Server,Bangalore,Linux Team,2026-07-25
1694,AUTH243,RHEL 9,Production,Authentication Server,Chennai,Security Team,2026-07-25
1695,DB238,Windows Server 2019,Testing,Database Server,Hyderabad,Database Team,2026-07-25
1696,DB239,Windows Server 2019,Development,Database Server,Hyderabad,Database Team,2026-07-25
1697,APP226,RHEL 8,Production,Application Server,Pune,Infrastructure Team,2026-07-25
1698,WEB236,RHEL 9,Production,Web Server,Mumbai,Linux Team,2026-07-25
1699,MAIL260,RHEL 8,Production,Mail Server,Pune,Messaging Team,2026-07-25
1700,API250,Windows Server 2019,UAT,API Server,Mumbai,Infrastructure Team,2026-07-25
1701,API251,Ubuntu 22.04,Production,API Server,Hyderabad,Infrastructure Team,2026-07-25
1702,WEB237,Ubuntu 22.04,Production,Web Server,Hyderabad,Linux Team,2026-07-25
1703,APP227,Windows Server 2022,Development,Application Server,Pune,Infrastructure Team,2026-07-25
1704,MAIL261,Windows Server 2019,Production,Mail Server,Pune,Messaging Team,2026-07-25
1705,API252,RHEL 8,Testing,API Server,Bangalore,Infrastructure Team,2026-07-25
1706,DB240,Windows Server 2022,Production,Database Server,Bangalore,Database Team,2026-07-25
1707,APP228,RHEL 9,UAT,Application Server,Hyderabad,Infrastructure Team,2026-07-25
1708,DB241,RHEL 8,Production,Database Server,Chennai,Database Team,2026-07-25
1709,API253,RHEL 9,Development,API Server,Pune,Infrastructure Team,2026-07-25
1710,APP229,Windows Server 2019,Development,Application Server,Chennai,Infrastructure Team,2026-07-25
1711,MAIL262,Windows Server 2019,Production,Mail Server,Hyderabad,Messaging Team,2026-07-25
1712,API254,Windows Server 2022,Testing,API Server,Mumbai,Infrastructure Team,2026-07-25
1713,WEB238,RHEL 8,UAT,Web Server,Pune,Linux Team,2026-07-25
1714,FILE247,Windows Server 2019,Production,File Server,Pune,Windows Team,2026-07-25
1715,WEB239,Windows Server 2022,Development,Web Server,Bangalore,Linux Team,2026-07-25
1716,DB242,Ubuntu 22.04,Development,Database Server,Chennai,Database Team,2026-07-25
1717,APP230,RHEL 9,Production,Application Server,Pune,Infrastructure Team,2026-07-25
1718,APP231,Windows Server 2019,Testing,Application Server,Chennai,Infrastructure Team,2026-07-25
1719,WEB240,Windows Server 2022,Production,Web Server,Bangalore,Linux Team,2026-07-25
1720,WEB241,RHEL 9,UAT,Web Server,Pune,Linux Team,2026-07-25
1721,DB243,Windows Server 2022,Testing,Database Server,Bangalore,Database Team,2026-07-25
1722,API255,Windows Server 2019,Production,API Server,Mumbai,Infrastructure Team,2026-07-25
1723,MAIL263,Windows Server 2019,UAT,Mail Server,Mumbai,Messaging Team,2026-07-25
1724,WEB242,Windows Server 2019,Development,Web Server,Mumbai,Linux Team,2026-07-25
1725,WEB243,RHEL 8,Testing,Web Server,Mumbai,Linux Team,2026-07-25
1726,APP232,Ubuntu 22.04,Production,Application Server,Mumbai,Infrastructure Team,2026-07-25
1727,DB244,RHEL 8,Production,Database Server,Bangalore,Database Team,2026-07-25
1728,API256,Ubuntu 22.04,Testing,API Server,Pune,Infrastructure Team,2026-07-25
1729,WEB244,RHEL 8,UAT,Web Server,Mumbai,Linux Team,2026-07-25
1730,WEB245,RHEL 9,UAT,Web Server,Mumbai,Linux Team,2026-07-25
1731,FILE248,RHEL 9,UAT,File Server,Bangalore,Windows Team,2026-07-25
1732,AUTH244,RHEL 9,Testing,Authentication Server,Hyderabad,Security Team,2026-07-25
1733,MAIL264,Windows Server 2022,Production,Mail Server,Pune,Messaging Team,2026-07-25
1734,WEB246,Windows Server 2022,Development,Web Server,Hyderabad,Linux Team,2026-07-25
1735,AUTH245,RHEL 8,Development,Authentication Server,Mumbai,Security Team,2026-07-25
1736,APP233,Windows Server 2019,Testing,Application Server,Mumbai,Infrastructure Team,2026-07-25
1737,FILE249,Ubuntu 22.04,Production,File Server,Hyderabad,Windows Team,2026-07-25
1738,APP234,RHEL 9,Development,Application Server,Chennai,Infrastructure Team,2026-07-25
1739,FILE250,Windows Server 2019,Production,File Server,Pune,Windows Team,2026-07-25
1740,DB245,RHEL 8,Production,Database Server,Pune,Database Team,2026-07-25
1741,APP235,Ubuntu 22.04,Production,Application Server,Chennai,Infrastructure Team,2026-07-25
1742,MAIL265,RHEL 9,UAT,Mail Server,Chennai,Messaging Team,2026-07-25
1743,APP236,Windows Server 2019,Testing,Application Server,Hyderabad,Infrastructure Team,2026-07-25
1744,DB246,Ubuntu 22.04,Development,Database Server,Pune,Database Team,2026-07-25
1745,WEB247,RHEL 8,Development,Web Server,Mumbai,Linux Team,2026-07-25
1746,AUTH246,Windows Server 2022,UAT,Authentication Server,Chennai,Security Team,2026-07-25
1747,AUTH247,Windows Server 2019,Production,Authentication Server,Bangalore,Security Team,2026-07-25
1748,FILE251,Windows Server 2019,Testing,File Server,Hyderabad,Windows Team,2026-07-25
1749,API257,Ubuntu 22.04,UAT,API Server,Chennai,Infrastructure Team,2026-07-25
1750,APP237,RHEL 9,Development,Application Server,Mumbai,Infrastructure Team,2026-07-25
1751,APP238,Windows Server 2022,Production,Application Server,Bangalore,Infrastructure Team,2026-07-25
1752,AUTH248,Windows Server 2022,Testing,Authentication Server,Pune,Security Team,2026-07-25
1753,AUTH249,Ubuntu 22.04,Development,Authentication Server,Bangalore,Security Team,2026-07-25
1754,AUTH250,RHEL 8,Production,Authentication Server,Mumbai,Security Team,2026-07-25
1755,AUTH251,Windows Server 2019,UAT,Authentication Server,Pune,Security Team,2026-07-25
1756,APP239,Windows Server 2019,Testing,Application Server,Mumbai,Infrastructure Team,2026-07-25
1757,APP240,RHEL 9,UAT,Application Server,Mumbai,Infrastructure Team,2026-07-25
1758,DB247,RHEL 8,Production,Database Server,Chennai,Database Team,2026-07-25
1759,DB248,Windows Server 2019,Testing,Database Server,Mumbai,Database Team,2026-07-25
1760,WEB248,Windows Server 2022,Testing,Web Server,Bangalore,Linux Team,2026-07-25
1761,DB249,RHEL 9,Development,Database Server,Mumbai,Database Team,2026-07-25
1762,FILE252,Windows Server 2022,Production,File Server,Pune,Windows Team,2026-07-25
1763,APP241,Windows Server 2022,Development,Application Server,Chennai,Infrastructure Team,2026-07-25
1764,DB250,Windows Server 2019,Testing,Database Server,Bangalore,Database Team,2026-07-25
1765,MAIL266,Windows Server 2019,Production,Mail Server,Mumbai,Messaging Team,2026-07-25
1766,AUTH252,Windows Server 2019,Development,Authentication Server,Pune,Security Team,2026-07-25
1767,WEB249,RHEL 8,Production,Web Server,Pune,Linux Team,2026-07-25
1768,DB251,RHEL 8,Testing,Database Server,Bangalore,Database Team,2026-07-25
1769,WEB250,Windows Server 2022,Production,Web Server,Mumbai,Linux Team,2026-07-25
1770,API258,Windows Server 2022,Production,API Server,Chennai,Infrastructure Team,2026-07-25
1771,WEB251,Windows Server 2019,Testing,Web Server,Bangalore,Linux Team,2026-07-25
1772,FILE253,RHEL 8,UAT,File Server,Bangalore,Windows Team,2026-07-25
1773,WEB252,Ubuntu 22.04,Production,Web Server,Pune,Linux Team,2026-07-25
1774,APP242,Ubuntu 22.04,Production,Application Server,Mumbai,Infrastructure Team,2026-07-25
1775,FILE254,Windows Server 2019,Development,File Server,Mumbai,Windows Team,2026-07-25
1776,DB252,Windows Server 2022,UAT,Database Server,Pune,Database Team,2026-07-25
1777,WEB253,Windows Server 2019,Production,Web Server,Chennai,Linux Team,2026-07-25
1778,WEB254,Ubuntu 22.04,Production,Web Server,Chennai,Linux Team,2026-07-25
1779,FILE255,Windows Server 2019,Production,File Server,Chennai,Windows Team,2026-07-25
1780,FILE256,Ubuntu 22.04,Development,File Server,Mumbai,Windows Team,2026-07-25
1781,WEB255,RHEL 8,Testing,Web Server,Pune,Linux Team,2026-07-25
1782,FILE257,RHEL 8,Production,File Server,Mumbai,Windows Team,2026-07-25
1783,MAIL267,Windows Server 2019,UAT,Mail Server,Mumbai,Messaging Team,2026-07-25
1784,AUTH253,RHEL 9,Development,Authentication Server,Mumbai,Security Team,2026-07-25
1785,API259,Windows Server 2019,UAT,API Server,Chennai,Infrastructure Team,2026-07-25
1786,WEB256,RHEL 9,UAT,Web Server,Mumbai,Linux Team,2026-07-25
1787,MAIL268,Ubuntu 22.04,UAT,Mail Server,Mumbai,Messaging Team,2026-07-25
1788,APP243,RHEL 9,Testing,Application Server,Mumbai,Infrastructure Team,2026-07-25
1789,API260,RHEL 8,Production,API Server,Bangalore,Infrastructure Team,2026-07-25
1790,AUTH254,RHEL 8,UAT,Authentication Server,Chennai,Security Team,2026-07-25
1791,APP244,Ubuntu 22.04,UAT,Application Server,Pune,Infrastructure Team,2026-07-25
1792,MAIL269,Ubuntu 22.04,Production,Mail Server,Pune,Messaging Team,2026-07-25
1793,MAIL270,RHEL 9,Development,Mail Server,Pune,Messaging Team,2026-07-25
1794,API261,Windows Server 2022,UAT,API Server,Mumbai,Infrastructure Team,2026-07-25
1795,API262,Windows Server 2022,Production,API Server,Pune,Infrastructure Team,2026-07-25
1796,MAIL271,Windows Server 2022,Production,Mail Server,Bangalore,Messaging Team,2026-07-25
1797,APP245,Windows Server 2019,Production,Application Server,Pune,Infrastructure Team,2026-07-25
1798,DB253,RHEL 8,Development,Database Server,Bangalore,Database Team,2026-07-25
1799,API263,RHEL 9,Testing,API Server,Bangalore,Infrastructure Team,2026-07-25
1800,API264,Windows Server 2019,Production,API Server,Hyderabad,Infrastructure Team,2026-07-25
1801,APP246,Ubuntu 22.04,Development,Application Server,Hyderabad,Infrastructure Team,2026-07-25
1802,APP247,Ubuntu 22.04,Production,Application Server,Bangalore,Infrastructure Team,2026-07-25
1803,FILE258,Ubuntu 22.04,Testing,File Server,Mumbai,Windows Team,2026-07-25
1804,APP248,RHEL 8,UAT,Application Server,Mumbai,Infrastructure Team,2026-07-25
1805,FILE259,RHEL 9,UAT,File Server,Mumbai,Windows Team,2026-07-25
1806,AUTH255,RHEL 9,Testing,Authentication Server,Hyderabad,Security Team,2026-07-25
1807,AUTH256,Windows Server 2022,Development,Authentication Server,Pune,Security Team,2026-07-25
1808,FILE260,RHEL 8,UAT,File Server,Hyderabad,Windows Team,2026-07-25
1809,FILE261,Ubuntu 22.04,Production,File Server,Bangalore,Windows Team,2026-07-25
1810,WEB257,RHEL 9,Development,Web Server,Pune,Linux Team,2026-07-25
1811,MAIL272,Ubuntu 22.04,Production,Mail Server,Bangalore,Messaging Team,2026-07-25
1812,WEB258,Ubuntu 22.04,UAT,Web Server,Pune,Linux Team,2026-07-25
1813,DB254,Ubuntu 22.04,Testing,Database Server,Mumbai,Database Team,2026-07-25
1814,MAIL273,Windows Server 2019,UAT,Mail Server,Bangalore,Messaging Team,2026-07-25
1815,DB255,RHEL 8,Development,Database Server,Mumbai,Database Team,2026-07-25
1816,DB256,RHEL 8,Production,Database Server,Pune,Database Team,2026-07-25
1817,AUTH257,RHEL 9,Testing,Authentication Server,Chennai,Security Team,2026-07-25
1818,API265,Ubuntu 22.04,Production,API Server,Pune,Infrastructure Team,2026-07-25
1819,MAIL274,Windows Server 2022,Production,Mail Server,Bangalore,Messaging Team,2026-07-25
1820,MAIL275,Ubuntu 22.04,Production,Mail Server,Hyderabad,Messaging Team,2026-07-25
1821,APP249,Windows Server 2019,Testing,Application Server,Pune,Infrastructure Team,2026-07-25
1822,DB257,Windows Server 2019,Development,Database Server,Chennai,Database Team,2026-07-25
1823,APP250,RHEL 9,Development,Application Server,Mumbai,Infrastructure Team,2026-07-25
1824,DB258,Windows Server 2022,Development,Database Server,Chennai,Database Team,2026-07-25
1825,FILE262,Windows Server 2019,UAT,File Server,Mumbai,Windows Team,2026-07-25
1826,FILE263,Windows Server 2022,Testing,File Server,Chennai,Windows Team,2026-07-25
1827,AUTH258,Ubuntu 22.04,UAT,Authentication Server,Mumbai,Security Team,2026-07-25
1828,MAIL276,Ubuntu 22.04,Production,Mail Server,Pune,Messaging Team,2026-07-25
1829,APP251,RHEL 9,UAT,Application Server,Hyderabad,Infrastructure Team,2026-07-25
1830,WEB259,Ubuntu 22.04,Production,Web Server,Bangalore,Linux Team,2026-07-25
1831,API266,Ubuntu 22.04,Testing,API Server,Bangalore,Infrastructure Team,2026-07-25
1832,DB259,Windows Server 2022,Production,Database Server,Mumbai,Database Team,2026-07-25
1833,API267,Windows Server 2019,UAT,API Server,Chennai,Infrastructure Team,2026-07-25
1834,APP252,Windows Server 2022,Production,Application Server,Hyderabad,Infrastructure Team,2026-07-25
1835,DB260,RHEL 9,Production,Database Server,Mumbai,Database Team,2026-07-25
1836,DB261,RHEL 9,Development,Database Server,Chennai,Database Team,2026-07-25
1837,API268,Windows Server 2019,Testing,API Server,Hyderabad,Infrastructure Team,2026-07-25
1838,FILE264,Windows Server 2022,Development,File Server,Bangalore,Windows Team,2026-07-25
1839,DB262,Ubuntu 22.04,Production,Database Server,Mumbai,Database Team,2026-07-25
1840,DB263,RHEL 8,Testing,Database Server,Chennai,Database Team,2026-07-25
1841,FILE265,Ubuntu 22.04,Development,File Server,Bangalore,Windows Team,2026-07-25
1842,MAIL277,RHEL 9,Production,Mail Server,Bangalore,Messaging Team,2026-07-25
1843,WEB260,RHEL 8,Testing,Web Server,Mumbai,Linux Team,2026-07-25
1844,API269,Ubuntu 22.04,Production,API Server,Bangalore,Infrastructure Team,2026-07-25
1845,AUTH259,Windows Server 2019,UAT,Authentication Server,Bangalore,Security Team,2026-07-25
1846,MAIL278,Windows Server 2019,Development,Mail Server,Pune,Messaging Team,2026-07-25
1847,APP253,RHEL 9,Development,Application Server,Hyderabad,Infrastructure Team,2026-07-25
1848,AUTH260,Ubuntu 22.04,UAT,Authentication Server,Hyderabad,Security Team,2026-07-25
1849,AUTH261,RHEL 8,Development,Authentication Server,Hyderabad,Security Team,2026-07-25
1850,MAIL279,Windows Server 2019,Development,Mail Server,Pune,Messaging Team,2026-07-25
1851,MAIL280,RHEL 9,UAT,Mail Server,Hyderabad,Messaging Team,2026-07-25
1852,DB264,Windows Server 2019,Production,Database Server,Pune,Database Team,2026-07-25
1853,FILE266,RHEL 8,Development,File Server,Mumbai,Windows Team,2026-07-25
1854,APP254,RHEL 8,UAT,Application Server,Bangalore,Infrastructure Team,2026-07-25
1855,APP255,RHEL 8,Development,Application Server,Mumbai,Infrastructure Team,2026-07-25
1856,AUTH262,Ubuntu 22.04,Testing,Authentication Server,Bangalore,Security Team,2026-07-25
1857,FILE267,Windows Server 2019,Production,File Server,Chennai,Windows Team,2026-07-25
1858,AUTH263,Windows Server 2019,Development,Authentication Server,Hyderabad,Security Team,2026-07-25
1859,MAIL281,RHEL 8,Development,Mail Server,Hyderabad,Messaging Team,2026-07-25
1860,APP256,RHEL 9,Development,Application Server,Hyderabad,Infrastructure Team,2026-07-25
1861,MAIL282,Ubuntu 22.04,Development,Mail Server,Chennai,Messaging Team,2026-07-25
1862,AUTH264,Windows Server 2019,UAT,Authentication Server,Bangalore,Security Team,2026-07-25
1863,API270,RHEL 8,Production,API Server,Pune,Infrastructure Team,2026-07-25
1864,FILE268,Ubuntu 22.04,Testing,File Server,Mumbai,Windows Team,2026-07-25
1865,API271,RHEL 8,UAT,API Server,Pune,Infrastructure Team,2026-07-25
1866,API272,RHEL 8,UAT,API Server,Hyderabad,Infrastructure Team,2026-07-25
1867,API273,RHEL 8,Testing,API Server,Chennai,Infrastructure Team,2026-07-25
1868,DB265,Windows Server 2022,Production,Database Server,Pune,Database Team,2026-07-25
1869,DB266,RHEL 8,Development,Database Server,Chennai,Database Team,2026-07-25
1870,MAIL283,Ubuntu 22.04,UAT,Mail Server,Bangalore,Messaging Team,2026-07-25
1871,FILE269,RHEL 9,Production,File Server,Hyderabad,Windows Team,2026-07-25
1872,API274,Ubuntu 22.04,UAT,API Server,Mumbai,Infrastructure Team,2026-07-25
1873,API275,RHEL 9,Development,API Server,Bangalore,Infrastructure Team,2026-07-25
1874,MAIL284,Windows Server 2019,Testing,Mail Server,Mumbai,Messaging Team,2026-07-25
1875,FILE270,RHEL 9,UAT,File Server,Mumbai,Windows Team,2026-07-25
1876,API276,RHEL 8,UAT,API Server,Pune,Infrastructure Team,2026-07-25
1877,APP257,Windows Server 2022,Production,Application Server,Pune,Infrastructure Team,2026-07-25
1878,WEB261,RHEL 9,Testing,Web Server,Pune,Linux Team,2026-07-25
1879,MAIL285,Windows Server 2022,Production,Mail Server,Chennai,Messaging Team,2026-07-25
1880,DB267,RHEL 9,Testing,Database Server,Pune,Database Team,2026-07-25
1881,AUTH265,RHEL 9,UAT,Authentication Server,Hyderabad,Security Team,2026-07-25
1882,APP258,RHEL 8,UAT,Application Server,Hyderabad,Infrastructure Team,2026-07-25
1883,WEB262,Windows Server 2022,Testing,Web Server,Pune,Linux Team,2026-07-25
1884,API277,Ubuntu 22.04,UAT,API Server,Chennai,Infrastructure Team,2026-07-25
1885,DB268,Ubuntu 22.04,UAT,Database Server,Bangalore,Database Team,2026-07-25
1886,AUTH266,Ubuntu 22.04,UAT,Authentication Server,Mumbai,Security Team,2026-07-25
1887,AUTH267,Windows Server 2022,UAT,Authentication Server,Pune,Security Team,2026-07-25
1888,AUTH268,Windows Server 2019,Development,Authentication Server,Hyderabad,Security Team,2026-07-25
1889,FILE271,Ubuntu 22.04,Development,File Server,Hyderabad,Windows Team,2026-07-25
1890,FILE272,RHEL 9,Development,File Server,Hyderabad,Windows Team,2026-07-25
1891,API278,RHEL 8,Production,API Server,Pune,Infrastructure Team,2026-07-25
1892,API279,RHEL 9,Production,API Server,Pune,Infrastructure Team,2026-07-25
1893,FILE273,RHEL 8,UAT,File Server,Bangalore,Windows Team,2026-07-25
1894,MAIL286,Windows Server 2019,Production,Mail Server,Bangalore,Messaging Team,2026-07-25
1895,AUTH269,RHEL 9,Testing,Authentication Server,Chennai,Security Team,2026-07-25
1896,FILE274,Windows Server 2022,Production,File Server,Mumbai,Windows Team,2026-07-25
1897,FILE275,Windows Server 2022,Production,File Server,Bangalore,Windows Team,2026-07-25
1898,FILE276,Ubuntu 22.04,UAT,File Server,Mumbai,Windows Team,2026-07-25
1899,MAIL287,RHEL 9,Testing,Mail Server,Bangalore,Messaging Team,2026-07-25
1900,FILE277,Windows Server 2019,UAT,File Server,Chennai,Windows Team,2026-07-25
1901,FILE278,Windows Server 2019,Production,File Server,Pune,Windows Team,2026-07-25
1902,WEB263,Windows Server 2019,Production,Web Server,Hyderabad,Linux Team,2026-07-25
1903,FILE279,Windows Server 2022,Testing,File Server,Bangalore,Windows Team,2026-07-25
1904,FILE280,Windows Server 2019,Production,File Server,Bangalore,Windows Team,2026-07-25
1905,MAIL288,Windows Server 2019,UAT,Mail Server,Pune,Messaging Team,2026-07-25
1906,MAIL289,RHEL 8,Production,Mail Server,Pune,Messaging Team,2026-07-25
1907,MAIL290,RHEL 8,Development,Mail Server,Bangalore,Messaging Team,2026-07-25
1908,APP259,Windows Server 2019,UAT,Application Server,Chennai,Infrastructure Team,2026-07-25
1909,API280,Windows Server 2019,Production,API Server,Bangalore,Infrastructure Team,2026-07-25
1910,API281,Windows Server 2019,Development,API Server,Pune,Infrastructure Team,2026-07-25
1911,DB269,Windows Server 2019,Development,Database Server,Bangalore,Database Team,2026-07-25
1912,WEB264,RHEL 9,Production,Web Server,Mumbai,Linux Team,2026-07-25
1913,FILE281,RHEL 8,Testing,File Server,Mumbai,Windows Team,2026-07-25
1914,API282,RHEL 8,Testing,API Server,Bangalore,Infrastructure Team,2026-07-25
1915,WEB265,Ubuntu 22.04,UAT,Web Server,Pune,Linux Team,2026-07-25
1916,API283,Windows Server 2022,Testing,API Server,Pune,Infrastructure Team,2026-07-25
1917,WEB266,RHEL 8,Testing,Web Server,Hyderabad,Linux Team,2026-07-25
1918,API284,Windows Server 2022,Testing,API Server,Mumbai,Infrastructure Team,2026-07-25
1919,DB270,Ubuntu 22.04,Production,Database Server,Chennai,Database Team,2026-07-25
1920,API285,Windows Server 2022,Development,API Server,Mumbai,Infrastructure Team,2026-07-25
1921,AUTH270,RHEL 8,Production,Authentication Server,Hyderabad,Security Team,2026-07-25
1922,WEB267,Ubuntu 22.04,UAT,Web Server,Bangalore,Linux Team,2026-07-25
1923,AUTH271,Windows Server 2019,Production,Authentication Server,Pune,Security Team,2026-07-25
1924,AUTH272,Windows Server 2019,UAT,Authentication Server,Hyderabad,Security Team,2026-07-25
1925,API286,RHEL 8,UAT,API Server,Bangalore,Infrastructure Team,2026-07-25
1926,DB271,Windows Server 2019,Development,Database Server,Hyderabad,Database Team,2026-07-25
1927,MAIL291,Windows Server 2022,Testing,Mail Server,Mumbai,Messaging Team,2026-07-25
1928,FILE282,Windows Server 2022,Development,File Server,Pune,Windows Team,2026-07-25
1929,AUTH273,RHEL 9,Testing,Authentication Server,Chennai,Security Team,2026-07-25
1930,AUTH274,RHEL 9,UAT,Authentication Server,Hyderabad,Security Team,2026-07-25
1931,APP260,Windows Server 2019,Testing,Application Server,Chennai,Infrastructure Team,2026-07-25
1932,WEB268,RHEL 8,Development,Web Server,Pune,Linux Team,2026-07-25
1933,API287,RHEL 8,Production,API Server,Hyderabad,Infrastructure Team,2026-07-25
1934,MAIL292,Windows Server 2022,Development,Mail Server,Mumbai,Messaging Team,2026-07-25
1935,DB272,Windows Server 2022,Development,Database Server,Bangalore,Database Team,2026-07-25
1936,AUTH275,RHEL 9,Testing,Authentication Server,Mumbai,Security Team,2026-07-25
1937,MAIL293,RHEL 8,UAT,Mail Server,Chennai,Messaging Team,2026-07-25
1938,DB273,Windows Server 2022,Testing,Database Server,Hyderabad,Database Team,2026-07-25
1939,API288,Windows Server 2019,Testing,API Server,Pune,Infrastructure Team,2026-07-25
1940,APP261,Ubuntu 22.04,Production,Application Server,Chennai,Infrastructure Team,2026-07-25
1941,MAIL294,Ubuntu 22.04,UAT,Mail Server,Chennai,Messaging Team,2026-07-25
1942,MAIL295,Windows Server 2019,UAT,Mail Server,Chennai,Messaging Team,2026-07-25
1943,AUTH276,Windows Server 2022,Testing,Authentication Server,Mumbai,Security Team,2026-07-25
1944,APP262,RHEL 8,Development,Application Server,Bangalore,Infrastructure Team,2026-07-25
1945,MAIL296,RHEL 8,UAT,Mail Server,Hyderabad,Messaging Team,2026-07-25
1946,FILE283,RHEL 9,UAT,File Server,Mumbai,Windows Team,2026-07-25
1947,FILE284,Windows Server 2019,UAT,File Server,Mumbai,Windows Team,2026-07-25
1948,FILE285,Windows Server 2022,Development,File Server,Hyderabad,Windows Team,2026-07-25
1949,WEB269,Ubuntu 22.04,Production,Web Server,Pune,Linux Team,2026-07-25
1950,FILE286,RHEL 9,Production,File Server,Chennai,Windows Team,2026-07-25
1951,WEB270,Windows Server 2022,Development,Web Server,Chennai,Linux Team,2026-07-25
1952,API289,RHEL 8,Testing,API Server,Pune,Infrastructure Team,2026-07-25
1953,API290,RHEL 9,Development,API Server,Hyderabad,Infrastructure Team,2026-07-25
1954,MAIL297,RHEL 9,Testing,Mail Server,Pune,Messaging Team,2026-07-25
1955,WEB271,RHEL 8,Testing,Web Server,Hyderabad,Linux Team,2026-07-25
1956,DB274,Windows Server 2022,Testing,Database Server,Bangalore,Database Team,2026-07-25
1957,FILE287,RHEL 8,Development,File Server,Hyderabad,Windows Team,2026-07-25
1958,AUTH277,Windows Server 2022,Production,Authentication Server,Chennai,Security Team,2026-07-25
1959,APP263,Ubuntu 22.04,UAT,Application Server,Mumbai,Infrastructure Team,2026-07-25
1960,MAIL298,RHEL 8,Production,Mail Server,Mumbai,Messaging Team,2026-07-25
1961,API291,Ubuntu 22.04,Development,API Server,Mumbai,Infrastructure Team,2026-07-25
1962,APP264,Windows Server 2019,UAT,Application Server,Pune,Infrastructure Team,2026-07-25
1963,DB275,RHEL 9,Development,Database Server,Bangalore,Database Team,2026-07-25
1964,MAIL299,RHEL 9,UAT,Mail Server,Bangalore,Messaging Team,2026-07-25
1965,WEB272,RHEL 8,Testing,Web Server,Pune,Linux Team,2026-07-25
1966,MAIL300,Windows Server 2022,UAT,Mail Server,Pune,Messaging Team,2026-07-25
1967,AUTH278,RHEL 9,UAT,Authentication Server,Bangalore,Security Team,2026-07-25
1968,DB276,RHEL 8,Production,Database Server,Mumbai,Database Team,2026-07-25
1969,AUTH279,Windows Server 2022,Development,Authentication Server,Hyderabad,Security Team,2026-07-25
1970,AUTH280,Ubuntu 22.04,UAT,Authentication Server,Mumbai,Security Team,2026-07-25
1971,FILE288,RHEL 9,Testing,File Server,Pune,Windows Team,2026-07-25
1972,AUTH281,Ubuntu 22.04,Testing,Authentication Server,Chennai,Security Team,2026-07-25
1973,API292,Ubuntu 22.04,Testing,API Server,Bangalore,Infrastructure Team,2026-07-25
1974,DB277,Ubuntu 22.04,UAT,Database Server,Pune,Database Team,2026-07-25
1975,FILE289,RHEL 9,Production,File Server,Hyderabad,Windows Team,2026-07-25
1976,WEB273,Ubuntu 22.04,UAT,Web Server,Hyderabad,Linux Team,2026-07-25
1977,WEB274,Ubuntu 22.04,UAT,Web Server,Hyderabad,Linux Team,2026-07-25
1978,DB278,RHEL 8,Production,Database Server,Mumbai,Database Team,2026-07-25
1979,WEB275,Windows Server 2022,UAT,Web Server,Hyderabad,Linux Team,2026-07-25
1980,API293,Windows Server 2022,Production,API Server,Chennai,Infrastructure Team,2026-07-25
1981,FILE290,Ubuntu 22.04,Development,File Server,Mumbai,Windows Team,2026-07-25
1982,FILE291,RHEL 8,Testing,File Server,Bangalore,Windows Team,2026-07-25
1983,DB279,RHEL 9,Development,Database Server,Mumbai,Database Team,2026-07-25
1984,API294,RHEL 9,Production,API Server,Hyderabad,Infrastructure Team,2026-07-25
1985,API295,Windows Server 2022,Production,API Server,Mumbai,Infrastructure Team,2026-07-25
1986,MAIL301,Ubuntu 22.04,UAT,Mail Server,Mumbai,Messaging Team,2026-07-25
1987,AUTH282,Windows Server 2022,Testing,Authentication Server,Hyderabad,Security Team,2026-07-25
1988,DB280,Windows Server 2022,Development,Database Server,Bangalore,Database Team,2026-07-25
1989,WEB276,RHEL 9,Development,Web Server,Chennai,Linux Team,2026-07-25
1990,DB281,Ubuntu 22.04,UAT,Database Server,Hyderabad,Database Team,2026-07-25
1991,WEB277,RHEL 8,UAT,Web Server,Chennai,Linux Team,2026-07-25
1992,MAIL302,Windows Server 2019,Production,Mail Server,Bangalore,Messaging Team,2026-07-25
1993,FILE292,RHEL 9,Production,File Server,Pune,Windows Team,2026-07-25
1994,MAIL303,RHEL 9,Testing,Mail Server,Chennai,Messaging Team,2026-07-25
1995,FILE293,RHEL 8,Testing,File Server,Mumbai,Windows Team,2026-07-25
1996,API296,Windows Server 2022,Development,API Server,Mumbai,Infrastructure Team,2026-07-25
1997,APP265,Windows Server 2022,Testing,Application Server,Pune,Infrastructure Team,2026-07-25
1998,DB282,Ubuntu 22.04,Development,Database Server,Pune,Database Team,2026-07-25
1999,AUTH283,RHEL 9,Development,Authentication Server,Hyderabad,Security Team,2026-07-25
2000,DB283,Windows Server 2022,Testing,Database Server,Hyderabad,Database Team,2026-07-25
2001,APP266,Ubuntu 22.04,Production,Application Server,Pune,Infrastructure Team,2026-07-25
2002,MAIL304,Ubuntu 22.04,UAT,Mail Server,Chennai,Messaging Team,2026-07-25
2003,AUTH284,Windows Server 2019,UAT,Authentication Server,Chennai,Security Team,2026-07-25
2004,API297,Windows Server 2022,Testing,API Server,Mumbai,Infrastructure Team,2026-07-25
2005,AUTH285,Windows Server 2022,UAT,Authentication Server,Chennai,Security Team,2026-07-25
2006,WEB278,Windows Server 2019,Production,Web Server,Bangalore,Linux Team,2026-07-25
2007,MAIL305,RHEL 8,Development,Mail Server,Mumbai,Messaging Team,2026-07-25
2008,MAIL306,RHEL 9,Production,Mail Server,Mumbai,Messaging Team,2026-07-25
2009,DB284,RHEL 8,Testing,Database Server,Bangalore,Database Team,2026-07-25
2010,DB285,Windows Server 2022,Production,Database Server,Hyderabad,Database Team,2026-07-25
2011,APP267,Ubuntu 22.04,Development,Application Server,Pune,Infrastructure Team,2026-07-25
2012,API298,Windows Server 2019,Production,API Server,Hyderabad,Infrastructure Team,2026-07-25
2013,MAIL307,Ubuntu 22.04,UAT,Mail Server,Pune,Messaging Team,2026-07-25
2014,AUTH286,Windows Server 2022,UAT,Authentication Server,Hyderabad,Security Team,2026-07-25
2015,AUTH287,RHEL 8,Development,Authentication Server,Pune,Security Team,2026-07-25
2016,WEB279,Windows Server 2019,Development,Web Server,Bangalore,Linux Team,2026-07-25
2017,WEB280,Windows Server 2019,Production,Web Server,Bangalore,Linux Team,2026-07-25
2018,WEB281,Ubuntu 22.04,Testing,Web Server,Bangalore,Linux Team,2026-07-25
2019,AUTH288,Windows Server 2019,UAT,Authentication Server,Mumbai,Security Team,2026-07-25
2020,API299,RHEL 9,Development,API Server,Hyderabad,Infrastructure Team,2026-07-25
2021,FILE294,RHEL 8,Testing,File Server,Chennai,Windows Team,2026-07-25
2022,FILE295,RHEL 8,Testing,File Server,Hyderabad,Windows Team,2026-07-25
2023,MAIL308,Windows Server 2022,UAT,Mail Server,Mumbai,Messaging Team,2026-07-25
2024,MAIL309,Windows Server 2019,Development,Mail Server,Chennai,Messaging Team,2026-07-25
2025,FILE296,RHEL 8,Testing,File Server,Chennai,Windows Team,2026-07-25
2026,MAIL310,Windows Server 2019,Development,Mail Server,Pune,Messaging Team,2026-07-25
2027,AUTH289,Ubuntu 22.04,UAT,Authentication Server,Bangalore,Security Team,2026-07-25
2028,AUTH290,RHEL 9,Testing,Authentication Server,Pune,Security Team,2026-07-25
2029,DB286,Windows Server 2022,Development,Database Server,Hyderabad,Database Team,2026-07-25
2030,WEB282,Windows Server 2019,Production,Web Server,Mumbai,Linux Team,2026-07-25
2031,MAIL311,RHEL 8,Development,Mail Server,Bangalore,Messaging Team,2026-07-25
2032,AUTH291,Ubuntu 22.04,UAT,Authentication Server,Pune,Security Team,2026-07-25
2033,AUTH292,RHEL 8,UAT,Authentication Server,Chennai,Security Team,2026-07-25
2034,FILE297,RHEL 8,Testing,File Server,Chennai,Windows Team,2026-07-25
2035,DB287,RHEL 8,Testing,Database Server,Pune,Database Team,2026-07-25
2036,MAIL312,Windows Server 2022,Development,Mail Server,Bangalore,Messaging Team,2026-07-25
2037,WEB283,Ubuntu 22.04,UAT,Web Server,Mumbai,Linux Team,2026-07-25
2038,WEB284,RHEL 8,UAT,Web Server,Hyderabad,Linux Team,2026-07-25
2039,WEB285,RHEL 9,Testing,Web Server,Chennai,Linux Team,2026-07-25
2040,MAIL313,Ubuntu 22.04,Production,Mail Server,Mumbai,Messaging Team,2026-07-25
2041,MAIL314,Ubuntu 22.04,Testing,Mail Server,Mumbai,Messaging Team,2026-07-25
2042,WEB286,Ubuntu 22.04,Development,Web Server,Hyderabad,Linux Team,2026-07-25
2043,APP268,Ubuntu 22.04,Development,Application Server,Pune,Infrastructure Team,2026-07-25
2044,APP269,Ubuntu 22.04,Development,Application Server,Hyderabad,Infrastructure Team,2026-07-25
2045,WEB287,Windows Server 2019,Production,Web Server,Mumbai,Linux Team,2026-07-25
2046,APP270,RHEL 8,Testing,Application Server,Chennai,Infrastructure Team,2026-07-25
2047,DB288,RHEL 9,Testing,Database Server,Chennai,Database Team,2026-07-25
2048,WEB288,Ubuntu 22.04,Production,Web Server,Bangalore,Linux Team,2026-07-25
2049,APP271,Ubuntu 22.04,UAT,Application Server,Pune,Infrastructure Team,2026-07-25
2050,DB289,Windows Server 2019,UAT,Database Server,Chennai,Database Team,2026-07-25
2051,AUTH293,Windows Server 2019,Testing,Authentication Server,Hyderabad,Security Team,2026-07-25
2052,DB290,Windows Server 2019,Production,Database Server,Mumbai,Database Team,2026-07-25
2053,APP272,Windows Server 2022,Testing,Application Server,Pune,Infrastructure Team,2026-07-25
2054,API300,RHEL 9,Production,API Server,Mumbai,Infrastructure Team,2026-07-25
2055,DB291,Ubuntu 22.04,UAT,Database Server,Bangalore,Database Team,2026-07-25
2056,FILE298,Ubuntu 22.04,Development,File Server,Chennai,Windows Team,2026-07-25
2057,API301,Windows Server 2019,Testing,API Server,Mumbai,Infrastructure Team,2026-07-25
2058,APP273,RHEL 8,Development,Application Server,Pune,Infrastructure Team,2026-07-25
2059,APP274,Ubuntu 22.04,Testing,Application Server,Mumbai,Infrastructure Team,2026-07-25
2060,WEB289,Windows Server 2022,UAT,Web Server,Pune,Linux Team,2026-07-25
2061,MAIL315,Ubuntu 22.04,Testing,Mail Server,Chennai,Messaging Team,2026-07-25
2062,MAIL316,Ubuntu 22.04,UAT,Mail Server,Mumbai,Messaging Team,2026-07-25
2063,AUTH294,Ubuntu 22.04,UAT,Authentication Server,Chennai,Security Team,2026-07-25
2064,APP275,RHEL 9,UAT,Application Server,Mumbai,Infrastructure Team,2026-07-25
2065,APP276,Windows Server 2019,Development,Application Server,Hyderabad,Infrastructure Team,2026-07-25
2066,DB292,RHEL 9,UAT,Database Server,Hyderabad,Database Team,2026-07-25
2067,AUTH295,Windows Server 2019,UAT,Authentication Server,Chennai,Security Team,2026-07-25
2068,APP277,Windows Server 2022,Development,Application Server,Hyderabad,Infrastructure Team,2026-07-25
2069,AUTH296,RHEL 9,Development,Authentication Server,Chennai,Security Team,2026-07-25
2070,WEB290,RHEL 9,Development,Web Server,Mumbai,Linux Team,2026-07-25
2071,DB293,RHEL 9,Development,Database Server,Bangalore,Database Team,2026-07-25
2072,WEB291,Ubuntu 22.04,Production,Web Server,Mumbai,Linux Team,2026-07-25
2073,AUTH297,RHEL 8,UAT,Authentication Server,Pune,Security Team,2026-07-25
2074,FILE299,RHEL 8,Testing,File Server,Chennai,Windows Team,2026-07-25
2075,API302,Windows Server 2022,Production,API Server,Hyderabad,Infrastructure Team,2026-07-25
2076,API303,Windows Server 2019,Production,API Server,Bangalore,Infrastructure Team,2026-07-25
2077,WEB292,RHEL 8,UAT,Web Server,Hyderabad,Linux Team,2026-07-25
2078,FILE300,Ubuntu 22.04,UAT,File Server,Hyderabad,Windows Team,2026-07-25
2079,API304,Windows Server 2022,UAT,API Server,Pune,Infrastructure Team,2026-07-25
2080,MAIL317,RHEL 8,UAT,Mail Server,Mumbai,Messaging Team,2026-07-25
2081,FILE301,Windows Server 2022,UAT,File Server,Bangalore,Windows Team,2026-07-25
2082,DB294,Ubuntu 22.04,Testing,Database Server,Hyderabad,Database Team,2026-07-25
2083,DB295,Ubuntu 22.04,UAT,Database Server,Mumbai,Database Team,2026-07-25
2084,DB296,RHEL 9,Production,Database Server,Hyderabad,Database Team,2026-07-25
2085,API305,Ubuntu 22.04,UAT,API Server,Bangalore,Infrastructure Team,2026-07-25
2086,FILE302,RHEL 8,Development,File Server,Hyderabad,Windows Team,2026-07-25
2087,FILE303,Windows Server 2022,Testing,File Server,Hyderabad,Windows Team,2026-07-25
2088,WEB293,Ubuntu 22.04,Production,Web Server,Hyderabad,Linux Team,2026-07-25
2089,AUTH298,RHEL 9,UAT,Authentication Server,Chennai,Security Team,2026-07-25
2090,AUTH299,Windows Server 2022,UAT,Authentication Server,Mumbai,Security Team,2026-07-25
2091,FILE304,Ubuntu 22.04,Development,File Server,Hyderabad,Windows Team,2026-07-25
2092,DB297,Windows Server 2022,Testing,Database Server,Mumbai,Database Team,2026-07-25
2093,WEB294,Windows Server 2019,Production,Web Server,Bangalore,Linux Team,2026-07-25
2094,AUTH300,Windows Server 2019,UAT,Authentication Server,Bangalore,Security Team,2026-07-25
2095,APP278,Windows Server 2019,Production,Application Server,Mumbai,Infrastructure Team,2026-07-25
2096,APP279,Windows Server 2019,Testing,Application Server,Chennai,Infrastructure Team,2026-07-25
2097,DB298,Windows Server 2022,Testing,Database Server,Pune,Database Team,2026-07-25
2098,MAIL318,RHEL 9,Production,Mail Server,Pune,Messaging Team,2026-07-25
2099,FILE305,RHEL 9,Production,File Server,Pune,Windows Team,2026-07-25
2100,FILE306,Windows Server 2022,Development,File Server,Pune,Windows Team,2026-07-25
2101,AUTH301,Windows Server 2022,Testing,Authentication Server,Mumbai,Security Team,2026-07-25
2102,WEB295,Ubuntu 22.04,Development,Web Server,Hyderabad,Linux Team,2026-07-25
2103,AUTH302,Windows Server 2022,Production,Authentication Server,Bangalore,Security Team,2026-07-25
2104,DB299,RHEL 8,Development,Database Server,Chennai,Database Team,2026-07-25
2105,WEB296,RHEL 9,UAT,Web Server,Chennai,Linux Team,2026-07-25
2106,FILE307,Ubuntu 22.04,Production,File Server,Hyderabad,Windows Team,2026-07-25
2107,AUTH303,Windows Server 2019,Production,Authentication Server,Pune,Security Team,2026-07-25
2108,APP280,Windows Server 2019,Production,Application Server,Pune,Infrastructure Team,2026-07-25
2109,API306,Ubuntu 22.04,Testing,API Server,Pune,Infrastructure Team,2026-07-25
2110,WEB297,Ubuntu 22.04,UAT,Web Server,Chennai,Linux Team,2026-07-25
2111,APP281,Windows Server 2019,Production,Application Server,Mumbai,Infrastructure Team,2026-07-25
2112,MAIL319,Windows Server 2022,Production,Mail Server,Chennai,Messaging Team,2026-07-25
2113,DB300,Windows Server 2022,Testing,Database Server,Mumbai,Database Team,2026-07-25
2114,FILE308,RHEL 8,UAT,File Server,Pune,Windows Team,2026-07-25
2115,APP282,Windows Server 2022,Development,Application Server,Pune,Infrastructure Team,2026-07-25
2116,APP283,RHEL 8,Production,Application Server,Pune,Infrastructure Team,2026-07-25
2117,AUTH304,Windows Server 2022,Development,Authentication Server,Mumbai,Security Team,2026-07-25
2118,WEB298,Ubuntu 22.04,Development,Web Server,Hyderabad,Linux Team,2026-07-25
2119,MAIL320,Ubuntu 22.04,Testing,Mail Server,Chennai,Messaging Team,2026-07-25
2120,API307,RHEL 9,Testing,API Server,Mumbai,Infrastructure Team,2026-07-25
2121,WEB299,Windows Server 2019,Production,Web Server,Mumbai,Linux Team,2026-07-25
2122,DB301,RHEL 8,Development,Database Server,Mumbai,Database Team,2026-07-25
2123,FILE309,RHEL 9,Production,File Server,Pune,Windows Team,2026-07-25
2124,WEB300,RHEL 8,Testing,Web Server,Hyderabad,Linux Team,2026-07-25
2125,AUTH305,RHEL 8,Development,Authentication Server,Mumbai,Security Team,2026-07-25
2126,FILE310,RHEL 9,Testing,File Server,Bangalore,Windows Team,2026-07-25
2127,APP284,RHEL 9,Production,Application Server,Chennai,Infrastructure Team,2026-07-25
2128,APP285,Windows Server 2022,UAT,Application Server,Bangalore,Infrastructure Team,2026-07-25
2129,MAIL321,Ubuntu 22.04,Testing,Mail Server,Mumbai,Messaging Team,2026-07-25
2130,APP286,Windows Server 2022,UAT,Application Server,Bangalore,Infrastructure Team,2026-07-25
2131,API308,Windows Server 2022,Testing,API Server,Bangalore,Infrastructure Team,2026-07-25
2132,WEB301,Windows Server 2019,Testing,Web Server,Chennai,Linux Team,2026-07-25
2133,FILE311,RHEL 8,UAT,File Server,Mumbai,Windows Team,2026-07-25
2134,MAIL322,Ubuntu 22.04,Testing,Mail Server,Mumbai,Messaging Team,2026-07-25
2135,AUTH306,Ubuntu 22.04,UAT,Authentication Server,Bangalore,Security Team,2026-07-25
2136,WEB302,Windows Server 2022,Testing,Web Server,Mumbai,Linux Team,2026-07-25
2137,APP287,RHEL 9,Development,Application Server,Pune,Infrastructure Team,2026-07-25
2138,MAIL323,Windows Server 2019,Production,Mail Server,Bangalore,Messaging Team,2026-07-25
2139,AUTH307,Windows Server 2022,Development,Authentication Server,Mumbai,Security Team,2026-07-25
2140,DB302,RHEL 8,Testing,Database Server,Pune,Database Team,2026-07-25
2141,AUTH308,RHEL 8,Production,Authentication Server,Chennai,Security Team,2026-07-25
2142,DB303,RHEL 8,UAT,Database Server,Bangalore,Database Team,2026-07-25
2143,API309,Windows Server 2022,Development,API Server,Mumbai,Infrastructure Team,2026-07-25
2144,WEB303,RHEL 8,Production,Web Server,Bangalore,Linux Team,2026-07-25
2145,MAIL324,RHEL 9,Production,Mail Server,Hyderabad,Messaging Team,2026-07-25
2146,API310,Ubuntu 22.04,Development,API Server,Chennai,Infrastructure Team,2026-07-25
2147,AUTH309,RHEL 8,Production,Authentication Server,Pune,Security Team,2026-07-25
2148,MAIL325,RHEL 9,Production,Mail Server,Hyderabad,Messaging Team,2026-07-25
2149,APP288,RHEL 8,Production,Application Server,Hyderabad,Infrastructure Team,2026-07-25
2150,MAIL326,Windows Server 2019,UAT,Mail Server,Bangalore,Messaging Team,2026-07-25
2151,WEB304,Windows Server 2019,UAT,Web Server,Chennai,Linux Team,2026-07-25
2152,API311,RHEL 9,Development,API Server,Mumbai,Infrastructure Team,2026-07-25
2153,API312,Windows Server 2022,Production,API Server,Chennai,Infrastructure Team,2026-07-25
2154,AUTH310,Windows Server 2022,Testing,Authentication Server,Bangalore,Security Team,2026-07-25
2155,API313,Ubuntu 22.04,Testing,API Server,Hyderabad,Infrastructure Team,2026-07-25
2156,API314,Windows Server 2022,Testing,API Server,Mumbai,Infrastructure Team,2026-07-25
2157,APP289,Ubuntu 22.04,UAT,Application Server,Pune,Infrastructure Team,2026-07-25
2158,API315,Windows Server 2019,Production,API Server,Pune,Infrastructure Team,2026-07-25
2159,API316,Ubuntu 22.04,Testing,API Server,Mumbai,Infrastructure Team,2026-07-25
2160,API317,Windows Server 2022,UAT,API Server,Mumbai,Infrastructure Team,2026-07-25
2161,FILE312,Ubuntu 22.04,Testing,File Server,Mumbai,Windows Team,2026-07-25
2162,AUTH311,RHEL 9,UAT,Authentication Server,Chennai,Security Team,2026-07-25
2163,APP290,Windows Server 2022,Production,Application Server,Bangalore,Infrastructure Team,2026-07-25
2164,AUTH312,RHEL 9,UAT,Authentication Server,Hyderabad,Security Team,2026-07-25
2165,API318,RHEL 9,Testing,API Server,Pune,Infrastructure Team,2026-07-25
2166,WEB305,RHEL 8,Production,Web Server,Mumbai,Linux Team,2026-07-25
2167,FILE313,RHEL 9,UAT,File Server,Bangalore,Windows Team,2026-07-25
2168,MAIL327,RHEL 9,Development,Mail Server,Pune,Messaging Team,2026-07-25
2169,APP291,RHEL 9,Testing,Application Server,Mumbai,Infrastructure Team,2026-07-25
2170,DB304,Windows Server 2022,Testing,Database Server,Mumbai,Database Team,2026-07-25
2171,WEB306,Windows Server 2022,Development,Web Server,Hyderabad,Linux Team,2026-07-25
2172,WEB307,Windows Server 2022,Production,Web Server,Mumbai,Linux Team,2026-07-25
2173,API319,Windows Server 2019,UAT,API Server,Hyderabad,Infrastructure Team,2026-07-25
2174,FILE314,RHEL 8,Testing,File Server,Bangalore,Windows Team,2026-07-25
2175,APP292,Ubuntu 22.04,Testing,Application Server,Mumbai,Infrastructure Team,2026-07-25
2176,API320,Windows Server 2022,Production,API Server,Bangalore,Infrastructure Team,2026-07-25
2177,FILE315,RHEL 9,Development,File Server,Pune,Windows Team,2026-07-25
2178,DB305,RHEL 9,UAT,Database Server,Pune,Database Team,2026-07-25
2179,APP293,RHEL 8,Development,Application Server,Chennai,Infrastructure Team,2026-07-25
2180,DB306,RHEL 8,Development,Database Server,Pune,Database Team,2026-07-25
2181,WEB308,Ubuntu 22.04,UAT,Web Server,Bangalore,Linux Team,2026-07-25
2182,DB307,Windows Server 2019,Testing,Database Server,Bangalore,Database Team,2026-07-25
2183,DB308,Windows Server 2019,Testing,Database Server,Chennai,Database Team,2026-07-25
2184,DB309,RHEL 8,UAT,Database Server,Mumbai,Database Team,2026-07-25
2185,API321,RHEL 8,Production,API Server,Mumbai,Infrastructure Team,2026-07-25
2186,MAIL328,Windows Server 2019,Development,Mail Server,Mumbai,Messaging Team,2026-07-25
2187,AUTH313,RHEL 9,Production,Authentication Server,Chennai,Security Team,2026-07-25
2188,WEB309,RHEL 9,Development,Web Server,Bangalore,Linux Team,2026-07-25
2189,AUTH314,RHEL 8,Production,Authentication Server,Chennai,Security Team,2026-07-25
2190,AUTH315,RHEL 9,Testing,Authentication Server,Pune,Security Team,2026-07-25
2191,APP294,RHEL 8,Development,Application Server,Chennai,Infrastructure Team,2026-07-25
2192,WEB310,Windows Server 2022,Development,Web Server,Bangalore,Linux Team,2026-07-25
2193,AUTH316,Windows Server 2022,Production,Authentication Server,Bangalore,Security Team,2026-07-25
2194,API322,Windows Server 2019,Production,API Server,Bangalore,Infrastructure Team,2026-07-25
2195,DB310,Windows Server 2022,Development,Database Server,Chennai,Database Team,2026-07-25
2196,APP295,RHEL 9,Development,Application Server,Mumbai,Infrastructure Team,2026-07-25
2197,FILE316,Windows Server 2019,UAT,File Server,Mumbai,Windows Team,2026-07-25
2198,APP296,Windows Server 2022,Testing,Application Server,Mumbai,Infrastructure Team,2026-07-25
2199,AUTH317,RHEL 8,Testing,Authentication Server,Mumbai,Security Team,2026-07-25
2200,DB311,Windows Server 2019,Testing,Database Server,Bangalore,Database Team,2026-07-25
2201,WEB311,RHEL 8,Production,Web Server,Bangalore,Linux Team,2026-07-25
2202,API323,Ubuntu 22.04,UAT,API Server,Hyderabad,Infrastructure Team,2026-07-25
2203,AUTH318,Windows Server 2022,Development,Authentication Server,Bangalore,Security Team,2026-07-25
2204,AUTH319,Windows Server 2019,Development,Authentication Server,Pune,Security Team,2026-07-25
2205,API324,Windows Server 2022,Production,API Server,Chennai,Infrastructure Team,2026-07-25
2206,MAIL329,Windows Server 2019,Production,Mail Server,Chennai,Messaging Team,2026-07-25
2207,WEB312,RHEL 8,Development,Web Server,Mumbai,Linux Team,2026-07-25
2208,APP297,Ubuntu 22.04,Production,Application Server,Hyderabad,Infrastructure Team,2026-07-25
2209,FILE317,RHEL 9,UAT,File Server,Hyderabad,Windows Team,2026-07-25
2210,WEB313,Windows Server 2022,Development,Web Server,Mumbai,Linux Team,2026-07-25
2211,WEB314,RHEL 8,UAT,Web Server,Pune,Linux Team,2026-07-25
2212,APP298,RHEL 8,UAT,Application Server,Pune,Infrastructure Team,2026-07-25
2213,MAIL330,Windows Server 2019,Production,Mail Server,Pune,Messaging Team,2026-07-25
2214,WEB315,RHEL 9,Production,Web Server,Hyderabad,Linux Team,2026-07-25
2215,APP299,RHEL 9,UAT,Application Server,Mumbai,Infrastructure Team,2026-07-25
2216,AUTH320,Windows Server 2022,Production,Authentication Server,Bangalore,Security Team,2026-07-25
2217,DB312,Windows Server 2019,Development,Database Server,Chennai,Database Team,2026-07-25
2218,API325,Windows Server 2019,Testing,API Server,Pune,Infrastructure Team,2026-07-25
2219,WEB316,RHEL 8,Development,Web Server,Pune,Linux Team,2026-07-25
2220,API326,Windows Server 2019,Testing,API Server,Mumbai,Infrastructure Team,2026-07-25
2221,APP300,RHEL 8,Testing,Application Server,Hyderabad,Infrastructure Team,2026-07-25
2222,WEB317,Ubuntu 22.04,Development,Web Server,Hyderabad,Linux Team,2026-07-25
2223,FILE318,Ubuntu 22.04,Testing,File Server,Mumbai,Windows Team,2026-07-25
2224,MAIL331,RHEL 9,Development,Mail Server,Hyderabad,Messaging Team,2026-07-25
2225,MAIL332,Ubuntu 22.04,Testing,Mail Server,Pune,Messaging Team,2026-07-25
2226,WEB318,Ubuntu 22.04,Testing,Web Server,Hyderabad,Linux Team,2026-07-25
2227,MAIL333,RHEL 9,Production,Mail Server,Chennai,Messaging Team,2026-07-25
2228,AUTH321,RHEL 9,Development,Authentication Server,Chennai,Security Team,2026-07-25
2229,FILE319,RHEL 8,Production,File Server,Hyderabad,Windows Team,2026-07-25
2230,DB313,Windows Server 2019,UAT,Database Server,Hyderabad,Database Team,2026-07-25
2231,WEB319,Windows Server 2019,Production,Web Server,Mumbai,Linux Team,2026-07-25
2232,DB314,RHEL 8,UAT,Database Server,Bangalore,Database Team,2026-07-25
2233,AUTH322,Windows Server 2019,Testing,Authentication Server,Pune,Security Team,2026-07-25
2234,AUTH323,Windows Server 2019,Development,Authentication Server,Hyderabad,Security Team,2026-07-25
2235,MAIL334,Windows Server 2019,Development,Mail Server,Chennai,Messaging Team,2026-07-25
2236,MAIL335,RHEL 9,Testing,Mail Server,Chennai,Messaging Team,2026-07-25
2237,APP301,RHEL 9,UAT,Application Server,Hyderabad,Infrastructure Team,2026-07-25
2238,API327,RHEL 8,Testing,API Server,Hyderabad,Infrastructure Team,2026-07-25
2239,DB315,Ubuntu 22.04,Production,Database Server,Hyderabad,Database Team,2026-07-25
2240,API328,Windows Server 2022,Testing,API Server,Hyderabad,Infrastructure Team,2026-07-25
2241,WEB320,Windows Server 2022,Testing,Web Server,Chennai,Linux Team,2026-07-25
2242,FILE320,Windows Server 2019,UAT,File Server,Pune,Windows Team,2026-07-25
2243,WEB321,Ubuntu 22.04,Development,Web Server,Mumbai,Linux Team,2026-07-25
2244,DB316,Windows Server 2022,UAT,Database Server,Pune,Database Team,2026-07-25
2245,FILE321,Windows Server 2022,Production,File Server,Chennai,Windows Team,2026-07-25
2246,APP302,RHEL 9,Development,Application Server,Mumbai,Infrastructure Team,2026-07-25
2247,WEB322,Ubuntu 22.04,Development,Web Server,Mumbai,Linux Team,2026-07-25
2248,AUTH324,RHEL 9,Testing,Authentication Server,Mumbai,Security Team,2026-07-25
2249,API329,Windows Server 2019,UAT,API Server,Pune,Infrastructure Team,2026-07-25
2250,DB317,RHEL 8,Development,Database Server,Hyderabad,Database Team,2026-07-25
2251,FILE322,Ubuntu 22.04,Testing,File Server,Mumbai,Windows Team,2026-07-25
2252,APP303,Windows Server 2019,Production,Application Server,Chennai,Infrastructure Team,2026-07-25
2253,API330,RHEL 9,UAT,API Server,Bangalore,Infrastructure Team,2026-07-25
2254,FILE323,RHEL 8,Development,File Server,Hyderabad,Windows Team,2026-07-25
2255,DB318,Windows Server 2019,Development,Database Server,Bangalore,Database Team,2026-07-25
2256,MAIL336,RHEL 9,Testing,Mail Server,Hyderabad,Messaging Team,2026-07-25
2257,FILE324,Windows Server 2019,Testing,File Server,Bangalore,Windows Team,2026-07-25
2258,WEB323,RHEL 9,Testing,Web Server,Hyderabad,Linux Team,2026-07-25
2259,MAIL337,RHEL 9,Testing,Mail Server,Chennai,Messaging Team,2026-07-25
2260,DB319,RHEL 8,Production,Database Server,Bangalore,Database Team,2026-07-25
2261,FILE325,Ubuntu 22.04,Development,File Server,Chennai,Windows Team,2026-07-25
2262,AUTH325,RHEL 9,Testing,Authentication Server,Mumbai,Security Team,2026-07-25
2263,DB320,RHEL 9,Development,Database Server,Pune,Database Team,2026-07-25
2264,AUTH326,RHEL 8,Production,Authentication Server,Chennai,Security Team,2026-07-25
2265,DB321,Windows Server 2022,Development,Database Server,Hyderabad,Database Team,2026-07-25
2266,APP304,RHEL 8,UAT,Application Server,Bangalore,Infrastructure Team,2026-07-25
2267,API331,Windows Server 2019,Production,API Server,Bangalore,Infrastructure Team,2026-07-25
2268,API332,Ubuntu 22.04,Testing,API Server,Mumbai,Infrastructure Team,2026-07-25
2269,MAIL338,RHEL 8,Production,Mail Server,Pune,Messaging Team,2026-07-25
2270,AUTH327,Ubuntu 22.04,UAT,Authentication Server,Hyderabad,Security Team,2026-07-25
2271,WEB324,Ubuntu 22.04,Testing,Web Server,Mumbai,Linux Team,2026-07-25
2272,API333,RHEL 9,Production,API Server,Hyderabad,Infrastructure Team,2026-07-25
2273,FILE326,RHEL 9,Production,File Server,Mumbai,Windows Team,2026-07-25
2274,MAIL339,Windows Server 2019,Development,Mail Server,Bangalore,Messaging Team,2026-07-25
2275,DB322,Windows Server 2022,Testing,Database Server,Pune,Database Team,2026-07-25
2276,APP305,Windows Server 2022,Development,Application Server,Mumbai,Infrastructure Team,2026-07-25
2277,AUTH328,Windows Server 2019,Testing,Authentication Server,Pune,Security Team,2026-07-25
2278,DB323,RHEL 9,Testing,Database Server,Hyderabad,Database Team,2026-07-25
2279,AUTH329,Ubuntu 22.04,Testing,Authentication Server,Chennai,Security Team,2026-07-25
2280,DB324,Windows Server 2019,UAT,Database Server,Pune,Database Team,2026-07-25
2281,APP306,Ubuntu 22.04,UAT,Application Server,Pune,Infrastructure Team,2026-07-25
2282,AUTH330,Ubuntu 22.04,UAT,Authentication Server,Bangalore,Security Team,2026-07-25
2283,FILE327,Ubuntu 22.04,Production,File Server,Pune,Windows Team,2026-07-25
2284,MAIL340,Windows Server 2019,Production,Mail Server,Bangalore,Messaging Team,2026-07-25
2285,DB325,Windows Server 2022,Production,Database Server,Chennai,Database Team,2026-07-25
2286,FILE328,Windows Server 2022,UAT,File Server,Hyderabad,Windows Team,2026-07-25
2287,APP307,Ubuntu 22.04,Development,Application Server,Bangalore,Infrastructure Team,2026-07-25
2288,MAIL341,Ubuntu 22.04,Development,Mail Server,Bangalore,Messaging Team,2026-07-25
2289,FILE329,RHEL 8,Testing,File Server,Bangalore,Windows Team,2026-07-25
2290,API334,RHEL 9,Testing,API Server,Mumbai,Infrastructure Team,2026-07-25
2291,AUTH331,Windows Server 2022,Testing,Authentication Server,Hyderabad,Security Team,2026-07-25
2292,FILE330,RHEL 9,Production,File Server,Bangalore,Windows Team,2026-07-25
2293,WEB325,Ubuntu 22.04,Development,Web Server,Bangalore,Linux Team,2026-07-25
2294,DB326,RHEL 9,Testing,Database Server,Hyderabad,Database Team,2026-07-25
2295,MAIL342,Ubuntu 22.04,Development,Mail Server,Mumbai,Messaging Team,2026-07-25
2296,APP308,Windows Server 2019,Testing,Application Server,Pune,Infrastructure Team,2026-07-25
2297,AUTH332,Windows Server 2019,Development,Authentication Server,Hyderabad,Security Team,2026-07-25
2298,AUTH333,Windows Server 2019,Testing,Authentication Server,Chennai,Security Team,2026-07-25
2299,MAIL343,Windows Server 2019,Testing,Mail Server,Pune,Messaging Team,2026-07-25
2300,WEB326,RHEL 8,UAT,Web Server,Bangalore,Linux Team,2026-07-25
2301,APP309,Windows Server 2022,Development,Application Server,Chennai,Infrastructure Team,2026-07-25
2302,AUTH334,Windows Server 2019,UAT,Authentication Server,Hyderabad,Security Team,2026-07-25
2303,API335,RHEL 9,UAT,API Server,Bangalore,Infrastructure Team,2026-07-25
2304,APP310,RHEL 8,Production,Application Server,Bangalore,Infrastructure Team,2026-07-25
2305,DB327,Windows Server 2019,Testing,Database Server,Hyderabad,Database Team,2026-07-25
2306,MAIL344,RHEL 8,Testing,Mail Server,Mumbai,Messaging Team,2026-07-25
2307,AUTH335,Windows Server 2019,Testing,Authentication Server,Hyderabad,Security Team,2026-07-25
2308,FILE331,Windows Server 2022,UAT,File Server,Chennai,Windows Team,2026-07-25
2309,AUTH336,Windows Server 2022,UAT,Authentication Server,Chennai,Security Team,2026-07-25
2310,AUTH337,RHEL 9,Production,Authentication Server,Bangalore,Security Team,2026-07-25
2311,FILE332,RHEL 8,Production,File Server,Bangalore,Windows Team,2026-07-25
2312,DB328,Ubuntu 22.04,Testing,Database Server,Chennai,Database Team,2026-07-25
2313,DB329,Windows Server 2019,UAT,Database Server,Chennai,Database Team,2026-07-25
2314,MAIL345,Ubuntu 22.04,Production,Mail Server,Pune,Messaging Team,2026-07-25
2315,MAIL346,RHEL 9,Testing,Mail Server,Mumbai,Messaging Team,2026-07-25
2316,DB330,Ubuntu 22.04,Development,Database Server,Pune,Database Team,2026-07-25
2317,AUTH338,Windows Server 2022,Development,Authentication Server,Mumbai,Security Team,2026-07-25
2318,API336,RHEL 9,Testing,API Server,Mumbai,Infrastructure Team,2026-07-25
2319,DB331,Windows Server 2019,Development,Database Server,Pune,Database Team,2026-07-25
2320,MAIL347,Ubuntu 22.04,Testing,Mail Server,Hyderabad,Messaging Team,2026-07-25
2321,WEB327,RHEL 9,Development,Web Server,Pune,Linux Team,2026-07-25
2322,APP311,Windows Server 2022,Production,Application Server,Chennai,Infrastructure Team,2026-07-25
2323,MAIL348,Windows Server 2022,Production,Mail Server,Bangalore,Messaging Team,2026-07-25
2324,AUTH339,Windows Server 2022,Development,Authentication Server,Bangalore,Security Team,2026-07-25
2325,API337,Windows Server 2022,Development,API Server,Bangalore,Infrastructure Team,2026-07-25
2326,DB332,Ubuntu 22.04,Testing,Database Server,Mumbai,Database Team,2026-07-25
2327,DB333,Windows Server 2022,UAT,Database Server,Bangalore,Database Team,2026-07-25
2328,AUTH340,RHEL 9,Production,Authentication Server,Mumbai,Security Team,2026-07-25
2329,AUTH341,Ubuntu 22.04,Testing,Authentication Server,Chennai,Security Team,2026-07-25
2330,AUTH342,RHEL 9,Testing,Authentication Server,Pune,Security Team,2026-07-25
2331,FILE333,RHEL 8,Production,File Server,Bangalore,Windows Team,2026-07-25
2332,APP312,RHEL 8,Development,Application Server,Mumbai,Infrastructure Team,2026-07-25
2333,APP313,Ubuntu 22.04,UAT,Application Server,Pune,Infrastructure Team,2026-07-25
2334,APP314,RHEL 9,Production,Application Server,Bangalore,Infrastructure Team,2026-07-25
2335,WEB328,Windows Server 2019,Development,Web Server,Chennai,Linux Team,2026-07-25
2336,FILE334,Windows Server 2022,Production,File Server,Hyderabad,Windows Team,2026-07-25
2337,APP315,Ubuntu 22.04,Development,Application Server,Bangalore,Infrastructure Team,2026-07-25
2338,AUTH343,Windows Server 2019,Development,Authentication Server,Chennai,Security Team,2026-07-25
2339,DB334,Windows Server 2019,Testing,Database Server,Pune,Database Team,2026-07-25
2340,AUTH344,Windows Server 2019,Development,Authentication Server,Hyderabad,Security Team,2026-07-25
2341,MAIL349,Windows Server 2022,Production,Mail Server,Mumbai,Messaging Team,2026-07-25
2342,DB335,RHEL 9,Production,Database Server,Bangalore,Database Team,2026-07-25
2343,WEB329,RHEL 9,UAT,Web Server,Mumbai,Linux Team,2026-07-25
2344,MAIL350,Windows Server 2019,Development,Mail Server,Bangalore,Messaging Team,2026-07-25
2345,WEB330,Ubuntu 22.04,Development,Web Server,Hyderabad,Linux Team,2026-07-25
2346,AUTH345,RHEL 9,UAT,Authentication Server,Mumbai,Security Team,2026-07-25
2347,WEB331,RHEL 8,Development,Web Server,Mumbai,Linux Team,2026-07-25
2348,AUTH346,RHEL 9,UAT,Authentication Server,Hyderabad,Security Team,2026-07-25
2349,APP316,RHEL 9,Development,Application Server,Mumbai,Infrastructure Team,2026-07-25
2350,WEB332,Ubuntu 22.04,Development,Web Server,Mumbai,Linux Team,2026-07-25
2351,APP317,RHEL 9,UAT,Application Server,Chennai,Infrastructure Team,2026-07-25
2352,WEB333,Windows Server 2022,Production,Web Server,Bangalore,Linux Team,2026-07-25
2353,DB336,RHEL 8,Testing,Database Server,Chennai,Database Team,2026-07-25
2354,AUTH347,Windows Server 2022,UAT,Authentication Server,Mumbai,Security Team,2026-07-25
2355,MAIL351,RHEL 9,Development,Mail Server,Mumbai,Messaging Team,2026-07-25
2356,AUTH348,RHEL 8,Production,Authentication Server,Hyderabad,Security Team,2026-07-25
2357,DB337,Windows Server 2022,Development,Database Server,Hyderabad,Database Team,2026-07-25
2358,APP318,RHEL 9,UAT,Application Server,Bangalore,Infrastructure Team,2026-07-25
2359,AUTH349,Windows Server 2022,Development,Authentication Server,Hyderabad,Security Team,2026-07-25
2360,MAIL352,RHEL 9,Production,Mail Server,Bangalore,Messaging Team,2026-07-25
2361,APP319,RHEL 9,UAT,Application Server,Pune,Infrastructure Team,2026-07-25
2362,MAIL353,RHEL 8,UAT,Mail Server,Hyderabad,Messaging Team,2026-07-25
2363,API338,Windows Server 2022,UAT,API Server,Hyderabad,Infrastructure Team,2026-07-25
2364,DB338,Windows Server 2019,Development,Database Server,Mumbai,Database Team,2026-07-25
2365,DB339,Windows Server 2019,Development,Database Server,Chennai,Database Team,2026-07-25
2366,MAIL354,Windows Server 2022,Production,Mail Server,Bangalore,Messaging Team,2026-07-25
2367,APP320,RHEL 9,Testing,Application Server,Chennai,Infrastructure Team,2026-07-25
2368,DB340,Windows Server 2022,UAT,Database Server,Chennai,Database Team,2026-07-25
2369,DB341,Windows Server 2019,UAT,Database Server,Hyderabad,Database Team,2026-07-25
2370,APP321,Windows Server 2019,UAT,Application Server,Bangalore,Infrastructure Team,2026-07-25
2371,WEB334,RHEL 9,Production,Web Server,Hyderabad,Linux Team,2026-07-25
2372,AUTH350,RHEL 8,Development,Authentication Server,Pune,Security Team,2026-07-25
2373,API339,Ubuntu 22.04,Testing,API Server,Hyderabad,Infrastructure Team,2026-07-25
2374,DB342,Windows Server 2022,Testing,Database Server,Pune,Database Team,2026-07-25
2375,WEB335,Windows Server 2022,Testing,Web Server,Chennai,Linux Team,2026-07-25
2376,DB343,Windows Server 2019,UAT,Database Server,Hyderabad,Database Team,2026-07-25
2377,AUTH351,RHEL 8,Development,Authentication Server,Bangalore,Security Team,2026-07-25
2378,AUTH352,Windows Server 2022,Production,Authentication Server,Mumbai,Security Team,2026-07-25
2379,AUTH353,Ubuntu 22.04,Testing,Authentication Server,Hyderabad,Security Team,2026-07-25
2380,API340,RHEL 9,Production,API Server,Chennai,Infrastructure Team,2026-07-25
2381,AUTH354,RHEL 8,Testing,Authentication Server,Bangalore,Security Team,2026-07-25
2382,APP322,RHEL 8,Testing,Application Server,Pune,Infrastructure Team,2026-07-25
2383,MAIL355,RHEL 8,Testing,Mail Server,Hyderabad,Messaging Team,2026-07-25
2384,API341,RHEL 8,Production,API Server,Hyderabad,Infrastructure Team,2026-07-25
2385,API342,RHEL 8,Testing,API Server,Bangalore,Infrastructure Team,2026-07-25
2386,WEB336,RHEL 8,Testing,Web Server,Hyderabad,Linux Team,2026-07-25
2387,APP323,Windows Server 2019,UAT,Application Server,Chennai,Infrastructure Team,2026-07-25
2388,MAIL356,RHEL 9,Development,Mail Server,Chennai,Messaging Team,2026-07-25
2389,APP324,RHEL 8,UAT,Application Server,Mumbai,Infrastructure Team,2026-07-25
2390,WEB337,Windows Server 2022,UAT,Web Server,Chennai,Linux Team,2026-07-25
2391,MAIL357,Windows Server 2022,Testing,Mail Server,Chennai,Messaging Team,2026-07-25
2392,FILE335,RHEL 8,Development,File Server,Pune,Windows Team,2026-07-25
2393,API343,Windows Server 2022,Development,API Server,Pune,Infrastructure Team,2026-07-25
2394,WEB338,RHEL 8,Production,Web Server,Mumbai,Linux Team,2026-07-25
2395,AUTH355,Windows Server 2022,Development,Authentication Server,Bangalore,Security Team,2026-07-25
2396,DB344,Windows Server 2019,UAT,Database Server,Pune,Database Team,2026-07-25
2397,DB345,Ubuntu 22.04,Development,Database Server,Mumbai,Database Team,2026-07-25
2398,WEB339,Ubuntu 22.04,Testing,Web Server,Chennai,Linux Team,2026-07-25
2399,APP325,RHEL 9,Development,Application Server,Pune,Infrastructure Team,2026-07-25
2400,WEB340,RHEL 9,Production,Web Server,Mumbai,Linux Team,2026-07-25
2401,MAIL358,Windows Server 2022,Production,Mail Server,Hyderabad,Messaging Team,2026-07-25
2402,WEB341,RHEL 8,UAT,Web Server,Chennai,Linux Team,2026-07-25
2403,FILE336,RHEL 9,Testing,File Server,Mumbai,Windows Team,2026-07-25
2404,FILE337,Windows Server 2022,Production,File Server,Mumbai,Windows Team,2026-07-25
2405,DB346,Ubuntu 22.04,Testing,Database Server,Bangalore,Database Team,2026-07-25
2406,FILE338,Windows Server 2022,UAT,File Server,Bangalore,Windows Team,2026-07-25
2407,AUTH356,RHEL 8,Production,Authentication Server,Pune,Security Team,2026-07-25
2408,DB347,Windows Server 2019,Development,Database Server,Mumbai,Database Team,2026-07-25
2409,FILE339,RHEL 8,Testing,File Server,Mumbai,Windows Team,2026-07-25
2410,FILE340,Ubuntu 22.04,UAT,File Server,Chennai,Windows Team,2026-07-25
2411,APP326,Windows Server 2019,Development,Application Server,Hyderabad,Infrastructure Team,2026-07-25
2412,DB348,Ubuntu 22.04,UAT,Database Server,Hyderabad,Database Team,2026-07-25
2413,MAIL359,RHEL 9,Testing,Mail Server,Mumbai,Messaging Team,2026-07-25
2414,API344,Windows Server 2019,Development,API Server,Chennai,Infrastructure Team,2026-07-25
2415,AUTH357,Windows Server 2022,Testing,Authentication Server,Bangalore,Security Team,2026-07-25
2416,APP327,Ubuntu 22.04,Testing,Application Server,Chennai,Infrastructure Team,2026-07-25
2417,WEB342,RHEL 8,Development,Web Server,Chennai,Linux Team,2026-07-25
2418,DB349,Windows Server 2019,Development,Database Server,Pune,Database Team,2026-07-25
2419,MAIL360,RHEL 8,Production,Mail Server,Hyderabad,Messaging Team,2026-07-25
2420,API345,RHEL 9,Testing,API Server,Bangalore,Infrastructure Team,2026-07-25
2421,FILE341,RHEL 8,Development,File Server,Hyderabad,Windows Team,2026-07-25
2422,APP328,RHEL 8,UAT,Application Server,Pune,Infrastructure Team,2026-07-25
2423,DB350,RHEL 9,Development,Database Server,Bangalore,Database Team,2026-07-25
2424,AUTH358,Windows Server 2019,Development,Authentication Server,Pune,Security Team,2026-07-25
2425,WEB343,Windows Server 2022,Development,Web Server,Mumbai,Linux Team,2026-07-25
2426,MAIL361,Ubuntu 22.04,Testing,Mail Server,Bangalore,Messaging Team,2026-07-25
2427,WEB344,Windows Server 2022,Production,Web Server,Bangalore,Linux Team,2026-07-25
2428,DB351,Windows Server 2022,Testing,Database Server,Chennai,Database Team,2026-07-25
2429,APP329,Windows Server 2022,Development,Application Server,Hyderabad,Infrastructure Team,2026-07-25
2430,API346,RHEL 8,Testing,API Server,Pune,Infrastructure Team,2026-07-25
2431,AUTH359,Windows Server 2019,Development,Authentication Server,Chennai,Security Team,2026-07-25
2432,WEB345,RHEL 8,Production,Web Server,Hyderabad,Linux Team,2026-07-25
2433,DB352,RHEL 8,UAT,Database Server,Pune,Database Team,2026-07-25
2434,MAIL362,RHEL 8,Testing,Mail Server,Bangalore,Messaging Team,2026-07-25
2435,AUTH360,RHEL 8,Development,Authentication Server,Mumbai,Security Team,2026-07-25
2436,MAIL363,Ubuntu 22.04,Testing,Mail Server,Chennai,Messaging Team,2026-07-25
2437,API347,Windows Server 2019,Development,API Server,Chennai,Infrastructure Team,2026-07-25
2438,MAIL364,Ubuntu 22.04,UAT,Mail Server,Bangalore,Messaging Team,2026-07-25
2439,DB353,Windows Server 2022,Testing,Database Server,Hyderabad,Database Team,2026-07-25
2440,API348,Ubuntu 22.04,UAT,API Server,Bangalore,Infrastructure Team,2026-07-25
2441,FILE342,Windows Server 2019,Production,File Server,Hyderabad,Windows Team,2026-07-25
2442,APP330,Windows Server 2019,UAT,Application Server,Chennai,Infrastructure Team,2026-07-25
2443,APP331,Windows Server 2019,UAT,Application Server,Bangalore,Infrastructure Team,2026-07-25
2444,APP332,Windows Server 2022,Testing,Application Server,Chennai,Infrastructure Team,2026-07-25
2445,DB354,RHEL 8,Testing,Database Server,Bangalore,Database Team,2026-07-25
2446,DB355,Windows Server 2022,UAT,Database Server,Chennai,Database Team,2026-07-25
2447,API349,RHEL 9,Production,API Server,Chennai,Infrastructure Team,2026-07-25
2448,WEB346,RHEL 8,Development,Web Server,Chennai,Linux Team,2026-07-25
2449,APP333,RHEL 8,UAT,Application Server,Hyderabad,Infrastructure Team,2026-07-25
2450,DB356,Windows Server 2022,Production,Database Server,Chennai,Database Team,2026-07-25
2451,FILE343,RHEL 8,Production,File Server,Mumbai,Windows Team,2026-07-25
2452,APP334,RHEL 9,UAT,Application Server,Mumbai,Infrastructure Team,2026-07-25
2453,WEB347,Windows Server 2019,UAT,Web Server,Hyderabad,Linux Team,2026-07-25
2454,APP335,Windows Server 2022,Production,Application Server,Pune,Infrastructure Team,2026-07-25
2455,API350,Windows Server 2019,UAT,API Server,Bangalore,Infrastructure Team,2026-07-25
2456,AUTH361,Windows Server 2019,Production,Authentication Server,Hyderabad,Security Team,2026-07-25
2457,API351,Windows Server 2019,Production,API Server,Bangalore,Infrastructure Team,2026-07-25
2458,WEB348,Windows Server 2022,Development,Web Server,Bangalore,Linux Team,2026-07-25
2459,APP336,Ubuntu 22.04,Development,Application Server,Pune,Infrastructure Team,2026-07-25
2460,WEB349,RHEL 8,Development,Web Server,Bangalore,Linux Team,2026-07-25
2461,FILE344,RHEL 8,Development,File Server,Bangalore,Windows Team,2026-07-25
2462,DB357,Windows Server 2019,Production,Database Server,Pune,Database Team,2026-07-25
2463,MAIL365,RHEL 8,UAT,Mail Server,Pune,Messaging Team,2026-07-25
2464,DB358,Windows Server 2022,Development,Database Server,Hyderabad,Database Team,2026-07-25
2465,API352,Windows Server 2022,UAT,API Server,Mumbai,Infrastructure Team,2026-07-25
2466,API353,RHEL 8,Development,API Server,Chennai,Infrastructure Team,2026-07-25
2467,WEB350,RHEL 8,UAT,Web Server,Mumbai,Linux Team,2026-07-25
2468,API354,Windows Server 2019,Production,API Server,Mumbai,Infrastructure Team,2026-07-25
2469,WEB351,Ubuntu 22.04,Testing,Web Server,Chennai,Linux Team,2026-07-25
2470,DB359,Windows Server 2022,Production,Database Server,Hyderabad,Database Team,2026-07-25
2471,AUTH362,Windows Server 2019,Development,Authentication Server,Mumbai,Security Team,2026-07-25
2472,AUTH363,Windows Server 2019,UAT,Authentication Server,Mumbai,Security Team,2026-07-25
2473,DB360,Windows Server 2019,UAT,Database Server,Chennai,Database Team,2026-07-25
2474,API355,Windows Server 2019,UAT,API Server,Hyderabad,Infrastructure Team,2026-07-25
2475,MAIL366,Windows Server 2019,Development,Mail Server,Hyderabad,Messaging Team,2026-07-25
2476,FILE345,Windows Server 2019,Production,File Server,Mumbai,Windows Team,2026-07-25
2477,WEB352,Windows Server 2022,Development,Web Server,Chennai,Linux Team,2026-07-25
2478,APP337,Ubuntu 22.04,Development,Application Server,Pune,Infrastructure Team,2026-07-25
2479,MAIL367,RHEL 9,Testing,Mail Server,Bangalore,Messaging Team,2026-07-25
2480,APP338,RHEL 8,Development,Application Server,Mumbai,Infrastructure Team,2026-07-25
2481,APP339,RHEL 9,Production,Application Server,Mumbai,Infrastructure Team,2026-07-25
2482,API356,Windows Server 2019,UAT,API Server,Bangalore,Infrastructure Team,2026-07-25
2483,AUTH364,Windows Server 2022,Testing,Authentication Server,Mumbai,Security Team,2026-07-25
2484,WEB353,RHEL 9,Production,Web Server,Bangalore,Linux Team,2026-07-25
2485,FILE346,RHEL 9,Testing,File Server,Bangalore,Windows Team,2026-07-25
2486,DB361,Ubuntu 22.04,Production,Database Server,Bangalore,Database Team,2026-07-25
2487,WEB354,RHEL 9,UAT,Web Server,Mumbai,Linux Team,2026-07-25
2488,AUTH365,Ubuntu 22.04,Production,Authentication Server,Mumbai,Security Team,2026-07-25
2489,WEB355,Windows Server 2022,Production,Web Server,Bangalore,Linux Team,2026-07-25
2490,APP340,Windows Server 2019,Testing,Application Server,Hyderabad,Infrastructure Team,2026-07-25
2491,AUTH366,Ubuntu 22.04,Production,Authentication Server,Chennai,Security Team,2026-07-25
2492,WEB356,Ubuntu 22.04,UAT,Web Server,Pune,Linux Team,2026-07-25
2493,AUTH367,RHEL 9,Production,Authentication Server,Hyderabad,Security Team,2026-07-25
2494,DB362,Windows Server 2019,Testing,Database Server,Mumbai,Database Team,2026-07-25
2495,APP341,Ubuntu 22.04,Production,Application Server,Chennai,Infrastructure Team,2026-07-25
2496,WEB357,Windows Server 2022,Development,Web Server,Bangalore,Linux Team,2026-07-25
2497,WEB358,Ubuntu 22.04,Development,Web Server,Chennai,Linux Team,2026-07-25
2498,FILE347,RHEL 9,Testing,File Server,Hyderabad,Windows Team,2026-07-25
2499,WEB359,Windows Server 2019,Development,Web Server,Mumbai,Linux Team,2026-07-25
2500,WEB360,Ubuntu 22.04,UAT,Web Server,Bangalore,Linux Team,2026-07-25
2501,APP342,RHEL 8,UAT,Application Server,Bangalore,Infrastructure Team,2026-07-25
2502,AUTH368,RHEL 9,Development,Authentication Server,Mumbai,Security Team,2026-07-25
2503,FILE348,RHEL 8,Development,File Server,Hyderabad,Windows Team,2026-07-25
2504,MAIL368,RHEL 9,Development,Mail Server,Chennai,Messaging Team,2026-07-25
2505,MAIL369,Ubuntu 22.04,Production,Mail Server,Hyderabad,Messaging Team,2026-07-25
2506,FILE349,RHEL 8,Testing,File Server,Mumbai,Windows Team,2026-07-25
2507,AUTH369,Windows Server 2019,Development,Authentication Server,Mumbai,Security Team,2026-07-25
2508,WEB361,Windows Server 2022,UAT,Web Server,Chennai,Linux Team,2026-07-25
2509,AUTH370,RHEL 9,Testing,Authentication Server,Bangalore,Security Team,2026-07-25
2510,MAIL370,Windows Server 2019,UAT,Mail Server,Pune,Messaging Team,2026-07-25
2511,DB363,Ubuntu 22.04,UAT,Database Server,Chennai,Database Team,2026-07-25
2512,DB364,Windows Server 2019,Production,Database Server,Chennai,Database Team,2026-07-25
2513,FILE350,Ubuntu 22.04,UAT,File Server,Chennai,Windows Team,2026-07-25
2514,DB365,RHEL 8,UAT,Database Server,Bangalore,Database Team,2026-07-25
2515,FILE351,RHEL 8,Production,File Server,Pune,Windows Team,2026-07-25
2516,MAIL371,Windows Server 2019,Testing,Mail Server,Bangalore,Messaging Team,2026-07-25
2517,DB366,RHEL 8,Testing,Database Server,Chennai,Database Team,2026-07-25
2518,DB367,Windows Server 2019,UAT,Database Server,Pune,Database Team,2026-07-25
2519,FILE352,Windows Server 2019,UAT,File Server,Hyderabad,Windows Team,2026-07-25
2520,APP343,Windows Server 2022,Testing,Application Server,Pune,Infrastructure Team,2026-07-25
2521,WEB362,Ubuntu 22.04,Testing,Web Server,Mumbai,Linux Team,2026-07-25
2522,APP344,RHEL 9,Production,Application Server,Pune,Infrastructure Team,2026-07-25
2523,API357,Windows Server 2022,Development,API Server,Pune,Infrastructure Team,2026-07-25
2524,WEB363,Windows Server 2019,UAT,Web Server,Hyderabad,Linux Team,2026-07-25
2525,DB368,RHEL 9,Production,Database Server,Pune,Database Team,2026-07-25
2526,DB369,Windows Server 2019,UAT,Database Server,Hyderabad,Database Team,2026-07-25
2527,WEB364,RHEL 9,Development,Web Server,Pune,Linux Team,2026-07-25
2528,WEB365,Windows Server 2022,Production,Web Server,Pune,Linux Team,2026-07-25
2529,API358,Ubuntu 22.04,Testing,API Server,Mumbai,Infrastructure Team,2026-07-25
2530,DB370,Ubuntu 22.04,UAT,Database Server,Pune,Database Team,2026-07-25
2531,WEB366,RHEL 9,Production,Web Server,Mumbai,Linux Team,2026-07-25
2532,FILE353,RHEL 9,Development,File Server,Bangalore,Windows Team,2026-07-25
2533,API359,RHEL 9,Development,API Server,Chennai,Infrastructure Team,2026-07-25
2534,API360,RHEL 9,Testing,API Server,Chennai,Infrastructure Team,2026-07-25
2535,MAIL372,Ubuntu 22.04,Testing,Mail Server,Chennai,Messaging Team,2026-07-25
2536,MAIL373,RHEL 8,UAT,Mail Server,Pune,Messaging Team,2026-07-25
2537,DB371,Windows Server 2022,UAT,Database Server,Chennai,Database Team,2026-07-25
2538,WEB367,RHEL 8,UAT,Web Server,Hyderabad,Linux Team,2026-07-25
2539,WEB368,Ubuntu 22.04,Development,Web Server,Mumbai,Linux Team,2026-07-25
2540,API361,RHEL 9,UAT,API Server,Mumbai,Infrastructure Team,2026-07-25
2541,DB372,RHEL 9,Production,Database Server,Hyderabad,Database Team,2026-07-25
2542,DB373,RHEL 9,Testing,Database Server,Pune,Database Team,2026-07-25
2543,AUTH371,RHEL 8,Development,Authentication Server,Bangalore,Security Team,2026-07-25
2544,DB374,RHEL 9,Development,Database Server,Chennai,Database Team,2026-07-25
2545,FILE354,RHEL 8,UAT,File Server,Hyderabad,Windows Team,2026-07-25
2546,MAIL374,Ubuntu 22.04,Testing,Mail Server,Bangalore,Messaging Team,2026-07-25
2547,FILE355,Windows Server 2022,Testing,File Server,Hyderabad,Windows Team,2026-07-25
2548,WEB369,RHEL 9,UAT,Web Server,Chennai,Linux Team,2026-07-25
2549,WEB370,RHEL 9,UAT,Web Server,Chennai,Linux Team,2026-07-25
2550,APP345,RHEL 9,UAT,Application Server,Bangalore,Infrastructure Team,2026-07-25
2551,MAIL375,RHEL 9,Testing,Mail Server,Chennai,Messaging Team,2026-07-25
2552,WEB371,Windows Server 2019,Production,Web Server,Hyderabad,Linux Team,2026-07-25
2553,WEB372,Windows Server 2022,Testing,Web Server,Pune,Linux Team,2026-07-25
2554,AUTH372,Ubuntu 22.04,Development,Authentication Server,Pune,Security Team,2026-07-25
2555,FILE356,Ubuntu 22.04,Testing,File Server,Hyderabad,Windows Team,2026-07-25
2556,MAIL376,RHEL 9,Development,Mail Server,Hyderabad,Messaging Team,2026-07-25
2557,APP346,RHEL 9,Testing,Application Server,Mumbai,Infrastructure Team,2026-07-25
2558,MAIL377,Windows Server 2022,Production,Mail Server,Pune,Messaging Team,2026-07-25
2559,MAIL378,Windows Server 2022,UAT,Mail Server,Pune,Messaging Team,2026-07-25
2560,APP347,Windows Server 2022,UAT,Application Server,Chennai,Infrastructure Team,2026-07-25
2561,AUTH373,Ubuntu 22.04,UAT,Authentication Server,Chennai,Security Team,2026-07-25
2562,AUTH374,Windows Server 2022,Testing,Authentication Server,Mumbai,Security Team,2026-07-25
2563,MAIL379,RHEL 8,Production,Mail Server,Chennai,Messaging Team,2026-07-25
2564,FILE357,RHEL 9,Production,File Server,Pune,Windows Team,2026-07-25
2565,WEB373,RHEL 8,UAT,Web Server,Bangalore,Linux Team,2026-07-25
2566,MAIL380,RHEL 9,Production,Mail Server,Pune,Messaging Team,2026-07-25
2567,API362,RHEL 9,Production,API Server,Pune,Infrastructure Team,2026-07-25
2568,AUTH375,Windows Server 2022,Testing,Authentication Server,Bangalore,Security Team,2026-07-25
2569,API363,RHEL 8,Development,API Server,Chennai,Infrastructure Team,2026-07-25
2570,DB375,RHEL 8,Development,Database Server,Pune,Database Team,2026-07-25
2571,FILE358,RHEL 9,Development,File Server,Mumbai,Windows Team,2026-07-25
2572,APP348,RHEL 8,UAT,Application Server,Mumbai,Infrastructure Team,2026-07-25
2573,API364,Windows Server 2019,Production,API Server,Bangalore,Infrastructure Team,2026-07-25
2574,API365,Ubuntu 22.04,Development,API Server,Hyderabad,Infrastructure Team,2026-07-25
2575,API366,Ubuntu 22.04,Development,API Server,Pune,Infrastructure Team,2026-07-25
2576,MAIL381,RHEL 8,UAT,Mail Server,Pune,Messaging Team,2026-07-25
2577,FILE359,RHEL 9,Testing,File Server,Hyderabad,Windows Team,2026-07-25
2578,AUTH376,Windows Server 2019,Development,Authentication Server,Mumbai,Security Team,2026-07-25
2579,FILE360,RHEL 8,Production,File Server,Hyderabad,Windows Team,2026-07-25
2580,APP349,Ubuntu 22.04,Testing,Application Server,Pune,Infrastructure Team,2026-07-25
2581,DB376,Windows Server 2022,Production,Database Server,Hyderabad,Database Team,2026-07-25
2582,WEB374,Ubuntu 22.04,Development,Web Server,Mumbai,Linux Team,2026-07-25
2583,WEB375,RHEL 8,Production,Web Server,Chennai,Linux Team,2026-07-25
2584,APP350,RHEL 9,UAT,Application Server,Hyderabad,Infrastructure Team,2026-07-25
2585,AUTH377,RHEL 8,Development,Authentication Server,Mumbai,Security Team,2026-07-25
2586,FILE361,Ubuntu 22.04,UAT,File Server,Hyderabad,Windows Team,2026-07-25
2587,WEB376,Windows Server 2019,Production,Web Server,Chennai,Linux Team,2026-07-25
2588,WEB377,Ubuntu 22.04,Development,Web Server,Hyderabad,Linux Team,2026-07-25
2589,AUTH378,Ubuntu 22.04,UAT,Authentication Server,Bangalore,Security Team,2026-07-25
2590,MAIL382,Ubuntu 22.04,Testing,Mail Server,Mumbai,Messaging Team,2026-07-25
2591,AUTH379,Windows Server 2019,Development,Authentication Server,Chennai,Security Team,2026-07-25
2592,APP351,RHEL 9,Development,Application Server,Chennai,Infrastructure Team,2026-07-25
2593,API367,Windows Server 2022,Development,API Server,Mumbai,Infrastructure Team,2026-07-25
2594,DB377,Windows Server 2022,UAT,Database Server,Hyderabad,Database Team,2026-07-25
2595,DB378,Windows Server 2019,Production,Database Server,Mumbai,Database Team,2026-07-25
2596,AUTH380,RHEL 8,UAT,Authentication Server,Hyderabad,Security Team,2026-07-25
2597,MAIL383,Ubuntu 22.04,Production,Mail Server,Mumbai,Messaging Team,2026-07-25
2598,APP352,RHEL 8,Testing,Application Server,Hyderabad,Infrastructure Team,2026-07-25
2599,FILE362,Windows Server 2022,Production,File Server,Bangalore,Windows Team,2026-07-25
2600,AUTH381,Windows Server 2019,Production,Authentication Server,Chennai,Security Team,2026-07-25
2601,WEB378,RHEL 9,Development,Web Server,Hyderabad,Linux Team,2026-07-25
2602,MAIL384,RHEL 8,UAT,Mail Server,Chennai,Messaging Team,2026-07-25
2603,MAIL385,Windows Server 2022,UAT,Mail Server,Pune,Messaging Team,2026-07-25
2604,WEB379,Windows Server 2019,UAT,Web Server,Pune,Linux Team,2026-07-25
2605,DB379,RHEL 8,UAT,Database Server,Pune,Database Team,2026-07-25
2606,FILE363,Ubuntu 22.04,Testing,File Server,Chennai,Windows Team,2026-07-25
2607,FILE364,Windows Server 2022,Testing,File Server,Pune,Windows Team,2026-07-25
2608,MAIL386,RHEL 9,Development,Mail Server,Pune,Messaging Team,2026-07-25
2609,API368,Windows Server 2022,Development,API Server,Hyderabad,Infrastructure Team,2026-07-25
2610,FILE365,RHEL 8,Production,File Server,Hyderabad,Windows Team,2026-07-25
2611,WEB380,Windows Server 2022,Development,Web Server,Mumbai,Linux Team,2026-07-25
2612,APP353,RHEL 9,Testing,Application Server,Chennai,Infrastructure Team,2026-07-25
2613,FILE366,Windows Server 2022,Production,File Server,Pune,Windows Team,2026-07-25
2614,FILE367,RHEL 9,UAT,File Server,Mumbai,Windows Team,2026-07-25
2615,MAIL387,Windows Server 2022,Testing,Mail Server,Bangalore,Messaging Team,2026-07-25
2616,API369,RHEL 8,Production,API Server,Pune,Infrastructure Team,2026-07-25
2617,WEB381,Windows Server 2022,Development,Web Server,Mumbai,Linux Team,2026-07-25
2618,API370,RHEL 8,Testing,API Server,Hyderabad,Infrastructure Team,2026-07-25
2619,DB380,RHEL 8,UAT,Database Server,Bangalore,Database Team,2026-07-25
2620,MAIL388,Windows Server 2019,UAT,Mail Server,Pune,Messaging Team,2026-07-25
2621,AUTH382,Windows Server 2022,Testing,Authentication Server,Chennai,Security Team,2026-07-25
2622,MAIL389,Windows Server 2019,Development,Mail Server,Chennai,Messaging Team,2026-07-25
2623,FILE368,Windows Server 2019,Production,File Server,Bangalore,Windows Team,2026-07-25
2624,WEB382,RHEL 8,Testing,Web Server,Bangalore,Linux Team,2026-07-25
2625,DB381,Ubuntu 22.04,Development,Database Server,Mumbai,Database Team,2026-07-25
2626,DB382,Ubuntu 22.04,Production,Database Server,Mumbai,Database Team,2026-07-25
2627,APP354,RHEL 8,Development,Application Server,Pune,Infrastructure Team,2026-07-25
2628,DB383,Windows Server 2022,Development,Database Server,Chennai,Database Team,2026-07-25
2629,WEB383,Windows Server 2019,Testing,Web Server,Bangalore,Linux Team,2026-07-25
2630,API371,RHEL 8,Development,API Server,Pune,Infrastructure Team,2026-07-25
2631,AUTH383,Ubuntu 22.04,Production,Authentication Server,Pune,Security Team,2026-07-25
2632,APP355,RHEL 8,UAT,Application Server,Bangalore,Infrastructure Team,2026-07-25
2633,WEB384,Windows Server 2019,UAT,Web Server,Pune,Linux Team,2026-07-25
2634,APP356,Ubuntu 22.04,Testing,Application Server,Hyderabad,Infrastructure Team,2026-07-25
2635,MAIL390,RHEL 9,Production,Mail Server,Mumbai,Messaging Team,2026-07-25
2636,DB384,RHEL 9,UAT,Database Server,Hyderabad,Database Team,2026-07-25
2637,MAIL391,Windows Server 2022,Production,Mail Server,Chennai,Messaging Team,2026-07-25
2638,AUTH384,Windows Server 2022,Testing,Authentication Server,Hyderabad,Security Team,2026-07-25
2639,AUTH385,RHEL 8,Production,Authentication Server,Mumbai,Security Team,2026-07-25
2640,MAIL392,RHEL 9,Development,Mail Server,Pune,Messaging Team,2026-07-25
2641,AUTH386,Windows Server 2022,Development,Authentication Server,Pune,Security Team,2026-07-25
2642,MAIL393,Ubuntu 22.04,Testing,Mail Server,Hyderabad,Messaging Team,2026-07-25
2643,DB385,Windows Server 2019,Development,Database Server,Chennai,Database Team,2026-07-25
2644,API372,RHEL 9,UAT,API Server,Bangalore,Infrastructure Team,2026-07-25
2645,WEB385,Windows Server 2019,Testing,Web Server,Hyderabad,Linux Team,2026-07-25
2646,FILE369,Ubuntu 22.04,Production,File Server,Hyderabad,Windows Team,2026-07-25
2647,FILE370,Windows Server 2022,UAT,File Server,Hyderabad,Windows Team,2026-07-25
2648,DB386,RHEL 9,Testing,Database Server,Chennai,Database Team,2026-07-25
2649,FILE371,RHEL 9,Production,File Server,Chennai,Windows Team,2026-07-25
2650,API373,RHEL 8,Development,API Server,Pune,Infrastructure Team,2026-07-25
2651,AUTH387,RHEL 8,UAT,Authentication Server,Pune,Security Team,2026-07-25
2652,WEB386,Ubuntu 22.04,Development,Web Server,Bangalore,Linux Team,2026-07-25
2653,FILE372,Windows Server 2022,Testing,File Server,Chennai,Windows Team,2026-07-25
2654,MAIL394,Windows Server 2022,Testing,Mail Server,Hyderabad,Messaging Team,2026-07-25
2655,API374,Windows Server 2019,Development,API Server,Mumbai,Infrastructure Team,2026-07-25
2656,DB387,Windows Server 2022,Testing,Database Server,Hyderabad,Database Team,2026-07-25
2657,AUTH388,Windows Server 2022,Development,Authentication Server,Chennai,Security Team,2026-07-25
2658,APP357,Ubuntu 22.04,Testing,Application Server,Hyderabad,Infrastructure Team,2026-07-25
2659,FILE373,Windows Server 2019,Production,File Server,Chennai,Windows Team,2026-07-25
2660,WEB387,Ubuntu 22.04,Development,Web Server,Chennai,Linux Team,2026-07-25
2661,APP358,Ubuntu 22.04,Testing,Application Server,Hyderabad,Infrastructure Team,2026-07-25
2662,WEB388,RHEL 8,Testing,Web Server,Hyderabad,Linux Team,2026-07-25
2663,MAIL395,Windows Server 2019,Development,Mail Server,Chennai,Messaging Team,2026-07-25
2664,DB388,Windows Server 2022,UAT,Database Server,Bangalore,Database Team,2026-07-25
2665,FILE374,RHEL 9,Production,File Server,Mumbai,Windows Team,2026-07-25
2666,MAIL396,RHEL 9,UAT,Mail Server,Chennai,Messaging Team,2026-07-25
2667,MAIL397,RHEL 8,Production,Mail Server,Chennai,Messaging Team,2026-07-25
2668,FILE375,Windows Server 2022,Development,File Server,Pune,Windows Team,2026-07-25
2669,DB389,Ubuntu 22.04,Production,Database Server,Hyderabad,Database Team,2026-07-25
2670,MAIL398,RHEL 9,UAT,Mail Server,Hyderabad,Messaging Team,2026-07-25
2671,MAIL399,Windows Server 2022,UAT,Mail Server,Mumbai,Messaging Team,2026-07-25
2672,DB390,Ubuntu 22.04,UAT,Database Server,Pune,Database Team,2026-07-25
2673,DB391,Ubuntu 22.04,Development,Database Server,Hyderabad,Database Team,2026-07-25
2674,DB392,RHEL 8,Production,Database Server,Pune,Database Team,2026-07-25
2675,APP359,Ubuntu 22.04,Production,Application Server,Bangalore,Infrastructure Team,2026-07-25
2676,API375,RHEL 8,Development,API Server,Chennai,Infrastructure Team,2026-07-25
2677,AUTH389,Windows Server 2019,Production,Authentication Server,Chennai,Security Team,2026-07-25
2678,FILE376,Ubuntu 22.04,Production,File Server,Bangalore,Windows Team,2026-07-25
2679,FILE377,Windows Server 2022,Development,File Server,Pune,Windows Team,2026-07-25
2680,AUTH390,Ubuntu 22.04,Production,Authentication Server,Pune,Security Team,2026-07-25
2681,AUTH391,Windows Server 2019,Testing,Authentication Server,Chennai,Security Team,2026-07-25
2682,MAIL400,RHEL 8,Production,Mail Server,Hyderabad,Messaging Team,2026-07-25
2683,MAIL401,Windows Server 2022,Development,Mail Server,Mumbai,Messaging Team,2026-07-25
2684,MAIL402,RHEL 8,Testing,Mail Server,Pune,Messaging Team,2026-07-25
2685,MAIL403,Ubuntu 22.04,Testing,Mail Server,Pune,Messaging Team,2026-07-25
2686,DB393,RHEL 9,Production,Database Server,Mumbai,Database Team,2026-07-25
2687,DB394,Windows Server 2019,Production,Database Server,Chennai,Database Team,2026-07-25
2688,AUTH392,Ubuntu 22.04,UAT,Authentication Server,Hyderabad,Security Team,2026-07-25
2689,FILE378,Windows Server 2019,UAT,File Server,Pune,Windows Team,2026-07-25
2690,APP360,Windows Server 2022,Production,Application Server,Pune,Infrastructure Team,2026-07-25
2691,AUTH393,Ubuntu 22.04,Development,Authentication Server,Chennai,Security Team,2026-07-25
2692,AUTH394,RHEL 8,Production,Authentication Server,Chennai,Security Team,2026-07-25
2693,WEB389,Windows Server 2019,UAT,Web Server,Mumbai,Linux Team,2026-07-25
2694,DB395,Windows Server 2022,UAT,Database Server,Hyderabad,Database Team,2026-07-25
2695,FILE379,Windows Server 2022,Production,File Server,Chennai,Windows Team,2026-07-25
2696,DB396,Windows Server 2022,Development,Database Server,Chennai,Database Team,2026-07-25
2697,API376,Windows Server 2022,Production,API Server,Mumbai,Infrastructure Team,2026-07-25
2698,DB397,Windows Server 2022,Production,Database Server,Pune,Database Team,2026-07-25
2699,MAIL404,Windows Server 2022,UAT,Mail Server,Chennai,Messaging Team,2026-07-25
2700,AUTH395,Ubuntu 22.04,Production,Authentication Server,Mumbai,Security Team,2026-07-25
2701,API377,RHEL 9,Testing,API Server,Mumbai,Infrastructure Team,2026-07-25
2702,MAIL405,RHEL 8,Development,Mail Server,Chennai,Messaging Team,2026-07-25
2703,WEB390,Windows Server 2022,Development,Web Server,Bangalore,Linux Team,2026-07-25
2704,WEB391,Windows Server 2019,UAT,Web Server,Bangalore,Linux Team,2026-07-25
2705,APP361,Ubuntu 22.04,UAT,Application Server,Pune,Infrastructure Team,2026-07-25
2706,APP362,Ubuntu 22.04,Testing,Application Server,Bangalore,Infrastructure Team,2026-07-25
2707,MAIL406,Windows Server 2022,Development,Mail Server,Hyderabad,Messaging Team,2026-07-25
2708,AUTH396,Ubuntu 22.04,Production,Authentication Server,Pune,Security Team,2026-07-25
2709,WEB392,Windows Server 2019,Production,Web Server,Pune,Linux Team,2026-07-25
2710,API378,Ubuntu 22.04,Production,API Server,Hyderabad,Infrastructure Team,2026-07-25
2711,DB398,Windows Server 2022,Testing,Database Server,Chennai,Database Team,2026-07-25
2712,AUTH397,RHEL 8,UAT,Authentication Server,Chennai,Security Team,2026-07-25
2713,DB399,Windows Server 2022,Production,Database Server,Bangalore,Database Team,2026-07-25
2714,API379,Ubuntu 22.04,UAT,API Server,Mumbai,Infrastructure Team,2026-07-25
2715,APP363,RHEL 8,UAT,Application Server,Bangalore,Infrastructure Team,2026-07-25
2716,DB400,Windows Server 2022,Production,Database Server,Pune,Database Team,2026-07-25
2717,APP364,Windows Server 2022,Testing,Application Server,Hyderabad,Infrastructure Team,2026-07-25
2718,DB401,Windows Server 2022,Development,Database Server,Pune,Database Team,2026-07-25
2719,MAIL407,RHEL 9,Development,Mail Server,Bangalore,Messaging Team,2026-07-25
2720,MAIL408,Ubuntu 22.04,Development,Mail Server,Pune,Messaging Team,2026-07-25
2721,FILE380,Windows Server 2022,UAT,File Server,Pune,Windows Team,2026-07-25
2722,AUTH398,RHEL 8,UAT,Authentication Server,Hyderabad,Security Team,2026-07-25
2723,APP365,Windows Server 2019,UAT,Application Server,Mumbai,Infrastructure Team,2026-07-25
2724,WEB393,Windows Server 2019,Development,Web Server,Pune,Linux Team,2026-07-25
2725,WEB394,RHEL 9,UAT,Web Server,Mumbai,Linux Team,2026-07-25
2726,FILE381,Ubuntu 22.04,Development,File Server,Mumbai,Windows Team,2026-07-25
2727,AUTH399,Windows Server 2022,UAT,Authentication Server,Pune,Security Team,2026-07-25
2728,API380,RHEL 9,Production,API Server,Mumbai,Infrastructure Team,2026-07-25
2729,APP366,RHEL 9,Testing,Application Server,Bangalore,Infrastructure Team,2026-07-25
2730,MAIL409,Ubuntu 22.04,UAT,Mail Server,Bangalore,Messaging Team,2026-07-25
2731,AUTH400,Windows Server 2022,Development,Authentication Server,Bangalore,Security Team,2026-07-25
2732,DB402,Windows Server 2019,Production,Database Server,Pune,Database Team,2026-07-25
2733,API381,RHEL 8,Development,API Server,Chennai,Infrastructure Team,2026-07-25
2734,FILE382,RHEL 9,Production,File Server,Hyderabad,Windows Team,2026-07-25
2735,AUTH401,Windows Server 2022,Production,Authentication Server,Mumbai,Security Team,2026-07-25
2736,FILE383,Windows Server 2022,Testing,File Server,Hyderabad,Windows Team,2026-07-25
2737,MAIL410,RHEL 9,Production,Mail Server,Pune,Messaging Team,2026-07-25
2738,DB403,RHEL 8,Production,Database Server,Mumbai,Database Team,2026-07-25
2739,AUTH402,Windows Server 2022,Testing,Authentication Server,Chennai,Security Team,2026-07-25
2740,FILE384,RHEL 9,Production,File Server,Pune,Windows Team,2026-07-25
2741,AUTH403,RHEL 9,Production,Authentication Server,Hyderabad,Security Team,2026-07-25
2742,API382,Windows Server 2019,Development,API Server,Hyderabad,Infrastructure Team,2026-07-25
2743,API383,Ubuntu 22.04,Testing,API Server,Bangalore,Infrastructure Team,2026-07-25
2744,APP367,Ubuntu 22.04,Testing,Application Server,Mumbai,Infrastructure Team,2026-07-25
2745,WEB395,RHEL 8,Production,Web Server,Chennai,Linux Team,2026-07-25
2746,WEB396,Windows Server 2019,UAT,Web Server,Hyderabad,Linux Team,2026-07-25
2747,APP368,RHEL 8,Production,Application Server,Chennai,Infrastructure Team,2026-07-25
2748,WEB397,Ubuntu 22.04,UAT,Web Server,Pune,Linux Team,2026-07-25
2749,FILE385,Windows Server 2019,Development,File Server,Hyderabad,Windows Team,2026-07-25
2750,API384,RHEL 9,UAT,API Server,Bangalore,Infrastructure Team,2026-07-25
2751,DB404,RHEL 8,Production,Database Server,Chennai,Database Team,2026-07-25
2752,API385,Windows Server 2019,Testing,API Server,Pune,Infrastructure Team,2026-07-25
2753,MAIL411,Ubuntu 22.04,Development,Mail Server,Mumbai,Messaging Team,2026-07-25
2754,MAIL412,Windows Server 2022,Production,Mail Server,Chennai,Messaging Team,2026-07-25
2755,FILE386,RHEL 8,Development,File Server,Mumbai,Windows Team,2026-07-25
2756,AUTH404,Windows Server 2022,Testing,Authentication Server,Hyderabad,Security Team,2026-07-25
2757,AUTH405,RHEL 8,Development,Authentication Server,Hyderabad,Security Team,2026-07-25
2758,WEB398,Windows Server 2022,Production,Web Server,Bangalore,Linux Team,2026-07-25
2759,APP369,Windows Server 2022,Testing,Application Server,Mumbai,Infrastructure Team,2026-07-25
2760,APP370,RHEL 9,Testing,Application Server,Pune,Infrastructure Team,2026-07-25
2761,AUTH406,RHEL 8,Production,Authentication Server,Pune,Security Team,2026-07-25
2762,MAIL413,RHEL 8,Production,Mail Server,Bangalore,Messaging Team,2026-07-25
2763,FILE387,RHEL 9,Development,File Server,Bangalore,Windows Team,2026-07-25
2764,FILE388,Ubuntu 22.04,Production,File Server,Pune,Windows Team,2026-07-25
2765,APP371,RHEL 8,UAT,Application Server,Pune,Infrastructure Team,2026-07-25
2766,DB405,RHEL 9,UAT,Database Server,Mumbai,Database Team,2026-07-25
2767,APP372,Ubuntu 22.04,Testing,Application Server,Pune,Infrastructure Team,2026-07-25
2768,API386,Windows Server 2022,Production,API Server,Hyderabad,Infrastructure Team,2026-07-25
2769,APP373,Windows Server 2022,UAT,Application Server,Hyderabad,Infrastructure Team,2026-07-25
2770,WEB399,RHEL 8,UAT,Web Server,Pune,Linux Team,2026-07-25
2771,DB406,Windows Server 2022,Production,Database Server,Chennai,Database Team,2026-07-25
2772,FILE389,RHEL 8,Testing,File Server,Bangalore,Windows Team,2026-07-25
2773,WEB400,Windows Server 2022,Development,Web Server,Mumbai,Linux Team,2026-07-25
2774,FILE390,RHEL 8,UAT,File Server,Pune,Windows Team,2026-07-25
2775,APP374,Ubuntu 22.04,Testing,Application Server,Bangalore,Infrastructure Team,2026-07-25
2776,API387,RHEL 9,Development,API Server,Hyderabad,Infrastructure Team,2026-07-25
2777,WEB401,RHEL 8,UAT,Web Server,Bangalore,Linux Team,2026-07-25
2778,API388,RHEL 9,Testing,API Server,Chennai,Infrastructure Team,2026-07-25
2779,MAIL414,Ubuntu 22.04,UAT,Mail Server,Pune,Messaging Team,2026-07-25
2780,APP375,Windows Server 2019,UAT,Application Server,Chennai,Infrastructure Team,2026-07-25
2781,API389,Ubuntu 22.04,Development,API Server,Chennai,Infrastructure Team,2026-07-25
2782,FILE391,Ubuntu 22.04,Development,File Server,Chennai,Windows Team,2026-07-25
2783,MAIL415,Windows Server 2022,UAT,Mail Server,Mumbai,Messaging Team,2026-07-25
2784,APP376,RHEL 8,Testing,Application Server,Chennai,Infrastructure Team,2026-07-25
2785,APP377,Windows Server 2022,Development,Application Server,Hyderabad,Infrastructure Team,2026-07-25
2786,API390,Ubuntu 22.04,Testing,API Server,Chennai,Infrastructure Team,2026-07-25
2787,AUTH407,Windows Server 2022,UAT,Authentication Server,Bangalore,Security Team,2026-07-25
2788,API391,Windows Server 2022,Production,API Server,Chennai,Infrastructure Team,2026-07-25
2789,AUTH408,RHEL 9,Production,Authentication Server,Bangalore,Security Team,2026-07-25
2790,WEB402,RHEL 8,UAT,Web Server,Pune,Linux Team,2026-07-25
2791,MAIL416,Ubuntu 22.04,UAT,Mail Server,Bangalore,Messaging Team,2026-07-25
2792,WEB403,Ubuntu 22.04,UAT,Web Server,Bangalore,Linux Team,2026-07-25
2793,FILE392,RHEL 8,Development,File Server,Chennai,Windows Team,2026-07-25
2794,WEB404,Ubuntu 22.04,Production,Web Server,Bangalore,Linux Team,2026-07-25
2795,APP378,Windows Server 2019,UAT,Application Server,Hyderabad,Infrastructure Team,2026-07-25
2796,MAIL417,Windows Server 2022,Production,Mail Server,Hyderabad,Messaging Team,2026-07-25
2797,AUTH409,RHEL 8,Testing,Authentication Server,Chennai,Security Team,2026-07-25
2798,WEB405,Ubuntu 22.04,UAT,Web Server,Pune,Linux Team,2026-07-25
2799,APP379,Ubuntu 22.04,UAT,Application Server,Hyderabad,Infrastructure Team,2026-07-25
2800,AUTH410,RHEL 8,Testing,Authentication Server,Mumbai,Security Team,2026-07-25
2801,API392,Ubuntu 22.04,Testing,API Server,Bangalore,Infrastructure Team,2026-07-25
2802,WEB406,RHEL 8,Development,Web Server,Bangalore,Linux Team,2026-07-25
2803,WEB407,RHEL 8,Development,Web Server,Chennai,Linux Team,2026-07-25
2804,APP380,Ubuntu 22.04,Development,Application Server,Hyderabad,Infrastructure Team,2026-07-25
2805,APP381,RHEL 9,UAT,Application Server,Bangalore,Infrastructure Team,2026-07-25
2806,FILE393,Windows Server 2022,UAT,File Server,Hyderabad,Windows Team,2026-07-25
2807,WEB408,Windows Server 2019,Development,Web Server,Hyderabad,Linux Team,2026-07-25
2808,WEB409,Windows Server 2022,Development,Web Server,Chennai,Linux Team,2026-07-25
2809,API393,RHEL 9,UAT,API Server,Mumbai,Infrastructure Team,2026-07-25
2810,APP382,Ubuntu 22.04,Development,Application Server,Bangalore,Infrastructure Team,2026-07-25
2811,AUTH411,RHEL 9,Development,Authentication Server,Pune,Security Team,2026-07-25
2812,DB407,RHEL 8,Testing,Database Server,Chennai,Database Team,2026-07-25
2813,API394,Ubuntu 22.04,UAT,API Server,Pune,Infrastructure Team,2026-07-25
2814,API395,RHEL 9,Development,API Server,Mumbai,Infrastructure Team,2026-07-25
2815,WEB410,Ubuntu 22.04,Production,Web Server,Chennai,Linux Team,2026-07-25
2816,DB408,Windows Server 2019,Testing,Database Server,Bangalore,Database Team,2026-07-25
2817,WEB411,Windows Server 2022,Production,Web Server,Mumbai,Linux Team,2026-07-25
2818,WEB412,Ubuntu 22.04,Production,Web Server,Hyderabad,Linux Team,2026-07-25
2819,DB409,RHEL 8,Testing,Database Server,Hyderabad,Database Team,2026-07-25
2820,DB410,RHEL 8,UAT,Database Server,Mumbai,Database Team,2026-07-25
2821,APP383,RHEL 8,Development,Application Server,Chennai,Infrastructure Team,2026-07-25
2822,MAIL418,RHEL 8,Production,Mail Server,Pune,Messaging Team,2026-07-25
2823,FILE394,RHEL 9,UAT,File Server,Pune,Windows Team,2026-07-25
2824,DB411,Windows Server 2022,UAT,Database Server,Bangalore,Database Team,2026-07-25
2825,API396,Ubuntu 22.04,Testing,API Server,Mumbai,Infrastructure Team,2026-07-25
2826,APP384,Ubuntu 22.04,UAT,Application Server,Mumbai,Infrastructure Team,2026-07-25
2827,WEB413,RHEL 9,Development,Web Server,Pune,Linux Team,2026-07-25
2828,DB412,RHEL 9,UAT,Database Server,Bangalore,Database Team,2026-07-25
2829,APP385,RHEL 9,UAT,Application Server,Chennai,Infrastructure Team,2026-07-25
2830,DB413,RHEL 9,UAT,Database Server,Pune,Database Team,2026-07-25
2831,AUTH412,Windows Server 2022,Development,Authentication Server,Hyderabad,Security Team,2026-07-25
2832,API397,RHEL 9,Production,API Server,Chennai,Infrastructure Team,2026-07-25
2833,DB414,RHEL 9,Production,Database Server,Chennai,Database Team,2026-07-25
2834,AUTH413,RHEL 8,Testing,Authentication Server,Chennai,Security Team,2026-07-25
2835,MAIL419,Ubuntu 22.04,Production,Mail Server,Bangalore,Messaging Team,2026-07-25
2836,DB415,Ubuntu 22.04,UAT,Database Server,Pune,Database Team,2026-07-25
2837,API398,RHEL 9,UAT,API Server,Bangalore,Infrastructure Team,2026-07-25
2838,APP386,RHEL 9,UAT,Application Server,Pune,Infrastructure Team,2026-07-25
2839,DB416,Windows Server 2019,Testing,Database Server,Chennai,Database Team,2026-07-25
2840,API399,RHEL 9,Production,API Server,Mumbai,Infrastructure Team,2026-07-25
2841,FILE395,RHEL 9,Production,File Server,Pune,Windows Team,2026-07-25
2842,APP387,Windows Server 2019,Testing,Application Server,Hyderabad,Infrastructure Team,2026-07-25
2843,API400,RHEL 9,Production,API Server,Bangalore,Infrastructure Team,2026-07-25
2844,MAIL420,Ubuntu 22.04,Production,Mail Server,Chennai,Messaging Team,2026-07-25
2845,AUTH414,Windows Server 2022,Production,Authentication Server,Bangalore,Security Team,2026-07-25
2846,AUTH415,RHEL 8,UAT,Authentication Server,Chennai,Security Team,2026-07-25
2847,WEB414,RHEL 8,Testing,Web Server,Pune,Linux Team,2026-07-25
2848,WEB415,Windows Server 2022,UAT,Web Server,Hyderabad,Linux Team,2026-07-25
2849,DB417,Windows Server 2019,Testing,Database Server,Pune,Database Team,2026-07-25
2850,AUTH416,Windows Server 2022,Development,Authentication Server,Hyderabad,Security Team,2026-07-25
2851,WEB416,Ubuntu 22.04,Production,Web Server,Mumbai,Linux Team,2026-07-25
2852,WEB417,Windows Server 2019,Production,Web Server,Bangalore,Linux Team,2026-07-25
2853,FILE396,Ubuntu 22.04,Production,File Server,Chennai,Windows Team,2026-07-25
2854,APP388,RHEL 8,Production,Application Server,Mumbai,Infrastructure Team,2026-07-25
2855,API401,RHEL 8,Production,API Server,Bangalore,Infrastructure Team,2026-07-25
2856,WEB418,RHEL 9,Testing,Web Server,Bangalore,Linux Team,2026-07-25
2857,API402,Ubuntu 22.04,Testing,API Server,Hyderabad,Infrastructure Team,2026-07-25
2858,FILE397,RHEL 9,UAT,File Server,Bangalore,Windows Team,2026-07-25
2859,WEB419,RHEL 8,UAT,Web Server,Hyderabad,Linux Team,2026-07-25
2860,APP389,RHEL 8,Testing,Application Server,Bangalore,Infrastructure Team,2026-07-25
2861,WEB420,Ubuntu 22.04,Testing,Web Server,Pune,Linux Team,2026-07-25
2862,APP390,RHEL 9,Testing,Application Server,Bangalore,Infrastructure Team,2026-07-25
2863,FILE398,RHEL 9,UAT,File Server,Mumbai,Windows Team,2026-07-25
2864,MAIL421,RHEL 8,UAT,Mail Server,Chennai,Messaging Team,2026-07-25
2865,API403,RHEL 8,Testing,API Server,Hyderabad,Infrastructure Team,2026-07-25
2866,DB418,Windows Server 2019,Testing,Database Server,Chennai,Database Team,2026-07-25
2867,DB419,Windows Server 2019,Production,Database Server,Bangalore,Database Team,2026-07-25
2868,WEB421,Ubuntu 22.04,Production,Web Server,Pune,Linux Team,2026-07-25
2869,WEB422,Ubuntu 22.04,Production,Web Server,Bangalore,Linux Team,2026-07-25
2870,MAIL422,RHEL 8,UAT,Mail Server,Chennai,Messaging Team,2026-07-25
2871,MAIL423,Ubuntu 22.04,Testing,Mail Server,Chennai,Messaging Team,2026-07-25
2872,AUTH417,Windows Server 2022,Testing,Authentication Server,Hyderabad,Security Team,2026-07-25
2873,WEB423,Windows Server 2019,Development,Web Server,Bangalore,Linux Team,2026-07-25
2874,AUTH418,Windows Server 2019,Production,Authentication Server,Hyderabad,Security Team,2026-07-25
2875,APP391,RHEL 8,Testing,Application Server,Mumbai,Infrastructure Team,2026-07-25
2876,AUTH419,RHEL 8,Production,Authentication Server,Pune,Security Team,2026-07-25
2877,API404,Windows Server 2022,Development,API Server,Mumbai,Infrastructure Team,2026-07-25
2878,MAIL424,Windows Server 2019,Testing,Mail Server,Bangalore,Messaging Team,2026-07-25
2879,DB420,Windows Server 2019,UAT,Database Server,Chennai,Database Team,2026-07-25
2880,API405,Windows Server 2019,UAT,API Server,Bangalore,Infrastructure Team,2026-07-25
2881,FILE399,Ubuntu 22.04,UAT,File Server,Chennai,Windows Team,2026-07-25
2882,AUTH420,RHEL 9,Development,Authentication Server,Chennai,Security Team,2026-07-25
2883,FILE400,RHEL 9,Production,File Server,Pune,Windows Team,2026-07-25
2884,AUTH421,Ubuntu 22.04,UAT,Authentication Server,Chennai,Security Team,2026-07-25
2885,WEB424,Windows Server 2019,Development,Web Server,Mumbai,Linux Team,2026-07-25
2886,APP392,RHEL 9,Production,Application Server,Mumbai,Infrastructure Team,2026-07-25
2887,API406,Ubuntu 22.04,Production,API Server,Pune,Infrastructure Team,2026-07-25
2888,WEB425,Windows Server 2019,Testing,Web Server,Mumbai,Linux Team,2026-07-25
2889,AUTH422,Windows Server 2022,Testing,Authentication Server,Hyderabad,Security Team,2026-07-25
2890,DB421,RHEL 9,UAT,Database Server,Pune,Database Team,2026-07-25
2891,AUTH423,RHEL 9,Testing,Authentication Server,Mumbai,Security Team,2026-07-25
2892,APP393,RHEL 8,UAT,Application Server,Hyderabad,Infrastructure Team,2026-07-25
2893,FILE401,Ubuntu 22.04,Testing,File Server,Mumbai,Windows Team,2026-07-25
2894,AUTH424,Windows Server 2019,Testing,Authentication Server,Pune,Security Team,2026-07-25
2895,WEB426,RHEL 8,Development,Web Server,Pune,Linux Team,2026-07-25
2896,WEB427,Ubuntu 22.04,Production,Web Server,Chennai,Linux Team,2026-07-25
2897,FILE402,Windows Server 2019,Development,File Server,Bangalore,Windows Team,2026-07-25
2898,DB422,Windows Server 2019,Production,Database Server,Chennai,Database Team,2026-07-25
2899,WEB428,RHEL 8,Production,Web Server,Chennai,Linux Team,2026-07-25
2900,AUTH425,Windows Server 2019,Testing,Authentication Server,Mumbai,Security Team,2026-07-25
2901,WEB429,Windows Server 2022,Production,Web Server,Bangalore,Linux Team,2026-07-25
2902,APP394,RHEL 8,Testing,Application Server,Hyderabad,Infrastructure Team,2026-07-25
2903,AUTH426,Ubuntu 22.04,UAT,Authentication Server,Pune,Security Team,2026-07-25
2904,APP395,Windows Server 2019,Production,Application Server,Chennai,Infrastructure Team,2026-07-25
2905,AUTH427,RHEL 8,Testing,Authentication Server,Chennai,Security Team,2026-07-25
2906,WEB430,Windows Server 2019,Testing,Web Server,Pune,Linux Team,2026-07-25
2907,FILE403,RHEL 8,Testing,File Server,Bangalore,Windows Team,2026-07-25
2908,API407,RHEL 9,Testing,API Server,Bangalore,Infrastructure Team,2026-07-25
2909,MAIL425,Windows Server 2022,Development,Mail Server,Hyderabad,Messaging Team,2026-07-25
2910,MAIL426,RHEL 9,UAT,Mail Server,Mumbai,Messaging Team,2026-07-25
2911,FILE404,Windows Server 2019,Production,File Server,Chennai,Windows Team,2026-07-25
2912,APP396,Windows Server 2022,UAT,Application Server,Bangalore,Infrastructure Team,2026-07-25
2913,APP397,Windows Server 2022,Development,Application Server,Pune,Infrastructure Team,2026-07-25
2914,APP398,Windows Server 2022,Testing,Application Server,Bangalore,Infrastructure Team,2026-07-25
2915,DB423,Ubuntu 22.04,Testing,Database Server,Chennai,Database Team,2026-07-25
2916,WEB431,RHEL 8,Development,Web Server,Chennai,Linux Team,2026-07-25
2917,FILE405,RHEL 8,Testing,File Server,Mumbai,Windows Team,2026-07-25
2918,APP399,RHEL 8,Testing,Application Server,Mumbai,Infrastructure Team,2026-07-25
2919,API408,Windows Server 2022,Development,API Server,Mumbai,Infrastructure Team,2026-07-25
2920,MAIL427,Windows Server 2019,Production,Mail Server,Bangalore,Messaging Team,2026-07-25
2921,MAIL428,Windows Server 2019,UAT,Mail Server,Bangalore,Messaging Team,2026-07-25
2922,DB424,Ubuntu 22.04,Development,Database Server,Pune,Database Team,2026-07-25
2923,APP400,Windows Server 2022,Development,Application Server,Chennai,Infrastructure Team,2026-07-25
2924,WEB432,Windows Server 2019,Development,Web Server,Chennai,Linux Team,2026-07-25
2925,API409,RHEL 9,Development,API Server,Bangalore,Infrastructure Team,2026-07-25
2926,AUTH428,Windows Server 2022,Development,Authentication Server,Mumbai,Security Team,2026-07-25
2927,MAIL429,Ubuntu 22.04,UAT,Mail Server,Mumbai,Messaging Team,2026-07-25
2928,DB425,Windows Server 2022,Testing,Database Server,Mumbai,Database Team,2026-07-25
2929,DB426,Windows Server 2022,Testing,Database Server,Pune,Database Team,2026-07-25
2930,MAIL430,Windows Server 2019,Development,Mail Server,Pune,Messaging Team,2026-07-25
2931,API410,Windows Server 2019,Testing,API Server,Hyderabad,Infrastructure Team,2026-07-25
2932,FILE406,Windows Server 2022,Production,File Server,Pune,Windows Team,2026-07-25
2933,DB427,Ubuntu 22.04,UAT,Database Server,Bangalore,Database Team,2026-07-25
2934,API411,Windows Server 2022,Testing,API Server,Hyderabad,Infrastructure Team,2026-07-25
2935,DB428,RHEL 8,Testing,Database Server,Chennai,Database Team,2026-07-25
2936,MAIL431,RHEL 8,Testing,Mail Server,Pune,Messaging Team,2026-07-25
2937,FILE407,RHEL 9,UAT,File Server,Chennai,Windows Team,2026-07-25
2938,MAIL432,Windows Server 2019,Production,Mail Server,Pune,Messaging Team,2026-07-25
2939,FILE408,Windows Server 2022,Development,File Server,Hyderabad,Windows Team,2026-07-25
2940,DB429,RHEL 8,UAT,Database Server,Chennai,Database Team,2026-07-25
2941,FILE409,Ubuntu 22.04,Production,File Server,Hyderabad,Windows Team,2026-07-25
2942,API412,Windows Server 2019,Testing,API Server,Pune,Infrastructure Team,2026-07-25
2943,API413,Windows Server 2022,Production,API Server,Mumbai,Infrastructure Team,2026-07-25
2944,AUTH429,Windows Server 2019,Development,Authentication Server,Bangalore,Security Team,2026-07-25
2945,API414,RHEL 9,Production,API Server,Mumbai,Infrastructure Team,2026-07-25
2946,DB430,RHEL 9,UAT,Database Server,Mumbai,Database Team,2026-07-25
2947,APP401,RHEL 8,Development,Application Server,Chennai,Infrastructure Team,2026-07-25
2948,API415,RHEL 8,Development,API Server,Pune,Infrastructure Team,2026-07-25
2949,DB431,RHEL 8,Testing,Database Server,Mumbai,Database Team,2026-07-25
2950,DB432,Ubuntu 22.04,Development,Database Server,Bangalore,Database Team,2026-07-25
2951,DB433,RHEL 9,Testing,Database Server,Chennai,Database Team,2026-07-25
2952,FILE410,Ubuntu 22.04,Development,File Server,Pune,Windows Team,2026-07-25
2953,MAIL433,Windows Server 2022,UAT,Mail Server,Hyderabad,Messaging Team,2026-07-25
2954,DB434,Windows Server 2019,UAT,Database Server,Bangalore,Database Team,2026-07-25
2955,FILE411,Ubuntu 22.04,Development,File Server,Mumbai,Windows Team,2026-07-25
2956,DB435,Windows Server 2022,UAT,Database Server,Pune,Database Team,2026-07-25
2957,WEB433,Ubuntu 22.04,UAT,Web Server,Pune,Linux Team,2026-07-25
2958,APP402,RHEL 9,Production,Application Server,Chennai,Infrastructure Team,2026-07-25
2959,DB436,Windows Server 2019,Development,Database Server,Mumbai,Database Team,2026-07-25
2960,FILE412,RHEL 8,Production,File Server,Hyderabad,Windows Team,2026-07-25
2961,AUTH430,RHEL 8,Production,Authentication Server,Mumbai,Security Team,2026-07-25
2962,APP403,Windows Server 2022,Development,Application Server,Hyderabad,Infrastructure Team,2026-07-25
2963,AUTH431,RHEL 9,Production,Authentication Server,Pune,Security Team,2026-07-25
2964,AUTH432,RHEL 9,UAT,Authentication Server,Chennai,Security Team,2026-07-25
2965,APP404,Windows Server 2019,UAT,Application Server,Bangalore,Infrastructure Team,2026-07-25
2966,APP405,RHEL 8,Testing,Application Server,Pune,Infrastructure Team,2026-07-25
2967,AUTH433,Windows Server 2022,Testing,Authentication Server,Bangalore,Security Team,2026-07-25
2968,MAIL434,Windows Server 2022,UAT,Mail Server,Pune,Messaging Team,2026-07-25
2969,FILE413,Ubuntu 22.04,Production,File Server,Bangalore,Windows Team,2026-07-25
2970,API416,Windows Server 2022,UAT,API Server,Hyderabad,Infrastructure Team,2026-07-25
2971,APP406,Windows Server 2022,UAT,Application Server,Hyderabad,Infrastructure Team,2026-07-25
2972,FILE414,Windows Server 2019,UAT,File Server,Mumbai,Windows Team,2026-07-25
2973,MAIL435,Ubuntu 22.04,UAT,Mail Server,Mumbai,Messaging Team,2026-07-25
2974,MAIL436,RHEL 8,Development,Mail Server,Hyderabad,Messaging Team,2026-07-25
2975,DB437,RHEL 8,Testing,Database Server,Pune,Database Team,2026-07-25
2976,MAIL437,RHEL 9,Testing,Mail Server,Mumbai,Messaging Team,2026-07-25
2977,APP407,Windows Server 2019,Production,Application Server,Mumbai,Infrastructure Team,2026-07-25
2978,MAIL438,RHEL 8,Testing,Mail Server,Hyderabad,Messaging Team,2026-07-25
2979,MAIL439,Ubuntu 22.04,UAT,Mail Server,Chennai,Messaging Team,2026-07-25
2980,WEB434,Windows Server 2019,UAT,Web Server,Bangalore,Linux Team,2026-07-25
2981,DB438,RHEL 8,UAT,Database Server,Mumbai,Database Team,2026-07-25
2982,DB439,Ubuntu 22.04,Production,Database Server,Pune,Database Team,2026-07-25
2983,WEB435,RHEL 9,UAT,Web Server,Bangalore,Linux Team,2026-07-25
2984,APP408,Ubuntu 22.04,Production,Application Server,Hyderabad,Infrastructure Team,2026-07-25
2985,WEB436,Ubuntu 22.04,Testing,Web Server,Bangalore,Linux Team,2026-07-25
2986,API417,Windows Server 2019,UAT,API Server,Hyderabad,Infrastructure Team,2026-07-25
2987,API418,Ubuntu 22.04,Development,API Server,Bangalore,Infrastructure Team,2026-07-25
2988,DB440,RHEL 8,Testing,Database Server,Pune,Database Team,2026-07-25
2989,AUTH434,RHEL 8,UAT,Authentication Server,Pune,Security Team,2026-07-25
2990,APP409,RHEL 9,Production,Application Server,Hyderabad,Infrastructure Team,2026-07-25
2991,AUTH435,Windows Server 2022,Development,Authentication Server,Bangalore,Security Team,2026-07-25
2992,WEB437,Ubuntu 22.04,Development,Web Server,Pune,Linux Team,2026-07-25
2993,MAIL440,RHEL 9,Testing,Mail Server,Mumbai,Messaging Team,2026-07-25
2994,APP410,Windows Server 2022,Testing,Application Server,Bangalore,Infrastructure Team,2026-07-25
2995,API419,RHEL 8,Testing,API Server,Pune,Infrastructure Team,2026-07-25
2996,API420,Windows Server 2019,UAT,API Server,Hyderabad,Infrastructure Team,2026-07-25
2997,AUTH436,RHEL 8,Production,Authentication Server,Bangalore,Security Team,2026-07-25
2998,API421,RHEL 8,Development,API Server,Pune,Infrastructure Team,2026-07-25
2999,WEB438,Windows Server 2022,Development,Web Server,Chennai,Linux Team,2026-07-25
3000,API422,RHEL 8,Testing,API Server,Hyderabad,Infrastructure Team,2026-07-25
3001,AUTH437,Windows Server 2022,Testing,Authentication Server,Bangalore,Security Team,2026-07-25
3002,DB441,Windows Server 2022,UAT,Database Server,Chennai,Database Team,2026-07-25
3003,API423,Windows Server 2019,Development,API Server,Hyderabad,Infrastructure Team,2026-07-25
3004,AUTH438,Windows Server 2019,UAT,Authentication Server,Chennai,Security Team,2026-07-25
3005,AUTH439,Windows Server 2022,UAT,Authentication Server,Hyderabad,Security Team,2026-07-25
3006,FILE415,RHEL 8,Testing,File Server,Pune,Windows Team,2026-07-25
3007,API424,Windows Server 2019,Development,API Server,Chennai,Infrastructure Team,2026-07-25
3008,FILE416,RHEL 9,Testing,File Server,Mumbai,Windows Team,2026-07-25
3009,MAIL441,RHEL 9,Development,Mail Server,Pune,Messaging Team,2026-07-25
3010,WEB439,RHEL 9,Testing,Web Server,Hyderabad,Linux Team,2026-07-25
3011,DB442,Windows Server 2022,Testing,Database Server,Bangalore,Database Team,2026-07-25
3012,API425,Ubuntu 22.04,Production,API Server,Bangalore,Infrastructure Team,2026-07-25
3013,APP411,RHEL 9,Production,Application Server,Mumbai,Infrastructure Team,2026-07-25
3014,AUTH440,RHEL 9,Testing,Authentication Server,Bangalore,Security Team,2026-07-25
3015,AUTH441,Windows Server 2022,UAT,Authentication Server,Mumbai,Security Team,2026-07-25
3016,AUTH442,Windows Server 2019,UAT,Authentication Server,Chennai,Security Team,2026-07-25
3017,API426,RHEL 9,Testing,API Server,Chennai,Infrastructure Team,2026-07-25
3018,WEB440,RHEL 8,UAT,Web Server,Hyderabad,Linux Team,2026-07-25
3019,API427,RHEL 9,Testing,API Server,Pune,Infrastructure Team,2026-07-25
3020,MAIL442,RHEL 8,Development,Mail Server,Hyderabad,Messaging Team,2026-07-25
3021,MAIL443,Windows Server 2022,Testing,Mail Server,Bangalore,Messaging Team,2026-07-25
3022,WEB441,RHEL 8,Testing,Web Server,Bangalore,Linux Team,2026-07-25
3023,WEB442,RHEL 8,UAT,Web Server,Chennai,Linux Team,2026-07-25
3024,DB443,Windows Server 2022,Testing,Database Server,Bangalore,Database Team,2026-07-25
3025,DB444,Windows Server 2019,Production,Database Server,Bangalore,Database Team,2026-07-25
3026,DB445,RHEL 8,UAT,Database Server,Pune,Database Team,2026-07-25
3027,FILE417,Windows Server 2022,UAT,File Server,Hyderabad,Windows Team,2026-07-25
3028,DB446,Windows Server 2022,Development,Database Server,Pune,Database Team,2026-07-25
3029,MAIL444,RHEL 9,Development,Mail Server,Mumbai,Messaging Team,2026-07-25
3030,WEB443,Windows Server 2019,Development,Web Server,Hyderabad,Linux Team,2026-07-25
3031,WEB444,RHEL 8,Development,Web Server,Pune,Linux Team,2026-07-25
3032,AUTH443,Windows Server 2019,Testing,Authentication Server,Mumbai,Security Team,2026-07-25
3033,DB447,RHEL 9,Development,Database Server,Hyderabad,Database Team,2026-07-25
3034,FILE418,Ubuntu 22.04,UAT,File Server,Chennai,Windows Team,2026-07-25
3035,WEB445,RHEL 8,UAT,Web Server,Chennai,Linux Team,2026-07-25
3036,MAIL445,Windows Server 2019,Testing,Mail Server,Mumbai,Messaging Team,2026-07-25
3037,APP412,Windows Server 2022,UAT,Application Server,Mumbai,Infrastructure Team,2026-07-25
3038,MAIL446,RHEL 8,UAT,Mail Server,Pune,Messaging Team,2026-07-25
3039,MAIL447,RHEL 9,Development,Mail Server,Mumbai,Messaging Team,2026-07-25
3040,MAIL448,RHEL 8,Development,Mail Server,Chennai,Messaging Team,2026-07-25
3041,API428,RHEL 8,Development,API Server,Mumbai,Infrastructure Team,2026-07-25
3042,MAIL449,RHEL 9,Testing,Mail Server,Chennai,Messaging Team,2026-07-25
3043,WEB446,Windows Server 2022,Production,Web Server,Mumbai,Linux Team,2026-07-25
3044,API429,Windows Server 2019,Testing,API Server,Pune,Infrastructure Team,2026-07-25
3045,APP413,Ubuntu 22.04,Production,Application Server,Hyderabad,Infrastructure Team,2026-07-25
3046,MAIL450,Ubuntu 22.04,Development,Mail Server,Mumbai,Messaging Team,2026-07-25
3047,API430,Ubuntu 22.04,Development,API Server,Chennai,Infrastructure Team,2026-07-25
3048,DB448,Windows Server 2019,Production,Database Server,Pune,Database Team,2026-07-25
3049,MAIL451,Windows Server 2022,Development,Mail Server,Pune,Messaging Team,2026-07-25
3050,API431,Windows Server 2019,Testing,API Server,Pune,Infrastructure Team,2026-07-25
3051,FILE419,RHEL 8,UAT,File Server,Mumbai,Windows Team,2026-07-25
3052,AUTH444,Windows Server 2019,Development,Authentication Server,Hyderabad,Security Team,2026-07-25
3053,APP414,Windows Server 2019,UAT,Application Server,Mumbai,Infrastructure Team,2026-07-25
3054,DB449,Ubuntu 22.04,Testing,Database Server,Mumbai,Database Team,2026-07-25
3055,FILE420,RHEL 8,UAT,File Server,Mumbai,Windows Team,2026-07-25
3056,MAIL452,Ubuntu 22.04,Testing,Mail Server,Pune,Messaging Team,2026-07-25
3057,MAIL453,Ubuntu 22.04,Testing,Mail Server,Bangalore,Messaging Team,2026-07-25
3058,FILE421,Windows Server 2019,Development,File Server,Hyderabad,Windows Team,2026-07-25
3059,DB450,RHEL 9,Development,Database Server,Pune,Database Team,2026-07-25
3060,WEB447,Windows Server 2022,UAT,Web Server,Mumbai,Linux Team,2026-07-25
3061,API432,Windows Server 2022,UAT,API Server,Bangalore,Infrastructure Team,2026-07-25
3062,FILE422,RHEL 8,UAT,File Server,Chennai,Windows Team,2026-07-25
3063,AUTH445,RHEL 9,UAT,Authentication Server,Chennai,Security Team,2026-07-25
3064,APP415,Windows Server 2019,Testing,Application Server,Bangalore,Infrastructure Team,2026-07-25
3065,WEB448,RHEL 9,Testing,Web Server,Hyderabad,Linux Team,2026-07-25
3066,APP416,RHEL 8,Production,Application Server,Bangalore,Infrastructure Team,2026-07-25
3067,DB451,Windows Server 2019,Testing,Database Server,Pune,Database Team,2026-07-25
3068,WEB449,Windows Server 2022,Production,Web Server,Chennai,Linux Team,2026-07-25
3069,DB452,Ubuntu 22.04,Development,Database Server,Chennai,Database Team,2026-07-25
3070,AUTH446,RHEL 9,Development,Authentication Server,Chennai,Security Team,2026-07-25
3071,APP417,Ubuntu 22.04,UAT,Application Server,Bangalore,Infrastructure Team,2026-07-25
3072,WEB450,Windows Server 2019,Development,Web Server,Hyderabad,Linux Team,2026-07-25
3073,FILE423,Ubuntu 22.04,Testing,File Server,Pune,Windows Team,2026-07-25
3074,DB453,Windows Server 2022,UAT,Database Server,Bangalore,Database Team,2026-07-25
3075,API433,RHEL 9,UAT,API Server,Chennai,Infrastructure Team,2026-07-25
3076,WEB451,Windows Server 2019,UAT,Web Server,Hyderabad,Linux Team,2026-07-25
3077,DB454,Ubuntu 22.04,Testing,Database Server,Hyderabad,Database Team,2026-07-25
3078,DB455,RHEL 8,Development,Database Server,Pune,Database Team,2026-07-25
3079,MAIL454,Ubuntu 22.04,Testing,Mail Server,Chennai,Messaging Team,2026-07-25
3080,APP418,Windows Server 2022,Testing,Application Server,Hyderabad,Infrastructure Team,2026-07-25
3081,MAIL455,RHEL 8,Production,Mail Server,Hyderabad,Messaging Team,2026-07-25
3082,API434,Windows Server 2019,Production,API Server,Pune,Infrastructure Team,2026-07-25
3083,WEB452,Windows Server 2022,UAT,Web Server,Pune,Linux Team,2026-07-25
3084,API435,Windows Server 2022,UAT,API Server,Chennai,Infrastructure Team,2026-07-25
3085,DB456,Windows Server 2019,UAT,Database Server,Pune,Database Team,2026-07-25
3086,WEB453,Windows Server 2022,Production,Web Server,Pune,Linux Team,2026-07-25
3087,MAIL456,RHEL 9,Production,Mail Server,Bangalore,Messaging Team,2026-07-25
3088,FILE424,Ubuntu 22.04,Development,File Server,Hyderabad,Windows Team,2026-07-25
3089,WEB454,Ubuntu 22.04,Production,Web Server,Pune,Linux Team,2026-07-25
3090,FILE425,Ubuntu 22.04,UAT,File Server,Mumbai,Windows Team,2026-07-25
3091,API436,Ubuntu 22.04,Production,API Server,Hyderabad,Infrastructure Team,2026-07-25
3092,APP419,RHEL 9,Development,Application Server,Mumbai,Infrastructure Team,2026-07-25
3093,FILE426,Windows Server 2022,Production,File Server,Mumbai,Windows Team,2026-07-25
3094,AUTH447,Ubuntu 22.04,Development,Authentication Server,Bangalore,Security Team,2026-07-25
3095,APP420,Windows Server 2022,UAT,Application Server,Pune,Infrastructure Team,2026-07-25
3096,WEB455,RHEL 9,Production,Web Server,Pune,Linux Team,2026-07-25
3097,DB457,Ubuntu 22.04,Development,Database Server,Pune,Database Team,2026-07-25
3098,WEB456,RHEL 9,Development,Web Server,Chennai,Linux Team,2026-07-25
3099,AUTH448,Windows Server 2019,UAT,Authentication Server,Bangalore,Security Team,2026-07-25
3100,WEB457,Ubuntu 22.04,UAT,Web Server,Bangalore,Linux Team,2026-07-25
3101,AUTH449,RHEL 9,UAT,Authentication Server,Chennai,Security Team,2026-07-25
3102,APP421,RHEL 8,UAT,Application Server,Pune,Infrastructure Team,2026-07-25
3103,WEB458,RHEL 9,Testing,Web Server,Chennai,Linux Team,2026-07-25
3104,DB458,Windows Server 2019,Development,Database Server,Mumbai,Database Team,2026-07-25
3105,API437,RHEL 8,Development,API Server,Pune,Infrastructure Team,2026-07-25
3106,AUTH450,Windows Server 2022,Production,Authentication Server,Pune,Security Team,2026-07-25
3107,AUTH451,RHEL 9,Development,Authentication Server,Mumbai,Security Team,2026-07-25
3108,APP422,RHEL 9,Production,Application Server,Bangalore,Infrastructure Team,2026-07-25
3109,DB459,Windows Server 2019,UAT,Database Server,Hyderabad,Database Team,2026-07-25
3110,APP423,Windows Server 2019,UAT,Application Server,Hyderabad,Infrastructure Team,2026-07-25
3111,MAIL457,Ubuntu 22.04,UAT,Mail Server,Hyderabad,Messaging Team,2026-07-25
3112,API438,Windows Server 2022,Development,API Server,Bangalore,Infrastructure Team,2026-07-25
3113,APP424,RHEL 8,UAT,Application Server,Hyderabad,Infrastructure Team,2026-07-25
3114,AUTH452,RHEL 9,UAT,Authentication Server,Bangalore,Security Team,2026-07-25
3115,MAIL458,RHEL 8,Production,Mail Server,Pune,Messaging Team,2026-07-25
3116,WEB459,Windows Server 2019,Production,Web Server,Hyderabad,Linux Team,2026-07-25
3117,API439,Windows Server 2022,Testing,API Server,Chennai,Infrastructure Team,2026-07-25
3118,FILE427,RHEL 9,Development,File Server,Hyderabad,Windows Team,2026-07-25
3119,MAIL459,RHEL 9,UAT,Mail Server,Hyderabad,Messaging Team,2026-07-25
3120,DB460,Windows Server 2022,Development,Database Server,Pune,Database Team,2026-07-25
3121,FILE428,Windows Server 2019,UAT,File Server,Mumbai,Windows Team,2026-07-25
3122,DB461,Ubuntu 22.04,UAT,Database Server,Mumbai,Database Team,2026-07-25
3123,API440,RHEL 8,UAT,API Server,Chennai,Infrastructure Team,2026-07-25
3124,MAIL460,RHEL 8,UAT,Mail Server,Mumbai,Messaging Team,2026-07-25
3125,MAIL461,Windows Server 2019,UAT,Mail Server,Chennai,Messaging Team,2026-07-25
3126,DB462,RHEL 8,UAT,Database Server,Pune,Database Team,2026-07-25
3127,API441,RHEL 9,Development,API Server,Chennai,Infrastructure Team,2026-07-25
3128,API442,Windows Server 2019,Development,API Server,Mumbai,Infrastructure Team,2026-07-25
3129,FILE429,Windows Server 2019,Testing,File Server,Bangalore,Windows Team,2026-07-25
3130,DB463,RHEL 9,Testing,Database Server,Pune,Database Team,2026-07-25
3131,APP425,Windows Server 2022,Production,Application Server,Pune,Infrastructure Team,2026-07-25
3132,MAIL462,Windows Server 2019,Development,Mail Server,Pune,Messaging Team,2026-07-25
3133,API443,Ubuntu 22.04,Testing,API Server,Chennai,Infrastructure Team,2026-07-25
3134,DB464,Ubuntu 22.04,Production,Database Server,Pune,Database Team,2026-07-25
3135,DB465,Windows Server 2019,UAT,Database Server,Mumbai,Database Team,2026-07-25
3136,WEB460,Ubuntu 22.04,UAT,Web Server,Bangalore,Linux Team,2026-07-25
3137,FILE430,RHEL 8,Production,File Server,Hyderabad,Windows Team,2026-07-25
3138,AUTH453,Ubuntu 22.04,UAT,Authentication Server,Mumbai,Security Team,2026-07-25
3139,DB466,Ubuntu 22.04,UAT,Database Server,Chennai,Database Team,2026-07-25
3140,WEB461,Ubuntu 22.04,Development,Web Server,Bangalore,Linux Team,2026-07-25
3141,AUTH454,Ubuntu 22.04,Testing,Authentication Server,Mumbai,Security Team,2026-07-25
3142,DB467,Ubuntu 22.04,Development,Database Server,Hyderabad,Database Team,2026-07-25
3143,DB468,Windows Server 2019,Testing,Database Server,Hyderabad,Database Team,2026-07-25
3144,FILE431,RHEL 9,Testing,File Server,Bangalore,Windows Team,2026-07-25
3145,API444,Windows Server 2019,Production,API Server,Mumbai,Infrastructure Team,2026-07-25
3146,WEB462,RHEL 9,UAT,Web Server,Bangalore,Linux Team,2026-07-25
3147,APP426,Windows Server 2019,Testing,Application Server,Pune,Infrastructure Team,2026-07-25
3148,AUTH455,Windows Server 2022,Testing,Authentication Server,Mumbai,Security Team,2026-07-25
3149,FILE432,RHEL 8,UAT,File Server,Bangalore,Windows Team,2026-07-25
3150,APP427,RHEL 9,UAT,Application Server,Bangalore,Infrastructure Team,2026-07-25
3151,APP428,RHEL 8,Production,Application Server,Pune,Infrastructure Team,2026-07-25
3152,WEB463,RHEL 9,Development,Web Server,Hyderabad,Linux Team,2026-07-25
3153,WEB464,RHEL 8,Production,Web Server,Chennai,Linux Team,2026-07-25
3154,APP429,Ubuntu 22.04,Production,Application Server,Bangalore,Infrastructure Team,2026-07-25
3155,AUTH456,RHEL 8,Development,Authentication Server,Hyderabad,Security Team,2026-07-25
3156,DB469,RHEL 8,UAT,Database Server,Hyderabad,Database Team,2026-07-25
3157,AUTH457,Windows Server 2019,Development,Authentication Server,Pune,Security Team,2026-07-25
3158,MAIL463,Windows Server 2019,UAT,Mail Server,Bangalore,Messaging Team,2026-07-25
3159,WEB465,Windows Server 2019,Production,Web Server,Hyderabad,Linux Team,2026-07-25
3160,DB470,Windows Server 2022,Testing,Database Server,Pune,Database Team,2026-07-25
3161,DB471,Windows Server 2022,Development,Database Server,Pune,Database Team,2026-07-25
3162,DB472,RHEL 9,Production,Database Server,Mumbai,Database Team,2026-07-25
3163,MAIL464,RHEL 9,UAT,Mail Server,Chennai,Messaging Team,2026-07-25
3164,API445,Ubuntu 22.04,Testing,API Server,Chennai,Infrastructure Team,2026-07-25
3165,DB473,Ubuntu 22.04,Production,Database Server,Bangalore,Database Team,2026-07-25
3166,MAIL465,RHEL 8,Testing,Mail Server,Chennai,Messaging Team,2026-07-25
3167,DB474,RHEL 9,Development,Database Server,Chennai,Database Team,2026-07-25
3168,WEB466,RHEL 8,UAT,Web Server,Mumbai,Linux Team,2026-07-25
3169,DB475,RHEL 8,Production,Database Server,Hyderabad,Database Team,2026-07-25
3170,APP430,Ubuntu 22.04,Production,Application Server,Bangalore,Infrastructure Team,2026-07-25
3171,AUTH458,RHEL 9,Testing,Authentication Server,Chennai,Security Team,2026-07-25
3172,API446,Windows Server 2022,UAT,API Server,Pune,Infrastructure Team,2026-07-25
3173,API447,RHEL 9,UAT,API Server,Hyderabad,Infrastructure Team,2026-07-25
3174,WEB467,Windows Server 2022,Production,Web Server,Chennai,Linux Team,2026-07-25
3175,FILE433,Windows Server 2019,UAT,File Server,Chennai,Windows Team,2026-07-25
3176,MAIL466,RHEL 8,Production,Mail Server,Bangalore,Messaging Team,2026-07-25
3177,API448,Ubuntu 22.04,Testing,API Server,Bangalore,Infrastructure Team,2026-07-25
3178,FILE434,Windows Server 2022,Production,File Server,Hyderabad,Windows Team,2026-07-25
3179,MAIL467,Ubuntu 22.04,Development,Mail Server,Hyderabad,Messaging Team,2026-07-25
3180,DB476,Ubuntu 22.04,Testing,Database Server,Chennai,Database Team,2026-07-25
3181,WEB468,RHEL 8,UAT,Web Server,Hyderabad,Linux Team,2026-07-25
3182,WEB469,Windows Server 2022,Testing,Web Server,Mumbai,Linux Team,2026-07-25
3183,API449,Windows Server 2019,Production,API Server,Mumbai,Infrastructure Team,2026-07-25
3184,FILE435,Ubuntu 22.04,Development,File Server,Pune,Windows Team,2026-07-25
3185,WEB470,Windows Server 2022,Development,Web Server,Mumbai,Linux Team,2026-07-25
3186,MAIL468,Windows Server 2022,Testing,Mail Server,Bangalore,Messaging Team,2026-07-25
3187,API450,Windows Server 2019,Production,API Server,Bangalore,Infrastructure Team,2026-07-25
3188,API451,Ubuntu 22.04,UAT,API Server,Chennai,Infrastructure Team,2026-07-25
3189,WEB471,Ubuntu 22.04,Production,Web Server,Chennai,Linux Team,2026-07-25
3190,DB477,RHEL 9,Testing,Database Server,Pune,Database Team,2026-07-25
3191,APP431,Windows Server 2019,Production,Application Server,Bangalore,Infrastructure Team,2026-07-25
3192,WEB472,Ubuntu 22.04,Testing,Web Server,Hyderabad,Linux Team,2026-07-25
3193,FILE436,Windows Server 2022,UAT,File Server,Pune,Windows Team,2026-07-25
3194,MAIL469,RHEL 8,Development,Mail Server,Bangalore,Messaging Team,2026-07-25
3195,AUTH459,Windows Server 2022,Testing,Authentication Server,Hyderabad,Security Team,2026-07-25
3196,DB478,Ubuntu 22.04,Production,Database Server,Pune,Database Team,2026-07-25
3197,APP432,RHEL 8,Development,Application Server,Pune,Infrastructure Team,2026-07-25
3198,MAIL470,RHEL 8,Testing,Mail Server,Hyderabad,Messaging Team,2026-07-25
3199,API452,Windows Server 2019,Production,API Server,Bangalore,Infrastructure Team,2026-07-25
3200,DB479,Windows Server 2022,Production,Database Server,Pune,Database Team,2026-07-25
3201,APP433,Windows Server 2022,Production,Application Server,Mumbai,Infrastructure Team,2026-07-25
3202,WEB473,Windows Server 2022,UAT,Web Server,Bangalore,Linux Team,2026-07-25
3203,AUTH460,Ubuntu 22.04,Production,Authentication Server,Mumbai,Security Team,2026-07-25
3204,API453,Windows Server 2019,Production,API Server,Pune,Infrastructure Team,2026-07-25
3205,API454,Ubuntu 22.04,Production,API Server,Hyderabad,Infrastructure Team,2026-07-25
3206,MAIL471,Windows Server 2022,Development,Mail Server,Bangalore,Messaging Team,2026-07-25
3207,WEB474,RHEL 9,Testing,Web Server,Pune,Linux Team,2026-07-25
3208,API455,RHEL 9,Production,API Server,Mumbai,Infrastructure Team,2026-07-25
3209,API456,Ubuntu 22.04,UAT,API Server,Chennai,Infrastructure Team,2026-07-25
3210,FILE437,Ubuntu 22.04,UAT,File Server,Bangalore,Windows Team,2026-07-25
3211,FILE438,Windows Server 2022,Production,File Server,Mumbai,Windows Team,2026-07-25
3212,DB480,Windows Server 2019,UAT,Database Server,Bangalore,Database Team,2026-07-25
3213,MAIL472,Ubuntu 22.04,Testing,Mail Server,Hyderabad,Messaging Team,2026-07-25
3214,AUTH461,Windows Server 2022,Testing,Authentication Server,Bangalore,Security Team,2026-07-25
3215,API457,Ubuntu 22.04,Production,API Server,Bangalore,Infrastructure Team,2026-07-25
3216,FILE439,Ubuntu 22.04,Development,File Server,Hyderabad,Windows Team,2026-07-25
3217,APP434,RHEL 8,UAT,Application Server,Chennai,Infrastructure Team,2026-07-25
3218,API458,Ubuntu 22.04,Testing,API Server,Bangalore,Infrastructure Team,2026-07-25
3219,AUTH462,RHEL 8,Development,Authentication Server,Chennai,Security Team,2026-07-25
3220,WEB475,Ubuntu 22.04,UAT,Web Server,Chennai,Linux Team,2026-07-25
3221,API459,Windows Server 2019,UAT,API Server,Chennai,Infrastructure Team,2026-07-25
3222,API460,RHEL 9,Production,API Server,Mumbai,Infrastructure Team,2026-07-25
3223,FILE440,RHEL 8,Development,File Server,Chennai,Windows Team,2026-07-25
3224,WEB476,RHEL 8,Testing,Web Server,Hyderabad,Linux Team,2026-07-25
3225,DB481,Ubuntu 22.04,Development,Database Server,Hyderabad,Database Team,2026-07-25
3226,DB482,RHEL 8,Production,Database Server,Pune,Database Team,2026-07-25
3227,DB483,Ubuntu 22.04,UAT,Database Server,Mumbai,Database Team,2026-07-25
3228,APP435,RHEL 9,Development,Application Server,Chennai,Infrastructure Team,2026-07-25
3229,API461,Ubuntu 22.04,UAT,API Server,Pune,Infrastructure Team,2026-07-25
3230,FILE441,Windows Server 2019,Production,File Server,Pune,Windows Team,2026-07-25
3231,APP436,Ubuntu 22.04,Testing,Application Server,Mumbai,Infrastructure Team,2026-07-25
3232,WEB477,Windows Server 2022,Testing,Web Server,Chennai,Linux Team,2026-07-25
3233,APP437,Ubuntu 22.04,Testing,Application Server,Hyderabad,Infrastructure Team,2026-07-25
3234,APP438,Windows Server 2019,Development,Application Server,Bangalore,Infrastructure Team,2026-07-25
3235,WEB478,Windows Server 2022,UAT,Web Server,Bangalore,Linux Team,2026-07-25
3236,AUTH463,Windows Server 2022,UAT,Authentication Server,Chennai,Security Team,2026-07-25
3237,API462,RHEL 8,Development,API Server,Mumbai,Infrastructure Team,2026-07-25
3238,API463,Windows Server 2022,Production,API Server,Mumbai,Infrastructure Team,2026-07-25
3239,AUTH464,RHEL 8,Production,Authentication Server,Chennai,Security Team,2026-07-25
3240,MAIL473,RHEL 8,UAT,Mail Server,Hyderabad,Messaging Team,2026-07-25
3241,AUTH465,Windows Server 2019,Development,Authentication Server,Chennai,Security Team,2026-07-25
3242,AUTH466,Windows Server 2019,Production,Authentication Server,Hyderabad,Security Team,2026-07-25
3243,FILE442,Windows Server 2019,Production,File Server,Hyderabad,Windows Team,2026-07-25
3244,API464,Windows Server 2019,Production,API Server,Chennai,Infrastructure Team,2026-07-25
3245,FILE443,Windows Server 2019,Production,File Server,Hyderabad,Windows Team,2026-07-25
3246,APP439,Windows Server 2022,UAT,Application Server,Chennai,Infrastructure Team,2026-07-25
3247,WEB479,Windows Server 2022,Testing,Web Server,Pune,Linux Team,2026-07-25
3248,API465,Windows Server 2022,Production,API Server,Hyderabad,Infrastructure Team,2026-07-25
3249,AUTH467,Windows Server 2019,UAT,Authentication Server,Pune,Security Team,2026-07-25
3250,AUTH468,RHEL 9,Development,Authentication Server,Mumbai,Security Team,2026-07-25
3251,API466,Windows Server 2019,Testing,API Server,Chennai,Infrastructure Team,2026-07-25
3252,MAIL474,Ubuntu 22.04,UAT,Mail Server,Mumbai,Messaging Team,2026-07-25
3253,WEB480,RHEL 8,UAT,Web Server,Hyderabad,Linux Team,2026-07-25
3254,WEB481,Windows Server 2019,Production,Web Server,Bangalore,Linux Team,2026-07-25
3255,APP440,RHEL 9,UAT,Application Server,Hyderabad,Infrastructure Team,2026-07-25
3256,APP441,Windows Server 2022,Development,Application Server,Mumbai,Infrastructure Team,2026-07-25
3257,MAIL475,Windows Server 2019,Testing,Mail Server,Chennai,Messaging Team,2026-07-25
3258,MAIL476,RHEL 8,UAT,Mail Server,Pune,Messaging Team,2026-07-25
3259,DB484,Windows Server 2019,UAT,Database Server,Pune,Database Team,2026-07-25
3260,AUTH469,RHEL 8,UAT,Authentication Server,Pune,Security Team,2026-07-25
3261,APP442,Ubuntu 22.04,UAT,Application Server,Chennai,Infrastructure Team,2026-07-25
3262,WEB482,Windows Server 2019,Development,Web Server,Bangalore,Linux Team,2026-07-25
3263,AUTH470,Windows Server 2022,Development,Authentication Server,Pune,Security Team,2026-07-25
3264,DB485,RHEL 9,Testing,Database Server,Mumbai,Database Team,2026-07-25
3265,API467,Ubuntu 22.04,Production,API Server,Chennai,Infrastructure Team,2026-07-25
3266,FILE444,Windows Server 2022,Production,File Server,Mumbai,Windows Team,2026-07-25
3267,WEB483,Ubuntu 22.04,Production,Web Server,Mumbai,Linux Team,2026-07-25
3268,FILE445,RHEL 8,Production,File Server,Mumbai,Windows Team,2026-07-25
3269,MAIL477,RHEL 9,Development,Mail Server,Bangalore,Messaging Team,2026-07-25
3270,APP443,Windows Server 2019,Development,Application Server,Bangalore,Infrastructure Team,2026-07-25
3271,AUTH471,Ubuntu 22.04,Production,Authentication Server,Bangalore,Security Team,2026-07-25
3272,DB486,Windows Server 2022,Development,Database Server,Mumbai,Database Team,2026-07-25
3273,DB487,RHEL 8,Production,Database Server,Bangalore,Database Team,2026-07-25
3274,API468,RHEL 8,Production,API Server,Mumbai,Infrastructure Team,2026-07-25
3275,WEB484,Windows Server 2019,Development,Web Server,Mumbai,Linux Team,2026-07-25
3276,DB488,RHEL 8,Development,Database Server,Bangalore,Database Team,2026-07-25
3277,MAIL478,Ubuntu 22.04,Production,Mail Server,Mumbai,Messaging Team,2026-07-25
3278,FILE446,RHEL 8,Production,File Server,Mumbai,Windows Team,2026-07-25
3279,DB489,Ubuntu 22.04,UAT,Database Server,Mumbai,Database Team,2026-07-25
3280,WEB485,RHEL 9,Production,Web Server,Chennai,Linux Team,2026-07-25
3281,WEB486,RHEL 8,UAT,Web Server,Bangalore,Linux Team,2026-07-25
3282,WEB487,RHEL 9,Production,Web Server,Hyderabad,Linux Team,2026-07-25
3283,WEB488,RHEL 9,Development,Web Server,Bangalore,Linux Team,2026-07-25
3284,WEB489,Windows Server 2019,Development,Web Server,Pune,Linux Team,2026-07-25
3285,API469,Windows Server 2019,UAT,API Server,Pune,Infrastructure Team,2026-07-25
3286,FILE447,RHEL 9,UAT,File Server,Chennai,Windows Team,2026-07-25
3287,WEB490,RHEL 8,Development,Web Server,Hyderabad,Linux Team,2026-07-25
3288,API470,Windows Server 2022,Testing,API Server,Pune,Infrastructure Team,2026-07-25
3289,FILE448,Ubuntu 22.04,Testing,File Server,Chennai,Windows Team,2026-07-25
3290,MAIL479,Ubuntu 22.04,UAT,Mail Server,Mumbai,Messaging Team,2026-07-25
3291,API471,Windows Server 2019,Production,API Server,Pune,Infrastructure Team,2026-07-25
3292,WEB491,RHEL 8,Testing,Web Server,Chennai,Linux Team,2026-07-25
3293,APP444,Windows Server 2022,Production,Application Server,Chennai,Infrastructure Team,2026-07-25
3294,WEB492,Ubuntu 22.04,UAT,Web Server,Mumbai,Linux Team,2026-07-25
3295,API472,RHEL 9,UAT,API Server,Chennai,Infrastructure Team,2026-07-25
3296,AUTH472,RHEL 8,Development,Authentication Server,Bangalore,Security Team,2026-07-25
3297,MAIL480,Windows Server 2019,Testing,Mail Server,Pune,Messaging Team,2026-07-25
3298,MAIL481,Ubuntu 22.04,Production,Mail Server,Chennai,Messaging Team,2026-07-25
3299,FILE449,RHEL 8,UAT,File Server,Mumbai,Windows Team,2026-07-25
3300,API473,Windows Server 2022,UAT,API Server,Chennai,Infrastructure Team,2026-07-25
3301,API474,RHEL 8,Testing,API Server,Chennai,Infrastructure Team,2026-07-25
3302,API475,RHEL 8,UAT,API Server,Bangalore,Infrastructure Team,2026-07-25
3303,DB490,Windows Server 2019,Production,Database Server,Mumbai,Database Team,2026-07-25
3304,DB491,RHEL 9,Testing,Database Server,Chennai,Database Team,2026-07-25
3305,APP445,Ubuntu 22.04,UAT,Application Server,Bangalore,Infrastructure Team,2026-07-25
3306,AUTH473,RHEL 9,UAT,Authentication Server,Bangalore,Security Team,2026-07-25
3307,AUTH474,Ubuntu 22.04,Testing,Authentication Server,Chennai,Security Team,2026-07-25
3308,MAIL482,Windows Server 2022,Testing,Mail Server,Hyderabad,Messaging Team,2026-07-25
3309,MAIL483,Windows Server 2019,Testing,Mail Server,Hyderabad,Messaging Team,2026-07-25
3310,WEB493,Windows Server 2022,UAT,Web Server,Pune,Linux Team,2026-07-25
3311,MAIL484,Ubuntu 22.04,UAT,Mail Server,Chennai,Messaging Team,2026-07-25
3312,API476,Windows Server 2019,Testing,API Server,Chennai,Infrastructure Team,2026-07-25
3313,API477,Windows Server 2019,Development,API Server,Hyderabad,Infrastructure Team,2026-07-25
3314,MAIL485,Windows Server 2022,Production,Mail Server,Bangalore,Messaging Team,2026-07-25
3315,DB492,Ubuntu 22.04,Testing,Database Server,Chennai,Database Team,2026-07-25
3316,AUTH475,RHEL 9,Development,Authentication Server,Mumbai,Security Team,2026-07-25
3317,WEB494,RHEL 8,Production,Web Server,Pune,Linux Team,2026-07-25
3318,AUTH476,Ubuntu 22.04,Testing,Authentication Server,Chennai,Security Team,2026-07-25
3319,DB493,RHEL 8,UAT,Database Server,Hyderabad,Database Team,2026-07-25
3320,WEB495,RHEL 8,UAT,Web Server,Pune,Linux Team,2026-07-25
3321,AUTH477,Windows Server 2019,Development,Authentication Server,Bangalore,Security Team,2026-07-25
3322,WEB496,RHEL 9,Testing,Web Server,Bangalore,Linux Team,2026-07-25
3323,AUTH478,Windows Server 2022,UAT,Authentication Server,Hyderabad,Security Team,2026-07-25
3324,API478,RHEL 8,Production,API Server,Chennai,Infrastructure Team,2026-07-25
3325,AUTH479,RHEL 8,Testing,Authentication Server,Pune,Security Team,2026-07-25
3326,API479,Windows Server 2022,Testing,API Server,Chennai,Infrastructure Team,2026-07-25
3327,API480,RHEL 9,Production,API Server,Chennai,Infrastructure Team,2026-07-25
3328,AUTH480,RHEL 8,Development,Authentication Server,Chennai,Security Team,2026-07-25
3329,APP446,Windows Server 2022,Production,Application Server,Pune,Infrastructure Team,2026-07-25
3330,FILE450,RHEL 8,UAT,File Server,Hyderabad,Windows Team,2026-07-25
3331,DB494,Ubuntu 22.04,Development,Database Server,Hyderabad,Database Team,2026-07-25
3332,AUTH481,RHEL 8,Testing,Authentication Server,Pune,Security Team,2026-07-25
3333,DB495,Windows Server 2022,Production,Database Server,Bangalore,Database Team,2026-07-25
3334,MAIL486,Windows Server 2022,Production,Mail Server,Hyderabad,Messaging Team,2026-07-25
3335,FILE451,Ubuntu 22.04,Testing,File Server,Mumbai,Windows Team,2026-07-25
3336,APP447,Windows Server 2019,Production,Application Server,Hyderabad,Infrastructure Team,2026-07-25
3337,FILE452,Windows Server 2022,Testing,File Server,Chennai,Windows Team,2026-07-25
3338,MAIL487,Windows Server 2019,UAT,Mail Server,Chennai,Messaging Team,2026-07-25
3339,WEB497,Windows Server 2022,Production,Web Server,Pune,Linux Team,2026-07-25
3340,WEB498,Windows Server 2019,Testing,Web Server,Chennai,Linux Team,2026-07-25
3341,DB496,RHEL 8,Testing,Database Server,Bangalore,Database Team,2026-07-25
3342,API481,RHEL 9,UAT,API Server,Bangalore,Infrastructure Team,2026-07-25
3343,WEB499,RHEL 9,UAT,Web Server,Pune,Linux Team,2026-07-25
3344,MAIL488,Windows Server 2019,Development,Mail Server,Bangalore,Messaging Team,2026-07-25
3345,FILE453,RHEL 8,Testing,File Server,Mumbai,Windows Team,2026-07-25
3346,APP448,RHEL 9,Testing,Application Server,Pune,Infrastructure Team,2026-07-25
3347,MAIL489,RHEL 9,Testing,Mail Server,Hyderabad,Messaging Team,2026-07-25
3348,WEB500,Windows Server 2019,Testing,Web Server,Pune,Linux Team,2026-07-25
3349,AUTH482,RHEL 8,Production,Authentication Server,Mumbai,Security Team,2026-07-25
3350,MAIL490,RHEL 8,Production,Mail Server,Pune,Messaging Team,2026-07-25
3351,API482,Windows Server 2022,Production,API Server,Pune,Infrastructure Team,2026-07-25
3352,WEB501,RHEL 9,Testing,Web Server,Bangalore,Linux Team,2026-07-25
3353,MAIL491,RHEL 9,UAT,Mail Server,Chennai,Messaging Team,2026-07-25
3354,API483,Ubuntu 22.04,Production,API Server,Pune,Infrastructure Team,2026-07-25
3355,API484,RHEL 9,Development,API Server,Hyderabad,Infrastructure Team,2026-07-25
3356,API485,Windows Server 2019,Development,API Server,Bangalore,Infrastructure Team,2026-07-25
3357,FILE454,RHEL 8,Development,File Server,Hyderabad,Windows Team,2026-07-25
3358,APP449,Ubuntu 22.04,UAT,Application Server,Mumbai,Infrastructure Team,2026-07-25
3359,DB497,Ubuntu 22.04,Testing,Database Server,Chennai,Database Team,2026-07-25
3360,AUTH483,RHEL 9,Testing,Authentication Server,Hyderabad,Security Team,2026-07-25
3361,APP450,RHEL 9,Development,Application Server,Bangalore,Infrastructure Team,2026-07-25
3362,FILE455,RHEL 8,Production,File Server,Mumbai,Windows Team,2026-07-25
3363,FILE456,Windows Server 2022,UAT,File Server,Pune,Windows Team,2026-07-25
3364,FILE457,Ubuntu 22.04,UAT,File Server,Pune,Windows Team,2026-07-25
3365,API486,Windows Server 2022,Development,API Server,Mumbai,Infrastructure Team,2026-07-25
3366,AUTH484,RHEL 9,Production,Authentication Server,Hyderabad,Security Team,2026-07-25
3367,AUTH485,RHEL 9,Development,Authentication Server,Chennai,Security Team,2026-07-25
3368,WEB502,RHEL 9,UAT,Web Server,Hyderabad,Linux Team,2026-07-25
3369,APP451,Ubuntu 22.04,Development,Application Server,Hyderabad,Infrastructure Team,2026-07-25
3370,APP452,Ubuntu 22.04,Development,Application Server,Hyderabad,Infrastructure Team,2026-07-25
3371,AUTH486,RHEL 8,Development,Authentication Server,Bangalore,Security Team,2026-07-25
3372,APP453,Windows Server 2019,Testing,Application Server,Hyderabad,Infrastructure Team,2026-07-25
3373,FILE458,RHEL 8,UAT,File Server,Chennai,Windows Team,2026-07-25
3374,MAIL492,Windows Server 2019,Development,Mail Server,Bangalore,Messaging Team,2026-07-25
3375,DB498,Ubuntu 22.04,Development,Database Server,Bangalore,Database Team,2026-07-25
3376,API487,Windows Server 2022,Production,API Server,Bangalore,Infrastructure Team,2026-07-25
3377,API488,RHEL 9,UAT,API Server,Mumbai,Infrastructure Team,2026-07-25
3378,WEB503,Windows Server 2019,Development,Web Server,Mumbai,Linux Team,2026-07-25
3379,DB499,RHEL 8,Development,Database Server,Mumbai,Database Team,2026-07-25
3380,WEB504,Windows Server 2022,Development,Web Server,Hyderabad,Linux Team,2026-07-25
3381,APP454,Windows Server 2022,UAT,Application Server,Hyderabad,Infrastructure Team,2026-07-25
3382,WEB505,RHEL 8,Testing,Web Server,Pune,Linux Team,2026-07-25
3383,AUTH487,Ubuntu 22.04,UAT,Authentication Server,Bangalore,Security Team,2026-07-25
3384,DB500,Windows Server 2022,Testing,Database Server,Hyderabad,Database Team,2026-07-25
3385,APP455,RHEL 8,Development,Application Server,Chennai,Infrastructure Team,2026-07-25
3386,MAIL493,RHEL 9,Production,Mail Server,Bangalore,Messaging Team,2026-07-25
3387,APP456,Windows Server 2019,UAT,Application Server,Mumbai,Infrastructure Team,2026-07-25
3388,API489,Windows Server 2022,Development,API Server,Mumbai,Infrastructure Team,2026-07-25
3389,WEB506,RHEL 8,UAT,Web Server,Mumbai,Linux Team,2026-07-25
3390,APP457,Ubuntu 22.04,Testing,Application Server,Chennai,Infrastructure Team,2026-07-25
3391,API490,Windows Server 2019,Development,API Server,Mumbai,Infrastructure Team,2026-07-25
3392,AUTH488,Windows Server 2022,Production,Authentication Server,Mumbai,Security Team,2026-07-25
3393,WEB507,Windows Server 2022,Production,Web Server,Mumbai,Linux Team,2026-07-25
3394,API491,RHEL 9,UAT,API Server,Pune,Infrastructure Team,2026-07-25
3395,FILE459,Windows Server 2019,Testing,File Server,Chennai,Windows Team,2026-07-25
3396,API492,Windows Server 2022,Testing,API Server,Chennai,Infrastructure Team,2026-07-25
3397,WEB508,Windows Server 2019,Testing,Web Server,Mumbai,Linux Team,2026-07-25
3398,DB501,Windows Server 2019,UAT,Database Server,Bangalore,Database Team,2026-07-25
3399,WEB509,Windows Server 2022,Development,Web Server,Hyderabad,Linux Team,2026-07-25
3400,WEB510,Ubuntu 22.04,Development,Web Server,Mumbai,Linux Team,2026-07-25
3401,FILE460,Ubuntu 22.04,Production,File Server,Mumbai,Windows Team,2026-07-25
3402,FILE461,Windows Server 2022,Development,File Server,Pune,Windows Team,2026-07-25
3403,FILE462,RHEL 8,Development,File Server,Pune,Windows Team,2026-07-25
3404,MAIL494,RHEL 8,Production,Mail Server,Chennai,Messaging Team,2026-07-25
3405,DB502,Windows Server 2019,Testing,Database Server,Bangalore,Database Team,2026-07-25
3406,APP458,RHEL 9,Testing,Application Server,Hyderabad,Infrastructure Team,2026-07-25
3407,API493,RHEL 8,Production,API Server,Chennai,Infrastructure Team,2026-07-25
3408,API494,Windows Server 2022,UAT,API Server,Chennai,Infrastructure Team,2026-07-25
3409,DB503,RHEL 9,UAT,Database Server,Pune,Database Team,2026-07-25
3410,FILE463,RHEL 8,Testing,File Server,Hyderabad,Windows Team,2026-07-25
3411,DB504,Windows Server 2019,UAT,Database Server,Bangalore,Database Team,2026-07-25
3412,MAIL495,Windows Server 2019,UAT,Mail Server,Bangalore,Messaging Team,2026-07-25
3413,MAIL496,Windows Server 2022,Testing,Mail Server,Pune,Messaging Team,2026-07-25
3414,DB505,RHEL 9,UAT,Database Server,Mumbai,Database Team,2026-07-25
3415,APP459,RHEL 8,Testing,Application Server,Bangalore,Infrastructure Team,2026-07-25
3416,AUTH489,Windows Server 2022,Development,Authentication Server,Pune,Security Team,2026-07-25
3417,FILE464,Windows Server 2019,Testing,File Server,Mumbai,Windows Team,2026-07-25
3418,APP460,Ubuntu 22.04,Testing,Application Server,Pune,Infrastructure Team,2026-07-25
3419,AUTH490,RHEL 9,Testing,Authentication Server,Mumbai,Security Team,2026-07-25
3420,MAIL497,Windows Server 2019,Production,Mail Server,Mumbai,Messaging Team,2026-07-25
3421,DB506,Windows Server 2022,Development,Database Server,Mumbai,Database Team,2026-07-25
3422,API495,Windows Server 2022,UAT,API Server,Hyderabad,Infrastructure Team,2026-07-25
3423,FILE465,Windows Server 2022,Testing,File Server,Chennai,Windows Team,2026-07-25
3424,MAIL498,Ubuntu 22.04,Development,Mail Server,Pune,Messaging Team,2026-07-25
3425,MAIL499,RHEL 9,UAT,Mail Server,Pune,Messaging Team,2026-07-25
3426,FILE466,Windows Server 2022,Testing,File Server,Chennai,Windows Team,2026-07-25
3427,FILE467,RHEL 9,UAT,File Server,Pune,Windows Team,2026-07-25
3428,WEB511,RHEL 9,Development,Web Server,Hyderabad,Linux Team,2026-07-25
3429,AUTH491,Windows Server 2022,Testing,Authentication Server,Pune,Security Team,2026-07-25
3430,API496,RHEL 8,Production,API Server,Hyderabad,Infrastructure Team,2026-07-25
3431,WEB512,Windows Server 2022,Testing,Web Server,Hyderabad,Linux Team,2026-07-25
3432,API497,Windows Server 2019,Production,API Server,Hyderabad,Infrastructure Team,2026-07-25
3433,API498,Ubuntu 22.04,UAT,API Server,Mumbai,Infrastructure Team,2026-07-25
3434,FILE468,Windows Server 2019,Testing,File Server,Mumbai,Windows Team,2026-07-25
3435,API499,Windows Server 2022,UAT,API Server,Pune,Infrastructure Team,2026-07-25
3436,FILE469,Windows Server 2022,Production,File Server,Pune,Windows Team,2026-07-25
3437,DB507,RHEL 9,Development,Database Server,Pune,Database Team,2026-07-25
3438,APP461,Windows Server 2019,Development,Application Server,Pune,Infrastructure Team,2026-07-25
3439,MAIL500,RHEL 8,Production,Mail Server,Chennai,Messaging Team,2026-07-25
3440,WEB513,RHEL 8,Production,Web Server,Pune,Linux Team,2026-07-25
3441,APP462,Windows Server 2019,Testing,Application Server,Hyderabad,Infrastructure Team,2026-07-25
3442,WEB514,RHEL 8,Development,Web Server,Pune,Linux Team,2026-07-25
3443,APP463,Ubuntu 22.04,Development,Application Server,Hyderabad,Infrastructure Team,2026-07-25
3444,MAIL501,Windows Server 2022,Development,Mail Server,Bangalore,Messaging Team,2026-07-25
3445,WEB515,RHEL 9,Production,Web Server,Bangalore,Linux Team,2026-07-25
3446,AUTH492,Ubuntu 22.04,Production,Authentication Server,Mumbai,Security Team,2026-07-25
3447,APP464,Ubuntu 22.04,Production,Application Server,Hyderabad,Infrastructure Team,2026-07-25
3448,FILE470,Ubuntu 22.04,UAT,File Server,Mumbai,Windows Team,2026-07-25
3449,DB508,Ubuntu 22.04,Production,Database Server,Mumbai,Database Team,2026-07-25
3450,API500,Ubuntu 22.04,Testing,API Server,Hyderabad,Infrastructure Team,2026-07-25
3451,DB509,Ubuntu 22.04,Testing,Database Server,Pune,Database Team,2026-07-25
3452,MAIL502,Windows Server 2022,Production,Mail Server,Mumbai,Messaging Team,2026-07-25
3453,FILE471,Ubuntu 22.04,UAT,File Server,Bangalore,Windows Team,2026-07-25
3454,APP465,Windows Server 2019,UAT,Application Server,Chennai,Infrastructure Team,2026-07-25
3455,MAIL503,Windows Server 2019,Production,Mail Server,Bangalore,Messaging Team,2026-07-25
3456,AUTH493,Windows Server 2019,UAT,Authentication Server,Pune,Security Team,2026-07-25
3457,APP466,RHEL 8,UAT,Application Server,Hyderabad,Infrastructure Team,2026-07-25
3458,DB510,Windows Server 2019,Production,Database Server,Hyderabad,Database Team,2026-07-25
3459,AUTH494,RHEL 8,Development,Authentication Server,Bangalore,Security Team,2026-07-25
3460,DB511,Windows Server 2022,UAT,Database Server,Chennai,Database Team,2026-07-25
3461,APP467,Windows Server 2019,Production,Application Server,Hyderabad,Infrastructure Team,2026-07-25
3462,MAIL504,Ubuntu 22.04,Production,Mail Server,Bangalore,Messaging Team,2026-07-25
3463,WEB516,Windows Server 2022,Development,Web Server,Bangalore,Linux Team,2026-07-25
3464,AUTH495,RHEL 8,UAT,Authentication Server,Pune,Security Team,2026-07-25
3465,API501,Windows Server 2022,Production,API Server,Hyderabad,Infrastructure Team,2026-07-25
3466,API502,Windows Server 2022,Production,API Server,Chennai,Infrastructure Team,2026-07-25
3467,DB512,RHEL 8,Development,Database Server,Hyderabad,Database Team,2026-07-25
3468,API503,RHEL 8,UAT,API Server,Bangalore,Infrastructure Team,2026-07-25
3469,AUTH496,RHEL 9,Production,Authentication Server,Chennai,Security Team,2026-07-25
3470,AUTH497,RHEL 8,UAT,Authentication Server,Hyderabad,Security Team,2026-07-25
3471,APP468,Windows Server 2022,Development,Application Server,Bangalore,Infrastructure Team,2026-07-25
3472,FILE472,Ubuntu 22.04,Production,File Server,Mumbai,Windows Team,2026-07-25
3473,FILE473,RHEL 9,Production,File Server,Pune,Windows Team,2026-07-25
3474,FILE474,Windows Server 2022,Testing,File Server,Hyderabad,Windows Team,2026-07-25
3475,APP469,RHEL 8,Development,Application Server,Chennai,Infrastructure Team,2026-07-25
3476,WEB517,Ubuntu 22.04,UAT,Web Server,Hyderabad,Linux Team,2026-07-25
3477,MAIL505,Windows Server 2022,Testing,Mail Server,Bangalore,Messaging Team,2026-07-25
3478,WEB518,Windows Server 2019,Development,Web Server,Mumbai,Linux Team,2026-07-25
3479,DB513,Windows Server 2019,Testing,Database Server,Chennai,Database Team,2026-07-25
3480,API504,Ubuntu 22.04,UAT,API Server,Mumbai,Infrastructure Team,2026-07-25
3481,API505,Windows Server 2019,Development,API Server,Chennai,Infrastructure Team,2026-07-25
3482,API506,Windows Server 2022,UAT,API Server,Hyderabad,Infrastructure Team,2026-07-25
3483,MAIL506,Windows Server 2019,Production,Mail Server,Bangalore,Messaging Team,2026-07-25
3484,API507,RHEL 9,Production,API Server,Chennai,Infrastructure Team,2026-07-25
3485,AUTH498,Windows Server 2022,UAT,Authentication Server,Chennai,Security Team,2026-07-25
3486,DB514,Windows Server 2022,Development,Database Server,Hyderabad,Database Team,2026-07-25
3487,APP470,Ubuntu 22.04,UAT,Application Server,Bangalore,Infrastructure Team,2026-07-25
3488,API508,Windows Server 2022,Development,API Server,Bangalore,Infrastructure Team,2026-07-25
3489,MAIL507,Windows Server 2019,Testing,Mail Server,Pune,Messaging Team,2026-07-25
3490,WEB519,Ubuntu 22.04,Testing,Web Server,Bangalore,Linux Team,2026-07-25
3491,MAIL508,Windows Server 2019,Production,Mail Server,Pune,Messaging Team,2026-07-25
3492,DB515,RHEL 8,Development,Database Server,Mumbai,Database Team,2026-07-25
3493,FILE475,Windows Server 2022,Development,File Server,Hyderabad,Windows Team,2026-07-25
3494,WEB520,RHEL 8,Production,Web Server,Mumbai,Linux Team,2026-07-25
3495,MAIL509,Windows Server 2019,Development,Mail Server,Mumbai,Messaging Team,2026-07-25
3496,AUTH499,RHEL 8,UAT,Authentication Server,Hyderabad,Security Team,2026-07-25
3497,AUTH500,Ubuntu 22.04,Production,Authentication Server,Hyderabad,Security Team,2026-07-25
3498,AUTH501,Windows Server 2019,Testing,Authentication Server,Hyderabad,Security Team,2026-07-25
3499,AUTH502,RHEL 8,Production,Authentication Server,Pune,Security Team,2026-07-25
3500,WEB521,Windows Server 2022,Testing,Web Server,Chennai,Linux Team,2026-07-25
3501,API509,RHEL 9,UAT,API Server,Bangalore,Infrastructure Team,2026-07-25
3502,API510,RHEL 8,UAT,API Server,Bangalore,Infrastructure Team,2026-07-25
3503,FILE476,Windows Server 2022,Testing,File Server,Mumbai,Windows Team,2026-07-25
3504,WEB522,RHEL 8,Testing,Web Server,Hyderabad,Linux Team,2026-07-25
3505,AUTH503,Ubuntu 22.04,UAT,Authentication Server,Bangalore,Security Team,2026-07-25
3506,DB516,RHEL 8,Testing,Database Server,Mumbai,Database Team,2026-07-25
3507,APP471,RHEL 9,Development,Application Server,Chennai,Infrastructure Team,2026-07-25
3508,DB517,Ubuntu 22.04,UAT,Database Server,Mumbai,Database Team,2026-07-25
3509,MAIL510,Windows Server 2022,Production,Mail Server,Chennai,Messaging Team,2026-07-25
3510,MAIL511,Windows Server 2022,Development,Mail Server,Mumbai,Messaging Team,2026-07-25
3511,FILE477,Ubuntu 22.04,UAT,File Server,Chennai,Windows Team,2026-07-25
3512,DB518,Windows Server 2022,Production,Database Server,Hyderabad,Database Team,2026-07-25
3513,DB519,Ubuntu 22.04,Development,Database Server,Hyderabad,Database Team,2026-07-25
3514,DB520,Windows Server 2022,Production,Database Server,Bangalore,Database Team,2026-07-25
3515,FILE478,Windows Server 2019,UAT,File Server,Hyderabad,Windows Team,2026-07-25
3516,FILE479,Ubuntu 22.04,Production,File Server,Chennai,Windows Team,2026-07-25
3517,APP472,Windows Server 2022,Testing,Application Server,Bangalore,Infrastructure Team,2026-07-25
3518,DB521,Ubuntu 22.04,UAT,Database Server,Mumbai,Database Team,2026-07-25
3519,FILE480,RHEL 9,Production,File Server,Chennai,Windows Team,2026-07-25
3520,AUTH504,Windows Server 2019,Testing,Authentication Server,Hyderabad,Security Team,2026-07-25
3521,AUTH505,RHEL 8,UAT,Authentication Server,Hyderabad,Security Team,2026-07-25
3522,AUTH506,RHEL 9,Production,Authentication Server,Pune,Security Team,2026-07-25
3523,MAIL512,Windows Server 2022,UAT,Mail Server,Bangalore,Messaging Team,2026-07-25
3524,WEB523,Windows Server 2022,Testing,Web Server,Chennai,Linux Team,2026-07-25
3525,AUTH507,RHEL 8,UAT,Authentication Server,Bangalore,Security Team,2026-07-25
3526,AUTH508,Windows Server 2022,Testing,Authentication Server,Chennai,Security Team,2026-07-25
3527,WEB524,RHEL 8,Production,Web Server,Pune,Linux Team,2026-07-25
3528,AUTH509,RHEL 8,Development,Authentication Server,Mumbai,Security Team,2026-07-25
3529,FILE481,Ubuntu 22.04,UAT,File Server,Mumbai,Windows Team,2026-07-25
3530,AUTH510,Ubuntu 22.04,Testing,Authentication Server,Pune,Security Team,2026-07-25
3531,MAIL513,RHEL 9,UAT,Mail Server,Chennai,Messaging Team,2026-07-25
3532,APP473,Ubuntu 22.04,Production,Application Server,Bangalore,Infrastructure Team,2026-07-25
3533,DB522,Ubuntu 22.04,Testing,Database Server,Pune,Database Team,2026-07-25
3534,DB523,RHEL 9,Testing,Database Server,Hyderabad,Database Team,2026-07-25
3535,MAIL514,Ubuntu 22.04,Production,Mail Server,Hyderabad,Messaging Team,2026-07-25
3536,DB524,RHEL 8,Production,Database Server,Hyderabad,Database Team,2026-07-25
3537,APP474,Ubuntu 22.04,UAT,Application Server,Chennai,Infrastructure Team,2026-07-25
3538,AUTH511,Windows Server 2022,Production,Authentication Server,Pune,Security Team,2026-07-25
3539,AUTH512,RHEL 9,Development,Authentication Server,Hyderabad,Security Team,2026-07-25
3540,FILE482,Windows Server 2019,Production,File Server,Chennai,Windows Team,2026-07-25
3541,APP475,Windows Server 2019,Development,Application Server,Mumbai,Infrastructure Team,2026-07-25
3542,AUTH513,Ubuntu 22.04,Development,Authentication Server,Hyderabad,Security Team,2026-07-25
3543,APP476,Ubuntu 22.04,Testing,Application Server,Bangalore,Infrastructure Team,2026-07-25
3544,DB525,RHEL 9,UAT,Database Server,Mumbai,Database Team,2026-07-25
3545,AUTH514,Ubuntu 22.04,Testing,Authentication Server,Bangalore,Security Team,2026-07-25
3546,AUTH515,Windows Server 2022,Testing,Authentication Server,Mumbai,Security Team,2026-07-25
3547,WEB525,Ubuntu 22.04,Testing,Web Server,Mumbai,Linux Team,2026-07-25
3548,APP477,RHEL 8,UAT,Application Server,Chennai,Infrastructure Team,2026-07-25
3549,DB526,RHEL 8,UAT,Database Server,Chennai,Database Team,2026-07-25
3550,APP478,Windows Server 2022,Testing,Application Server,Bangalore,Infrastructure Team,2026-07-25
3551,API511,Ubuntu 22.04,UAT,API Server,Hyderabad,Infrastructure Team,2026-07-25
3552,WEB526,RHEL 9,UAT,Web Server,Mumbai,Linux Team,2026-07-25
3553,AUTH516,Windows Server 2022,UAT,Authentication Server,Pune,Security Team,2026-07-25
3554,WEB527,RHEL 9,Production,Web Server,Bangalore,Linux Team,2026-07-25
3555,AUTH517,Windows Server 2022,UAT,Authentication Server,Pune,Security Team,2026-07-25
3556,API512,RHEL 9,Testing,API Server,Chennai,Infrastructure Team,2026-07-25
3557,FILE483,Windows Server 2022,Testing,File Server,Chennai,Windows Team,2026-07-25
3558,API513,Windows Server 2022,Production,API Server,Mumbai,Infrastructure Team,2026-07-25
3559,AUTH518,RHEL 8,Development,Authentication Server,Mumbai,Security Team,2026-07-25
3560,FILE484,RHEL 8,Production,File Server,Hyderabad,Windows Team,2026-07-25
3561,WEB528,Windows Server 2022,Testing,Web Server,Hyderabad,Linux Team,2026-07-25
3562,FILE485,RHEL 9,UAT,File Server,Hyderabad,Windows Team,2026-07-25
3563,WEB529,RHEL 8,Testing,Web Server,Pune,Linux Team,2026-07-25
3564,DB527,RHEL 8,Development,Database Server,Pune,Database Team,2026-07-25
3565,WEB530,Windows Server 2022,UAT,Web Server,Hyderabad,Linux Team,2026-07-25
3566,WEB531,Windows Server 2019,Development,Web Server,Mumbai,Linux Team,2026-07-25
3567,API514,RHEL 8,UAT,API Server,Bangalore,Infrastructure Team,2026-07-25
3568,APP479,Windows Server 2019,Production,Application Server,Bangalore,Infrastructure Team,2026-07-25
3569,DB528,Windows Server 2022,Production,Database Server,Hyderabad,Database Team,2026-07-25
3570,WEB532,Ubuntu 22.04,UAT,Web Server,Bangalore,Linux Team,2026-07-25
3571,APP480,Windows Server 2019,Production,Application Server,Bangalore,Infrastructure Team,2026-07-25
3572,MAIL515,RHEL 8,Production,Mail Server,Pune,Messaging Team,2026-07-25
3573,DB529,Ubuntu 22.04,Development,Database Server,Mumbai,Database Team,2026-07-25
3574,WEB533,RHEL 8,UAT,Web Server,Mumbai,Linux Team,2026-07-25
3575,API515,Windows Server 2019,Production,API Server,Chennai,Infrastructure Team,2026-07-25
3576,API516,Windows Server 2022,Production,API Server,Pune,Infrastructure Team,2026-07-25
3577,MAIL516,Windows Server 2019,UAT,Mail Server,Hyderabad,Messaging Team,2026-07-25
3578,AUTH519,RHEL 9,UAT,Authentication Server,Bangalore,Security Team,2026-07-25
3579,FILE486,RHEL 8,Production,File Server,Hyderabad,Windows Team,2026-07-25
3580,DB530,Windows Server 2019,Development,Database Server,Bangalore,Database Team,2026-07-25
3581,FILE487,RHEL 9,Production,File Server,Bangalore,Windows Team,2026-07-25
3582,FILE488,Ubuntu 22.04,Development,File Server,Hyderabad,Windows Team,2026-07-25
3583,MAIL517,Windows Server 2019,UAT,Mail Server,Bangalore,Messaging Team,2026-07-25
3584,DB531,Windows Server 2019,UAT,Database Server,Chennai,Database Team,2026-07-25
3585,MAIL518,Ubuntu 22.04,Production,Mail Server,Mumbai,Messaging Team,2026-07-25
3586,WEB534,Windows Server 2022,UAT,Web Server,Pune,Linux Team,2026-07-25
3587,DB532,Ubuntu 22.04,Production,Database Server,Chennai,Database Team,2026-07-25
3588,MAIL519,Ubuntu 22.04,UAT,Mail Server,Hyderabad,Messaging Team,2026-07-25
3589,FILE489,Windows Server 2022,Development,File Server,Pune,Windows Team,2026-07-25
3590,DB533,Windows Server 2022,Testing,Database Server,Pune,Database Team,2026-07-25
3591,API517,Windows Server 2022,Testing,API Server,Chennai,Infrastructure Team,2026-07-25
3592,API518,RHEL 9,Development,API Server,Mumbai,Infrastructure Team,2026-07-25
3593,DB534,Windows Server 2022,Development,Database Server,Bangalore,Database Team,2026-07-25
3594,FILE490,Ubuntu 22.04,Production,File Server,Mumbai,Windows Team,2026-07-25
3595,APP481,RHEL 9,Testing,Application Server,Pune,Infrastructure Team,2026-07-25
3596,FILE491,RHEL 8,UAT,File Server,Pune,Windows Team,2026-07-25
3597,MAIL520,Ubuntu 22.04,Development,Mail Server,Mumbai,Messaging Team,2026-07-25
3598,WEB535,Ubuntu 22.04,Development,Web Server,Chennai,Linux Team,2026-07-25
3599,WEB536,RHEL 8,Development,Web Server,Bangalore,Linux Team,2026-07-25
3600,AUTH520,Windows Server 2022,Production,Authentication Server,Mumbai,Security Team,2026-07-25
3601,DB535,RHEL 8,Development,Database Server,Hyderabad,Database Team,2026-07-25
3602,AUTH521,RHEL 9,Production,Authentication Server,Pune,Security Team,2026-07-25
3603,DB536,RHEL 8,Testing,Database Server,Pune,Database Team,2026-07-25
3604,APP482,Windows Server 2019,Production,Application Server,Chennai,Infrastructure Team,2026-07-25
3605,MAIL521,Windows Server 2022,Testing,Mail Server,Mumbai,Messaging Team,2026-07-25
3606,DB537,Ubuntu 22.04,Production,Database Server,Chennai,Database Team,2026-07-25
3607,FILE492,Windows Server 2022,Testing,File Server,Bangalore,Windows Team,2026-07-25
3608,WEB537,RHEL 8,Development,Web Server,Chennai,Linux Team,2026-07-25
3609,FILE493,RHEL 8,Testing,File Server,Mumbai,Windows Team,2026-07-25
3610,MAIL522,Windows Server 2022,Development,Mail Server,Bangalore,Messaging Team,2026-07-25
3611,APP483,Windows Server 2019,Development,Application Server,Chennai,Infrastructure Team,2026-07-25
3612,MAIL523,Windows Server 2022,Testing,Mail Server,Mumbai,Messaging Team,2026-07-25
3613,FILE494,Windows Server 2019,UAT,File Server,Pune,Windows Team,2026-07-25
3614,API519,RHEL 8,Testing,API Server,Pune,Infrastructure Team,2026-07-25
3615,DB538,Windows Server 2019,Production,Database Server,Mumbai,Database Team,2026-07-25
3616,DB539,Ubuntu 22.04,Production,Database Server,Pune,Database Team,2026-07-25
3617,MAIL524,RHEL 8,UAT,Mail Server,Bangalore,Messaging Team,2026-07-25
3618,MAIL525,RHEL 9,Production,Mail Server,Pune,Messaging Team,2026-07-25
3619,MAIL526,RHEL 9,Production,Mail Server,Mumbai,Messaging Team,2026-07-25
3620,MAIL527,Windows Server 2022,Development,Mail Server,Pune,Messaging Team,2026-07-25
3621,APP484,RHEL 9,UAT,Application Server,Bangalore,Infrastructure Team,2026-07-25
3622,APP485,Ubuntu 22.04,UAT,Application Server,Bangalore,Infrastructure Team,2026-07-25
3623,AUTH522,Ubuntu 22.04,UAT,Authentication Server,Hyderabad,Security Team,2026-07-25
3624,FILE495,Ubuntu 22.04,Production,File Server,Hyderabad,Windows Team,2026-07-25
3625,DB540,Windows Server 2019,UAT,Database Server,Mumbai,Database Team,2026-07-25
3626,MAIL528,Windows Server 2019,UAT,Mail Server,Pune,Messaging Team,2026-07-25
3627,APP486,Windows Server 2019,Testing,Application Server,Hyderabad,Infrastructure Team,2026-07-25
3628,API520,Ubuntu 22.04,Testing,API Server,Bangalore,Infrastructure Team,2026-07-25
3629,WEB538,RHEL 9,UAT,Web Server,Mumbai,Linux Team,2026-07-25
3630,APP487,Windows Server 2019,Production,Application Server,Bangalore,Infrastructure Team,2026-07-25
3631,AUTH523,Ubuntu 22.04,UAT,Authentication Server,Bangalore,Security Team,2026-07-25
3632,API521,RHEL 9,Development,API Server,Chennai,Infrastructure Team,2026-07-25
3633,APP488,RHEL 8,Testing,Application Server,Mumbai,Infrastructure Team,2026-07-25
3634,FILE496,RHEL 9,Development,File Server,Chennai,Windows Team,2026-07-25
3635,API522,RHEL 8,Development,API Server,Mumbai,Infrastructure Team,2026-07-25
3636,AUTH524,Ubuntu 22.04,Testing,Authentication Server,Mumbai,Security Team,2026-07-25
3637,API523,Windows Server 2019,Development,API Server,Bangalore,Infrastructure Team,2026-07-25
3638,AUTH525,RHEL 9,Production,Authentication Server,Hyderabad,Security Team,2026-07-25
3639,WEB539,RHEL 9,Testing,Web Server,Bangalore,Linux Team,2026-07-25
3640,AUTH526,RHEL 9,UAT,Authentication Server,Bangalore,Security Team,2026-07-25
3641,FILE497,Ubuntu 22.04,Production,File Server,Bangalore,Windows Team,2026-07-25
3642,APP489,RHEL 9,Development,Application Server,Pune,Infrastructure Team,2026-07-25
3643,AUTH527,Windows Server 2022,Production,Authentication Server,Mumbai,Security Team,2026-07-25
3644,DB541,Ubuntu 22.04,Production,Database Server,Hyderabad,Database Team,2026-07-25
3645,WEB540,Windows Server 2022,Production,Web Server,Chennai,Linux Team,2026-07-25
3646,DB542,RHEL 8,Development,Database Server,Bangalore,Database Team,2026-07-25
3647,WEB541,Windows Server 2022,UAT,Web Server,Bangalore,Linux Team,2026-07-25
3648,WEB542,RHEL 9,Production,Web Server,Hyderabad,Linux Team,2026-07-25
3649,FILE498,Ubuntu 22.04,Development,File Server,Chennai,Windows Team,2026-07-25
3650,MAIL529,Ubuntu 22.04,Development,Mail Server,Hyderabad,Messaging Team,2026-07-25
3651,AUTH528,RHEL 9,Development,Authentication Server,Mumbai,Security Team,2026-07-25
3652,MAIL530,RHEL 9,UAT,Mail Server,Pune,Messaging Team,2026-07-25
3653,DB543,Ubuntu 22.04,Production,Database Server,Chennai,Database Team,2026-07-25
3654,WEB543,Windows Server 2019,Development,Web Server,Hyderabad,Linux Team,2026-07-25
3655,WEB544,Windows Server 2019,UAT,Web Server,Mumbai,Linux Team,2026-07-25
3656,APP490,Windows Server 2022,Development,Application Server,Hyderabad,Infrastructure Team,2026-07-25
3657,APP491,RHEL 8,Development,Application Server,Mumbai,Infrastructure Team,2026-07-25
3658,WEB545,Ubuntu 22.04,Testing,Web Server,Chennai,Linux Team,2026-07-25
3659,DB544,Windows Server 2019,Production,Database Server,Pune,Database Team,2026-07-25
3660,API524,RHEL 8,Production,API Server,Pune,Infrastructure Team,2026-07-25
3661,AUTH529,RHEL 8,Testing,Authentication Server,Hyderabad,Security Team,2026-07-25
3662,FILE499,RHEL 9,UAT,File Server,Bangalore,Windows Team,2026-07-25
3663,APP492,Ubuntu 22.04,Testing,Application Server,Bangalore,Infrastructure Team,2026-07-25
3664,MAIL531,RHEL 9,Development,Mail Server,Hyderabad,Messaging Team,2026-07-25
3665,FILE500,Windows Server 2019,Testing,File Server,Pune,Windows Team,2026-07-25
3666,MAIL532,RHEL 9,Production,Mail Server,Mumbai,Messaging Team,2026-07-25
3667,WEB546,Windows Server 2019,Testing,Web Server,Chennai,Linux Team,2026-07-25
3668,API525,Windows Server 2022,UAT,API Server,Hyderabad,Infrastructure Team,2026-07-25
3669,DB545,Ubuntu 22.04,Development,Database Server,Bangalore,Database Team,2026-07-25
3670,API526,RHEL 9,Production,API Server,Hyderabad,Infrastructure Team,2026-07-25
3671,MAIL533,RHEL 8,Testing,Mail Server,Chennai,Messaging Team,2026-07-25
3672,APP493,Windows Server 2019,Development,Application Server,Chennai,Infrastructure Team,2026-07-25
3673,AUTH530,RHEL 8,UAT,Authentication Server,Chennai,Security Team,2026-07-25
3674,API527,Ubuntu 22.04,Production,API Server,Pune,Infrastructure Team,2026-07-25
3675,FILE501,Ubuntu 22.04,Production,File Server,Hyderabad,Windows Team,2026-07-25
3676,APP494,Ubuntu 22.04,Testing,Application Server,Mumbai,Infrastructure Team,2026-07-25
3677,API528,Windows Server 2022,Testing,API Server,Pune,Infrastructure Team,2026-07-25
3678,FILE502,RHEL 8,Development,File Server,Chennai,Windows Team,2026-07-25
3679,FILE503,RHEL 8,Testing,File Server,Chennai,Windows Team,2026-07-25
3680,MAIL534,Windows Server 2022,UAT,Mail Server,Pune,Messaging Team,2026-07-25
3681,AUTH531,RHEL 8,UAT,Authentication Server,Hyderabad,Security Team,2026-07-25
3682,APP495,RHEL 9,UAT,Application Server,Pune,Infrastructure Team,2026-07-25
3683,APP496,RHEL 8,Production,Application Server,Pune,Infrastructure Team,2026-07-25
3684,DB546,Ubuntu 22.04,Testing,Database Server,Mumbai,Database Team,2026-07-25
3685,WEB547,Windows Server 2022,Development,Web Server,Hyderabad,Linux Team,2026-07-25
3686,API529,Ubuntu 22.04,Development,API Server,Pune,Infrastructure Team,2026-07-25
3687,API530,Windows Server 2022,Production,API Server,Chennai,Infrastructure Team,2026-07-25
3688,FILE504,RHEL 9,UAT,File Server,Hyderabad,Windows Team,2026-07-25
3689,APP497,RHEL 9,Testing,Application Server,Chennai,Infrastructure Team,2026-07-25
3690,MAIL535,Ubuntu 22.04,Development,Mail Server,Bangalore,Messaging Team,2026-07-25
3691,FILE505,RHEL 8,Production,File Server,Chennai,Windows Team,2026-07-25
3692,AUTH532,Windows Server 2019,Production,Authentication Server,Pune,Security Team,2026-07-25
3693,AUTH533,Windows Server 2022,UAT,Authentication Server,Chennai,Security Team,2026-07-25
3694,AUTH534,Windows Server 2022,Production,Authentication Server,Chennai,Security Team,2026-07-25
3695,DB547,Windows Server 2022,UAT,Database Server,Hyderabad,Database Team,2026-07-25
3696,APP498,Ubuntu 22.04,Development,Application Server,Chennai,Infrastructure Team,2026-07-25
3697,DB548,Windows Server 2019,Testing,Database Server,Pune,Database Team,2026-07-25
3698,AUTH535,RHEL 8,Testing,Authentication Server,Hyderabad,Security Team,2026-07-25
3699,APP499,RHEL 8,UAT,Application Server,Hyderabad,Infrastructure Team,2026-07-25
3700,API531,RHEL 9,Testing,API Server,Mumbai,Infrastructure Team,2026-07-25
3701,DB549,RHEL 9,UAT,Database Server,Mumbai,Database Team,2026-07-25
3702,DB550,Ubuntu 22.04,Testing,Database Server,Bangalore,Database Team,2026-07-25
3703,WEB548,RHEL 9,Production,Web Server,Mumbai,Linux Team,2026-07-25
3704,FILE506,Windows Server 2019,UAT,File Server,Pune,Windows Team,2026-07-25
3705,WEB549,RHEL 8,Development,Web Server,Pune,Linux Team,2026-07-25
3706,DB551,RHEL 8,Testing,Database Server,Mumbai,Database Team,2026-07-25
3707,WEB550,Windows Server 2019,Production,Web Server,Chennai,Linux Team,2026-07-25
3708,API532,Windows Server 2019,Testing,API Server,Pune,Infrastructure Team,2026-07-25
3709,APP500,Ubuntu 22.04,Testing,Application Server,Mumbai,Infrastructure Team,2026-07-25
3710,MAIL536,Ubuntu 22.04,Development,Mail Server,Mumbai,Messaging Team,2026-07-25
3711,WEB551,RHEL 9,Development,Web Server,Bangalore,Linux Team,2026-07-25
3712,WEB552,RHEL 8,UAT,Web Server,Bangalore,Linux Team,2026-07-25
3713,FILE507,RHEL 9,Development,File Server,Chennai,Windows Team,2026-07-25
3714,AUTH536,RHEL 9,Production,Authentication Server,Mumbai,Security Team,2026-07-25
3715,FILE508,Windows Server 2019,Development,File Server,Hyderabad,Windows Team,2026-07-25
3716,WEB553,RHEL 9,UAT,Web Server,Mumbai,Linux Team,2026-07-25
3717,AUTH537,RHEL 9,UAT,Authentication Server,Chennai,Security Team,2026-07-25
3718,WEB554,RHEL 8,UAT,Web Server,Mumbai,Linux Team,2026-07-25
3719,API533,RHEL 8,Development,API Server,Hyderabad,Infrastructure Team,2026-07-25
3720,MAIL537,Windows Server 2022,UAT,Mail Server,Mumbai,Messaging Team,2026-07-25
3721,WEB555,Windows Server 2022,UAT,Web Server,Pune,Linux Team,2026-07-25
3722,DB552,Ubuntu 22.04,Development,Database Server,Chennai,Database Team,2026-07-25
3723,DB553,Windows Server 2019,Development,Database Server,Hyderabad,Database Team,2026-07-25
3724,FILE509,RHEL 8,Production,File Server,Pune,Windows Team,2026-07-25
3725,WEB556,Windows Server 2019,Testing,Web Server,Bangalore,Linux Team,2026-07-25
3726,FILE510,Ubuntu 22.04,Production,File Server,Mumbai,Windows Team,2026-07-25
3727,MAIL538,Ubuntu 22.04,Testing,Mail Server,Mumbai,Messaging Team,2026-07-25
3728,DB554,Windows Server 2019,Testing,Database Server,Mumbai,Database Team,2026-07-25
3729,APP501,RHEL 9,UAT,Application Server,Bangalore,Infrastructure Team,2026-07-25
3730,API534,RHEL 9,UAT,API Server,Hyderabad,Infrastructure Team,2026-07-25
3731,AUTH538,Ubuntu 22.04,Production,Authentication Server,Chennai,Security Team,2026-07-25
3732,API535,Ubuntu 22.04,Development,API Server,Bangalore,Infrastructure Team,2026-07-25
3733,MAIL539,Windows Server 2019,UAT,Mail Server,Chennai,Messaging Team,2026-07-25
3734,AUTH539,Ubuntu 22.04,Testing,Authentication Server,Hyderabad,Security Team,2026-07-25
3735,API536,Ubuntu 22.04,UAT,API Server,Hyderabad,Infrastructure Team,2026-07-25
3736,AUTH540,Windows Server 2019,Testing,Authentication Server,Pune,Security Team,2026-07-25
3737,API537,RHEL 9,Development,API Server,Mumbai,Infrastructure Team,2026-07-25
3738,APP502,Ubuntu 22.04,Production,Application Server,Chennai,Infrastructure Team,2026-07-25
3739,APP503,RHEL 8,Development,Application Server,Mumbai,Infrastructure Team,2026-07-25
3740,AUTH541,Windows Server 2022,Production,Authentication Server,Bangalore,Security Team,2026-07-25
3741,FILE511,RHEL 9,Production,File Server,Chennai,Windows Team,2026-07-25
3742,WEB557,RHEL 8,Development,Web Server,Bangalore,Linux Team,2026-07-25
3743,FILE512,Ubuntu 22.04,Development,File Server,Pune,Windows Team,2026-07-25
3744,APP504,Windows Server 2019,UAT,Application Server,Chennai,Infrastructure Team,2026-07-25
3745,FILE513,Ubuntu 22.04,UAT,File Server,Chennai,Windows Team,2026-07-25
3746,MAIL540,RHEL 8,Development,Mail Server,Hyderabad,Messaging Team,2026-07-25
3747,APP505,RHEL 9,Development,Application Server,Pune,Infrastructure Team,2026-07-25
3748,DB555,Ubuntu 22.04,Testing,Database Server,Mumbai,Database Team,2026-07-25
3749,AUTH542,RHEL 8,Production,Authentication Server,Bangalore,Security Team,2026-07-25
3750,AUTH543,RHEL 8,UAT,Authentication Server,Hyderabad,Security Team,2026-07-25
3751,APP506,RHEL 9,Production,Application Server,Hyderabad,Infrastructure Team,2026-07-25
3752,DB556,RHEL 8,Development,Database Server,Pune,Database Team,2026-07-25
3753,AUTH544,Windows Server 2022,UAT,Authentication Server,Chennai,Security Team,2026-07-25
3754,API538,RHEL 8,Production,API Server,Mumbai,Infrastructure Team,2026-07-25
3755,MAIL541,RHEL 8,Testing,Mail Server,Mumbai,Messaging Team,2026-07-25
3756,API539,RHEL 9,Production,API Server,Chennai,Infrastructure Team,2026-07-25
3757,MAIL542,Ubuntu 22.04,UAT,Mail Server,Chennai,Messaging Team,2026-07-25
3758,FILE514,Windows Server 2019,UAT,File Server,Mumbai,Windows Team,2026-07-25
3759,APP507,RHEL 9,Testing,Application Server,Mumbai,Infrastructure Team,2026-07-25
3760,MAIL543,Windows Server 2022,Testing,Mail Server,Chennai,Messaging Team,2026-07-25
3761,WEB558,Windows Server 2019,Production,Web Server,Hyderabad,Linux Team,2026-07-25
3762,MAIL544,Windows Server 2022,Testing,Mail Server,Bangalore,Messaging Team,2026-07-25
3763,APP508,Windows Server 2022,Production,Application Server,Mumbai,Infrastructure Team,2026-07-25
3764,DB557,RHEL 9,Testing,Database Server,Mumbai,Database Team,2026-07-25
3765,DB558,RHEL 8,Production,Database Server,Chennai,Database Team,2026-07-25
3766,APP509,Windows Server 2019,Production,Application Server,Pune,Infrastructure Team,2026-07-25
3767,FILE515,Windows Server 2019,Testing,File Server,Hyderabad,Windows Team,2026-07-25
3768,DB559,Ubuntu 22.04,UAT,Database Server,Pune,Database Team,2026-07-25
3769,API540,RHEL 8,UAT,API Server,Hyderabad,Infrastructure Team,2026-07-25
3770,FILE516,RHEL 9,Development,File Server,Bangalore,Windows Team,2026-07-25
3771,AUTH545,Windows Server 2022,Production,Authentication Server,Mumbai,Security Team,2026-07-25
3772,DB560,RHEL 8,UAT,Database Server,Mumbai,Database Team,2026-07-25
3773,API541,Ubuntu 22.04,Production,API Server,Pune,Infrastructure Team,2026-07-25
3774,MAIL545,Ubuntu 22.04,UAT,Mail Server,Bangalore,Messaging Team,2026-07-25
3775,API542,Ubuntu 22.04,Testing,API Server,Chennai,Infrastructure Team,2026-07-25
3776,AUTH546,Windows Server 2022,Production,Authentication Server,Mumbai,Security Team,2026-07-25
3777,WEB559,Ubuntu 22.04,Production,Web Server,Pune,Linux Team,2026-07-25
3778,FILE517,Ubuntu 22.04,UAT,File Server,Bangalore,Windows Team,2026-07-25
3779,WEB560,Windows Server 2019,Development,Web Server,Mumbai,Linux Team,2026-07-25
3780,DB561,RHEL 9,Production,Database Server,Bangalore,Database Team,2026-07-25
3781,DB562,RHEL 8,Production,Database Server,Bangalore,Database Team,2026-07-25
3782,APP510,Windows Server 2019,Development,Application Server,Hyderabad,Infrastructure Team,2026-07-25
3783,WEB561,Windows Server 2022,Development,Web Server,Mumbai,Linux Team,2026-07-25
3784,MAIL546,Windows Server 2022,Development,Mail Server,Bangalore,Messaging Team,2026-07-25
3785,AUTH547,RHEL 9,Production,Authentication Server,Mumbai,Security Team,2026-07-25
3786,APP511,Windows Server 2019,Production,Application Server,Chennai,Infrastructure Team,2026-07-25
3787,AUTH548,Windows Server 2022,Testing,Authentication Server,Mumbai,Security Team,2026-07-25
3788,MAIL547,Windows Server 2022,Production,Mail Server,Mumbai,Messaging Team,2026-07-25
3789,AUTH549,Ubuntu 22.04,Testing,Authentication Server,Bangalore,Security Team,2026-07-25
3790,WEB562,Ubuntu 22.04,Testing,Web Server,Hyderabad,Linux Team,2026-07-25
3791,API543,RHEL 8,Production,API Server,Hyderabad,Infrastructure Team,2026-07-25
3792,APP512,RHEL 8,Development,Application Server,Pune,Infrastructure Team,2026-07-25
3793,FILE518,Windows Server 2019,Testing,File Server,Mumbai,Windows Team,2026-07-25
3794,AUTH550,RHEL 9,UAT,Authentication Server,Mumbai,Security Team,2026-07-25
3795,AUTH551,RHEL 8,Production,Authentication Server,Chennai,Security Team,2026-07-25
3796,DB563,Windows Server 2019,UAT,Database Server,Chennai,Database Team,2026-07-25
3797,DB564,Windows Server 2022,UAT,Database Server,Hyderabad,Database Team,2026-07-25
3798,APP513,RHEL 9,Development,Application Server,Chennai,Infrastructure Team,2026-07-25
3799,APP514,Windows Server 2022,Production,Application Server,Pune,Infrastructure Team,2026-07-25
3800,DB565,Ubuntu 22.04,Production,Database Server,Mumbai,Database Team,2026-07-25
3801,DB566,Windows Server 2022,Production,Database Server,Chennai,Database Team,2026-07-25
3802,WEB563,Windows Server 2019,Development,Web Server,Hyderabad,Linux Team,2026-07-25
3803,AUTH552,RHEL 8,Testing,Authentication Server,Hyderabad,Security Team,2026-07-25
3804,APP515,Windows Server 2022,UAT,Application Server,Pune,Infrastructure Team,2026-07-25
3805,APP516,Ubuntu 22.04,Production,Application Server,Hyderabad,Infrastructure Team,2026-07-25
3806,WEB564,Windows Server 2019,Development,Web Server,Hyderabad,Linux Team,2026-07-25
3807,API544,Ubuntu 22.04,Production,API Server,Mumbai,Infrastructure Team,2026-07-25
3808,FILE519,RHEL 9,Testing,File Server,Mumbai,Windows Team,2026-07-25
3809,APP517,RHEL 9,UAT,Application Server,Chennai,Infrastructure Team,2026-07-25
3810,FILE520,RHEL 8,UAT,File Server,Hyderabad,Windows Team,2026-07-25
3811,AUTH553,Ubuntu 22.04,Testing,Authentication Server,Mumbai,Security Team,2026-07-25
3812,DB567,Windows Server 2022,Testing,Database Server,Chennai,Database Team,2026-07-25
3813,WEB565,RHEL 9,UAT,Web Server,Bangalore,Linux Team,2026-07-25
3814,DB568,Ubuntu 22.04,UAT,Database Server,Mumbai,Database Team,2026-07-25
3815,APP518,Windows Server 2019,Development,Application Server,Mumbai,Infrastructure Team,2026-07-25
3816,WEB566,Windows Server 2022,Production,Web Server,Pune,Linux Team,2026-07-25
3817,FILE521,RHEL 9,Testing,File Server,Hyderabad,Windows Team,2026-07-25
3818,MAIL548,Windows Server 2019,UAT,Mail Server,Hyderabad,Messaging Team,2026-07-25
3819,DB569,Windows Server 2022,Development,Database Server,Mumbai,Database Team,2026-07-25
3820,API545,Ubuntu 22.04,Testing,API Server,Chennai,Infrastructure Team,2026-07-25
3821,MAIL549,RHEL 9,Testing,Mail Server,Mumbai,Messaging Team,2026-07-25
3822,APP519,RHEL 8,Testing,Application Server,Hyderabad,Infrastructure Team,2026-07-25
3823,DB570,Ubuntu 22.04,Development,Database Server,Chennai,Database Team,2026-07-25
3824,MAIL550,Windows Server 2022,Production,Mail Server,Bangalore,Messaging Team,2026-07-25
3825,AUTH554,RHEL 9,Development,Authentication Server,Hyderabad,Security Team,2026-07-25
3826,APP520,Windows Server 2019,Development,Application Server,Mumbai,Infrastructure Team,2026-07-25
3827,APP521,Ubuntu 22.04,Development,Application Server,Hyderabad,Infrastructure Team,2026-07-25
3828,MAIL551,RHEL 8,Development,Mail Server,Bangalore,Messaging Team,2026-07-25
3829,MAIL552,RHEL 9,Testing,Mail Server,Pune,Messaging Team,2026-07-25
3830,APP522,Windows Server 2022,Production,Application Server,Hyderabad,Infrastructure Team,2026-07-25
3831,API546,RHEL 8,Production,API Server,Chennai,Infrastructure Team,2026-07-25
3832,API547,Ubuntu 22.04,Development,API Server,Bangalore,Infrastructure Team,2026-07-25
3833,AUTH555,RHEL 8,Testing,Authentication Server,Bangalore,Security Team,2026-07-25
3834,FILE522,Windows Server 2019,Production,File Server,Pune,Windows Team,2026-07-25
3835,WEB567,Ubuntu 22.04,Testing,Web Server,Pune,Linux Team,2026-07-25
3836,AUTH556,RHEL 8,Testing,Authentication Server,Hyderabad,Security Team,2026-07-25
3837,AUTH557,Windows Server 2019,UAT,Authentication Server,Pune,Security Team,2026-07-25
3838,APP523,Windows Server 2022,Testing,Application Server,Hyderabad,Infrastructure Team,2026-07-25
3839,DB571,Ubuntu 22.04,UAT,Database Server,Mumbai,Database Team,2026-07-25
3840,FILE523,RHEL 8,Testing,File Server,Hyderabad,Windows Team,2026-07-25
3841,AUTH558,Windows Server 2019,Development,Authentication Server,Pune,Security Team,2026-07-25
3842,AUTH559,Windows Server 2022,UAT,Authentication Server,Pune,Security Team,2026-07-25
3843,APP524,RHEL 8,Production,Application Server,Chennai,Infrastructure Team,2026-07-25
3844,API548,Windows Server 2019,UAT,API Server,Mumbai,Infrastructure Team,2026-07-25
3845,API549,Ubuntu 22.04,Testing,API Server,Chennai,Infrastructure Team,2026-07-25
3846,DB572,Ubuntu 22.04,Development,Database Server,Bangalore,Database Team,2026-07-25
3847,APP525,Ubuntu 22.04,Production,Application Server,Chennai,Infrastructure Team,2026-07-25
3848,MAIL553,RHEL 8,Development,Mail Server,Chennai,Messaging Team,2026-07-25
3849,APP526,Windows Server 2022,Testing,Application Server,Bangalore,Infrastructure Team,2026-07-25
3850,WEB568,Windows Server 2022,Testing,Web Server,Pune,Linux Team,2026-07-25
3851,FILE524,Windows Server 2019,Testing,File Server,Chennai,Windows Team,2026-07-25
3852,API550,Windows Server 2019,Testing,API Server,Pune,Infrastructure Team,2026-07-25
3853,APP527,RHEL 9,UAT,Application Server,Bangalore,Infrastructure Team,2026-07-25
3854,AUTH560,Windows Server 2022,UAT,Authentication Server,Bangalore,Security Team,2026-07-25
3855,AUTH561,Ubuntu 22.04,Development,Authentication Server,Bangalore,Security Team,2026-07-25
3856,MAIL554,Windows Server 2022,Testing,Mail Server,Pune,Messaging Team,2026-07-25
3857,WEB569,Windows Server 2019,Testing,Web Server,Chennai,Linux Team,2026-07-25
3858,WEB570,Ubuntu 22.04,Production,Web Server,Hyderabad,Linux Team,2026-07-25
3859,FILE525,Windows Server 2019,UAT,File Server,Mumbai,Windows Team,2026-07-25
3860,WEB571,RHEL 9,Testing,Web Server,Bangalore,Linux Team,2026-07-25
3861,AUTH562,Ubuntu 22.04,UAT,Authentication Server,Chennai,Security Team,2026-07-25
3862,WEB572,Windows Server 2022,Production,Web Server,Mumbai,Linux Team,2026-07-25
3863,MAIL555,Windows Server 2022,Testing,Mail Server,Hyderabad,Messaging Team,2026-07-25
3864,MAIL556,Ubuntu 22.04,UAT,Mail Server,Hyderabad,Messaging Team,2026-07-25
3865,FILE526,RHEL 9,UAT,File Server,Chennai,Windows Team,2026-07-25
3866,DB573,RHEL 9,Development,Database Server,Mumbai,Database Team,2026-07-25
3867,FILE527,RHEL 9,UAT,File Server,Bangalore,Windows Team,2026-07-25
3868,FILE528,RHEL 8,Development,File Server,Bangalore,Windows Team,2026-07-25
3869,AUTH563,Ubuntu 22.04,Development,Authentication Server,Bangalore,Security Team,2026-07-25
3870,APP528,RHEL 9,Testing,Application Server,Chennai,Infrastructure Team,2026-07-25
3871,API551,Windows Server 2019,Production,API Server,Bangalore,Infrastructure Team,2026-07-25
3872,AUTH564,RHEL 8,Production,Authentication Server,Hyderabad,Security Team,2026-07-25
3873,FILE529,RHEL 9,UAT,File Server,Mumbai,Windows Team,2026-07-25
3874,MAIL557,Windows Server 2022,Testing,Mail Server,Hyderabad,Messaging Team,2026-07-25
3875,DB574,RHEL 8,UAT,Database Server,Mumbai,Database Team,2026-07-25
3876,AUTH565,Windows Server 2019,Development,Authentication Server,Mumbai,Security Team,2026-07-25
3877,API552,RHEL 9,UAT,API Server,Chennai,Infrastructure Team,2026-07-25
3878,DB575,RHEL 8,Production,Database Server,Hyderabad,Database Team,2026-07-25
3879,APP529,Windows Server 2022,Production,Application Server,Pune,Infrastructure Team,2026-07-25
3880,API553,RHEL 9,Development,API Server,Pune,Infrastructure Team,2026-07-25
3881,WEB573,Ubuntu 22.04,Production,Web Server,Hyderabad,Linux Team,2026-07-25
3882,WEB574,Ubuntu 22.04,Development,Web Server,Chennai,Linux Team,2026-07-25
3883,APP530,Windows Server 2019,Development,Application Server,Hyderabad,Infrastructure Team,2026-07-25
3884,API554,Windows Server 2022,UAT,API Server,Hyderabad,Infrastructure Team,2026-07-25
3885,AUTH566,RHEL 9,Production,Authentication Server,Hyderabad,Security Team,2026-07-25
3886,WEB575,Ubuntu 22.04,Testing,Web Server,Mumbai,Linux Team,2026-07-25
3887,WEB576,Ubuntu 22.04,Development,Web Server,Bangalore,Linux Team,2026-07-25
3888,MAIL558,RHEL 8,UAT,Mail Server,Mumbai,Messaging Team,2026-07-25
3889,MAIL559,RHEL 9,UAT,Mail Server,Pune,Messaging Team,2026-07-25
3890,APP531,Ubuntu 22.04,Production,Application Server,Chennai,Infrastructure Team,2026-07-25
3891,MAIL560,Ubuntu 22.04,Development,Mail Server,Chennai,Messaging Team,2026-07-25
3892,APP532,Windows Server 2019,UAT,Application Server,Chennai,Infrastructure Team,2026-07-25
3893,API555,Ubuntu 22.04,Testing,API Server,Mumbai,Infrastructure Team,2026-07-25
3894,DB576,Windows Server 2022,Development,Database Server,Chennai,Database Team,2026-07-25
3895,WEB577,RHEL 8,Testing,Web Server,Hyderabad,Linux Team,2026-07-25
3896,DB577,Windows Server 2022,Development,Database Server,Bangalore,Database Team,2026-07-25
3897,DB578,Windows Server 2019,Production,Database Server,Pune,Database Team,2026-07-25
3898,WEB578,Windows Server 2022,Testing,Web Server,Chennai,Linux Team,2026-07-25
3899,API556,Windows Server 2019,UAT,API Server,Chennai,Infrastructure Team,2026-07-25
3900,FILE530,Windows Server 2022,Development,File Server,Bangalore,Windows Team,2026-07-25
3901,FILE531,RHEL 9,UAT,File Server,Pune,Windows Team,2026-07-25
3902,APP533,Ubuntu 22.04,Production,Application Server,Pune,Infrastructure Team,2026-07-25
3903,WEB579,RHEL 9,Development,Web Server,Mumbai,Linux Team,2026-07-25
3904,WEB580,Windows Server 2022,UAT,Web Server,Pune,Linux Team,2026-07-25
3905,APP534,RHEL 8,Development,Application Server,Hyderabad,Infrastructure Team,2026-07-25
3906,MAIL561,Ubuntu 22.04,UAT,Mail Server,Mumbai,Messaging Team,2026-07-25
3907,FILE532,Windows Server 2019,Testing,File Server,Chennai,Windows Team,2026-07-25
3908,APP535,Ubuntu 22.04,Production,Application Server,Hyderabad,Infrastructure Team,2026-07-25
3909,API557,Windows Server 2019,Production,API Server,Bangalore,Infrastructure Team,2026-07-25
3910,FILE533,Ubuntu 22.04,UAT,File Server,Hyderabad,Windows Team,2026-07-25
3911,API558,RHEL 9,UAT,API Server,Bangalore,Infrastructure Team,2026-07-25
3912,MAIL562,RHEL 9,Production,Mail Server,Chennai,Messaging Team,2026-07-25
3913,APP536,Windows Server 2019,Testing,Application Server,Mumbai,Infrastructure Team,2026-07-25
3914,DB579,RHEL 8,UAT,Database Server,Hyderabad,Database Team,2026-07-25
3915,WEB581,Windows Server 2022,Development,Web Server,Chennai,Linux Team,2026-07-25
3916,API559,Ubuntu 22.04,UAT,API Server,Pune,Infrastructure Team,2026-07-25
3917,MAIL563,RHEL 8,UAT,Mail Server,Hyderabad,Messaging Team,2026-07-25
3918,AUTH567,Ubuntu 22.04,Production,Authentication Server,Pune,Security Team,2026-07-25
3919,FILE534,Windows Server 2022,UAT,File Server,Hyderabad,Windows Team,2026-07-25
3920,WEB582,RHEL 8,Production,Web Server,Hyderabad,Linux Team,2026-07-25
3921,FILE535,Windows Server 2019,Testing,File Server,Mumbai,Windows Team,2026-07-25
3922,AUTH568,Windows Server 2019,UAT,Authentication Server,Bangalore,Security Team,2026-07-25
3923,FILE536,RHEL 9,Testing,File Server,Pune,Windows Team,2026-07-25
3924,WEB583,Windows Server 2022,Testing,Web Server,Hyderabad,Linux Team,2026-07-25
3925,AUTH569,RHEL 9,Development,Authentication Server,Hyderabad,Security Team,2026-07-25
3926,MAIL564,Windows Server 2019,Development,Mail Server,Mumbai,Messaging Team,2026-07-25
3927,AUTH570,Windows Server 2022,Testing,Authentication Server,Chennai,Security Team,2026-07-25
3928,DB580,RHEL 9,Testing,Database Server,Bangalore,Database Team,2026-07-25
3929,APP537,Windows Server 2022,Development,Application Server,Pune,Infrastructure Team,2026-07-25
3930,WEB584,Ubuntu 22.04,Development,Web Server,Pune,Linux Team,2026-07-25
3931,WEB585,RHEL 8,Production,Web Server,Hyderabad,Linux Team,2026-07-25
3932,APP538,Windows Server 2019,Production,Application Server,Hyderabad,Infrastructure Team,2026-07-25
3933,DB581,RHEL 8,UAT,Database Server,Mumbai,Database Team,2026-07-25
3934,DB582,Ubuntu 22.04,Production,Database Server,Mumbai,Database Team,2026-07-25
3935,AUTH571,Ubuntu 22.04,UAT,Authentication Server,Mumbai,Security Team,2026-07-25
3936,APP539,Windows Server 2022,Production,Application Server,Pune,Infrastructure Team,2026-07-25
3937,DB583,Ubuntu 22.04,UAT,Database Server,Pune,Database Team,2026-07-25
3938,WEB586,RHEL 9,Development,Web Server,Mumbai,Linux Team,2026-07-25
3939,DB584,Windows Server 2019,Development,Database Server,Hyderabad,Database Team,2026-07-25
3940,AUTH572,RHEL 8,UAT,Authentication Server,Mumbai,Security Team,2026-07-25
3941,DB585,Ubuntu 22.04,Production,Database Server,Hyderabad,Database Team,2026-07-25
3942,DB586,Ubuntu 22.04,Development,Database Server,Hyderabad,Database Team,2026-07-25
3943,DB587,Windows Server 2019,Development,Database Server,Chennai,Database Team,2026-07-25
3944,MAIL565,Ubuntu 22.04,UAT,Mail Server,Mumbai,Messaging Team,2026-07-25
3945,DB588,Ubuntu 22.04,Production,Database Server,Mumbai,Database Team,2026-07-25
3946,MAIL566,RHEL 9,Production,Mail Server,Pune,Messaging Team,2026-07-25
3947,APP540,RHEL 8,Testing,Application Server,Bangalore,Infrastructure Team,2026-07-25
3948,APP541,Windows Server 2019,Production,Application Server,Pune,Infrastructure Team,2026-07-25
3949,AUTH573,Ubuntu 22.04,Development,Authentication Server,Bangalore,Security Team,2026-07-25
3950,WEB587,Windows Server 2022,Production,Web Server,Hyderabad,Linux Team,2026-07-25
3951,APP542,RHEL 8,Testing,Application Server,Pune,Infrastructure Team,2026-07-25
3952,AUTH574,Windows Server 2022,Production,Authentication Server,Mumbai,Security Team,2026-07-25
3953,APP543,Windows Server 2022,UAT,Application Server,Bangalore,Infrastructure Team,2026-07-25
3954,AUTH575,RHEL 9,Testing,Authentication Server,Chennai,Security Team,2026-07-25
3955,API560,RHEL 8,Development,API Server,Chennai,Infrastructure Team,2026-07-25
3956,FILE537,Windows Server 2019,Development,File Server,Hyderabad,Windows Team,2026-07-25
3957,APP544,Ubuntu 22.04,Testing,Application Server,Hyderabad,Infrastructure Team,2026-07-25
3958,APP545,RHEL 9,Testing,Application Server,Hyderabad,Infrastructure Team,2026-07-25
3959,DB589,RHEL 9,Development,Database Server,Hyderabad,Database Team,2026-07-25
3960,DB590,Ubuntu 22.04,Production,Database Server,Mumbai,Database Team,2026-07-25
3961,APP546,RHEL 9,Testing,Application Server,Mumbai,Infrastructure Team,2026-07-25
3962,FILE538,Windows Server 2019,Testing,File Server,Chennai,Windows Team,2026-07-25
3963,APP547,RHEL 9,Testing,Application Server,Bangalore,Infrastructure Team,2026-07-25
3964,AUTH576,Windows Server 2022,Testing,Authentication Server,Bangalore,Security Team,2026-07-25
3965,FILE539,Windows Server 2019,UAT,File Server,Chennai,Windows Team,2026-07-25
3966,APP548,RHEL 8,Development,Application Server,Pune,Infrastructure Team,2026-07-25
3967,AUTH577,Windows Server 2022,Production,Authentication Server,Bangalore,Security Team,2026-07-25
3968,MAIL567,Windows Server 2019,Development,Mail Server,Mumbai,Messaging Team,2026-07-25
3969,DB591,Windows Server 2019,UAT,Database Server,Pune,Database Team,2026-07-25
3970,APP549,Windows Server 2019,Testing,Application Server,Bangalore,Infrastructure Team,2026-07-25
3971,FILE540,Windows Server 2019,Development,File Server,Pune,Windows Team,2026-07-25
3972,FILE541,Windows Server 2022,Development,File Server,Hyderabad,Windows Team,2026-07-25
3973,APP550,RHEL 9,UAT,Application Server,Mumbai,Infrastructure Team,2026-07-25
3974,DB592,Ubuntu 22.04,UAT,Database Server,Pune,Database Team,2026-07-25
3975,WEB588,Windows Server 2022,Development,Web Server,Hyderabad,Linux Team,2026-07-25
3976,API561,Ubuntu 22.04,UAT,API Server,Bangalore,Infrastructure Team,2026-07-25
3977,AUTH578,Ubuntu 22.04,Production,Authentication Server,Bangalore,Security Team,2026-07-25
3978,AUTH579,Windows Server 2019,Testing,Authentication Server,Bangalore,Security Team,2026-07-25
3979,APP551,Windows Server 2022,Production,Application Server,Hyderabad,Infrastructure Team,2026-07-25
3980,DB593,RHEL 8,Production,Database Server,Pune,Database Team,2026-07-25
3981,MAIL568,RHEL 8,Production,Mail Server,Mumbai,Messaging Team,2026-07-25
3982,WEB589,Windows Server 2022,Testing,Web Server,Mumbai,Linux Team,2026-07-25
3983,DB594,RHEL 9,UAT,Database Server,Bangalore,Database Team,2026-07-25
3984,APP552,Ubuntu 22.04,Testing,Application Server,Hyderabad,Infrastructure Team,2026-07-25
3985,AUTH580,Windows Server 2022,Development,Authentication Server,Pune,Security Team,2026-07-25
3986,APP553,RHEL 9,UAT,Application Server,Chennai,Infrastructure Team,2026-07-25
3987,API562,RHEL 9,Testing,API Server,Pune,Infrastructure Team,2026-07-25
3988,FILE542,Windows Server 2022,UAT,File Server,Mumbai,Windows Team,2026-07-25
3989,DB595,RHEL 8,UAT,Database Server,Pune,Database Team,2026-07-25
3990,AUTH581,Ubuntu 22.04,Development,Authentication Server,Pune,Security Team,2026-07-25
3991,MAIL569,RHEL 9,Testing,Mail Server,Bangalore,Messaging Team,2026-07-25
3992,DB596,RHEL 8,UAT,Database Server,Hyderabad,Database Team,2026-07-25
3993,APP554,Windows Server 2019,Testing,Application Server,Bangalore,Infrastructure Team,2026-07-25
3994,MAIL570,Windows Server 2022,Testing,Mail Server,Bangalore,Messaging Team,2026-07-25
3995,APP555,Ubuntu 22.04,Development,Application Server,Bangalore,Infrastructure Team,2026-07-25
3996,FILE543,Windows Server 2019,Development,File Server,Chennai,Windows Team,2026-07-25
3997,DB597,RHEL 8,UAT,Database Server,Chennai,Database Team,2026-07-25
3998,MAIL571,RHEL 9,Production,Mail Server,Hyderabad,Messaging Team,2026-07-25
3999,AUTH582,Windows Server 2019,UAT,Authentication Server,Hyderabad,Security Team,2026-07-25
4000,FILE544,RHEL 8,Production,File Server,Bangalore,Windows Team,2026-07-25
4001,FILE545,Ubuntu 22.04,Production,File Server,Pune,Windows Team,2026-07-25
4002,MAIL572,Windows Server 2019,UAT,Mail Server,Mumbai,Messaging Team,2026-07-25
4003,DB598,Windows Server 2022,Testing,Database Server,Mumbai,Database Team,2026-07-25
4004,APP556,Ubuntu 22.04,UAT,Application Server,Chennai,Infrastructure Team,2026-07-25
4005,FILE546,RHEL 8,UAT,File Server,Mumbai,Windows Team,2026-07-25
4006,APP557,Windows Server 2019,UAT,Application Server,Bangalore,Infrastructure Team,2026-07-25
4007,FILE547,RHEL 8,Production,File Server,Bangalore,Windows Team,2026-07-25
4008,API563,Windows Server 2019,Development,API Server,Pune,Infrastructure Team,2026-07-25
4009,FILE548,Windows Server 2022,Testing,File Server,Mumbai,Windows Team,2026-07-25
4010,FILE549,Windows Server 2019,Production,File Server,Hyderabad,Windows Team,2026-07-25
4011,DB599,Windows Server 2022,Development,Database Server,Bangalore,Database Team,2026-07-25
4012,AUTH583,RHEL 8,Production,Authentication Server,Mumbai,Security Team,2026-07-25
4013,FILE550,RHEL 9,UAT,File Server,Hyderabad,Windows Team,2026-07-25
4014,API564,Windows Server 2019,Testing,API Server,Bangalore,Infrastructure Team,2026-07-25
4015,WEB590,Windows Server 2019,Testing,Web Server,Mumbai,Linux Team,2026-07-25
4016,APP558,Windows Server 2019,Development,Application Server,Chennai,Infrastructure Team,2026-07-25
4017,MAIL573,Ubuntu 22.04,Development,Mail Server,Hyderabad,Messaging Team,2026-07-25
4018,API565,Windows Server 2019,Production,API Server,Chennai,Infrastructure Team,2026-07-25
4019,DB600,RHEL 8,Production,Database Server,Hyderabad,Database Team,2026-07-25
4020,API566,Windows Server 2019,Production,API Server,Mumbai,Infrastructure Team,2026-07-25
4021,APP559,Ubuntu 22.04,Development,Application Server,Pune,Infrastructure Team,2026-07-25
4022,FILE551,Windows Server 2022,Production,File Server,Mumbai,Windows Team,2026-07-25
4023,MAIL574,Ubuntu 22.04,Testing,Mail Server,Hyderabad,Messaging Team,2026-07-25
4024,WEB591,Windows Server 2022,Testing,Web Server,Mumbai,Linux Team,2026-07-25
4025,WEB592,Windows Server 2022,UAT,Web Server,Mumbai,Linux Team,2026-07-25
4026,DB601,Windows Server 2019,UAT,Database Server,Chennai,Database Team,2026-07-25
4027,AUTH584,Ubuntu 22.04,Production,Authentication Server,Chennai,Security Team,2026-07-25
4028,DB602,Ubuntu 22.04,Production,Database Server,Pune,Database Team,2026-07-25
4029,APP560,Ubuntu 22.04,Production,Application Server,Pune,Infrastructure Team,2026-07-25
4030,DB603,RHEL 9,UAT,Database Server,Chennai,Database Team,2026-07-25
4031,API567,RHEL 8,UAT,API Server,Chennai,Infrastructure Team,2026-07-25
4032,API568,RHEL 8,Testing,API Server,Mumbai,Infrastructure Team,2026-07-25
4033,FILE552,RHEL 8,Testing,File Server,Pune,Windows Team,2026-07-25
4034,WEB593,RHEL 8,Development,Web Server,Pune,Linux Team,2026-07-25
4035,DB604,RHEL 8,UAT,Database Server,Pune,Database Team,2026-07-25
4036,FILE553,RHEL 9,Production,File Server,Pune,Windows Team,2026-07-25
4037,AUTH585,Windows Server 2019,Production,Authentication Server,Bangalore,Security Team,2026-07-25
4038,WEB594,Windows Server 2019,UAT,Web Server,Hyderabad,Linux Team,2026-07-25
4039,AUTH586,RHEL 8,UAT,Authentication Server,Mumbai,Security Team,2026-07-25
4040,WEB595,Ubuntu 22.04,UAT,Web Server,Mumbai,Linux Team,2026-07-25
4041,AUTH587,RHEL 9,Production,Authentication Server,Bangalore,Security Team,2026-07-25
4042,WEB596,Ubuntu 22.04,Development,Web Server,Pune,Linux Team,2026-07-25
4043,APP561,Windows Server 2022,Production,Application Server,Pune,Infrastructure Team,2026-07-25
4044,DB605,RHEL 8,UAT,Database Server,Pune,Database Team,2026-07-25
4045,MAIL575,Windows Server 2022,UAT,Mail Server,Mumbai,Messaging Team,2026-07-25
4046,DB606,Windows Server 2019,UAT,Database Server,Bangalore,Database Team,2026-07-25
4047,MAIL576,Windows Server 2019,Production,Mail Server,Chennai,Messaging Team,2026-07-25
4048,API569,RHEL 8,Testing,API Server,Pune,Infrastructure Team,2026-07-25
4049,API570,RHEL 8,Development,API Server,Chennai,Infrastructure Team,2026-07-25
4050,MAIL577,Windows Server 2019,Development,Mail Server,Chennai,Messaging Team,2026-07-25
4051,WEB597,RHEL 9,Development,Web Server,Hyderabad,Linux Team,2026-07-25
4052,APP562,RHEL 8,Production,Application Server,Mumbai,Infrastructure Team,2026-07-25
4053,DB607,Windows Server 2019,Development,Database Server,Chennai,Database Team,2026-07-25
4054,MAIL578,Windows Server 2022,Production,Mail Server,Pune,Messaging Team,2026-07-25
4055,DB608,RHEL 8,Testing,Database Server,Chennai,Database Team,2026-07-25
4056,FILE554,RHEL 8,Development,File Server,Mumbai,Windows Team,2026-07-25
4057,APP563,RHEL 8,Development,Application Server,Mumbai,Infrastructure Team,2026-07-25
4058,APP564,Windows Server 2022,Testing,Application Server,Pune,Infrastructure Team,2026-07-25
4059,FILE555,Windows Server 2019,Production,File Server,Mumbai,Windows Team,2026-07-25
4060,AUTH588,Windows Server 2019,UAT,Authentication Server,Pune,Security Team,2026-07-25
4061,API571,Ubuntu 22.04,Production,API Server,Hyderabad,Infrastructure Team,2026-07-25
4062,FILE556,Windows Server 2022,Testing,File Server,Mumbai,Windows Team,2026-07-25
4063,AUTH589,Windows Server 2022,Production,Authentication Server,Hyderabad,Security Team,2026-07-25
4064,DB609,Windows Server 2019,Production,Database Server,Bangalore,Database Team,2026-07-25
4065,API572,Windows Server 2019,Development,API Server,Mumbai,Infrastructure Team,2026-07-25
4066,API573,Windows Server 2022,UAT,API Server,Chennai,Infrastructure Team,2026-07-25
4067,APP565,Ubuntu 22.04,Testing,Application Server,Mumbai,Infrastructure Team,2026-07-25
4068,MAIL579,RHEL 9,Development,Mail Server,Pune,Messaging Team,2026-07-25
4069,WEB598,RHEL 9,Development,Web Server,Chennai,Linux Team,2026-07-25
4070,WEB599,Windows Server 2019,Development,Web Server,Mumbai,Linux Team,2026-07-25
4071,APP566,RHEL 9,Development,Application Server,Hyderabad,Infrastructure Team,2026-07-25
4072,API574,RHEL 8,Production,API Server,Mumbai,Infrastructure Team,2026-07-25
4073,MAIL580,RHEL 9,Testing,Mail Server,Hyderabad,Messaging Team,2026-07-25
4074,APP567,Windows Server 2019,Development,Application Server,Hyderabad,Infrastructure Team,2026-07-25
4075,MAIL581,RHEL 8,Production,Mail Server,Pune,Messaging Team,2026-07-25
4076,AUTH590,RHEL 9,Development,Authentication Server,Mumbai,Security Team,2026-07-25
4077,API575,Ubuntu 22.04,Testing,API Server,Hyderabad,Infrastructure Team,2026-07-25
4078,MAIL582,Windows Server 2022,UAT,Mail Server,Mumbai,Messaging Team,2026-07-25
4079,MAIL583,RHEL 8,UAT,Mail Server,Hyderabad,Messaging Team,2026-07-25
4080,AUTH591,RHEL 8,Development,Authentication Server,Bangalore,Security Team,2026-07-25
4081,API576,Windows Server 2022,UAT,API Server,Mumbai,Infrastructure Team,2026-07-25
4082,WEB600,Ubuntu 22.04,Testing,Web Server,Mumbai,Linux Team,2026-07-25
4083,APP568,Windows Server 2022,Production,Application Server,Pune,Infrastructure Team,2026-07-25
4084,WEB601,RHEL 9,UAT,Web Server,Hyderabad,Linux Team,2026-07-25
4085,API577,RHEL 8,Testing,API Server,Bangalore,Infrastructure Team,2026-07-25
4086,AUTH592,Windows Server 2019,UAT,Authentication Server,Mumbai,Security Team,2026-07-25
4087,FILE557,Windows Server 2019,Production,File Server,Chennai,Windows Team,2026-07-25
4088,MAIL584,RHEL 9,Development,Mail Server,Hyderabad,Messaging Team,2026-07-25
4089,DB610,Windows Server 2019,UAT,Database Server,Bangalore,Database Team,2026-07-25
4090,AUTH593,Windows Server 2022,Development,Authentication Server,Pune,Security Team,2026-07-25
4091,FILE558,Windows Server 2019,Development,File Server,Bangalore,Windows Team,2026-07-25
4092,DB611,Windows Server 2019,Development,Database Server,Pune,Database Team,2026-07-25
4093,API578,Windows Server 2022,Development,API Server,Chennai,Infrastructure Team,2026-07-25
4094,MAIL585,RHEL 9,Development,Mail Server,Mumbai,Messaging Team,2026-07-25
4095,FILE559,Ubuntu 22.04,UAT,File Server,Hyderabad,Windows Team,2026-07-25
4096,APP569,RHEL 8,UAT,Application Server,Bangalore,Infrastructure Team,2026-07-25
4097,MAIL586,Ubuntu 22.04,Testing,Mail Server,Hyderabad,Messaging Team,2026-07-25
4098,FILE560,RHEL 9,Production,File Server,Bangalore,Windows Team,2026-07-25
4099,AUTH594,RHEL 8,Production,Authentication Server,Pune,Security Team,2026-07-25
4100,APP570,RHEL 9,UAT,Application Server,Chennai,Infrastructure Team,2026-07-25
4101,FILE561,Ubuntu 22.04,Testing,File Server,Bangalore,Windows Team,2026-07-25
4102,WEB602,Windows Server 2022,UAT,Web Server,Hyderabad,Linux Team,2026-07-25
4103,FILE562,RHEL 8,Testing,File Server,Pune,Windows Team,2026-07-25
4104,API579,RHEL 8,Testing,API Server,Bangalore,Infrastructure Team,2026-07-25
4105,DB612,RHEL 9,UAT,Database Server,Mumbai,Database Team,2026-07-25
4106,WEB603,Windows Server 2019,Production,Web Server,Chennai,Linux Team,2026-07-25
4107,AUTH595,Ubuntu 22.04,Development,Authentication Server,Mumbai,Security Team,2026-07-25
4108,MAIL587,RHEL 8,UAT,Mail Server,Chennai,Messaging Team,2026-07-25
4109,WEB604,Windows Server 2022,Development,Web Server,Bangalore,Linux Team,2026-07-25
4110,APP571,Windows Server 2019,Testing,Application Server,Pune,Infrastructure Team,2026-07-25
4111,AUTH596,RHEL 9,Production,Authentication Server,Pune,Security Team,2026-07-25
4112,MAIL588,Ubuntu 22.04,Production,Mail Server,Bangalore,Messaging Team,2026-07-25
4113,MAIL589,Windows Server 2022,Development,Mail Server,Hyderabad,Messaging Team,2026-07-25
4114,WEB605,Ubuntu 22.04,Testing,Web Server,Bangalore,Linux Team,2026-07-25
4115,APP572,RHEL 8,Development,Application Server,Hyderabad,Infrastructure Team,2026-07-25
4116,WEB606,Windows Server 2022,UAT,Web Server,Mumbai,Linux Team,2026-07-25
4117,AUTH597,RHEL 9,Development,Authentication Server,Chennai,Security Team,2026-07-25
4118,WEB607,Windows Server 2019,UAT,Web Server,Chennai,Linux Team,2026-07-25
4119,WEB608,Windows Server 2022,Development,Web Server,Hyderabad,Linux Team,2026-07-25
4120,MAIL590,Ubuntu 22.04,Production,Mail Server,Hyderabad,Messaging Team,2026-07-25
4121,WEB609,Ubuntu 22.04,Development,Web Server,Mumbai,Linux Team,2026-07-25
4122,DB613,Ubuntu 22.04,Testing,Database Server,Chennai,Database Team,2026-07-25
4123,WEB610,Windows Server 2022,Development,Web Server,Chennai,Linux Team,2026-07-25
4124,DB614,Windows Server 2019,Testing,Database Server,Pune,Database Team,2026-07-25
4125,APP573,RHEL 8,Testing,Application Server,Mumbai,Infrastructure Team,2026-07-25
4126,APP574,RHEL 8,Development,Application Server,Bangalore,Infrastructure Team,2026-07-25
4127,WEB611,Ubuntu 22.04,Development,Web Server,Pune,Linux Team,2026-07-25
4128,WEB612,RHEL 8,Testing,Web Server,Chennai,Linux Team,2026-07-25
4129,AUTH598,RHEL 8,Development,Authentication Server,Mumbai,Security Team,2026-07-25
4130,MAIL591,Windows Server 2019,Testing,Mail Server,Bangalore,Messaging Team,2026-07-25
4131,API580,RHEL 9,Testing,API Server,Bangalore,Infrastructure Team,2026-07-25
4132,FILE563,RHEL 8,Development,File Server,Chennai,Windows Team,2026-07-25
4133,FILE564,Windows Server 2019,UAT,File Server,Pune,Windows Team,2026-07-25
4134,MAIL592,RHEL 9,Development,Mail Server,Hyderabad,Messaging Team,2026-07-25
4135,WEB613,RHEL 9,Development,Web Server,Pune,Linux Team,2026-07-25
4136,API581,RHEL 8,Development,API Server,Chennai,Infrastructure Team,2026-07-25
4137,WEB614,Windows Server 2019,UAT,Web Server,Pune,Linux Team,2026-07-25
4138,DB615,Ubuntu 22.04,Testing,Database Server,Bangalore,Database Team,2026-07-25
4139,APP575,RHEL 8,Production,Application Server,Bangalore,Infrastructure Team,2026-07-25
4140,DB616,RHEL 9,UAT,Database Server,Pune,Database Team,2026-07-25
4141,APP576,RHEL 9,Production,Application Server,Chennai,Infrastructure Team,2026-07-25
4142,MAIL593,Windows Server 2022,Development,Mail Server,Bangalore,Messaging Team,2026-07-25
4143,DB617,RHEL 8,Production,Database Server,Bangalore,Database Team,2026-07-25
4144,FILE565,RHEL 9,Testing,File Server,Bangalore,Windows Team,2026-07-25
4145,FILE566,RHEL 9,Testing,File Server,Chennai,Windows Team,2026-07-25
4146,API582,Ubuntu 22.04,UAT,API Server,Bangalore,Infrastructure Team,2026-07-25
4147,WEB615,Windows Server 2022,Development,Web Server,Mumbai,Linux Team,2026-07-25
4148,AUTH599,RHEL 8,UAT,Authentication Server,Mumbai,Security Team,2026-07-25
4149,API583,RHEL 8,Development,API Server,Bangalore,Infrastructure Team,2026-07-25
4150,FILE567,RHEL 8,Testing,File Server,Hyderabad,Windows Team,2026-07-25
4151,API584,Windows Server 2022,Production,API Server,Pune,Infrastructure Team,2026-07-25
4152,FILE568,RHEL 9,Testing,File Server,Mumbai,Windows Team,2026-07-25
4153,APP577,Windows Server 2022,UAT,Application Server,Bangalore,Infrastructure Team,2026-07-25
4154,DB618,RHEL 9,Testing,Database Server,Hyderabad,Database Team,2026-07-25
4155,WEB616,RHEL 9,Development,Web Server,Chennai,Linux Team,2026-07-25
4156,FILE569,Windows Server 2019,Development,File Server,Chennai,Windows Team,2026-07-25
4157,WEB617,Ubuntu 22.04,Testing,Web Server,Pune,Linux Team,2026-07-25
4158,MAIL594,Ubuntu 22.04,Development,Mail Server,Mumbai,Messaging Team,2026-07-25
4159,MAIL595,Windows Server 2019,Development,Mail Server,Mumbai,Messaging Team,2026-07-25
4160,API585,Ubuntu 22.04,Testing,API Server,Bangalore,Infrastructure Team,2026-07-25
4161,APP578,Windows Server 2022,Testing,Application Server,Mumbai,Infrastructure Team,2026-07-25
4162,API586,Windows Server 2022,UAT,API Server,Chennai,Infrastructure Team,2026-07-25
4163,MAIL596,RHEL 9,UAT,Mail Server,Chennai,Messaging Team,2026-07-25
4164,FILE570,RHEL 9,Testing,File Server,Bangalore,Windows Team,2026-07-25
4165,DB619,Windows Server 2019,UAT,Database Server,Pune,Database Team,2026-07-25
4166,WEB618,Windows Server 2022,Testing,Web Server,Hyderabad,Linux Team,2026-07-25
4167,DB620,RHEL 8,Development,Database Server,Pune,Database Team,2026-07-25
4168,MAIL597,Windows Server 2019,Production,Mail Server,Pune,Messaging Team,2026-07-25
4169,DB621,Windows Server 2019,Production,Database Server,Bangalore,Database Team,2026-07-25
4170,WEB619,Windows Server 2019,Production,Web Server,Chennai,Linux Team,2026-07-25
4171,AUTH600,Ubuntu 22.04,Development,Authentication Server,Mumbai,Security Team,2026-07-25
4172,DB622,Windows Server 2019,Testing,Database Server,Hyderabad,Database Team,2026-07-25
4173,FILE571,Ubuntu 22.04,Testing,File Server,Mumbai,Windows Team,2026-07-25
4174,FILE572,Ubuntu 22.04,UAT,File Server,Pune,Windows Team,2026-07-25
4175,DB623,Windows Server 2022,UAT,Database Server,Pune,Database Team,2026-07-25
4176,API587,Windows Server 2022,Testing,API Server,Mumbai,Infrastructure Team,2026-07-25
4177,DB624,RHEL 9,Testing,Database Server,Hyderabad,Database Team,2026-07-25
4178,WEB620,Ubuntu 22.04,Testing,Web Server,Pune,Linux Team,2026-07-25
4179,WEB621,RHEL 8,Production,Web Server,Pune,Linux Team,2026-07-25
4180,FILE573,Windows Server 2022,Production,File Server,Mumbai,Windows Team,2026-07-25
4181,AUTH601,RHEL 9,Testing,Authentication Server,Pune,Security Team,2026-07-25
4182,AUTH602,Ubuntu 22.04,Production,Authentication Server,Chennai,Security Team,2026-07-25
4183,WEB622,Windows Server 2022,Development,Web Server,Pune,Linux Team,2026-07-25
4184,APP579,RHEL 8,Development,Application Server,Bangalore,Infrastructure Team,2026-07-25
4185,AUTH603,RHEL 8,Testing,Authentication Server,Bangalore,Security Team,2026-07-25
4186,FILE574,Ubuntu 22.04,Development,File Server,Bangalore,Windows Team,2026-07-25
4187,WEB623,RHEL 8,Development,Web Server,Pune,Linux Team,2026-07-25
4188,FILE575,Windows Server 2019,UAT,File Server,Chennai,Windows Team,2026-07-25
4189,MAIL598,Ubuntu 22.04,UAT,Mail Server,Hyderabad,Messaging Team,2026-07-25
4190,AUTH604,RHEL 8,UAT,Authentication Server,Chennai,Security Team,2026-07-25
4191,APP580,RHEL 8,Testing,Application Server,Hyderabad,Infrastructure Team,2026-07-25
4192,WEB624,Ubuntu 22.04,Development,Web Server,Mumbai,Linux Team,2026-07-25
4193,FILE576,Ubuntu 22.04,Testing,File Server,Hyderabad,Windows Team,2026-07-25
4194,API588,Windows Server 2019,Testing,API Server,Pune,Infrastructure Team,2026-07-25
4195,FILE577,Windows Server 2022,UAT,File Server,Bangalore,Windows Team,2026-07-25
4196,FILE578,Windows Server 2019,UAT,File Server,Chennai,Windows Team,2026-07-25
4197,APP581,Ubuntu 22.04,UAT,Application Server,Chennai,Infrastructure Team,2026-07-25
4198,APP582,Windows Server 2019,Production,Application Server,Bangalore,Infrastructure Team,2026-07-25
4199,FILE579,Windows Server 2022,Development,File Server,Pune,Windows Team,2026-07-25
4200,AUTH605,Windows Server 2019,Production,Authentication Server,Pune,Security Team,2026-07-25
4201,FILE580,RHEL 8,UAT,File Server,Chennai,Windows Team,2026-07-25
4202,FILE581,Ubuntu 22.04,UAT,File Server,Mumbai,Windows Team,2026-07-25
4203,WEB625,Windows Server 2019,Development,Web Server,Hyderabad,Linux Team,2026-07-25
4204,MAIL599,RHEL 8,UAT,Mail Server,Bangalore,Messaging Team,2026-07-25
4205,MAIL600,Ubuntu 22.04,Production,Mail Server,Pune,Messaging Team,2026-07-25
4206,API589,Ubuntu 22.04,Production,API Server,Hyderabad,Infrastructure Team,2026-07-25
4207,MAIL601,Ubuntu 22.04,Testing,Mail Server,Bangalore,Messaging Team,2026-07-25
4208,API590,Windows Server 2019,Production,API Server,Pune,Infrastructure Team,2026-07-25
4209,DB625,RHEL 9,Testing,Database Server,Bangalore,Database Team,2026-07-25
4210,API591,Ubuntu 22.04,UAT,API Server,Hyderabad,Infrastructure Team,2026-07-25
4211,AUTH606,Windows Server 2022,Development,Authentication Server,Mumbai,Security Team,2026-07-25
4212,AUTH607,RHEL 8,Production,Authentication Server,Chennai,Security Team,2026-07-25
4213,API592,RHEL 9,Testing,API Server,Mumbai,Infrastructure Team,2026-07-25
4214,APP583,Windows Server 2022,Production,Application Server,Chennai,Infrastructure Team,2026-07-25
4215,FILE582,RHEL 8,Production,File Server,Chennai,Windows Team,2026-07-25
4216,MAIL602,Windows Server 2022,Testing,Mail Server,Chennai,Messaging Team,2026-07-25
4217,MAIL603,Windows Server 2022,Development,Mail Server,Mumbai,Messaging Team,2026-07-25
4218,WEB626,RHEL 8,Production,Web Server,Hyderabad,Linux Team,2026-07-25
4219,APP584,Windows Server 2019,Testing,Application Server,Mumbai,Infrastructure Team,2026-07-25
4220,AUTH608,RHEL 8,Production,Authentication Server,Hyderabad,Security Team,2026-07-25
4221,MAIL604,RHEL 8,UAT,Mail Server,Pune,Messaging Team,2026-07-25
4222,FILE583,RHEL 8,Development,File Server,Chennai,Windows Team,2026-07-25
4223,APP585,Windows Server 2022,Production,Application Server,Pune,Infrastructure Team,2026-07-25
4224,API593,RHEL 9,Production,API Server,Bangalore,Infrastructure Team,2026-07-25
4225,API594,RHEL 9,Testing,API Server,Mumbai,Infrastructure Team,2026-07-25
4226,AUTH609,Windows Server 2022,Development,Authentication Server,Mumbai,Security Team,2026-07-25
4227,DB626,Windows Server 2022,UAT,Database Server,Pune,Database Team,2026-07-25
4228,WEB627,Windows Server 2022,Testing,Web Server,Pune,Linux Team,2026-07-25
4229,AUTH610,RHEL 9,Development,Authentication Server,Pune,Security Team,2026-07-25
4230,DB627,RHEL 8,Production,Database Server,Pune,Database Team,2026-07-25
4231,AUTH611,Ubuntu 22.04,Production,Authentication Server,Hyderabad,Security Team,2026-07-25
4232,APP586,Windows Server 2022,Development,Application Server,Pune,Infrastructure Team,2026-07-25
4233,API595,Windows Server 2022,UAT,API Server,Pune,Infrastructure Team,2026-07-25
4234,AUTH612,Windows Server 2022,Testing,Authentication Server,Pune,Security Team,2026-07-25
4235,FILE584,RHEL 9,UAT,File Server,Bangalore,Windows Team,2026-07-25
4236,AUTH613,Ubuntu 22.04,Production,Authentication Server,Mumbai,Security Team,2026-07-25
4237,WEB628,Ubuntu 22.04,Production,Web Server,Hyderabad,Linux Team,2026-07-25
4238,FILE585,RHEL 8,Testing,File Server,Chennai,Windows Team,2026-07-25
4239,AUTH614,Ubuntu 22.04,Testing,Authentication Server,Bangalore,Security Team,2026-07-25
4240,FILE586,Ubuntu 22.04,UAT,File Server,Pune,Windows Team,2026-07-25
4241,AUTH615,Windows Server 2019,Development,Authentication Server,Hyderabad,Security Team,2026-07-25
4242,AUTH616,Windows Server 2022,Production,Authentication Server,Bangalore,Security Team,2026-07-25
4243,MAIL605,Windows Server 2019,UAT,Mail Server,Hyderabad,Messaging Team,2026-07-25
4244,WEB629,RHEL 9,Development,Web Server,Chennai,Linux Team,2026-07-25
4245,APP587,Windows Server 2019,Testing,Application Server,Hyderabad,Infrastructure Team,2026-07-25
4246,APP588,Windows Server 2019,Testing,Application Server,Mumbai,Infrastructure Team,2026-07-25
4247,APP589,RHEL 9,Production,Application Server,Hyderabad,Infrastructure Team,2026-07-25
4248,FILE587,Windows Server 2019,Production,File Server,Pune,Windows Team,2026-07-25
4249,WEB630,RHEL 9,Testing,Web Server,Hyderabad,Linux Team,2026-07-25
4250,AUTH617,RHEL 9,UAT,Authentication Server,Pune,Security Team,2026-07-25
4251,AUTH618,RHEL 9,UAT,Authentication Server,Pune,Security Team,2026-07-25
4252,APP590,RHEL 8,UAT,Application Server,Pune,Infrastructure Team,2026-07-25
4253,AUTH619,RHEL 8,Production,Authentication Server,Bangalore,Security Team,2026-07-25
4254,DB628,Windows Server 2022,Testing,Database Server,Chennai,Database Team,2026-07-25
4255,FILE588,RHEL 9,Testing,File Server,Pune,Windows Team,2026-07-25
4256,WEB631,Windows Server 2019,Development,Web Server,Chennai,Linux Team,2026-07-25
4257,MAIL606,RHEL 8,Production,Mail Server,Pune,Messaging Team,2026-07-25
4258,API596,Windows Server 2019,UAT,API Server,Mumbai,Infrastructure Team,2026-07-25
4259,AUTH620,Windows Server 2022,Production,Authentication Server,Bangalore,Security Team,2026-07-25
4260,AUTH621,RHEL 8,Production,Authentication Server,Pune,Security Team,2026-07-25
4261,API597,RHEL 8,Testing,API Server,Hyderabad,Infrastructure Team,2026-07-25
4262,MAIL607,RHEL 9,Development,Mail Server,Pune,Messaging Team,2026-07-25
4263,MAIL608,Windows Server 2022,Testing,Mail Server,Hyderabad,Messaging Team,2026-07-25
4264,WEB632,Windows Server 2019,Development,Web Server,Pune,Linux Team,2026-07-25
4265,MAIL609,RHEL 8,Testing,Mail Server,Pune,Messaging Team,2026-07-25
4266,API598,Ubuntu 22.04,Development,API Server,Chennai,Infrastructure Team,2026-07-25
4267,AUTH622,Ubuntu 22.04,UAT,Authentication Server,Pune,Security Team,2026-07-25
4268,WEB633,Windows Server 2022,Production,Web Server,Hyderabad,Linux Team,2026-07-25
4269,WEB634,Windows Server 2019,Development,Web Server,Bangalore,Linux Team,2026-07-25
4270,APP591,Windows Server 2022,Development,Application Server,Hyderabad,Infrastructure Team,2026-07-25
4271,APP592,Ubuntu 22.04,Production,Application Server,Bangalore,Infrastructure Team,2026-07-25
4272,APP593,Windows Server 2022,Testing,Application Server,Bangalore,Infrastructure Team,2026-07-25
4273,API599,RHEL 8,Production,API Server,Pune,Infrastructure Team,2026-07-25
4274,AUTH623,Windows Server 2022,Testing,Authentication Server,Pune,Security Team,2026-07-25
4275,DB629,Ubuntu 22.04,Production,Database Server,Hyderabad,Database Team,2026-07-25
4276,MAIL610,RHEL 9,Testing,Mail Server,Chennai,Messaging Team,2026-07-25
4277,AUTH624,Ubuntu 22.04,Testing,Authentication Server,Pune,Security Team,2026-07-25
4278,APP594,RHEL 9,UAT,Application Server,Hyderabad,Infrastructure Team,2026-07-25
4279,FILE589,Windows Server 2022,Production,File Server,Hyderabad,Windows Team,2026-07-25
4280,WEB635,Windows Server 2019,Testing,Web Server,Bangalore,Linux Team,2026-07-25
4281,FILE590,Windows Server 2022,Development,File Server,Chennai,Windows Team,2026-07-25
4282,MAIL611,RHEL 8,UAT,Mail Server,Hyderabad,Messaging Team,2026-07-25
4283,WEB636,RHEL 8,UAT,Web Server,Mumbai,Linux Team,2026-07-25
4284,WEB637,RHEL 9,Development,Web Server,Mumbai,Linux Team,2026-07-25
4285,APP595,RHEL 8,Testing,Application Server,Hyderabad,Infrastructure Team,2026-07-25
4286,FILE591,RHEL 9,UAT,File Server,Chennai,Windows Team,2026-07-25
4287,WEB638,Windows Server 2022,Production,Web Server,Chennai,Linux Team,2026-07-25
4288,FILE592,Ubuntu 22.04,Testing,File Server,Mumbai,Windows Team,2026-07-25
4289,WEB639,RHEL 8,Testing,Web Server,Bangalore,Linux Team,2026-07-25
4290,API600,Windows Server 2019,UAT,API Server,Hyderabad,Infrastructure Team,2026-07-25
4291,APP596,RHEL 8,Development,Application Server,Hyderabad,Infrastructure Team,2026-07-25
4292,WEB640,RHEL 8,Production,Web Server,Chennai,Linux Team,2026-07-25
4293,APP597,Windows Server 2019,Testing,Application Server,Bangalore,Infrastructure Team,2026-07-25
4294,API601,Windows Server 2019,Production,API Server,Hyderabad,Infrastructure Team,2026-07-25
4295,API602,RHEL 9,UAT,API Server,Mumbai,Infrastructure Team,2026-07-25
4296,FILE593,Ubuntu 22.04,Production,File Server,Mumbai,Windows Team,2026-07-25
4297,WEB641,RHEL 9,UAT,Web Server,Bangalore,Linux Team,2026-07-25
4298,API603,RHEL 9,Testing,API Server,Bangalore,Infrastructure Team,2026-07-25
4299,DB630,RHEL 9,Development,Database Server,Hyderabad,Database Team,2026-07-25
4300,APP598,Ubuntu 22.04,Production,Application Server,Bangalore,Infrastructure Team,2026-07-25
4301,DB631,RHEL 9,Testing,Database Server,Hyderabad,Database Team,2026-07-25
4302,DB632,RHEL 8,Testing,Database Server,Pune,Database Team,2026-07-25
4303,APP599,Windows Server 2022,Production,Application Server,Bangalore,Infrastructure Team,2026-07-25
4304,APP600,RHEL 8,UAT,Application Server,Bangalore,Infrastructure Team,2026-07-25
4305,DB633,RHEL 8,UAT,Database Server,Mumbai,Database Team,2026-07-25
4306,API604,Windows Server 2019,Production,API Server,Chennai,Infrastructure Team,2026-07-25
4307,MAIL612,RHEL 9,Development,Mail Server,Chennai,Messaging Team,2026-07-25
4308,DB634,RHEL 9,Production,Database Server,Bangalore,Database Team,2026-07-25
4309,MAIL613,RHEL 8,Production,Mail Server,Pune,Messaging Team,2026-07-25
4310,MAIL614,Windows Server 2019,Production,Mail Server,Hyderabad,Messaging Team,2026-07-25
4311,DB635,Ubuntu 22.04,UAT,Database Server,Bangalore,Database Team,2026-07-25
4312,FILE594,Windows Server 2022,Testing,File Server,Mumbai,Windows Team,2026-07-25
4313,API605,Windows Server 2019,Production,API Server,Bangalore,Infrastructure Team,2026-07-25
4314,WEB642,Windows Server 2019,Development,Web Server,Mumbai,Linux Team,2026-07-25
4315,MAIL615,RHEL 9,Production,Mail Server,Mumbai,Messaging Team,2026-07-25
4316,API606,RHEL 9,Development,API Server,Mumbai,Infrastructure Team,2026-07-25
4317,WEB643,Windows Server 2019,Production,Web Server,Hyderabad,Linux Team,2026-07-25
4318,DB636,Ubuntu 22.04,Development,Database Server,Chennai,Database Team,2026-07-25
4319,DB637,RHEL 9,UAT,Database Server,Chennai,Database Team,2026-07-25
4320,API607,RHEL 9,Development,API Server,Chennai,Infrastructure Team,2026-07-25
4321,WEB644,RHEL 8,Development,Web Server,Pune,Linux Team,2026-07-25
4322,DB638,RHEL 8,UAT,Database Server,Chennai,Database Team,2026-07-25
4323,FILE595,RHEL 8,UAT,File Server,Bangalore,Windows Team,2026-07-25
4324,WEB645,RHEL 8,Production,Web Server,Hyderabad,Linux Team,2026-07-25
4325,FILE596,Windows Server 2019,Development,File Server,Chennai,Windows Team,2026-07-25
4326,AUTH625,RHEL 8,Development,Authentication Server,Chennai,Security Team,2026-07-25
4327,WEB646,Ubuntu 22.04,Testing,Web Server,Chennai,Linux Team,2026-07-25
4328,MAIL616,RHEL 8,Development,Mail Server,Bangalore,Messaging Team,2026-07-25
4329,API608,Windows Server 2022,Testing,API Server,Chennai,Infrastructure Team,2026-07-25
4330,DB639,RHEL 9,Production,Database Server,Mumbai,Database Team,2026-07-25
4331,MAIL617,Windows Server 2022,Production,Mail Server,Mumbai,Messaging Team,2026-07-25
4332,FILE597,RHEL 9,Development,File Server,Mumbai,Windows Team,2026-07-25
4333,DB640,RHEL 8,UAT,Database Server,Bangalore,Database Team,2026-07-25
4334,FILE598,Windows Server 2022,Production,File Server,Bangalore,Windows Team,2026-07-25
4335,FILE599,Windows Server 2019,Development,File Server,Chennai,Windows Team,2026-07-25
4336,MAIL618,Ubuntu 22.04,Development,Mail Server,Chennai,Messaging Team,2026-07-25
4337,AUTH626,RHEL 9,UAT,Authentication Server,Hyderabad,Security Team,2026-07-25
4338,MAIL619,Windows Server 2022,UAT,Mail Server,Hyderabad,Messaging Team,2026-07-25
4339,DB641,RHEL 9,Production,Database Server,Hyderabad,Database Team,2026-07-25
4340,WEB647,RHEL 8,Testing,Web Server,Chennai,Linux Team,2026-07-25
4341,APP601,RHEL 8,UAT,Application Server,Hyderabad,Infrastructure Team,2026-07-25
4342,AUTH627,Windows Server 2022,Development,Authentication Server,Pune,Security Team,2026-07-25
4343,APP602,RHEL 9,Testing,Application Server,Pune,Infrastructure Team,2026-07-25
4344,WEB648,Ubuntu 22.04,Testing,Web Server,Hyderabad,Linux Team,2026-07-25
4345,AUTH628,RHEL 8,Development,Authentication Server,Mumbai,Security Team,2026-07-25
4346,APP603,Windows Server 2022,Testing,Application Server,Bangalore,Infrastructure Team,2026-07-25
4347,AUTH629,RHEL 8,UAT,Authentication Server,Chennai,Security Team,2026-07-25
4348,DB642,Windows Server 2019,Testing,Database Server,Mumbai,Database Team,2026-07-25
4349,WEB649,Ubuntu 22.04,Production,Web Server,Pune,Linux Team,2026-07-25
4350,DB643,RHEL 9,Testing,Database Server,Bangalore,Database Team,2026-07-25
4351,API609,Windows Server 2022,UAT,API Server,Hyderabad,Infrastructure Team,2026-07-25
4352,FILE600,Windows Server 2019,Development,File Server,Hyderabad,Windows Team,2026-07-25
4353,AUTH630,Ubuntu 22.04,Development,Authentication Server,Bangalore,Security Team,2026-07-25
4354,DB644,RHEL 8,UAT,Database Server,Bangalore,Database Team,2026-07-25
4355,APP604,Windows Server 2022,Production,Application Server,Bangalore,Infrastructure Team,2026-07-25
4356,API610,Windows Server 2019,UAT,API Server,Bangalore,Infrastructure Team,2026-07-25
4357,APP605,RHEL 9,UAT,Application Server,Chennai,Infrastructure Team,2026-07-25
4358,DB645,Windows Server 2022,Production,Database Server,Hyderabad,Database Team,2026-07-25
4359,WEB650,RHEL 8,UAT,Web Server,Pune,Linux Team,2026-07-25
4360,AUTH631,RHEL 8,Production,Authentication Server,Mumbai,Security Team,2026-07-25
4361,API611,RHEL 8,Production,API Server,Pune,Infrastructure Team,2026-07-25
4362,API612,RHEL 9,UAT,API Server,Chennai,Infrastructure Team,2026-07-25
4363,MAIL620,Windows Server 2019,Development,Mail Server,Chennai,Messaging Team,2026-07-25
4364,FILE601,Windows Server 2022,UAT,File Server,Bangalore,Windows Team,2026-07-25
4365,DB646,RHEL 9,Testing,Database Server,Pune,Database Team,2026-07-25
4366,MAIL621,RHEL 8,UAT,Mail Server,Bangalore,Messaging Team,2026-07-25
4367,AUTH632,RHEL 8,Testing,Authentication Server,Mumbai,Security Team,2026-07-25
4368,MAIL622,RHEL 8,Development,Mail Server,Chennai,Messaging Team,2026-07-25
4369,API613,Ubuntu 22.04,UAT,API Server,Chennai,Infrastructure Team,2026-07-25
4370,MAIL623,RHEL 8,UAT,Mail Server,Mumbai,Messaging Team,2026-07-25
4371,DB647,RHEL 8,Testing,Database Server,Mumbai,Database Team,2026-07-25
4372,WEB651,RHEL 9,Production,Web Server,Pune,Linux Team,2026-07-25
4373,DB648,RHEL 8,UAT,Database Server,Mumbai,Database Team,2026-07-25
4374,MAIL624,RHEL 8,Production,Mail Server,Chennai,Messaging Team,2026-07-25
4375,FILE602,Ubuntu 22.04,Production,File Server,Hyderabad,Windows Team,2026-07-25
4376,FILE603,Ubuntu 22.04,Testing,File Server,Mumbai,Windows Team,2026-07-25
4377,APP606,Windows Server 2022,Production,Application Server,Bangalore,Infrastructure Team,2026-07-25
4378,WEB652,Windows Server 2022,Testing,Web Server,Hyderabad,Linux Team,2026-07-25
4379,API614,Windows Server 2022,Development,API Server,Pune,Infrastructure Team,2026-07-25
4380,AUTH633,RHEL 8,Testing,Authentication Server,Bangalore,Security Team,2026-07-25
4381,MAIL625,Ubuntu 22.04,UAT,Mail Server,Bangalore,Messaging Team,2026-07-25
4382,APP607,Ubuntu 22.04,UAT,Application Server,Pune,Infrastructure Team,2026-07-25
4383,APP608,Windows Server 2022,Testing,Application Server,Bangalore,Infrastructure Team,2026-07-25
4384,API615,Ubuntu 22.04,Production,API Server,Hyderabad,Infrastructure Team,2026-07-25
4385,DB649,RHEL 9,Testing,Database Server,Chennai,Database Team,2026-07-25
4386,MAIL626,RHEL 8,Development,Mail Server,Pune,Messaging Team,2026-07-25
4387,APP609,RHEL 9,UAT,Application Server,Chennai,Infrastructure Team,2026-07-25
4388,APP610,Windows Server 2022,Testing,Application Server,Mumbai,Infrastructure Team,2026-07-25
4389,DB650,Windows Server 2022,Development,Database Server,Pune,Database Team,2026-07-25
4390,MAIL627,RHEL 8,Development,Mail Server,Chennai,Messaging Team,2026-07-25
4391,API616,Ubuntu 22.04,Development,API Server,Chennai,Infrastructure Team,2026-07-25
4392,FILE604,RHEL 9,Development,File Server,Pune,Windows Team,2026-07-25
4393,DB651,Ubuntu 22.04,Production,Database Server,Bangalore,Database Team,2026-07-25
4394,AUTH634,RHEL 9,Development,Authentication Server,Bangalore,Security Team,2026-07-25
4395,API617,Windows Server 2022,Testing,API Server,Hyderabad,Infrastructure Team,2026-07-25
4396,DB652,RHEL 9,UAT,Database Server,Pune,Database Team,2026-07-25
4397,MAIL628,Ubuntu 22.04,Testing,Mail Server,Bangalore,Messaging Team,2026-07-25
4398,AUTH635,Ubuntu 22.04,UAT,Authentication Server,Bangalore,Security Team,2026-07-25
4399,WEB653,Windows Server 2019,Testing,Web Server,Chennai,Linux Team,2026-07-25
4400,WEB654,RHEL 8,Testing,Web Server,Chennai,Linux Team,2026-07-25
4401,API618,Windows Server 2022,UAT,API Server,Bangalore,Infrastructure Team,2026-07-25
4402,AUTH636,Windows Server 2022,Production,Authentication Server,Hyderabad,Security Team,2026-07-25
4403,DB653,RHEL 9,UAT,Database Server,Pune,Database Team,2026-07-25
4404,AUTH637,Windows Server 2019,Production,Authentication Server,Pune,Security Team,2026-07-25
4405,MAIL629,Windows Server 2019,Development,Mail Server,Pune,Messaging Team,2026-07-25
4406,APP611,RHEL 8,Production,Application Server,Hyderabad,Infrastructure Team,2026-07-25
4407,FILE605,RHEL 8,Production,File Server,Chennai,Windows Team,2026-07-25
4408,API619,Windows Server 2019,Development,API Server,Pune,Infrastructure Team,2026-07-25
4409,MAIL630,RHEL 8,Development,Mail Server,Chennai,Messaging Team,2026-07-25
4410,WEB655,Ubuntu 22.04,Development,Web Server,Hyderabad,Linux Team,2026-07-25
4411,AUTH638,RHEL 8,Development,Authentication Server,Pune,Security Team,2026-07-25
4412,MAIL631,RHEL 9,Development,Mail Server,Pune,Messaging Team,2026-07-25
4413,WEB656,Windows Server 2019,Production,Web Server,Bangalore,Linux Team,2026-07-25
4414,MAIL632,Ubuntu 22.04,Testing,Mail Server,Hyderabad,Messaging Team,2026-07-25
4415,FILE606,RHEL 8,UAT,File Server,Pune,Windows Team,2026-07-25
4416,MAIL633,RHEL 8,Development,Mail Server,Bangalore,Messaging Team,2026-07-25
4417,MAIL634,Windows Server 2019,Testing,Mail Server,Bangalore,Messaging Team,2026-07-25
4418,FILE607,RHEL 8,Development,File Server,Mumbai,Windows Team,2026-07-25
4419,AUTH639,Windows Server 2022,Production,Authentication Server,Chennai,Security Team,2026-07-25
4420,WEB657,Windows Server 2019,Production,Web Server,Mumbai,Linux Team,2026-07-25
4421,WEB658,Ubuntu 22.04,Testing,Web Server,Hyderabad,Linux Team,2026-07-25
4422,APP612,Ubuntu 22.04,Testing,Application Server,Bangalore,Infrastructure Team,2026-07-25
4423,AUTH640,Windows Server 2022,UAT,Authentication Server,Mumbai,Security Team,2026-07-25
4424,API620,Windows Server 2022,UAT,API Server,Chennai,Infrastructure Team,2026-07-25
4425,WEB659,Ubuntu 22.04,Development,Web Server,Bangalore,Linux Team,2026-07-25
4426,WEB660,RHEL 8,UAT,Web Server,Chennai,Linux Team,2026-07-25
4427,MAIL635,Windows Server 2022,Development,Mail Server,Bangalore,Messaging Team,2026-07-25
4428,DB654,Ubuntu 22.04,Development,Database Server,Pune,Database Team,2026-07-25
4429,APP613,Windows Server 2022,Development,Application Server,Bangalore,Infrastructure Team,2026-07-25
4430,WEB661,Windows Server 2019,Production,Web Server,Chennai,Linux Team,2026-07-25
4431,APP614,RHEL 9,UAT,Application Server,Mumbai,Infrastructure Team,2026-07-25
4432,AUTH641,RHEL 8,Testing,Authentication Server,Pune,Security Team,2026-07-25
4433,AUTH642,Ubuntu 22.04,Testing,Authentication Server,Chennai,Security Team,2026-07-25
4434,APP615,RHEL 9,Testing,Application Server,Chennai,Infrastructure Team,2026-07-25
4435,AUTH643,Windows Server 2019,UAT,Authentication Server,Chennai,Security Team,2026-07-25
4436,WEB662,Ubuntu 22.04,Development,Web Server,Pune,Linux Team,2026-07-25
4437,APP616,RHEL 9,Production,Application Server,Pune,Infrastructure Team,2026-07-25
4438,DB655,Windows Server 2019,Testing,Database Server,Chennai,Database Team,2026-07-25
4439,API621,Windows Server 2019,Production,API Server,Bangalore,Infrastructure Team,2026-07-25
4440,FILE608,Windows Server 2022,UAT,File Server,Pune,Windows Team,2026-07-25
4441,API622,Windows Server 2019,UAT,API Server,Bangalore,Infrastructure Team,2026-07-25
4442,MAIL636,Ubuntu 22.04,Testing,Mail Server,Hyderabad,Messaging Team,2026-07-25
4443,APP617,Windows Server 2022,Production,Application Server,Mumbai,Infrastructure Team,2026-07-25
4444,MAIL637,RHEL 8,Development,Mail Server,Pune,Messaging Team,2026-07-25
4445,MAIL638,RHEL 8,Production,Mail Server,Pune,Messaging Team,2026-07-25
4446,FILE609,Windows Server 2019,Development,File Server,Hyderabad,Windows Team,2026-07-25
4447,AUTH644,Ubuntu 22.04,Development,Authentication Server,Chennai,Security Team,2026-07-25
4448,FILE610,Ubuntu 22.04,Production,File Server,Hyderabad,Windows Team,2026-07-25
4449,DB656,Ubuntu 22.04,Development,Database Server,Pune,Database Team,2026-07-25
4450,MAIL639,RHEL 9,Testing,Mail Server,Pune,Messaging Team,2026-07-25
4451,WEB663,RHEL 8,Production,Web Server,Hyderabad,Linux Team,2026-07-25
4452,APP618,Windows Server 2019,Development,Application Server,Bangalore,Infrastructure Team,2026-07-25
4453,APP619,Windows Server 2022,Testing,Application Server,Bangalore,Infrastructure Team,2026-07-25
4454,FILE611,Windows Server 2019,Testing,File Server,Chennai,Windows Team,2026-07-25
4455,WEB664,Windows Server 2019,Production,Web Server,Chennai,Linux Team,2026-07-25
4456,AUTH645,Ubuntu 22.04,Production,Authentication Server,Mumbai,Security Team,2026-07-25
4457,FILE612,Ubuntu 22.04,Testing,File Server,Chennai,Windows Team,2026-07-25
4458,FILE613,Windows Server 2022,UAT,File Server,Hyderabad,Windows Team,2026-07-25
4459,DB657,Windows Server 2022,Testing,Database Server,Bangalore,Database Team,2026-07-25
4460,MAIL640,RHEL 8,Production,Mail Server,Mumbai,Messaging Team,2026-07-25
4461,WEB665,Windows Server 2019,Development,Web Server,Mumbai,Linux Team,2026-07-25
4462,API623,Ubuntu 22.04,Production,API Server,Mumbai,Infrastructure Team,2026-07-25
4463,WEB666,RHEL 8,Development,Web Server,Mumbai,Linux Team,2026-07-25
4464,DB658,Ubuntu 22.04,UAT,Database Server,Mumbai,Database Team,2026-07-25
4465,WEB667,Ubuntu 22.04,Production,Web Server,Bangalore,Linux Team,2026-07-25
4466,API624,Windows Server 2022,Development,API Server,Chennai,Infrastructure Team,2026-07-25
4467,MAIL641,Ubuntu 22.04,Production,Mail Server,Pune,Messaging Team,2026-07-25
4468,MAIL642,RHEL 9,Production,Mail Server,Hyderabad,Messaging Team,2026-07-25
4469,FILE614,RHEL 9,Development,File Server,Bangalore,Windows Team,2026-07-25
4470,APP620,RHEL 8,UAT,Application Server,Chennai,Infrastructure Team,2026-07-25
4471,AUTH646,Ubuntu 22.04,Testing,Authentication Server,Bangalore,Security Team,2026-07-25
4472,FILE615,RHEL 8,UAT,File Server,Bangalore,Windows Team,2026-07-25
4473,WEB668,RHEL 8,UAT,Web Server,Bangalore,Linux Team,2026-07-25
4474,WEB669,Ubuntu 22.04,Development,Web Server,Pune,Linux Team,2026-07-25
4475,WEB670,Windows Server 2019,Production,Web Server,Hyderabad,Linux Team,2026-07-25
4476,DB659,RHEL 8,Production,Database Server,Mumbai,Database Team,2026-07-25
4477,DB660,Windows Server 2019,Testing,Database Server,Hyderabad,Database Team,2026-07-25
4478,AUTH647,Windows Server 2022,Development,Authentication Server,Mumbai,Security Team,2026-07-25
4479,AUTH648,Windows Server 2019,Production,Authentication Server,Bangalore,Security Team,2026-07-25
4480,FILE616,Ubuntu 22.04,Production,File Server,Bangalore,Windows Team,2026-07-25
4481,APP621,RHEL 8,Development,Application Server,Bangalore,Infrastructure Team,2026-07-25
4482,DB661,Windows Server 2022,Production,Database Server,Hyderabad,Database Team,2026-07-25
4483,MAIL643,Windows Server 2022,UAT,Mail Server,Pune,Messaging Team,2026-07-25
4484,API625,Ubuntu 22.04,UAT,API Server,Chennai,Infrastructure Team,2026-07-25
4485,DB662,Ubuntu 22.04,UAT,Database Server,Bangalore,Database Team,2026-07-25
4486,DB663,Windows Server 2022,Testing,Database Server,Bangalore,Database Team,2026-07-25
4487,API626,RHEL 9,Development,API Server,Pune,Infrastructure Team,2026-07-25
4488,DB664,Windows Server 2019,Testing,Database Server,Hyderabad,Database Team,2026-07-25
4489,MAIL644,RHEL 8,Testing,Mail Server,Mumbai,Messaging Team,2026-07-25
4490,APP622,RHEL 8,Testing,Application Server,Mumbai,Infrastructure Team,2026-07-25
4491,MAIL645,RHEL 9,UAT,Mail Server,Mumbai,Messaging Team,2026-07-25
4492,FILE617,RHEL 8,Development,File Server,Pune,Windows Team,2026-07-25
4493,MAIL646,Windows Server 2022,Testing,Mail Server,Hyderabad,Messaging Team,2026-07-25
4494,MAIL647,Windows Server 2022,Development,Mail Server,Mumbai,Messaging Team,2026-07-25
4495,API627,RHEL 9,Testing,API Server,Hyderabad,Infrastructure Team,2026-07-25
4496,API628,Windows Server 2022,Testing,API Server,Bangalore,Infrastructure Team,2026-07-25
4497,API629,Windows Server 2019,UAT,API Server,Chennai,Infrastructure Team,2026-07-25
4498,MAIL648,Ubuntu 22.04,Production,Mail Server,Bangalore,Messaging Team,2026-07-25
4499,MAIL649,RHEL 8,Production,Mail Server,Mumbai,Messaging Team,2026-07-25
4500,FILE618,Windows Server 2019,Development,File Server,Chennai,Windows Team,2026-07-25
4501,WEB671,Windows Server 2022,Production,Web Server,Pune,Linux Team,2026-07-25
4502,FILE619,RHEL 8,Testing,File Server,Chennai,Windows Team,2026-07-25
4503,MAIL650,Ubuntu 22.04,UAT,Mail Server,Hyderabad,Messaging Team,2026-07-25
4504,APP623,RHEL 9,Production,Application Server,Mumbai,Infrastructure Team,2026-07-25
4505,WEB672,Windows Server 2022,Testing,Web Server,Mumbai,Linux Team,2026-07-25
4506,FILE620,Ubuntu 22.04,UAT,File Server,Mumbai,Windows Team,2026-07-25
4507,DB665,Windows Server 2019,Development,Database Server,Bangalore,Database Team,2026-07-25
4508,FILE621,Ubuntu 22.04,Development,File Server,Mumbai,Windows Team,2026-07-25
4509,WEB673,RHEL 9,Production,Web Server,Pune,Linux Team,2026-07-25
4510,DB666,RHEL 8,Production,Database Server,Mumbai,Database Team,2026-07-25
4511,FILE622,Windows Server 2019,Testing,File Server,Bangalore,Windows Team,2026-07-25
4512,APP624,Ubuntu 22.04,Production,Application Server,Bangalore,Infrastructure Team,2026-07-25
4513,API630,RHEL 8,Testing,API Server,Mumbai,Infrastructure Team,2026-07-25
4514,WEB674,Windows Server 2019,Production,Web Server,Mumbai,Linux Team,2026-07-25
4515,API631,RHEL 8,Production,API Server,Chennai,Infrastructure Team,2026-07-25
4516,WEB675,Ubuntu 22.04,Development,Web Server,Pune,Linux Team,2026-07-25
4517,API632,Ubuntu 22.04,Development,API Server,Pune,Infrastructure Team,2026-07-25
4518,DB667,Windows Server 2022,Production,Database Server,Chennai,Database Team,2026-07-25
4519,APP625,RHEL 9,Development,Application Server,Hyderabad,Infrastructure Team,2026-07-25
4520,FILE623,Windows Server 2019,UAT,File Server,Mumbai,Windows Team,2026-07-25
4521,APP626,RHEL 8,UAT,Application Server,Mumbai,Infrastructure Team,2026-07-25
4522,MAIL651,Windows Server 2019,Production,Mail Server,Bangalore,Messaging Team,2026-07-25
4523,MAIL652,Ubuntu 22.04,Testing,Mail Server,Mumbai,Messaging Team,2026-07-25
4524,DB668,RHEL 9,Testing,Database Server,Pune,Database Team,2026-07-25
4525,FILE624,Windows Server 2022,UAT,File Server,Bangalore,Windows Team,2026-07-25
4526,APP627,Windows Server 2022,Testing,Application Server,Bangalore,Infrastructure Team,2026-07-25
4527,FILE625,RHEL 8,Development,File Server,Bangalore,Windows Team,2026-07-25
4528,API633,RHEL 9,Testing,API Server,Pune,Infrastructure Team,2026-07-25
4529,APP628,Ubuntu 22.04,UAT,Application Server,Mumbai,Infrastructure Team,2026-07-25
4530,WEB676,RHEL 8,Production,Web Server,Chennai,Linux Team,2026-07-25
4531,WEB677,Ubuntu 22.04,UAT,Web Server,Bangalore,Linux Team,2026-07-25
4532,AUTH649,RHEL 9,UAT,Authentication Server,Chennai,Security Team,2026-07-25
4533,MAIL653,Windows Server 2022,Testing,Mail Server,Pune,Messaging Team,2026-07-25
4534,WEB678,Windows Server 2019,Development,Web Server,Chennai,Linux Team,2026-07-25
4535,DB669,RHEL 8,UAT,Database Server,Pune,Database Team,2026-07-25
4536,API634,RHEL 8,Production,API Server,Pune,Infrastructure Team,2026-07-25
4537,AUTH650,Windows Server 2019,UAT,Authentication Server,Chennai,Security Team,2026-07-25
4538,DB670,RHEL 9,Testing,Database Server,Hyderabad,Database Team,2026-07-25
4539,WEB679,RHEL 9,Production,Web Server,Chennai,Linux Team,2026-07-25
4540,MAIL654,Windows Server 2019,Testing,Mail Server,Bangalore,Messaging Team,2026-07-25
4541,FILE626,Windows Server 2019,UAT,File Server,Pune,Windows Team,2026-07-25
4542,FILE627,Ubuntu 22.04,Development,File Server,Bangalore,Windows Team,2026-07-25
4543,DB671,RHEL 8,Development,Database Server,Mumbai,Database Team,2026-07-25
4544,WEB680,Windows Server 2019,UAT,Web Server,Hyderabad,Linux Team,2026-07-25
4545,API635,RHEL 8,Testing,API Server,Mumbai,Infrastructure Team,2026-07-25
4546,FILE628,Ubuntu 22.04,Development,File Server,Chennai,Windows Team,2026-07-25
4547,AUTH651,Windows Server 2022,Production,Authentication Server,Hyderabad,Security Team,2026-07-25
4548,AUTH652,Windows Server 2019,Testing,Authentication Server,Pune,Security Team,2026-07-25
4549,DB672,RHEL 9,Development,Database Server,Mumbai,Database Team,2026-07-25
4550,APP629,Windows Server 2022,Production,Application Server,Pune,Infrastructure Team,2026-07-25
4551,API636,Windows Server 2019,UAT,API Server,Pune,Infrastructure Team,2026-07-25
4552,APP630,Windows Server 2022,Production,Application Server,Hyderabad,Infrastructure Team,2026-07-25
4553,FILE629,Windows Server 2022,Testing,File Server,Mumbai,Windows Team,2026-07-25
4554,API637,RHEL 8,Development,API Server,Mumbai,Infrastructure Team,2026-07-25
4555,APP631,RHEL 8,UAT,Application Server,Hyderabad,Infrastructure Team,2026-07-25
4556,MAIL655,Windows Server 2019,Development,Mail Server,Chennai,Messaging Team,2026-07-25
4557,DB673,Windows Server 2019,Testing,Database Server,Bangalore,Database Team,2026-07-25
4558,MAIL656,Ubuntu 22.04,UAT,Mail Server,Pune,Messaging Team,2026-07-25
4559,DB674,RHEL 9,UAT,Database Server,Hyderabad,Database Team,2026-07-25
4560,MAIL657,Windows Server 2022,Testing,Mail Server,Mumbai,Messaging Team,2026-07-25
4561,APP632,Windows Server 2022,Testing,Application Server,Pune,Infrastructure Team,2026-07-25
4562,DB675,Windows Server 2019,Development,Database Server,Chennai,Database Team,2026-07-25
4563,APP633,Windows Server 2019,Development,Application Server,Mumbai,Infrastructure Team,2026-07-25
4564,DB676,RHEL 9,Production,Database Server,Hyderabad,Database Team,2026-07-25
4565,WEB681,RHEL 8,Development,Web Server,Mumbai,Linux Team,2026-07-25
4566,DB677,Windows Server 2019,UAT,Database Server,Hyderabad,Database Team,2026-07-25
4567,MAIL658,Ubuntu 22.04,Testing,Mail Server,Mumbai,Messaging Team,2026-07-25
4568,AUTH653,RHEL 8,Development,Authentication Server,Bangalore,Security Team,2026-07-25
4569,API638,Windows Server 2019,Production,API Server,Mumbai,Infrastructure Team,2026-07-25
4570,WEB682,Windows Server 2022,Production,Web Server,Chennai,Linux Team,2026-07-25
4571,API639,Windows Server 2022,UAT,API Server,Chennai,Infrastructure Team,2026-07-25
4572,FILE630,RHEL 8,Production,File Server,Hyderabad,Windows Team,2026-07-25
4573,WEB683,RHEL 8,Production,Web Server,Hyderabad,Linux Team,2026-07-25
4574,WEB684,Ubuntu 22.04,Testing,Web Server,Pune,Linux Team,2026-07-25
4575,WEB685,RHEL 8,Development,Web Server,Bangalore,Linux Team,2026-07-25
4576,MAIL659,RHEL 8,Production,Mail Server,Chennai,Messaging Team,2026-07-25
4577,WEB686,RHEL 8,Testing,Web Server,Pune,Linux Team,2026-07-25
4578,APP634,Windows Server 2022,Production,Application Server,Hyderabad,Infrastructure Team,2026-07-25
4579,DB678,Ubuntu 22.04,Development,Database Server,Hyderabad,Database Team,2026-07-25
4580,APP635,RHEL 8,Testing,Application Server,Pune,Infrastructure Team,2026-07-25
4581,MAIL660,RHEL 8,Development,Mail Server,Chennai,Messaging Team,2026-07-25
4582,MAIL661,Windows Server 2022,UAT,Mail Server,Hyderabad,Messaging Team,2026-07-25
4583,APP636,Ubuntu 22.04,Production,Application Server,Chennai,Infrastructure Team,2026-07-25
4584,FILE631,Ubuntu 22.04,UAT,File Server,Hyderabad,Windows Team,2026-07-25
4585,WEB687,Ubuntu 22.04,Testing,Web Server,Pune,Linux Team,2026-07-25
4586,FILE632,RHEL 8,Testing,File Server,Bangalore,Windows Team,2026-07-25
4587,APP637,RHEL 9,Testing,Application Server,Bangalore,Infrastructure Team,2026-07-25
4588,WEB688,Ubuntu 22.04,Production,Web Server,Pune,Linux Team,2026-07-25
4589,WEB689,Ubuntu 22.04,Production,Web Server,Chennai,Linux Team,2026-07-25
4590,WEB690,RHEL 9,Development,Web Server,Pune,Linux Team,2026-07-25
4591,DB679,RHEL 9,UAT,Database Server,Hyderabad,Database Team,2026-07-25
4592,DB680,Windows Server 2019,Production,Database Server,Hyderabad,Database Team,2026-07-25
4593,APP638,Windows Server 2019,Testing,Application Server,Chennai,Infrastructure Team,2026-07-25
4594,APP639,RHEL 9,UAT,Application Server,Bangalore,Infrastructure Team,2026-07-25
4595,API640,RHEL 9,Development,API Server,Hyderabad,Infrastructure Team,2026-07-25
4596,MAIL662,RHEL 9,Testing,Mail Server,Pune,Messaging Team,2026-07-25
4597,MAIL663,Windows Server 2022,Testing,Mail Server,Hyderabad,Messaging Team,2026-07-25
4598,FILE633,Windows Server 2019,Development,File Server,Chennai,Windows Team,2026-07-25
4599,API641,Windows Server 2019,UAT,API Server,Chennai,Infrastructure Team,2026-07-25
4600,APP640,Windows Server 2022,Development,Application Server,Hyderabad,Infrastructure Team,2026-07-25
4601,MAIL664,Windows Server 2019,UAT,Mail Server,Bangalore,Messaging Team,2026-07-25
4602,DB681,RHEL 9,Production,Database Server,Pune,Database Team,2026-07-25
4603,MAIL665,Ubuntu 22.04,Testing,Mail Server,Pune,Messaging Team,2026-07-25
4604,FILE634,Ubuntu 22.04,Testing,File Server,Pune,Windows Team,2026-07-25
4605,MAIL666,RHEL 9,Production,Mail Server,Chennai,Messaging Team,2026-07-25
4606,API642,Windows Server 2019,Development,API Server,Bangalore,Infrastructure Team,2026-07-25
4607,APP641,RHEL 9,Testing,Application Server,Hyderabad,Infrastructure Team,2026-07-25
4608,DB682,RHEL 9,Testing,Database Server,Bangalore,Database Team,2026-07-25
4609,DB683,Ubuntu 22.04,Development,Database Server,Pune,Database Team,2026-07-25
4610,DB684,RHEL 8,Development,Database Server,Chennai,Database Team,2026-07-25
4611,API643,RHEL 8,Development,API Server,Pune,Infrastructure Team,2026-07-25
4612,AUTH654,Ubuntu 22.04,Development,Authentication Server,Bangalore,Security Team,2026-07-25
4613,DB685,RHEL 8,UAT,Database Server,Pune,Database Team,2026-07-25
4614,WEB691,Windows Server 2022,Development,Web Server,Bangalore,Linux Team,2026-07-25
4615,API644,Windows Server 2022,Production,API Server,Mumbai,Infrastructure Team,2026-07-25
4616,AUTH655,Ubuntu 22.04,Testing,Authentication Server,Hyderabad,Security Team,2026-07-25
4617,APP642,Ubuntu 22.04,Testing,Application Server,Pune,Infrastructure Team,2026-07-25
4618,MAIL667,RHEL 9,Development,Mail Server,Bangalore,Messaging Team,2026-07-25
4619,DB686,Ubuntu 22.04,Testing,Database Server,Mumbai,Database Team,2026-07-25
4620,WEB692,Windows Server 2019,Production,Web Server,Chennai,Linux Team,2026-07-25
4621,API645,RHEL 8,UAT,API Server,Mumbai,Infrastructure Team,2026-07-25
4622,FILE635,RHEL 8,UAT,File Server,Pune,Windows Team,2026-07-25
4623,API646,Windows Server 2022,Testing,API Server,Pune,Infrastructure Team,2026-07-25
4624,AUTH656,RHEL 8,Production,Authentication Server,Pune,Security Team,2026-07-25
4625,APP643,Windows Server 2022,Development,Application Server,Mumbai,Infrastructure Team,2026-07-25
4626,FILE636,Windows Server 2019,Development,File Server,Pune,Windows Team,2026-07-25
4627,APP644,RHEL 8,Production,Application Server,Chennai,Infrastructure Team,2026-07-25
4628,FILE637,RHEL 9,Production,File Server,Chennai,Windows Team,2026-07-25
4629,API647,RHEL 9,Production,API Server,Bangalore,Infrastructure Team,2026-07-25
4630,DB687,Windows Server 2019,Testing,Database Server,Bangalore,Database Team,2026-07-25
4631,AUTH657,Windows Server 2019,Development,Authentication Server,Chennai,Security Team,2026-07-25
4632,API648,RHEL 9,UAT,API Server,Pune,Infrastructure Team,2026-07-25
4633,APP645,Windows Server 2019,Development,Application Server,Pune,Infrastructure Team,2026-07-25
4634,DB688,RHEL 8,Production,Database Server,Bangalore,Database Team,2026-07-25
4635,API649,Windows Server 2022,Production,API Server,Hyderabad,Infrastructure Team,2026-07-25
4636,MAIL668,Windows Server 2019,Production,Mail Server,Mumbai,Messaging Team,2026-07-25
4637,API650,Ubuntu 22.04,Production,API Server,Mumbai,Infrastructure Team,2026-07-25
4638,APP646,Ubuntu 22.04,Development,Application Server,Hyderabad,Infrastructure Team,2026-07-25
4639,API651,RHEL 8,Testing,API Server,Mumbai,Infrastructure Team,2026-07-25
4640,API652,Ubuntu 22.04,UAT,API Server,Pune,Infrastructure Team,2026-07-25
4641,API653,RHEL 9,Production,API Server,Mumbai,Infrastructure Team,2026-07-25
4642,MAIL669,RHEL 9,Development,Mail Server,Mumbai,Messaging Team,2026-07-25
4643,DB689,Windows Server 2022,UAT,Database Server,Chennai,Database Team,2026-07-25
4644,DB690,Windows Server 2019,Testing,Database Server,Pune,Database Team,2026-07-25
4645,FILE638,Ubuntu 22.04,Development,File Server,Hyderabad,Windows Team,2026-07-25
4646,APP647,Windows Server 2022,Production,Application Server,Mumbai,Infrastructure Team,2026-07-25
4647,DB691,RHEL 9,Production,Database Server,Bangalore,Database Team,2026-07-25
4648,MAIL670,Ubuntu 22.04,UAT,Mail Server,Chennai,Messaging Team,2026-07-25
4649,AUTH658,Windows Server 2019,UAT,Authentication Server,Mumbai,Security Team,2026-07-25
4650,MAIL671,Windows Server 2019,Development,Mail Server,Chennai,Messaging Team,2026-07-25
4651,APP648,RHEL 9,Testing,Application Server,Pune,Infrastructure Team,2026-07-25
4652,FILE639,RHEL 8,Testing,File Server,Bangalore,Windows Team,2026-07-25
4653,WEB693,RHEL 8,Testing,Web Server,Chennai,Linux Team,2026-07-25
4654,WEB694,Windows Server 2022,UAT,Web Server,Hyderabad,Linux Team,2026-07-25
4655,FILE640,Windows Server 2019,Testing,File Server,Chennai,Windows Team,2026-07-25
4656,FILE641,Ubuntu 22.04,Testing,File Server,Pune,Windows Team,2026-07-25
4657,MAIL672,RHEL 8,Testing,Mail Server,Chennai,Messaging Team,2026-07-25
4658,APP649,RHEL 8,Testing,Application Server,Chennai,Infrastructure Team,2026-07-25
4659,WEB695,RHEL 9,Testing,Web Server,Pune,Linux Team,2026-07-25
4660,FILE642,RHEL 9,Development,File Server,Chennai,Windows Team,2026-07-25
4661,AUTH659,Windows Server 2022,Production,Authentication Server,Hyderabad,Security Team,2026-07-25
4662,FILE643,Ubuntu 22.04,Production,File Server,Chennai,Windows Team,2026-07-25
4663,API654,Windows Server 2019,Development,API Server,Hyderabad,Infrastructure Team,2026-07-25
4664,FILE644,Windows Server 2019,Production,File Server,Mumbai,Windows Team,2026-07-25
4665,WEB696,Windows Server 2022,Development,Web Server,Hyderabad,Linux Team,2026-07-25
4666,AUTH660,RHEL 8,Testing,Authentication Server,Mumbai,Security Team,2026-07-25
4667,FILE645,Windows Server 2022,Development,File Server,Pune,Windows Team,2026-07-25
4668,APP650,Ubuntu 22.04,Development,Application Server,Pune,Infrastructure Team,2026-07-25
4669,AUTH661,RHEL 8,Production,Authentication Server,Chennai,Security Team,2026-07-25
4670,FILE646,Windows Server 2019,Production,File Server,Pune,Windows Team,2026-07-25
4671,APP651,RHEL 8,Production,Application Server,Pune,Infrastructure Team,2026-07-25
4672,DB692,RHEL 8,Testing,Database Server,Bangalore,Database Team,2026-07-25
4673,AUTH662,RHEL 9,UAT,Authentication Server,Pune,Security Team,2026-07-25
4674,APP652,Windows Server 2019,UAT,Application Server,Chennai,Infrastructure Team,2026-07-25
4675,DB693,Ubuntu 22.04,Development,Database Server,Hyderabad,Database Team,2026-07-25
4676,APP653,Windows Server 2019,Development,Application Server,Mumbai,Infrastructure Team,2026-07-25
4677,APP654,RHEL 8,Production,Application Server,Hyderabad,Infrastructure Team,2026-07-25
4678,API655,RHEL 9,Production,API Server,Mumbai,Infrastructure Team,2026-07-25
4679,FILE647,Ubuntu 22.04,Production,File Server,Hyderabad,Windows Team,2026-07-25
4680,API656,Ubuntu 22.04,Production,API Server,Mumbai,Infrastructure Team,2026-07-25
4681,AUTH663,Windows Server 2022,Production,Authentication Server,Bangalore,Security Team,2026-07-25
4682,MAIL673,RHEL 9,Testing,Mail Server,Mumbai,Messaging Team,2026-07-25
4683,DB694,Ubuntu 22.04,Testing,Database Server,Mumbai,Database Team,2026-07-25
4684,AUTH664,Windows Server 2019,Development,Authentication Server,Pune,Security Team,2026-07-25
4685,WEB697,RHEL 9,UAT,Web Server,Hyderabad,Linux Team,2026-07-25
4686,API657,Windows Server 2022,Testing,API Server,Hyderabad,Infrastructure Team,2026-07-25
4687,WEB698,RHEL 8,Testing,Web Server,Hyderabad,Linux Team,2026-07-25
4688,APP655,Windows Server 2022,Production,Application Server,Pune,Infrastructure Team,2026-07-25
4689,MAIL674,RHEL 9,UAT,Mail Server,Pune,Messaging Team,2026-07-25
4690,DB695,Ubuntu 22.04,UAT,Database Server,Hyderabad,Database Team,2026-07-25
4691,APP656,Windows Server 2019,Testing,Application Server,Bangalore,Infrastructure Team,2026-07-25
4692,WEB699,Windows Server 2022,Testing,Web Server,Hyderabad,Linux Team,2026-07-25
4693,API658,Windows Server 2022,Testing,API Server,Pune,Infrastructure Team,2026-07-25
4694,APP657,RHEL 9,UAT,Application Server,Mumbai,Infrastructure Team,2026-07-25
4695,FILE648,RHEL 8,UAT,File Server,Hyderabad,Windows Team,2026-07-25
4696,DB696,Windows Server 2019,Production,Database Server,Chennai,Database Team,2026-07-25
4697,FILE649,Windows Server 2022,Production,File Server,Hyderabad,Windows Team,2026-07-25
4698,AUTH665,Windows Server 2022,UAT,Authentication Server,Hyderabad,Security Team,2026-07-25
4699,WEB700,Ubuntu 22.04,Production,Web Server,Hyderabad,Linux Team,2026-07-25
4700,FILE650,Windows Server 2019,Testing,File Server,Hyderabad,Windows Team,2026-07-25
4701,API659,Windows Server 2019,UAT,API Server,Pune,Infrastructure Team,2026-07-25
4702,FILE651,Ubuntu 22.04,Production,File Server,Pune,Windows Team,2026-07-25
4703,AUTH666,RHEL 8,Production,Authentication Server,Bangalore,Security Team,2026-07-25
4704,WEB701,RHEL 9,Development,Web Server,Bangalore,Linux Team,2026-07-25
4705,MAIL675,Windows Server 2019,UAT,Mail Server,Pune,Messaging Team,2026-07-25
4706,AUTH667,RHEL 8,Development,Authentication Server,Hyderabad,Security Team,2026-07-25
4707,WEB702,Windows Server 2022,Testing,Web Server,Bangalore,Linux Team,2026-07-25
4708,DB697,Windows Server 2022,Production,Database Server,Pune,Database Team,2026-07-25
4709,MAIL676,RHEL 9,Testing,Mail Server,Pune,Messaging Team,2026-07-25
4710,AUTH668,Ubuntu 22.04,Production,Authentication Server,Mumbai,Security Team,2026-07-25
4711,MAIL677,Windows Server 2019,Testing,Mail Server,Hyderabad,Messaging Team,2026-07-25
4712,APP658,Ubuntu 22.04,UAT,Application Server,Bangalore,Infrastructure Team,2026-07-25
4713,APP659,RHEL 9,Production,Application Server,Mumbai,Infrastructure Team,2026-07-25
4714,AUTH669,Windows Server 2022,Production,Authentication Server,Bangalore,Security Team,2026-07-25
4715,WEB703,Ubuntu 22.04,Production,Web Server,Bangalore,Linux Team,2026-07-25
4716,AUTH670,RHEL 8,Production,Authentication Server,Mumbai,Security Team,2026-07-25
4717,WEB704,Ubuntu 22.04,Testing,Web Server,Hyderabad,Linux Team,2026-07-25
4718,FILE652,RHEL 9,UAT,File Server,Pune,Windows Team,2026-07-25
4719,DB698,Ubuntu 22.04,Testing,Database Server,Chennai,Database Team,2026-07-25
4720,MAIL678,Ubuntu 22.04,UAT,Mail Server,Mumbai,Messaging Team,2026-07-25
4721,FILE653,Ubuntu 22.04,Testing,File Server,Chennai,Windows Team,2026-07-25
4722,DB699,Windows Server 2022,Production,Database Server,Bangalore,Database Team,2026-07-25
4723,AUTH671,RHEL 8,Testing,Authentication Server,Bangalore,Security Team,2026-07-25
4724,WEB705,Windows Server 2022,Production,Web Server,Bangalore,Linux Team,2026-07-25
4725,FILE654,RHEL 9,Testing,File Server,Bangalore,Windows Team,2026-07-25
4726,AUTH672,RHEL 9,Development,Authentication Server,Bangalore,Security Team,2026-07-25
4727,FILE655,RHEL 9,Testing,File Server,Mumbai,Windows Team,2026-07-25
4728,AUTH673,RHEL 8,Production,Authentication Server,Hyderabad,Security Team,2026-07-25
4729,FILE656,Windows Server 2022,Production,File Server,Bangalore,Windows Team,2026-07-25
4730,API660,RHEL 9,Development,API Server,Bangalore,Infrastructure Team,2026-07-25
4731,DB700,Windows Server 2022,UAT,Database Server,Hyderabad,Database Team,2026-07-25
4732,APP660,RHEL 9,UAT,Application Server,Bangalore,Infrastructure Team,2026-07-25
4733,AUTH674,Windows Server 2019,UAT,Authentication Server,Chennai,Security Team,2026-07-25
4734,APP661,RHEL 8,UAT,Application Server,Bangalore,Infrastructure Team,2026-07-25
4735,AUTH675,Windows Server 2022,Development,Authentication Server,Mumbai,Security Team,2026-07-25
4736,APP662,Ubuntu 22.04,Testing,Application Server,Bangalore,Infrastructure Team,2026-07-25
4737,AUTH676,RHEL 8,Testing,Authentication Server,Hyderabad,Security Team,2026-07-25
4738,AUTH677,RHEL 9,Production,Authentication Server,Mumbai,Security Team,2026-07-25
4739,API661,RHEL 8,UAT,API Server,Hyderabad,Infrastructure Team,2026-07-25
4740,APP663,Ubuntu 22.04,Production,Application Server,Chennai,Infrastructure Team,2026-07-25
4741,MAIL679,RHEL 9,Production,Mail Server,Hyderabad,Messaging Team,2026-07-25
4742,MAIL680,Ubuntu 22.04,UAT,Mail Server,Bangalore,Messaging Team,2026-07-25
4743,WEB706,Windows Server 2022,Development,Web Server,Bangalore,Linux Team,2026-07-25
4744,DB701,RHEL 9,Development,Database Server,Chennai,Database Team,2026-07-25
4745,API662,RHEL 9,Development,API Server,Pune,Infrastructure Team,2026-07-25
4746,APP664,RHEL 8,Development,Application Server,Mumbai,Infrastructure Team,2026-07-25
4747,APP665,Windows Server 2019,Development,Application Server,Mumbai,Infrastructure Team,2026-07-25
4748,DB702,Ubuntu 22.04,Testing,Database Server,Chennai,Database Team,2026-07-25
4749,WEB707,Windows Server 2022,UAT,Web Server,Chennai,Linux Team,2026-07-25
4750,APP666,Ubuntu 22.04,Production,Application Server,Mumbai,Infrastructure Team,2026-07-25
4751,API663,Ubuntu 22.04,Testing,API Server,Hyderabad,Infrastructure Team,2026-07-25
4752,FILE657,RHEL 8,UAT,File Server,Bangalore,Windows Team,2026-07-25
4753,FILE658,Windows Server 2022,Testing,File Server,Mumbai,Windows Team,2026-07-25
4754,MAIL681,Windows Server 2022,Production,Mail Server,Pune,Messaging Team,2026-07-25
4755,FILE659,Windows Server 2019,UAT,File Server,Pune,Windows Team,2026-07-25
4756,APP667,Ubuntu 22.04,Production,Application Server,Bangalore,Infrastructure Team,2026-07-25
4757,DB703,Windows Server 2019,Development,Database Server,Pune,Database Team,2026-07-25
4758,APP668,RHEL 9,Testing,Application Server,Hyderabad,Infrastructure Team,2026-07-25
4759,FILE660,Windows Server 2022,UAT,File Server,Mumbai,Windows Team,2026-07-25
4760,AUTH678,RHEL 9,UAT,Authentication Server,Hyderabad,Security Team,2026-07-25
4761,MAIL682,Windows Server 2019,Development,Mail Server,Hyderabad,Messaging Team,2026-07-25
4762,MAIL683,RHEL 9,Testing,Mail Server,Bangalore,Messaging Team,2026-07-25
4763,WEB708,Windows Server 2022,Testing,Web Server,Chennai,Linux Team,2026-07-25
4764,WEB709,Ubuntu 22.04,Testing,Web Server,Pune,Linux Team,2026-07-25
4765,AUTH679,Windows Server 2019,UAT,Authentication Server,Hyderabad,Security Team,2026-07-25
4766,WEB710,RHEL 9,Testing,Web Server,Hyderabad,Linux Team,2026-07-25
4767,AUTH680,RHEL 8,Production,Authentication Server,Chennai,Security Team,2026-07-25
4768,APP669,RHEL 8,UAT,Application Server,Bangalore,Infrastructure Team,2026-07-25
4769,FILE661,RHEL 9,Production,File Server,Mumbai,Windows Team,2026-07-25
4770,AUTH681,Windows Server 2019,Development,Authentication Server,Mumbai,Security Team,2026-07-25
4771,WEB711,Ubuntu 22.04,Testing,Web Server,Chennai,Linux Team,2026-07-25
4772,DB704,RHEL 8,UAT,Database Server,Bangalore,Database Team,2026-07-25
4773,WEB712,RHEL 8,Production,Web Server,Hyderabad,Linux Team,2026-07-25
4774,API664,Ubuntu 22.04,UAT,API Server,Hyderabad,Infrastructure Team,2026-07-25
4775,AUTH682,Ubuntu 22.04,Development,Authentication Server,Hyderabad,Security Team,2026-07-25
4776,FILE662,Ubuntu 22.04,Testing,File Server,Hyderabad,Windows Team,2026-07-25
4777,WEB713,Ubuntu 22.04,Development,Web Server,Hyderabad,Linux Team,2026-07-25
4778,API665,RHEL 8,Testing,API Server,Bangalore,Infrastructure Team,2026-07-25
4779,DB705,Windows Server 2022,Production,Database Server,Chennai,Database Team,2026-07-25
4780,MAIL684,RHEL 9,UAT,Mail Server,Hyderabad,Messaging Team,2026-07-25
4781,MAIL685,RHEL 8,Development,Mail Server,Pune,Messaging Team,2026-07-25
4782,DB706,Ubuntu 22.04,Production,Database Server,Mumbai,Database Team,2026-07-25
4783,AUTH683,Ubuntu 22.04,Development,Authentication Server,Hyderabad,Security Team,2026-07-25
4784,WEB714,RHEL 8,Development,Web Server,Pune,Linux Team,2026-07-25
4785,FILE663,Windows Server 2019,Production,File Server,Bangalore,Windows Team,2026-07-25
4786,API666,RHEL 8,Testing,API Server,Chennai,Infrastructure Team,2026-07-25
4787,DB707,Ubuntu 22.04,Production,Database Server,Pune,Database Team,2026-07-25
4788,WEB715,RHEL 8,UAT,Web Server,Bangalore,Linux Team,2026-07-25
4789,AUTH684,Windows Server 2019,Testing,Authentication Server,Hyderabad,Security Team,2026-07-25
4790,AUTH685,RHEL 8,UAT,Authentication Server,Pune,Security Team,2026-07-25
4791,DB708,Windows Server 2022,UAT,Database Server,Mumbai,Database Team,2026-07-25
4792,APP670,RHEL 9,Development,Application Server,Chennai,Infrastructure Team,2026-07-25
4793,FILE664,Windows Server 2019,Development,File Server,Bangalore,Windows Team,2026-07-25
4794,AUTH686,Windows Server 2022,Production,Authentication Server,Chennai,Security Team,2026-07-25
4795,FILE665,Windows Server 2019,UAT,File Server,Bangalore,Windows Team,2026-07-25
4796,MAIL686,Ubuntu 22.04,Testing,Mail Server,Pune,Messaging Team,2026-07-25
4797,APP671,RHEL 9,UAT,Application Server,Bangalore,Infrastructure Team,2026-07-25
4798,WEB716,RHEL 8,UAT,Web Server,Pune,Linux Team,2026-07-25
4799,DB709,Windows Server 2019,UAT,Database Server,Chennai,Database Team,2026-07-25
4800,WEB717,Windows Server 2022,Development,Web Server,Hyderabad,Linux Team,2026-07-25
4801,WEB718,RHEL 8,Testing,Web Server,Hyderabad,Linux Team,2026-07-25
4802,FILE666,Windows Server 2022,UAT,File Server,Mumbai,Windows Team,2026-07-25
4803,API667,RHEL 9,Production,API Server,Chennai,Infrastructure Team,2026-07-25
4804,API668,RHEL 9,Development,API Server,Pune,Infrastructure Team,2026-07-25
4805,FILE667,RHEL 9,Testing,File Server,Mumbai,Windows Team,2026-07-25
4806,AUTH687,Ubuntu 22.04,UAT,Authentication Server,Chennai,Security Team,2026-07-25
4807,APP672,Windows Server 2019,UAT,Application Server,Bangalore,Infrastructure Team,2026-07-25
4808,AUTH688,RHEL 8,Development,Authentication Server,Bangalore,Security Team,2026-07-25
4809,MAIL687,Windows Server 2022,Production,Mail Server,Bangalore,Messaging Team,2026-07-25
4810,MAIL688,Windows Server 2019,Production,Mail Server,Pune,Messaging Team,2026-07-25
4811,AUTH689,RHEL 8,Production,Authentication Server,Hyderabad,Security Team,2026-07-25
4812,WEB719,RHEL 9,Development,Web Server,Mumbai,Linux Team,2026-07-25
4813,API669,Windows Server 2022,Testing,API Server,Mumbai,Infrastructure Team,2026-07-25
4814,MAIL689,Ubuntu 22.04,Development,Mail Server,Hyderabad,Messaging Team,2026-07-25
4815,WEB720,Ubuntu 22.04,Testing,Web Server,Bangalore,Linux Team,2026-07-25
4816,API670,Windows Server 2022,Development,API Server,Hyderabad,Infrastructure Team,2026-07-25
4817,WEB721,Windows Server 2022,Testing,Web Server,Hyderabad,Linux Team,2026-07-25
4818,MAIL690,Windows Server 2019,Development,Mail Server,Bangalore,Messaging Team,2026-07-25
4819,WEB722,Ubuntu 22.04,Production,Web Server,Chennai,Linux Team,2026-07-25
4820,APP673,RHEL 9,Testing,Application Server,Bangalore,Infrastructure Team,2026-07-25
4821,AUTH690,Ubuntu 22.04,Development,Authentication Server,Pune,Security Team,2026-07-25
4822,API671,RHEL 9,Testing,API Server,Mumbai,Infrastructure Team,2026-07-25
4823,APP674,RHEL 8,Production,Application Server,Hyderabad,Infrastructure Team,2026-07-25
4824,AUTH691,Windows Server 2019,Testing,Authentication Server,Bangalore,Security Team,2026-07-25
4825,WEB723,RHEL 8,Production,Web Server,Mumbai,Linux Team,2026-07-25
4826,API672,Windows Server 2019,Testing,API Server,Hyderabad,Infrastructure Team,2026-07-25
4827,API673,Ubuntu 22.04,Development,API Server,Hyderabad,Infrastructure Team,2026-07-25
4828,MAIL691,Windows Server 2022,UAT,Mail Server,Pune,Messaging Team,2026-07-25
4829,DB710,RHEL 8,Production,Database Server,Chennai,Database Team,2026-07-25
4830,AUTH692,Ubuntu 22.04,UAT,Authentication Server,Chennai,Security Team,2026-07-25
4831,APP675,RHEL 9,Testing,Application Server,Bangalore,Infrastructure Team,2026-07-25
4832,APP676,RHEL 8,Testing,Application Server,Hyderabad,Infrastructure Team,2026-07-25
4833,FILE668,Windows Server 2022,Production,File Server,Pune,Windows Team,2026-07-25
4834,API674,RHEL 8,Production,API Server,Mumbai,Infrastructure Team,2026-07-25
4835,DB711,Ubuntu 22.04,Production,Database Server,Mumbai,Database Team,2026-07-25
4836,AUTH693,RHEL 9,Development,Authentication Server,Hyderabad,Security Team,2026-07-25
4837,API675,Ubuntu 22.04,UAT,API Server,Mumbai,Infrastructure Team,2026-07-25
4838,AUTH694,Windows Server 2019,Development,Authentication Server,Bangalore,Security Team,2026-07-25
4839,FILE669,Windows Server 2019,Production,File Server,Hyderabad,Windows Team,2026-07-25
4840,AUTH695,Ubuntu 22.04,Testing,Authentication Server,Hyderabad,Security Team,2026-07-25
4841,FILE670,Ubuntu 22.04,Development,File Server,Chennai,Windows Team,2026-07-25
4842,API676,RHEL 9,UAT,API Server,Pune,Infrastructure Team,2026-07-25
4843,DB712,Windows Server 2019,UAT,Database Server,Pune,Database Team,2026-07-25
4844,AUTH696,Windows Server 2022,Production,Authentication Server,Chennai,Security Team,2026-07-25
4845,FILE671,RHEL 8,Testing,File Server,Mumbai,Windows Team,2026-07-25
4846,API677,Windows Server 2019,Testing,API Server,Hyderabad,Infrastructure Team,2026-07-25
4847,MAIL692,RHEL 9,Development,Mail Server,Bangalore,Messaging Team,2026-07-25
4848,WEB724,Windows Server 2022,Production,Web Server,Pune,Linux Team,2026-07-25
4849,FILE672,Windows Server 2019,Development,File Server,Chennai,Windows Team,2026-07-25
4850,APP677,RHEL 9,Development,Application Server,Pune,Infrastructure Team,2026-07-25
4851,AUTH697,Windows Server 2019,Testing,Authentication Server,Pune,Security Team,2026-07-25
4852,WEB725,RHEL 9,Development,Web Server,Chennai,Linux Team,2026-07-25
4853,DB713,Windows Server 2022,Production,Database Server,Hyderabad,Database Team,2026-07-25
4854,FILE673,Ubuntu 22.04,UAT,File Server,Chennai,Windows Team,2026-07-25
4855,AUTH698,Ubuntu 22.04,Production,Authentication Server,Pune,Security Team,2026-07-25
4856,AUTH699,Windows Server 2022,Testing,Authentication Server,Mumbai,Security Team,2026-07-25
4857,MAIL693,Windows Server 2019,UAT,Mail Server,Mumbai,Messaging Team,2026-07-25
4858,MAIL694,Ubuntu 22.04,UAT,Mail Server,Pune,Messaging Team,2026-07-25
4859,FILE674,Windows Server 2022,Testing,File Server,Bangalore,Windows Team,2026-07-25
4860,WEB726,Windows Server 2019,Production,Web Server,Mumbai,Linux Team,2026-07-25
4861,MAIL695,Windows Server 2019,Production,Mail Server,Chennai,Messaging Team,2026-07-25
4862,WEB727,Windows Server 2022,Testing,Web Server,Pune,Linux Team,2026-07-25
4863,WEB728,RHEL 8,UAT,Web Server,Pune,Linux Team,2026-07-25
4864,FILE675,RHEL 8,Production,File Server,Hyderabad,Windows Team,2026-07-25
4865,AUTH700,Ubuntu 22.04,Production,Authentication Server,Chennai,Security Team,2026-07-25
4866,API678,Ubuntu 22.04,Testing,API Server,Bangalore,Infrastructure Team,2026-07-25
4867,FILE676,Windows Server 2022,Development,File Server,Pune,Windows Team,2026-07-25
4868,MAIL696,RHEL 8,Production,Mail Server,Bangalore,Messaging Team,2026-07-25
4869,FILE677,RHEL 9,Production,File Server,Chennai,Windows Team,2026-07-25
4870,WEB729,Ubuntu 22.04,Development,Web Server,Bangalore,Linux Team,2026-07-25
4871,APP678,RHEL 8,Production,Application Server,Pune,Infrastructure Team,2026-07-25
4872,APP679,Windows Server 2019,Development,Application Server,Pune,Infrastructure Team,2026-07-25
4873,WEB730,Ubuntu 22.04,Production,Web Server,Hyderabad,Linux Team,2026-07-25
4874,MAIL697,RHEL 9,Development,Mail Server,Hyderabad,Messaging Team,2026-07-25
4875,WEB731,Windows Server 2019,Testing,Web Server,Chennai,Linux Team,2026-07-25
4876,API679,Windows Server 2022,UAT,API Server,Mumbai,Infrastructure Team,2026-07-25
4877,DB714,Windows Server 2019,Development,Database Server,Hyderabad,Database Team,2026-07-25
4878,MAIL698,RHEL 8,Production,Mail Server,Pune,Messaging Team,2026-07-25
4879,API680,Windows Server 2022,Testing,API Server,Hyderabad,Infrastructure Team,2026-07-25
4880,FILE678,Windows Server 2022,Testing,File Server,Hyderabad,Windows Team,2026-07-25
4881,API681,Ubuntu 22.04,Development,API Server,Pune,Infrastructure Team,2026-07-25
4882,AUTH701,Windows Server 2019,Production,Authentication Server,Bangalore,Security Team,2026-07-25
4883,AUTH702,Ubuntu 22.04,UAT,Authentication Server,Bangalore,Security Team,2026-07-25
4884,WEB732,RHEL 8,UAT,Web Server,Mumbai,Linux Team,2026-07-25
4885,API682,Ubuntu 22.04,Production,API Server,Mumbai,Infrastructure Team,2026-07-25
4886,AUTH703,RHEL 8,Testing,Authentication Server,Mumbai,Security Team,2026-07-25
4887,MAIL699,Ubuntu 22.04,Production,Mail Server,Mumbai,Messaging Team,2026-07-25
4888,API683,Windows Server 2022,Production,API Server,Chennai,Infrastructure Team,2026-07-25
4889,AUTH704,RHEL 8,Development,Authentication Server,Chennai,Security Team,2026-07-25
4890,MAIL700,Windows Server 2019,Production,Mail Server,Chennai,Messaging Team,2026-07-25
4891,DB715,Ubuntu 22.04,UAT,Database Server,Hyderabad,Database Team,2026-07-25
4892,MAIL701,RHEL 9,UAT,Mail Server,Pune,Messaging Team,2026-07-25
4893,DB716,RHEL 8,UAT,Database Server,Hyderabad,Database Team,2026-07-25
4894,WEB733,RHEL 9,Production,Web Server,Pune,Linux Team,2026-07-25
4895,WEB734,Ubuntu 22.04,Production,Web Server,Hyderabad,Linux Team,2026-07-25
4896,MAIL702,Windows Server 2019,Production,Mail Server,Chennai,Messaging Team,2026-07-25
4897,DB717,Windows Server 2022,UAT,Database Server,Mumbai,Database Team,2026-07-25
4898,DB718,Windows Server 2022,Development,Database Server,Pune,Database Team,2026-07-25
4899,WEB735,Windows Server 2022,UAT,Web Server,Pune,Linux Team,2026-07-25
4900,WEB736,Ubuntu 22.04,Testing,Web Server,Chennai,Linux Team,2026-07-25
4901,DB719,Windows Server 2019,UAT,Database Server,Bangalore,Database Team,2026-07-25
4902,WEB737,RHEL 9,Production,Web Server,Mumbai,Linux Team,2026-07-25
4903,DB720,Windows Server 2019,Production,Database Server,Hyderabad,Database Team,2026-07-25
4904,MAIL703,Windows Server 2019,UAT,Mail Server,Hyderabad,Messaging Team,2026-07-25
4905,DB721,RHEL 8,Development,Database Server,Mumbai,Database Team,2026-07-25
4906,DB722,Windows Server 2019,Testing,Database Server,Mumbai,Database Team,2026-07-25
4907,FILE679,RHEL 8,Testing,File Server,Bangalore,Windows Team,2026-07-25
4908,API684,Ubuntu 22.04,UAT,API Server,Bangalore,Infrastructure Team,2026-07-25
4909,AUTH705,Windows Server 2022,Production,Authentication Server,Mumbai,Security Team,2026-07-25
4910,APP680,RHEL 8,Testing,Application Server,Chennai,Infrastructure Team,2026-07-25
4911,APP681,Windows Server 2022,Production,Application Server,Chennai,Infrastructure Team,2026-07-25
4912,DB723,RHEL 9,Testing,Database Server,Pune,Database Team,2026-07-25
4913,AUTH706,Ubuntu 22.04,UAT,Authentication Server,Chennai,Security Team,2026-07-25
4914,APP682,Ubuntu 22.04,Testing,Application Server,Chennai,Infrastructure Team,2026-07-25
4915,API685,RHEL 8,UAT,API Server,Chennai,Infrastructure Team,2026-07-25
4916,AUTH707,Windows Server 2019,Testing,Authentication Server,Pune,Security Team,2026-07-25
4917,MAIL704,Ubuntu 22.04,Production,Mail Server,Mumbai,Messaging Team,2026-07-25
4918,WEB738,RHEL 9,Production,Web Server,Mumbai,Linux Team,2026-07-25
4919,DB724,Windows Server 2022,Development,Database Server,Bangalore,Database Team,2026-07-25
4920,API686,Windows Server 2022,Testing,API Server,Hyderabad,Infrastructure Team,2026-07-25
4921,AUTH708,Ubuntu 22.04,Production,Authentication Server,Mumbai,Security Team,2026-07-25
4922,AUTH709,Ubuntu 22.04,Testing,Authentication Server,Chennai,Security Team,2026-07-25
4923,API687,Windows Server 2019,Development,API Server,Bangalore,Infrastructure Team,2026-07-25
4924,FILE680,RHEL 9,Testing,File Server,Hyderabad,Windows Team,2026-07-25
4925,FILE681,RHEL 9,Development,File Server,Bangalore,Windows Team,2026-07-25
4926,APP683,RHEL 9,Testing,Application Server,Pune,Infrastructure Team,2026-07-25
4927,MAIL705,Windows Server 2019,Development,Mail Server,Pune,Messaging Team,2026-07-25
4928,DB725,Ubuntu 22.04,UAT,Database Server,Pune,Database Team,2026-07-25
4929,FILE682,RHEL 9,Production,File Server,Mumbai,Windows Team,2026-07-25
4930,API688,Windows Server 2022,Development,API Server,Pune,Infrastructure Team,2026-07-25
4931,DB726,Windows Server 2019,Testing,Database Server,Bangalore,Database Team,2026-07-25
4932,APP684,Windows Server 2019,Production,Application Server,Chennai,Infrastructure Team,2026-07-25
4933,AUTH710,Ubuntu 22.04,Production,Authentication Server,Mumbai,Security Team,2026-07-25
4934,DB727,Windows Server 2019,Testing,Database Server,Hyderabad,Database Team,2026-07-25
4935,APP685,Windows Server 2019,Production,Application Server,Pune,Infrastructure Team,2026-07-25
4936,WEB739,RHEL 9,UAT,Web Server,Mumbai,Linux Team,2026-07-25
4937,MAIL706,RHEL 9,Development,Mail Server,Bangalore,Messaging Team,2026-07-25
4938,MAIL707,RHEL 9,Production,Mail Server,Chennai,Messaging Team,2026-07-25
4939,AUTH711,Windows Server 2019,Production,Authentication Server,Pune,Security Team,2026-07-25
4940,AUTH712,Ubuntu 22.04,Development,Authentication Server,Pune,Security Team,2026-07-25
4941,WEB740,Windows Server 2019,Development,Web Server,Bangalore,Linux Team,2026-07-25
4942,AUTH713,Ubuntu 22.04,Testing,Authentication Server,Pune,Security Team,2026-07-25
4943,MAIL708,Windows Server 2022,UAT,Mail Server,Pune,Messaging Team,2026-07-25
4944,APP686,Windows Server 2022,UAT,Application Server,Mumbai,Infrastructure Team,2026-07-25
4945,API689,Windows Server 2019,Development,API Server,Pune,Infrastructure Team,2026-07-25
4946,API690,RHEL 8,Testing,API Server,Chennai,Infrastructure Team,2026-07-25
4947,WEB741,RHEL 9,Production,Web Server,Pune,Linux Team,2026-07-25
4948,APP687,RHEL 9,Testing,Application Server,Bangalore,Infrastructure Team,2026-07-25
4949,APP688,Windows Server 2022,Testing,Application Server,Bangalore,Infrastructure Team,2026-07-25
4950,DB728,Windows Server 2019,Production,Database Server,Chennai,Database Team,2026-07-25
4951,APP689,Windows Server 2022,UAT,Application Server,Pune,Infrastructure Team,2026-07-25
4952,FILE683,RHEL 8,UAT,File Server,Bangalore,Windows Team,2026-07-25
4953,MAIL709,Windows Server 2019,Development,Mail Server,Bangalore,Messaging Team,2026-07-25
4954,WEB742,RHEL 9,UAT,Web Server,Mumbai,Linux Team,2026-07-25
4955,WEB743,RHEL 8,UAT,Web Server,Pune,Linux Team,2026-07-25
4956,DB729,Windows Server 2019,UAT,Database Server,Mumbai,Database Team,2026-07-25
4957,FILE684,Windows Server 2019,Development,File Server,Hyderabad,Windows Team,2026-07-25
4958,MAIL710,Windows Server 2019,Development,Mail Server,Chennai,Messaging Team,2026-07-25
4959,WEB744,RHEL 8,Production,Web Server,Hyderabad,Linux Team,2026-07-25
4960,WEB745,RHEL 8,Development,Web Server,Mumbai,Linux Team,2026-07-25
4961,MAIL711,RHEL 8,Development,Mail Server,Pune,Messaging Team,2026-07-25
4962,WEB746,Windows Server 2019,Development,Web Server,Mumbai,Linux Team,2026-07-25
4963,FILE685,Ubuntu 22.04,Production,File Server,Chennai,Windows Team,2026-07-25
4964,FILE686,RHEL 8,Development,File Server,Mumbai,Windows Team,2026-07-25
4965,AUTH714,Windows Server 2019,Testing,Authentication Server,Chennai,Security Team,2026-07-25
4966,FILE687,RHEL 9,UAT,File Server,Chennai,Windows Team,2026-07-25
4967,DB730,Windows Server 2019,Testing,Database Server,Hyderabad,Database Team,2026-07-25
4968,DB731,Windows Server 2019,Development,Database Server,Chennai,Database Team,2026-07-25
4969,DB732,RHEL 9,UAT,Database Server,Hyderabad,Database Team,2026-07-25
4970,AUTH715,RHEL 9,Development,Authentication Server,Pune,Security Team,2026-07-25
4971,DB733,RHEL 9,Testing,Database Server,Bangalore,Database Team,2026-07-25
4972,WEB747,Windows Server 2019,Development,Web Server,Mumbai,Linux Team,2026-07-25
4973,MAIL712,Windows Server 2022,Development,Mail Server,Bangalore,Messaging Team,2026-07-25
4974,API691,RHEL 8,Production,API Server,Pune,Infrastructure Team,2026-07-25
4975,WEB748,Windows Server 2022,Development,Web Server,Mumbai,Linux Team,2026-07-25
4976,API692,RHEL 9,Testing,API Server,Hyderabad,Infrastructure Team,2026-07-25
4977,API693,RHEL 9,Testing,API Server,Hyderabad,Infrastructure Team,2026-07-25
4978,FILE688,Windows Server 2019,UAT,File Server,Bangalore,Windows Team,2026-07-25
4979,DB734,Windows Server 2022,Development,Database Server,Mumbai,Database Team,2026-07-25
4980,API694,RHEL 8,Testing,API Server,Mumbai,Infrastructure Team,2026-07-25
4981,WEB749,Windows Server 2022,Testing,Web Server,Pune,Linux Team,2026-07-25
4982,WEB750,RHEL 8,Production,Web Server,Pune,Linux Team,2026-07-25
4983,WEB751,RHEL 9,UAT,Web Server,Hyderabad,Linux Team,2026-07-25
4984,API695,Windows Server 2022,Development,API Server,Bangalore,Infrastructure Team,2026-07-25
4985,MAIL713,Windows Server 2019,UAT,Mail Server,Bangalore,Messaging Team,2026-07-25
4986,API696,RHEL 9,Development,API Server,Pune,Infrastructure Team,2026-07-25
4987,AUTH716,RHEL 9,Production,Authentication Server,Mumbai,Security Team,2026-07-25
4988,WEB752,Windows Server 2022,Testing,Web Server,Pune,Linux Team,2026-07-25
4989,APP690,Windows Server 2019,Testing,Application Server,Hyderabad,Infrastructure Team,2026-07-25
4990,APP691,Windows Server 2022,UAT,Application Server,Chennai,Infrastructure Team,2026-07-25
4991,MAIL714,Windows Server 2022,UAT,Mail Server,Pune,Messaging Team,2026-07-25
4992,WEB753,Windows Server 2022,Development,Web Server,Pune,Linux Team,2026-07-25
4993,API697,Windows Server 2019,Production,API Server,Pune,Infrastructure Team,2026-07-25
4994,DB735,Ubuntu 22.04,Development,Database Server,Chennai,Database Team,2026-07-25
4995,APP692,RHEL 9,Development,Application Server,Hyderabad,Infrastructure Team,2026-07-25
4996,API698,Ubuntu 22.04,Testing,API Server,Chennai,Infrastructure Team,2026-07-25
4997,API699,RHEL 8,Production,API Server,Mumbai,Infrastructure Team,2026-07-25
4998,MAIL715,RHEL 8,Development,Mail Server,Chennai,Messaging Team,2026-07-25
4999,MAIL716,Windows Server 2019,Production,Mail Server,Mumbai,Messaging Team,2026-07-25
5000,FILE689,RHEL 9,Development,File Server,Hyderabad,Windows Team,2026-07-25
