vulnerability_id,server_id,critical_count,high_count,medium_count,low_count,risk_level,last_scan_date
1,1,1,3,9,19,Medium,2026-07-25
2,2,0,9,16,13,High,2026-07-25
3,3,1,2,6,12,Low,2026-07-25
4,4,3,5,10,9,Critical,2026-07-25
5,5,2,3,6,7,Low,2026-07-25
6,6,1,1,4,6,Low,2026-07-25
7,7,0,2,10,16,Medium,2026-07-25
8,8,0,3,5,15,Low,2026-07-25
9,9,2,1,4,10,Low,2026-07-25
10,10,1,6,14,10,High,2026-07-25
11,11,2,1,8,7,Medium,2026-07-25
12,12,2,3,2,5,Low,2026-07-25
13,13,2,1,4,17,Low,2026-07-25
14,14,2,3,3,11,Low,2026-07-25
15,15,1,2,5,12,Low,2026-07-25
16,16,4,4,6,15,Critical,2026-07-25
17,17,0,1,6,11,Low,2026-07-25
18,18,0,1,3,14,Low,2026-07-25
19,19,0,1,10,11,Medium,2026-07-25
20,20,1,1,2,8,Low,2026-07-25
21,21,1,2,8,7,Medium,2026-07-25
22,22,3,4,5,15,Critical,2026-07-25
23,23,2,5,7,7,High,2026-07-25
24,24,2,1,2,7,Low,2026-07-25
25,25,2,5,4,15,High,2026-07-25
26,26,1,4,13,13,Medium,2026-07-25
27,27,1,7,13,27,High,2026-07-25
28,28,0,2,8,15,Medium,2026-07-25
29,29,0,5,11,13,High,2026-07-25
30,30,3,4,10,11,Critical,2026-07-25
31,31,0,2,6,13,Low,2026-07-25
32,32,2,1,2,13,Low,2026-07-25
33,33,2,2,2,8,Low,2026-07-25
34,34,2,5,8,28,High,2026-07-25
35,35,1,4,9,8,Medium,2026-07-25
36,36,1,1,4,15,Low,2026-07-25
37,37,3,5,8,28,Critical,2026-07-25
38,38,0,3,4,17,Low,2026-07-25
39,39,3,6,14,23,Critical,2026-07-25
40,40,5,6,10,13,Critical,2026-07-25
41,41,0,5,7,19,High,2026-07-25
42,42,2,4,3,6,Low,2026-07-25
43,43,4,4,5,12,Critical,2026-07-25
44,44,2,1,8,10,Medium,2026-07-25
45,45,0,5,5,9,High,2026-07-25
46,46,1,4,13,5,Medium,2026-07-25
47,47,3,4,7,18,Critical,2026-07-25
48,48,2,3,6,6,Low,2026-07-25
49,49,3,5,7,26,Critical,2026-07-25
50,50,1,4,10,9,Medium,2026-07-25
51,51,0,3,4,8,Low,2026-07-25
52,52,1,6,9,10,High,2026-07-25
53,53,2,3,5,6,Low,2026-07-25
54,54,1,4,5,15,Low,2026-07-25
55,55,1,9,14,29,High,2026-07-25
56,56,2,2,3,13,Low,2026-07-25
57,57,0,2,7,13,Low,2026-07-25
58,58,0,5,4,8,High,2026-07-25
59,59,2,4,2,11,Low,2026-07-25
60,60,1,7,18,19,High,2026-07-25
61,61,1,2,4,5,Low,2026-07-25
62,62,3,4,7,18,Critical,2026-07-25
63,63,3,3,11,18,Critical,2026-07-25
64,64,0,1,8,11,Medium,2026-07-25
65,65,1,3,4,12,Low,2026-07-25
66,66,2,2,7,13,Low,2026-07-25
67,67,0,1,5,15,Low,2026-07-25
68,68,3,1,5,14,Critical,2026-07-25
69,69,0,2,8,10,Medium,2026-07-25
70,70,1,4,20,26,Medium,2026-07-25
71,71,0,1,8,9,Medium,2026-07-25
72,72,1,4,9,11,Medium,2026-07-25
73,73,0,3,7,9,Low,2026-07-25
74,74,0,2,7,6,Low,2026-07-25
75,75,1,2,8,13,Medium,2026-07-25
76,76,1,4,5,12,Low,2026-07-25
77,77,1,3,3,13,Low,2026-07-25
78,78,2,1,10,10,Medium,2026-07-25
79,79,1,5,7,5,High,2026-07-25
80,80,0,6,12,15,High,2026-07-25
81,81,1,5,9,9,High,2026-07-25
82,82,2,3,7,10,Low,2026-07-25
83,83,1,2,6,9,Low,2026-07-25
84,84,1,3,10,14,Medium,2026-07-25
85,85,2,4,7,4,Low,2026-07-25
86,86,1,2,2,11,Low,2026-07-25
87,87,2,5,7,17,High,2026-07-25
88,88,0,3,4,15,Low,2026-07-25
89,89,2,2,7,5,Low,2026-07-25
90,90,0,3,5,14,Low,2026-07-25
91,91,5,7,5,20,Critical,2026-07-25
92,92,1,4,6,10,Low,2026-07-25
93,93,0,4,8,10,Medium,2026-07-25
94,94,2,3,3,5,Low,2026-07-25
95,95,1,6,10,23,High,2026-07-25
96,96,0,5,4,13,High,2026-07-25
97,97,0,4,6,13,Low,2026-07-25
98,98,1,1,5,13,Low,2026-07-25
99,99,5,3,19,14,Critical,2026-07-25
100,100,0,4,6,4,Low,2026-07-25
101,101,2,1,6,12,Low,2026-07-25
102,102,1,2,2,14,Low,2026-07-25
103,103,2,2,6,15,Low,2026-07-25
104,104,3,5,6,13,Critical,2026-07-25
105,105,1,3,4,12,Low,2026-07-25
106,106,1,0,6,8,Low,2026-07-25
107,107,2,1,3,6,Low,2026-07-25
108,108,2,3,6,4,Low,2026-07-25
109,109,0,1,7,10,Low,2026-07-25
110,110,2,3,8,6,Medium,2026-07-25
111,111,0,4,3,11,Low,2026-07-25
112,112,1,5,12,16,High,2026-07-25
113,113,1,1,15,13,Medium,2026-07-25
114,114,0,0,4,7,Low,2026-07-25
115,115,2,1,9,12,Medium,2026-07-25
116,116,1,2,8,15,Medium,2026-07-25
117,117,2,3,8,6,Medium,2026-07-25
118,118,1,3,10,13,Medium,2026-07-25
119,119,2,1,8,9,Medium,2026-07-25
120,120,0,1,6,7,Low,2026-07-25
121,121,3,3,13,15,Critical,2026-07-25
122,122,1,3,8,6,Medium,2026-07-25
123,123,2,3,9,9,Medium,2026-07-25
124,124,0,2,11,10,Medium,2026-07-25
125,125,2,2,8,6,Medium,2026-07-25
126,126,0,0,8,10,Medium,2026-07-25
127,127,2,3,5,15,Low,2026-07-25
128,128,2,4,6,9,Low,2026-07-25
129,129,2,1,7,6,Low,2026-07-25
130,130,1,1,7,8,Low,2026-07-25
131,131,0,3,10,5,Medium,2026-07-25
132,132,2,2,6,7,Low,2026-07-25
133,133,0,0,5,9,Low,2026-07-25
134,134,2,4,2,7,Low,2026-07-25
135,135,2,2,7,15,Low,2026-07-25
136,136,0,1,13,10,Medium,2026-07-25
137,137,1,2,3,10,Low,2026-07-25
138,138,1,0,8,13,Medium,2026-07-25
139,139,2,1,2,6,Low,2026-07-25
140,140,1,3,4,9,Low,2026-07-25
141,141,0,6,14,16,High,2026-07-25
142,142,0,4,8,15,Medium,2026-07-25
143,143,0,2,10,9,Medium,2026-07-25
144,144,1,3,6,8,Low,2026-07-25
145,145,1,4,7,14,Low,2026-07-25
146,146,0,0,2,9,Low,2026-07-25
147,147,2,5,13,19,High,2026-07-25
148,148,0,2,6,6,Low,2026-07-25
149,149,1,0,2,9,Low,2026-07-25
150,150,2,4,3,10,Low,2026-07-25
151,151,0,4,7,13,Low,2026-07-25
152,152,2,1,6,10,Low,2026-07-25
153,153,1,1,5,7,Low,2026-07-25
154,154,2,2,2,6,Low,2026-07-25
155,155,1,5,4,11,High,2026-07-25
156,156,0,3,4,9,Low,2026-07-25
157,157,2,3,4,11,Low,2026-07-25
158,158,2,3,5,8,Low,2026-07-25
159,159,2,1,10,15,Medium,2026-07-25
160,160,1,5,6,12,High,2026-07-25
161,161,1,6,13,20,High,2026-07-25
162,162,1,1,6,12,Low,2026-07-25
163,163,0,3,7,6,Low,2026-07-25
164,164,0,3,9,12,Medium,2026-07-25
165,165,2,3,4,18,Low,2026-07-25
166,166,2,2,7,4,Low,2026-07-25
167,167,3,5,8,16,Critical,2026-07-25
168,168,0,2,4,8,Low,2026-07-25
169,169,1,2,12,15,Medium,2026-07-25
170,170,2,2,10,12,Medium,2026-07-25
171,171,4,10,16,26,Critical,2026-07-25
172,172,2,3,6,10,Low,2026-07-25
173,173,0,0,4,8,Low,2026-07-25
174,174,4,8,6,19,Critical,2026-07-25
175,175,2,2,7,11,Low,2026-07-25
176,176,4,10,9,26,Critical,2026-07-25
177,177,1,0,8,8,Medium,2026-07-25
178,178,3,8,14,30,Critical,2026-07-25
179,179,1,4,12,14,Medium,2026-07-25
180,180,0,2,8,9,Medium,2026-07-25
181,181,1,3,5,6,Low,2026-07-25
182,182,0,3,5,5,Low,2026-07-25
183,183,0,0,6,13,Low,2026-07-25
184,184,1,1,2,6,Low,2026-07-25
185,185,1,1,4,4,Low,2026-07-25
186,186,1,4,8,27,Medium,2026-07-25
187,187,1,3,7,10,Low,2026-07-25
188,188,0,2,5,12,Low,2026-07-25
189,189,2,2,2,6,Low,2026-07-25
190,190,0,2,10,11,Medium,2026-07-25
191,191,0,5,7,15,High,2026-07-25
192,192,4,3,12,18,Critical,2026-07-25
193,193,0,2,2,13,Low,2026-07-25
194,194,1,4,10,9,Medium,2026-07-25
195,195,2,1,5,7,Low,2026-07-25
196,196,0,2,8,10,Medium,2026-07-25
197,197,2,6,20,25,High,2026-07-25
198,198,2,2,8,11,Medium,2026-07-25
199,199,2,3,7,13,Low,2026-07-25
200,200,2,2,4,18,Low,2026-07-25
201,201,2,3,6,5,Low,2026-07-25
202,202,1,6,12,6,High,2026-07-25
203,203,2,2,5,5,Low,2026-07-25
204,204,2,4,6,11,Low,2026-07-25
205,205,0,1,12,16,Medium,2026-07-25
206,206,0,1,8,11,Medium,2026-07-25
207,207,0,1,11,13,Medium,2026-07-25
208,208,1,1,4,13,Low,2026-07-25
209,209,2,2,8,13,Medium,2026-07-25
210,210,0,1,5,13,Low,2026-07-25
211,211,1,0,6,5,Low,2026-07-25
212,212,0,3,2,7,Low,2026-07-25
213,213,0,0,4,8,Low,2026-07-25
214,214,2,1,4,5,Low,2026-07-25
215,215,1,1,3,8,Low,2026-07-25
216,216,0,5,5,17,High,2026-07-25
217,217,1,2,3,12,Low,2026-07-25
218,218,0,4,10,7,Medium,2026-07-25
219,219,1,1,8,5,Medium,2026-07-25
220,220,1,3,2,8,Low,2026-07-25
221,221,5,10,13,19,Critical,2026-07-25
222,222,0,3,2,6,Low,2026-07-25
223,223,0,3,15,10,Medium,2026-07-25
224,224,1,2,2,7,Low,2026-07-25
225,225,2,3,3,10,Low,2026-07-25
226,226,1,1,7,9,Low,2026-07-25
227,227,0,2,5,13,Low,2026-07-25
228,228,0,4,9,10,Medium,2026-07-25
229,229,1,1,8,17,Medium,2026-07-25
230,230,3,6,13,13,Critical,2026-07-25
231,231,1,4,10,14,Medium,2026-07-25
232,232,1,3,6,7,Low,2026-07-25
233,233,1,2,2,8,Low,2026-07-25
234,234,2,3,4,15,Low,2026-07-25
235,235,1,1,8,16,Medium,2026-07-25
236,236,0,1,7,15,Low,2026-07-25
237,237,2,2,4,10,Low,2026-07-25
238,238,1,3,11,7,Medium,2026-07-25
239,239,0,1,6,8,Low,2026-07-25
240,240,1,4,6,8,Low,2026-07-25
241,241,0,0,4,10,Low,2026-07-25
242,242,2,1,9,18,Medium,2026-07-25
243,243,0,2,8,11,Medium,2026-07-25
244,244,2,2,4,9,Low,2026-07-25
245,245,2,2,8,10,Medium,2026-07-25
246,246,2,6,12,18,High,2026-07-25
247,247,0,2,10,13,Medium,2026-07-25
248,248,1,4,10,10,Medium,2026-07-25
249,249,1,0,2,5,Low,2026-07-25
250,250,0,0,2,8,Low,2026-07-25
251,251,1,1,4,9,Low,2026-07-25
252,252,0,3,5,14,Low,2026-07-25
253,253,2,3,7,11,Low,2026-07-25
254,254,2,2,12,6,Medium,2026-07-25
255,255,2,1,10,10,Medium,2026-07-25
256,256,1,4,12,10,Medium,2026-07-25
257,257,1,3,6,7,Low,2026-07-25
258,258,0,6,7,23,High,2026-07-25
259,259,4,9,14,18,Critical,2026-07-25
260,260,0,1,8,9,Medium,2026-07-25
261,261,0,2,5,10,Low,2026-07-25
262,262,2,5,8,13,High,2026-07-25
263,263,1,3,11,11,Medium,2026-07-25
264,264,0,1,6,13,Low,2026-07-25
265,265,0,1,5,4,Low,2026-07-25
266,266,1,3,8,8,Medium,2026-07-25
267,267,2,4,15,15,Medium,2026-07-25
268,268,1,4,3,10,Low,2026-07-25
269,269,0,1,4,15,Low,2026-07-25
270,270,3,2,15,5,Critical,2026-07-25
271,271,2,5,9,7,High,2026-07-25
272,272,2,2,18,16,Medium,2026-07-25
273,273,1,3,6,8,Low,2026-07-25
274,274,1,4,15,5,Medium,2026-07-25
275,275,2,6,7,15,High,2026-07-25
276,276,2,2,7,8,Low,2026-07-25
277,277,0,3,11,16,Medium,2026-07-25
278,278,3,9,12,27,Critical,2026-07-25
279,279,1,3,5,13,Low,2026-07-25
280,280,0,1,5,6,Low,2026-07-25
281,281,2,7,16,27,High,2026-07-25
282,282,5,4,16,10,Critical,2026-07-25
283,283,1,4,4,6,Low,2026-07-25
284,284,0,2,5,15,Low,2026-07-25
285,285,2,4,7,6,Low,2026-07-25
286,286,5,6,10,11,Critical,2026-07-25
287,287,1,2,6,13,Low,2026-07-25
288,288,0,1,6,8,Low,2026-07-25
289,289,3,9,20,21,Critical,2026-07-25
290,290,3,3,5,13,Critical,2026-07-25
291,291,5,8,13,14,Critical,2026-07-25
292,292,0,4,3,18,Low,2026-07-25
293,293,1,3,8,8,Medium,2026-07-25
294,294,2,1,2,9,Low,2026-07-25
295,295,2,2,11,9,Medium,2026-07-25
296,296,2,5,3,8,High,2026-07-25
297,297,3,5,13,16,Critical,2026-07-25
298,298,0,5,6,6,High,2026-07-25
299,299,0,1,6,9,Low,2026-07-25
300,300,1,5,8,30,High,2026-07-25
301,301,1,3,4,14,Low,2026-07-25
302,302,1,9,19,12,High,2026-07-25
303,303,0,5,8,7,High,2026-07-25
304,304,0,0,7,5,Low,2026-07-25
305,305,2,1,9,14,Medium,2026-07-25
306,306,4,3,8,12,Critical,2026-07-25
307,307,0,5,15,6,High,2026-07-25
308,308,1,1,4,10,Low,2026-07-25
309,309,1,1,9,10,Medium,2026-07-25
310,310,1,4,20,20,Medium,2026-07-25
311,311,0,3,3,14,Low,2026-07-25
312,312,2,1,6,6,Low,2026-07-25
313,313,0,3,4,8,Low,2026-07-25
314,314,1,3,3,15,Low,2026-07-25
315,315,1,2,12,14,Medium,2026-07-25
316,316,1,4,2,4,Low,2026-07-25
317,317,2,4,9,9,Medium,2026-07-25
318,318,2,1,9,10,Medium,2026-07-25
319,319,0,4,2,9,Low,2026-07-25
320,320,0,3,11,10,Medium,2026-07-25
321,321,1,1,8,5,Medium,2026-07-25
322,322,5,7,6,22,Critical,2026-07-25
323,323,1,2,8,5,Medium,2026-07-25
324,324,2,3,11,27,Medium,2026-07-25
325,325,4,7,9,16,Critical,2026-07-25
326,326,1,1,3,15,Low,2026-07-25
327,327,0,2,9,13,Medium,2026-07-25
328,328,0,1,3,6,Low,2026-07-25
329,329,2,1,12,8,Medium,2026-07-25
330,330,1,2,10,12,Medium,2026-07-25
331,331,0,3,3,6,Low,2026-07-25
332,332,2,2,10,7,Medium,2026-07-25
333,333,1,3,5,8,Low,2026-07-25
334,334,1,4,7,14,Low,2026-07-25
335,335,1,0,7,15,Low,2026-07-25
336,336,0,3,7,6,Low,2026-07-25
337,337,2,1,4,12,Low,2026-07-25
338,338,2,1,8,8,Medium,2026-07-25
339,339,0,5,3,15,High,2026-07-25
340,340,1,2,11,16,Medium,2026-07-25
341,341,2,1,11,6,Medium,2026-07-25
342,342,2,3,8,6,Medium,2026-07-25
343,343,1,4,6,6,Low,2026-07-25
344,344,2,5,7,13,High,2026-07-25
345,345,0,2,6,9,Low,2026-07-25
346,346,1,5,5,11,High,2026-07-25
347,347,0,1,8,8,Medium,2026-07-25
348,348,0,1,4,13,Low,2026-07-25
349,349,3,9,13,22,Critical,2026-07-25
350,350,1,9,6,24,High,2026-07-25
351,351,3,1,5,18,Critical,2026-07-25
352,352,2,1,7,9,Low,2026-07-25
353,353,1,1,4,7,Low,2026-07-25
354,354,3,5,14,5,Critical,2026-07-25
355,355,0,5,6,11,High,2026-07-25
356,356,5,4,16,18,Critical,2026-07-25
357,357,0,3,2,9,Low,2026-07-25
358,358,2,1,13,18,Medium,2026-07-25
359,359,0,5,4,6,High,2026-07-25
360,360,3,10,18,26,Critical,2026-07-25
361,361,2,3,4,11,Low,2026-07-25
362,362,2,4,6,12,Low,2026-07-25
363,363,2,1,4,9,Low,2026-07-25
364,364,0,3,6,5,Low,2026-07-25
365,365,2,3,4,16,Low,2026-07-25
366,366,5,3,5,18,Critical,2026-07-25
367,367,0,3,8,7,Medium,2026-07-25
368,368,0,1,6,6,Low,2026-07-25
369,369,0,0,8,7,Medium,2026-07-25
370,370,1,4,3,6,Low,2026-07-25
371,371,1,2,10,12,Medium,2026-07-25
372,372,3,1,5,11,Critical,2026-07-25
373,373,4,5,17,23,Critical,2026-07-25
374,374,0,4,3,11,Low,2026-07-25
375,375,2,6,8,6,High,2026-07-25
376,376,2,3,17,10,Medium,2026-07-25
377,377,2,1,6,12,Low,2026-07-25
378,378,1,0,4,14,Low,2026-07-25
379,379,0,3,17,15,Medium,2026-07-25
380,380,2,3,3,13,Low,2026-07-25
381,381,2,4,4,12,Low,2026-07-25
382,382,0,3,13,11,Medium,2026-07-25
383,383,2,3,7,9,Low,2026-07-25
384,384,0,3,7,9,Low,2026-07-25
385,385,0,3,7,5,Low,2026-07-25
386,386,2,1,5,11,Low,2026-07-25
387,387,1,0,8,15,Medium,2026-07-25
388,388,1,0,5,12,Low,2026-07-25
389,389,1,3,7,13,Low,2026-07-25
390,390,0,2,3,12,Low,2026-07-25
391,391,0,10,20,17,High,2026-07-25
392,392,2,9,5,21,High,2026-07-25
393,393,0,0,7,10,Low,2026-07-25
394,394,1,1,3,8,Low,2026-07-25
395,395,2,4,9,15,Medium,2026-07-25
396,396,1,2,4,11,Low,2026-07-25
397,397,2,2,5,10,Low,2026-07-25
398,398,5,5,14,12,Critical,2026-07-25
399,399,2,4,7,12,Low,2026-07-25
400,400,2,5,11,13,High,2026-07-25
401,401,1,4,7,16,Low,2026-07-25
402,402,0,3,4,6,Low,2026-07-25
403,403,5,5,7,16,Critical,2026-07-25
404,404,1,1,7,9,Low,2026-07-25
405,405,0,2,5,8,Low,2026-07-25
406,406,1,3,11,17,Medium,2026-07-25
407,407,1,6,11,19,High,2026-07-25
408,408,0,4,2,5,Low,2026-07-25
409,409,1,0,3,12,Low,2026-07-25
410,410,1,1,10,14,Medium,2026-07-25
411,411,0,2,8,14,Medium,2026-07-25
412,412,2,3,10,11,Medium,2026-07-25
413,413,0,1,6,7,Low,2026-07-25
414,414,2,2,4,4,Low,2026-07-25
415,415,1,1,11,8,Medium,2026-07-25
416,416,0,1,3,13,Low,2026-07-25
417,417,2,1,9,20,Medium,2026-07-25
418,418,1,1,4,13,Low,2026-07-25
419,419,1,7,13,13,High,2026-07-25
420,420,1,4,5,7,Low,2026-07-25
421,421,0,1,3,7,Low,2026-07-25
422,422,1,4,6,12,Low,2026-07-25
423,423,4,10,20,29,Critical,2026-07-25
424,424,1,1,12,11,Medium,2026-07-25
425,425,0,4,9,14,Medium,2026-07-25
426,426,0,4,12,8,Medium,2026-07-25
427,427,2,2,10,10,Medium,2026-07-25
428,428,2,5,4,11,High,2026-07-25
429,429,0,2,6,10,Low,2026-07-25
430,430,0,3,8,7,Medium,2026-07-25
431,431,1,0,5,13,Low,2026-07-25
432,432,1,2,4,13,Low,2026-07-25
433,433,2,4,3,15,Low,2026-07-25
434,434,0,3,8,11,Medium,2026-07-25
435,435,2,3,8,15,Medium,2026-07-25
436,436,0,1,8,9,Medium,2026-07-25
437,437,0,3,9,7,Medium,2026-07-25
438,438,2,2,7,8,Low,2026-07-25
439,439,1,8,7,14,High,2026-07-25
440,440,2,6,4,20,High,2026-07-25
441,441,1,4,7,7,Low,2026-07-25
442,442,3,3,9,11,Critical,2026-07-25
443,443,2,1,5,17,Low,2026-07-25
444,444,0,2,6,6,Low,2026-07-25
445,445,0,1,7,5,Low,2026-07-25
446,446,3,6,12,9,Critical,2026-07-25
447,447,2,4,10,5,Medium,2026-07-25
448,448,1,3,4,13,Low,2026-07-25
449,449,0,4,3,15,Low,2026-07-25
450,450,3,3,13,13,Critical,2026-07-25
451,451,2,3,13,8,Medium,2026-07-25
452,452,2,2,9,12,Medium,2026-07-25
453,453,0,4,3,5,Low,2026-07-25
454,454,2,1,7,13,Low,2026-07-25
455,455,1,1,7,10,Low,2026-07-25
456,456,1,4,2,13,Low,2026-07-25
457,457,1,4,8,15,Medium,2026-07-25
458,458,0,2,11,8,Medium,2026-07-25
459,459,4,9,7,23,Critical,2026-07-25
460,460,1,5,4,17,High,2026-07-25
461,461,1,4,4,10,Low,2026-07-25
462,462,1,5,15,29,High,2026-07-25
463,463,2,4,11,16,Medium,2026-07-25
464,464,5,7,19,17,Critical,2026-07-25
465,465,2,1,6,9,Low,2026-07-25
466,466,1,3,14,21,Medium,2026-07-25
467,467,0,1,2,7,Low,2026-07-25
468,468,1,2,7,10,Low,2026-07-25
469,469,0,1,3,8,Low,2026-07-25
470,470,0,5,13,20,High,2026-07-25
471,471,2,2,3,9,Low,2026-07-25
472,472,0,1,7,14,Low,2026-07-25
473,473,2,1,10,13,Medium,2026-07-25
474,474,0,1,2,5,Low,2026-07-25
475,475,1,3,3,6,Low,2026-07-25
476,476,2,4,7,7,Low,2026-07-25
477,477,2,1,10,8,Medium,2026-07-25
478,478,0,2,10,8,Medium,2026-07-25
479,479,1,2,7,12,Low,2026-07-25
480,480,1,2,10,16,Medium,2026-07-25
481,481,0,3,3,11,Low,2026-07-25
482,482,0,4,7,9,Low,2026-07-25
483,483,0,9,18,12,High,2026-07-25
484,484,0,1,8,6,Medium,2026-07-25
485,485,1,3,5,15,Low,2026-07-25
486,486,0,5,10,17,High,2026-07-25
487,487,0,4,4,10,Low,2026-07-25
488,488,0,3,4,13,Low,2026-07-25
489,489,1,1,7,14,Low,2026-07-25
490,490,0,2,12,10,Medium,2026-07-25
491,491,1,3,10,10,Medium,2026-07-25
492,492,0,1,4,16,Low,2026-07-25
493,493,3,5,8,10,Critical,2026-07-25
494,494,2,3,5,11,Low,2026-07-25
495,495,1,3,3,4,Low,2026-07-25
496,496,1,3,5,6,Low,2026-07-25
497,497,0,1,12,13,Medium,2026-07-25
498,498,1,0,8,5,Medium,2026-07-25
499,499,2,1,9,14,Medium,2026-07-25
500,500,2,4,5,8,Low,2026-07-25
501,501,2,4,8,5,Medium,2026-07-25
502,502,3,5,9,8,Critical,2026-07-25
503,503,1,5,10,11,High,2026-07-25
504,504,1,5,13,20,High,2026-07-25
505,505,2,4,8,6,Medium,2026-07-25
506,506,1,2,7,5,Low,2026-07-25
507,507,0,2,10,11,Medium,2026-07-25
508,508,1,3,8,14,Medium,2026-07-25
509,509,0,3,4,9,Low,2026-07-25
510,510,0,3,4,6,Low,2026-07-25
511,511,0,3,4,11,Low,2026-07-25
512,512,1,2,3,11,Low,2026-07-25
513,513,1,3,11,14,Medium,2026-07-25
514,514,1,2,5,8,Low,2026-07-25
515,515,0,1,2,9,Low,2026-07-25
516,516,1,5,19,16,High,2026-07-25
517,517,0,1,6,10,Low,2026-07-25
518,518,0,2,7,14,Low,2026-07-25
519,519,2,1,5,5,Low,2026-07-25
520,520,1,3,4,10,Low,2026-07-25
521,521,0,3,5,6,Low,2026-07-25
522,522,2,1,7,10,Low,2026-07-25
523,523,2,4,12,16,Medium,2026-07-25
524,524,0,2,6,6,Low,2026-07-25
525,525,2,5,11,12,High,2026-07-25
526,526,1,4,6,16,Low,2026-07-25
527,527,0,1,8,12,Medium,2026-07-25
528,528,4,9,19,24,Critical,2026-07-25
529,529,0,0,2,10,Low,2026-07-25
530,530,2,2,3,8,Low,2026-07-25
531,531,0,4,7,11,Low,2026-07-25
532,532,2,1,8,14,Medium,2026-07-25
533,533,1,5,4,20,High,2026-07-25
534,534,1,5,12,30,High,2026-07-25
535,535,5,5,13,17,Critical,2026-07-25
536,536,0,1,2,15,Low,2026-07-25
537,537,0,3,11,9,Medium,2026-07-25
538,538,2,4,2,12,Low,2026-07-25
539,539,4,8,12,10,Critical,2026-07-25
540,540,1,5,5,13,High,2026-07-25
541,541,0,5,3,15,High,2026-07-25
542,542,3,9,6,24,Critical,2026-07-25
543,543,1,4,3,7,Low,2026-07-25
544,544,4,7,9,24,Critical,2026-07-25
545,545,2,3,5,11,Low,2026-07-25
546,546,1,5,6,11,High,2026-07-25
547,547,0,3,6,10,Low,2026-07-25
548,548,2,3,8,17,Medium,2026-07-25
549,549,0,4,10,7,Medium,2026-07-25
550,550,1,1,11,9,Medium,2026-07-25
551,551,1,2,10,5,Medium,2026-07-25
552,552,3,1,15,7,Critical,2026-07-25
553,553,1,2,4,15,Low,2026-07-25
554,554,5,2,17,28,Critical,2026-07-25
555,555,3,2,11,7,Critical,2026-07-25
556,556,2,3,6,6,Low,2026-07-25
557,557,0,2,7,11,Low,2026-07-25
558,558,2,2,8,10,Medium,2026-07-25
559,559,2,2,10,6,Medium,2026-07-25
560,560,3,4,11,11,Critical,2026-07-25
561,561,0,3,3,7,Low,2026-07-25
562,562,0,5,17,28,High,2026-07-25
563,563,2,6,9,15,High,2026-07-25
564,564,0,1,4,15,Low,2026-07-25
565,565,1,2,8,10,Medium,2026-07-25
566,566,1,4,10,7,Medium,2026-07-25
567,567,2,3,8,5,Medium,2026-07-25
568,568,1,5,5,9,High,2026-07-25
569,569,4,2,16,11,Critical,2026-07-25
570,570,2,4,10,18,Medium,2026-07-25
571,571,1,3,2,8,Low,2026-07-25
572,572,1,1,2,8,Low,2026-07-25
573,573,0,4,2,6,Low,2026-07-25
574,574,5,6,16,29,Critical,2026-07-25
575,575,1,3,2,5,Low,2026-07-25
576,576,2,3,5,20,Low,2026-07-25
577,577,1,4,4,7,Low,2026-07-25
578,578,3,2,15,16,Critical,2026-07-25
579,579,1,3,10,8,Medium,2026-07-25
580,580,2,2,5,8,Low,2026-07-25
581,581,3,2,11,27,Critical,2026-07-25
582,582,1,4,9,7,Medium,2026-07-25
583,583,2,1,6,13,Low,2026-07-25
584,584,2,3,12,6,Medium,2026-07-25
585,585,1,1,3,6,Low,2026-07-25
586,586,2,4,3,5,Low,2026-07-25
587,587,1,1,7,7,Low,2026-07-25
588,588,0,1,7,5,Low,2026-07-25
589,589,0,2,4,5,Low,2026-07-25
590,590,1,2,8,6,Medium,2026-07-25
591,591,1,3,3,8,Low,2026-07-25
592,592,2,5,10,15,High,2026-07-25
593,593,0,2,8,9,Medium,2026-07-25
594,594,2,1,9,12,Medium,2026-07-25
595,595,0,0,8,11,Medium,2026-07-25
596,596,1,8,16,24,High,2026-07-25
597,597,1,0,4,5,Low,2026-07-25
598,598,1,2,11,12,Medium,2026-07-25
599,599,2,3,5,11,Low,2026-07-25
600,600,3,5,9,11,Critical,2026-07-25
601,601,2,1,7,5,Low,2026-07-25
602,602,0,4,9,14,Medium,2026-07-25
603,603,0,5,9,9,High,2026-07-25
604,604,0,2,4,10,Low,2026-07-25
605,605,2,2,5,5,Low,2026-07-25
606,606,4,5,12,28,Critical,2026-07-25
607,607,0,1,2,10,Low,2026-07-25
608,608,1,3,5,6,Low,2026-07-25
609,609,2,4,4,7,Low,2026-07-25
610,610,0,7,13,25,High,2026-07-25
611,611,2,2,13,6,Medium,2026-07-25
612,612,1,4,7,20,Low,2026-07-25
613,613,2,3,3,13,Low,2026-07-25
614,614,1,2,5,8,Low,2026-07-25
615,615,1,5,10,9,High,2026-07-25
616,616,3,3,6,13,Critical,2026-07-25
617,617,2,4,9,9,Medium,2026-07-25
618,618,2,9,20,20,High,2026-07-25
619,619,1,2,3,6,Low,2026-07-25
620,620,0,2,7,16,Low,2026-07-25
621,621,1,2,9,11,Medium,2026-07-25
622,622,0,2,4,9,Low,2026-07-25
623,623,0,3,10,11,Medium,2026-07-25
624,624,0,1,7,13,Low,2026-07-25
625,625,1,5,4,14,High,2026-07-25
626,626,0,5,10,7,High,2026-07-25
627,627,0,0,7,8,Low,2026-07-25
628,628,0,1,13,9,Medium,2026-07-25
629,629,0,5,10,18,High,2026-07-25
630,630,3,5,10,8,Critical,2026-07-25
631,631,1,1,5,12,Low,2026-07-25
632,632,1,1,5,14,Low,2026-07-25
633,633,0,6,8,23,High,2026-07-25
634,634,1,2,4,7,Low,2026-07-25
635,635,1,1,4,15,Low,2026-07-25
636,636,2,2,11,12,Medium,2026-07-25
637,637,1,8,14,22,High,2026-07-25
638,638,2,1,8,5,Medium,2026-07-25
639,639,1,3,10,14,Medium,2026-07-25
640,640,0,2,8,7,Medium,2026-07-25
641,641,1,2,5,15,Low,2026-07-25
642,642,2,5,3,7,High,2026-07-25
643,643,1,3,6,10,Low,2026-07-25
644,644,3,4,8,13,Critical,2026-07-25
645,645,1,2,8,7,Medium,2026-07-25
646,646,2,7,13,26,High,2026-07-25
647,647,0,3,6,12,Low,2026-07-25
648,648,1,1,6,10,Low,2026-07-25
649,649,0,1,7,12,Low,2026-07-25
650,650,1,0,3,7,Low,2026-07-25
651,651,4,2,14,19,Critical,2026-07-25
652,652,1,6,13,16,High,2026-07-25
653,653,2,2,4,11,Low,2026-07-25
654,654,1,1,7,6,Low,2026-07-25
655,655,0,3,5,17,Low,2026-07-25
656,656,2,1,8,14,Medium,2026-07-25
657,657,1,2,8,10,Medium,2026-07-25
658,658,0,3,4,12,Low,2026-07-25
659,659,0,2,4,8,Low,2026-07-25
660,660,3,1,4,13,Critical,2026-07-25
661,661,1,1,4,14,Low,2026-07-25
662,662,0,10,17,17,High,2026-07-25
663,663,0,0,7,13,Low,2026-07-25
664,664,3,3,6,12,Critical,2026-07-25
665,665,1,2,10,6,Medium,2026-07-25
666,666,2,3,14,9,Medium,2026-07-25
667,667,1,3,6,11,Low,2026-07-25
668,668,0,2,3,8,Low,2026-07-25
669,669,2,1,4,11,Low,2026-07-25
670,670,1,1,6,13,Low,2026-07-25
671,671,0,4,6,17,Low,2026-07-25
672,672,1,4,6,10,Low,2026-07-25
673,673,2,4,9,18,Medium,2026-07-25
674,674,1,2,9,11,Medium,2026-07-25
675,675,1,4,6,13,Low,2026-07-25
676,676,0,1,8,13,Medium,2026-07-25
677,677,0,1,8,6,Medium,2026-07-25
678,678,0,1,10,11,Medium,2026-07-25
679,679,2,2,6,7,Low,2026-07-25
680,680,1,4,6,7,Low,2026-07-25
681,681,0,2,9,14,Medium,2026-07-25
682,682,2,4,4,18,Low,2026-07-25
683,683,1,2,6,12,Low,2026-07-25
684,684,1,3,6,12,Low,2026-07-25
685,685,1,4,6,7,Low,2026-07-25
686,686,2,3,4,6,Low,2026-07-25
687,687,1,1,3,6,Low,2026-07-25
688,688,0,3,6,13,Low,2026-07-25
689,689,2,4,7,5,Low,2026-07-25
690,690,2,2,10,12,Medium,2026-07-25
691,691,0,1,9,11,Medium,2026-07-25
692,692,1,3,9,5,Medium,2026-07-25
693,693,1,1,7,10,Low,2026-07-25
694,694,1,1,7,13,Low,2026-07-25
695,695,2,1,8,14,Medium,2026-07-25
696,696,2,5,18,27,High,2026-07-25
697,697,0,2,7,15,Low,2026-07-25
698,698,0,3,5,7,Low,2026-07-25
699,699,3,3,8,10,Critical,2026-07-25
700,700,3,3,5,20,Critical,2026-07-25
701,701,2,3,5,10,Low,2026-07-25
702,702,2,1,7,4,Low,2026-07-25
703,703,1,4,4,15,Low,2026-07-25
704,704,1,3,4,15,Low,2026-07-25
705,705,1,2,2,14,Low,2026-07-25
706,706,1,2,5,5,Low,2026-07-25
707,707,1,2,5,10,Low,2026-07-25
708,708,1,2,8,11,Medium,2026-07-25
709,709,0,2,15,15,Medium,2026-07-25
710,710,2,4,10,14,Medium,2026-07-25
711,711,2,4,2,12,Low,2026-07-25
712,712,3,3,7,7,Critical,2026-07-25
713,713,2,3,10,7,Medium,2026-07-25
714,714,0,4,8,8,Medium,2026-07-25
715,715,1,3,7,7,Low,2026-07-25
716,716,1,2,7,10,Low,2026-07-25
717,717,1,3,8,11,Medium,2026-07-25
718,718,0,0,8,11,Medium,2026-07-25
719,719,2,2,3,5,Low,2026-07-25
720,720,3,4,15,20,Critical,2026-07-25
721,721,1,7,7,27,High,2026-07-25
722,722,1,1,5,9,Low,2026-07-25
723,723,0,2,8,14,Medium,2026-07-25
724,724,0,2,3,14,Low,2026-07-25
725,725,0,6,10,7,High,2026-07-25
726,726,0,6,14,18,High,2026-07-25
727,727,0,1,7,5,Low,2026-07-25
728,728,2,4,10,6,Medium,2026-07-25
729,729,1,1,12,19,Medium,2026-07-25
730,730,1,3,8,11,Medium,2026-07-25
731,731,1,6,10,13,High,2026-07-25
732,732,0,4,3,5,Low,2026-07-25
733,733,0,5,5,10,High,2026-07-25
734,734,0,1,7,12,Low,2026-07-25
735,735,2,7,9,13,High,2026-07-25
736,736,0,0,7,5,Low,2026-07-25
737,737,1,1,4,9,Low,2026-07-25
738,738,0,2,8,7,Medium,2026-07-25
739,739,0,3,6,14,Low,2026-07-25
740,740,2,3,3,10,Low,2026-07-25
741,741,1,6,10,10,High,2026-07-25
742,742,2,8,7,16,High,2026-07-25
743,743,1,2,3,10,Low,2026-07-25
744,744,3,4,8,18,Critical,2026-07-25
745,745,0,3,7,11,Low,2026-07-25
746,746,0,2,10,7,Medium,2026-07-25
747,747,5,4,15,25,Critical,2026-07-25
748,748,1,1,8,11,Medium,2026-07-25
749,749,2,10,13,19,High,2026-07-25
750,750,0,3,7,7,Low,2026-07-25
751,751,0,3,6,6,Low,2026-07-25
752,752,0,4,10,15,Medium,2026-07-25
753,753,1,2,2,13,Low,2026-07-25
754,754,2,8,10,18,High,2026-07-25
755,755,0,2,4,7,Low,2026-07-25
756,756,1,5,9,12,High,2026-07-25
757,757,1,2,3,10,Low,2026-07-25
758,758,0,4,10,15,Medium,2026-07-25
759,759,0,2,6,15,Low,2026-07-25
760,760,2,3,3,12,Low,2026-07-25
761,761,1,4,8,9,Medium,2026-07-25
762,762,2,1,6,9,Low,2026-07-25
763,763,2,3,6,8,Low,2026-07-25
764,764,0,4,5,16,Low,2026-07-25
765,765,1,3,5,11,Low,2026-07-25
766,766,1,3,5,5,Low,2026-07-25
767,767,0,1,6,15,Low,2026-07-25
768,768,2,1,9,9,Medium,2026-07-25
769,769,0,2,7,8,Low,2026-07-25
770,770,1,5,3,13,High,2026-07-25
771,771,0,1,2,14,Low,2026-07-25
772,772,0,2,2,6,Low,2026-07-25
773,773,0,1,5,12,Low,2026-07-25
774,774,1,0,3,11,Low,2026-07-25
775,775,2,2,4,13,Low,2026-07-25
776,776,2,4,8,14,Medium,2026-07-25
777,777,0,7,15,23,High,2026-07-25
778,778,0,5,7,15,High,2026-07-25
779,779,2,3,4,5,Low,2026-07-25
780,780,1,1,3,6,Low,2026-07-25
781,781,2,1,7,11,Low,2026-07-25
782,782,0,0,2,5,Low,2026-07-25
783,783,1,3,5,11,Low,2026-07-25
784,784,0,1,4,12,Low,2026-07-25
785,785,0,3,4,5,Low,2026-07-25
786,786,3,2,8,16,Critical,2026-07-25
787,787,1,7,20,17,High,2026-07-25
788,788,5,7,18,25,Critical,2026-07-25
789,789,0,5,10,18,High,2026-07-25
790,790,1,2,8,10,Medium,2026-07-25
791,791,0,3,3,12,Low,2026-07-25
792,792,0,4,2,11,Low,2026-07-25
793,793,0,2,3,7,Low,2026-07-25
794,794,1,0,2,10,Low,2026-07-25
795,795,4,9,5,10,Critical,2026-07-25
796,796,3,7,16,18,Critical,2026-07-25
797,797,1,1,9,8,Medium,2026-07-25
798,798,1,5,7,6,High,2026-07-25
799,799,0,2,7,17,Low,2026-07-25
800,800,2,4,6,7,Low,2026-07-25
801,801,0,1,8,4,Medium,2026-07-25
802,802,1,4,3,17,Low,2026-07-25
803,803,1,2,3,13,Low,2026-07-25
804,804,0,2,5,7,Low,2026-07-25
805,805,1,4,7,8,Low,2026-07-25
806,806,2,2,8,4,Medium,2026-07-25
807,807,1,2,4,10,Low,2026-07-25
808,808,1,0,7,7,Low,2026-07-25
809,809,0,0,2,10,Low,2026-07-25
810,810,0,2,8,9,Medium,2026-07-25
811,811,1,3,9,14,Medium,2026-07-25
812,812,0,9,18,25,High,2026-07-25
813,813,2,4,5,15,Low,2026-07-25
814,814,2,2,8,7,Medium,2026-07-25
815,815,2,4,7,11,Low,2026-07-25
816,816,0,2,8,4,Medium,2026-07-25
817,817,1,2,6,9,Low,2026-07-25
818,818,0,5,3,10,High,2026-07-25
819,819,0,2,5,5,Low,2026-07-25
820,820,0,1,7,11,Low,2026-07-25
821,821,0,1,6,14,Low,2026-07-25
822,822,3,9,16,13,Critical,2026-07-25
823,823,0,2,8,10,Medium,2026-07-25
824,824,0,1,6,14,Low,2026-07-25
825,825,2,5,8,22,High,2026-07-25
826,826,0,1,6,4,Low,2026-07-25
827,827,2,4,7,13,Low,2026-07-25
828,828,0,1,8,13,Medium,2026-07-25
829,829,0,4,7,17,Low,2026-07-25
830,830,0,10,14,18,High,2026-07-25
831,831,1,1,6,7,Low,2026-07-25
832,832,2,4,7,14,Low,2026-07-25
833,833,1,1,10,15,Medium,2026-07-25
834,834,2,2,7,6,Low,2026-07-25
835,835,5,10,14,15,Critical,2026-07-25
836,836,1,2,5,5,Low,2026-07-25
837,837,3,5,19,16,Critical,2026-07-25
838,838,1,4,8,7,Medium,2026-07-25
839,839,0,3,4,10,Low,2026-07-25
840,840,1,4,5,10,Low,2026-07-25
841,841,1,2,7,14,Low,2026-07-25
842,842,1,3,5,6,Low,2026-07-25
843,843,2,2,8,7,Medium,2026-07-25
844,844,0,1,3,5,Low,2026-07-25
845,845,1,9,6,30,High,2026-07-25
846,846,1,1,4,8,Low,2026-07-25
847,847,0,4,9,14,Medium,2026-07-25
848,848,0,10,9,16,High,2026-07-25
849,849,2,1,6,13,Low,2026-07-25
850,850,4,9,13,22,Critical,2026-07-25
851,851,2,6,5,18,High,2026-07-25
852,852,1,3,6,7,Low,2026-07-25
853,853,2,1,6,11,Low,2026-07-25
854,854,2,2,12,5,Medium,2026-07-25
855,855,1,4,13,23,Medium,2026-07-25
856,856,0,6,14,19,High,2026-07-25
857,857,2,4,9,15,Medium,2026-07-25
858,858,0,2,3,6,Low,2026-07-25
859,859,5,4,16,17,Critical,2026-07-25
860,860,0,1,5,5,Low,2026-07-25
861,861,1,3,4,12,Low,2026-07-25
862,862,1,1,8,11,Medium,2026-07-25
863,863,2,2,7,14,Low,2026-07-25
864,864,1,4,5,11,Low,2026-07-25
865,865,0,6,12,12,High,2026-07-25
866,866,1,5,3,11,High,2026-07-25
867,867,4,8,12,17,Critical,2026-07-25
868,868,2,2,9,7,Medium,2026-07-25
869,869,0,3,4,8,Low,2026-07-25
870,870,2,1,13,14,Medium,2026-07-25
871,871,1,8,6,25,High,2026-07-25
872,872,1,2,2,11,Low,2026-07-25
873,873,1,2,13,19,Medium,2026-07-25
874,874,0,4,5,12,Low,2026-07-25
875,875,1,3,6,12,Low,2026-07-25
876,876,0,2,2,5,Low,2026-07-25
877,877,1,1,7,6,Low,2026-07-25
878,878,0,1,9,11,Medium,2026-07-25
879,879,1,4,4,12,Low,2026-07-25
880,880,3,9,19,13,Critical,2026-07-25
881,881,4,9,15,20,Critical,2026-07-25
882,882,1,2,4,11,Low,2026-07-25
883,883,1,2,2,4,Low,2026-07-25
884,884,0,3,4,12,Low,2026-07-25
885,885,1,4,11,12,Medium,2026-07-25
886,886,2,3,8,12,Medium,2026-07-25
887,887,2,5,6,19,High,2026-07-25
888,888,3,3,13,5,Critical,2026-07-25
889,889,1,0,4,7,Low,2026-07-25
890,890,2,4,5,6,Low,2026-07-25
891,891,1,1,6,6,Low,2026-07-25
892,892,2,2,8,6,Medium,2026-07-25
893,893,1,2,3,6,Low,2026-07-25
894,894,0,2,7,14,Low,2026-07-25
895,895,1,2,4,8,Low,2026-07-25
896,896,5,4,11,22,Critical,2026-07-25
897,897,2,4,8,10,Medium,2026-07-25
898,898,0,2,10,5,Medium,2026-07-25
899,899,0,2,9,14,Medium,2026-07-25
900,900,2,3,5,12,Low,2026-07-25
901,901,1,4,5,14,Low,2026-07-25
902,902,2,1,4,5,Low,2026-07-25
903,903,0,2,7,8,Low,2026-07-25
904,904,1,1,8,8,Medium,2026-07-25
905,905,0,6,4,17,High,2026-07-25
906,906,0,3,8,7,Medium,2026-07-25
907,907,0,3,9,11,Medium,2026-07-25
908,908,0,3,7,10,Low,2026-07-25
909,909,1,1,6,7,Low,2026-07-25
910,910,1,4,8,7,Medium,2026-07-25
911,911,2,2,12,17,Medium,2026-07-25
912,912,1,4,6,7,Low,2026-07-25
913,913,3,1,8,14,Critical,2026-07-25
914,914,0,3,4,15,Low,2026-07-25
915,915,5,2,10,30,Critical,2026-07-25
916,916,1,5,9,9,High,2026-07-25
917,917,2,1,14,6,Medium,2026-07-25
918,918,2,4,7,14,Low,2026-07-25
919,919,1,2,5,9,Low,2026-07-25
920,920,0,1,5,7,Low,2026-07-25
921,921,3,2,5,19,Critical,2026-07-25
922,922,0,1,5,15,Low,2026-07-25
923,923,1,9,13,30,High,2026-07-25
924,924,1,2,6,10,Low,2026-07-25
925,925,3,5,13,24,Critical,2026-07-25
926,926,0,0,7,8,Low,2026-07-25
927,927,4,8,9,11,Critical,2026-07-25
928,928,2,2,9,9,Medium,2026-07-25
929,929,0,4,14,20,Medium,2026-07-25
930,930,2,1,10,15,Medium,2026-07-25
931,931,1,2,4,11,Low,2026-07-25
932,932,4,9,13,15,Critical,2026-07-25
933,933,1,3,19,23,Medium,2026-07-25
934,934,0,1,4,7,Low,2026-07-25
935,935,1,4,3,5,Low,2026-07-25
936,936,0,1,3,8,Low,2026-07-25
937,937,1,3,4,16,Low,2026-07-25
938,938,1,0,7,13,Low,2026-07-25
939,939,0,5,11,13,High,2026-07-25
940,940,0,1,8,10,Medium,2026-07-25
941,941,0,1,3,6,Low,2026-07-25
942,942,0,4,8,8,Medium,2026-07-25
943,943,4,10,16,13,Critical,2026-07-25
944,944,2,2,8,15,Medium,2026-07-25
945,945,3,1,7,18,Critical,2026-07-25
946,946,2,4,5,14,Low,2026-07-25
947,947,0,2,3,8,Low,2026-07-25
948,948,0,1,4,4,Low,2026-07-25
949,949,1,5,5,9,High,2026-07-25
950,950,1,0,7,9,Low,2026-07-25
951,951,0,5,18,15,High,2026-07-25
952,952,2,3,8,5,Medium,2026-07-25
953,953,2,2,5,10,Low,2026-07-25
954,954,2,3,3,6,Low,2026-07-25
955,955,0,1,5,5,Low,2026-07-25
956,956,0,5,20,19,High,2026-07-25
957,957,2,2,15,16,Medium,2026-07-25
958,958,2,4,5,9,Low,2026-07-25
959,959,0,1,8,6,Medium,2026-07-25
960,960,4,7,20,25,Critical,2026-07-25
961,961,0,2,5,11,Low,2026-07-25
962,962,3,5,6,10,Critical,2026-07-25
963,963,0,1,2,10,Low,2026-07-25
964,964,2,3,6,5,Low,2026-07-25
965,965,1,5,9,7,High,2026-07-25
966,966,1,4,8,20,Medium,2026-07-25
967,967,1,2,6,7,Low,2026-07-25
968,968,0,0,2,6,Low,2026-07-25
969,969,1,3,11,12,Medium,2026-07-25
970,970,0,2,10,14,Medium,2026-07-25
971,971,0,3,9,17,Medium,2026-07-25
972,972,0,2,6,9,Low,2026-07-25
973,973,5,4,8,18,Critical,2026-07-25
974,974,5,9,19,24,Critical,2026-07-25
975,975,0,3,8,14,Medium,2026-07-25
976,976,1,5,5,17,High,2026-07-25
977,977,1,4,8,17,Medium,2026-07-25
978,978,0,2,2,4,Low,2026-07-25
979,979,0,3,7,8,Low,2026-07-25
980,980,0,1,2,11,Low,2026-07-25
981,981,2,5,6,9,High,2026-07-25
982,982,1,5,12,7,High,2026-07-25
983,983,0,4,13,20,Medium,2026-07-25
984,984,2,5,4,7,High,2026-07-25
985,985,3,3,9,16,Critical,2026-07-25
986,986,0,1,5,12,Low,2026-07-25
987,987,0,6,4,13,High,2026-07-25
988,988,0,1,6,11,Low,2026-07-25
989,989,2,4,7,9,Low,2026-07-25
990,990,1,5,10,8,High,2026-07-25
991,991,0,2,5,8,Low,2026-07-25
992,992,0,6,10,15,High,2026-07-25
993,993,2,3,2,7,Low,2026-07-25
994,994,3,9,20,10,Critical,2026-07-25
995,995,2,1,9,12,Medium,2026-07-25
996,996,1,0,5,6,Low,2026-07-25
997,997,0,5,6,5,High,2026-07-25
998,998,0,3,8,8,Medium,2026-07-25
999,999,1,3,3,4,Low,2026-07-25
1000,1000,0,1,3,15,Low,2026-07-25
1001,1001,0,3,5,7,Low,2026-07-25
1002,1002,5,2,10,16,Critical,2026-07-25
1003,1003,1,1,7,13,Low,2026-07-25
1004,1004,1,1,7,11,Low,2026-07-25
1005,1005,0,2,5,8,Low,2026-07-25
1006,1006,2,1,10,12,Medium,2026-07-25
1007,1007,1,3,3,12,Low,2026-07-25
1008,1008,2,2,3,7,Low,2026-07-25
1009,1009,3,6,12,17,Critical,2026-07-25
1010,1010,2,5,12,20,High,2026-07-25
1011,1011,1,3,3,7,Low,2026-07-25
1012,1012,2,4,6,15,Low,2026-07-25
1013,1013,0,3,7,4,Low,2026-07-25
1014,1014,2,3,8,10,Medium,2026-07-25
1015,1015,0,0,4,6,Low,2026-07-25
1016,1016,1,2,5,7,Low,2026-07-25
1017,1017,1,0,8,15,Medium,2026-07-25
1018,1018,0,1,5,6,Low,2026-07-25
1019,1019,2,4,11,12,Medium,2026-07-25
1020,1020,0,2,10,12,Medium,2026-07-25
1021,1021,0,3,6,6,Low,2026-07-25
1022,1022,1,2,7,14,Low,2026-07-25
1023,1023,2,4,6,7,Low,2026-07-25
1024,1024,2,2,9,11,Medium,2026-07-25
1025,1025,1,1,7,12,Low,2026-07-25
1026,1026,0,2,12,7,Medium,2026-07-25
1027,1027,0,2,3,5,Low,2026-07-25
1028,1028,0,3,5,9,Low,2026-07-25
1029,1029,1,1,12,12,Medium,2026-07-25
1030,1030,1,5,10,5,High,2026-07-25
1031,1031,0,2,10,17,Medium,2026-07-25
1032,1032,1,3,4,7,Low,2026-07-25
1033,1033,2,5,10,11,High,2026-07-25
1034,1034,0,1,8,10,Medium,2026-07-25
1035,1035,1,1,8,6,Medium,2026-07-25
1036,1036,2,5,7,18,High,2026-07-25
1037,1037,3,6,4,17,Critical,2026-07-25
1038,1038,5,2,8,14,Critical,2026-07-25
1039,1039,0,2,8,13,Medium,2026-07-25
1040,1040,0,1,7,11,Low,2026-07-25
1041,1041,1,2,8,13,Medium,2026-07-25
1042,1042,1,4,14,28,Medium,2026-07-25
1043,1043,0,1,5,12,Low,2026-07-25
1044,1044,0,3,2,7,Low,2026-07-25
1045,1045,1,3,5,7,Low,2026-07-25
1046,1046,2,1,11,7,Medium,2026-07-25
1047,1047,0,4,7,14,Low,2026-07-25
1048,1048,0,1,5,10,Low,2026-07-25
1049,1049,2,1,5,7,Low,2026-07-25
1050,1050,0,1,4,14,Low,2026-07-25
1051,1051,0,5,5,8,High,2026-07-25
1052,1052,0,4,6,15,Low,2026-07-25
1053,1053,1,2,13,15,Medium,2026-07-25
1054,1054,1,4,9,13,Medium,2026-07-25
1055,1055,1,2,17,22,Medium,2026-07-25
1056,1056,0,0,8,10,Medium,2026-07-25
1057,1057,2,4,4,12,Low,2026-07-25
1058,1058,2,3,5,4,Low,2026-07-25
1059,1059,4,4,20,22,Critical,2026-07-25
1060,1060,0,4,5,7,Low,2026-07-25
1061,1061,1,1,4,6,Low,2026-07-25
1062,1062,1,3,3,6,Low,2026-07-25
1063,1063,0,4,4,6,Low,2026-07-25
1064,1064,0,4,8,5,Medium,2026-07-25
1065,1065,0,5,8,18,High,2026-07-25
1066,1066,0,4,6,7,Low,2026-07-25
1067,1067,2,1,8,8,Medium,2026-07-25
1068,1068,4,5,9,19,Critical,2026-07-25
1069,1069,1,1,8,10,Medium,2026-07-25
1070,1070,1,4,8,9,Medium,2026-07-25
1071,1071,1,1,4,11,Low,2026-07-25
1072,1072,2,2,13,18,Medium,2026-07-25
1073,1073,0,6,7,16,High,2026-07-25
1074,1074,0,3,2,13,Low,2026-07-25
1075,1075,1,7,17,26,High,2026-07-25
1076,1076,3,6,6,13,Critical,2026-07-25
1077,1077,2,1,10,13,Medium,2026-07-25
1078,1078,0,1,6,17,Low,2026-07-25
1079,1079,1,5,11,16,High,2026-07-25
1080,1080,2,3,8,5,Medium,2026-07-25
1081,1081,3,2,4,6,Critical,2026-07-25
1082,1082,0,1,8,7,Medium,2026-07-25
1083,1083,1,3,8,5,Medium,2026-07-25
1084,1084,3,3,8,9,Critical,2026-07-25
1085,1085,4,2,11,22,Critical,2026-07-25
1086,1086,1,2,5,13,Low,2026-07-25
1087,1087,0,7,19,18,High,2026-07-25
1088,1088,0,5,9,5,High,2026-07-25
1089,1089,2,1,7,13,Low,2026-07-25
1090,1090,0,4,7,6,Low,2026-07-25
1091,1091,0,4,5,10,Low,2026-07-25
1092,1092,3,3,9,23,Critical,2026-07-25
1093,1093,0,2,9,8,Medium,2026-07-25
1094,1094,1,4,8,6,Medium,2026-07-25
1095,1095,1,1,4,12,Low,2026-07-25
1096,1096,2,2,8,7,Medium,2026-07-25
1097,1097,1,4,14,5,Medium,2026-07-25
1098,1098,3,2,15,11,Critical,2026-07-25
1099,1099,1,1,10,9,Medium,2026-07-25
1100,1100,2,5,11,29,High,2026-07-25
1101,1101,1,2,6,6,Low,2026-07-25
1102,1102,0,1,8,15,Medium,2026-07-25
1103,1103,0,4,12,12,Medium,2026-07-25
1104,1104,0,5,3,11,High,2026-07-25
1105,1105,2,5,6,9,High,2026-07-25
1106,1106,2,5,3,7,High,2026-07-25
1107,1107,4,4,17,10,Critical,2026-07-25
1108,1108,1,4,5,9,Low,2026-07-25
1109,1109,3,6,5,9,Critical,2026-07-25
1110,1110,1,2,6,7,Low,2026-07-25
1111,1111,0,1,3,14,Low,2026-07-25
1112,1112,2,5,4,10,High,2026-07-25
1113,1113,0,1,4,13,Low,2026-07-25
1114,1114,0,3,8,7,Medium,2026-07-25
1115,1115,1,1,3,12,Low,2026-07-25
1116,1116,0,5,6,10,High,2026-07-25
1117,1117,1,2,7,8,Low,2026-07-25
1118,1118,1,3,5,8,Low,2026-07-25
1119,1119,1,0,6,14,Low,2026-07-25
1120,1120,0,5,12,17,High,2026-07-25
1121,1121,1,1,2,6,Low,2026-07-25
1122,1122,2,2,10,15,Medium,2026-07-25
1123,1123,0,2,9,20,Medium,2026-07-25
1124,1124,0,2,2,10,Low,2026-07-25
1125,1125,0,4,9,6,Medium,2026-07-25
1126,1126,1,3,9,19,Medium,2026-07-25
1127,1127,1,3,7,9,Low,2026-07-25
1128,1128,0,4,2,7,Low,2026-07-25
1129,1129,1,1,5,5,Low,2026-07-25
1130,1130,2,7,16,19,High,2026-07-25
1131,1131,1,2,3,10,Low,2026-07-25
1132,1132,2,5,9,18,High,2026-07-25
1133,1133,0,2,4,13,Low,2026-07-25
1134,1134,0,2,5,8,Low,2026-07-25
1135,1135,1,3,17,29,Medium,2026-07-25
1136,1136,1,3,2,7,Low,2026-07-25
1137,1137,2,2,3,16,Low,2026-07-25
1138,1138,1,3,3,9,Low,2026-07-25
1139,1139,5,9,13,30,Critical,2026-07-25
1140,1140,0,4,5,13,Low,2026-07-25
1141,1141,2,3,13,26,Medium,2026-07-25
1142,1142,2,2,5,14,Low,2026-07-25
1143,1143,1,5,9,7,High,2026-07-25
1144,1144,1,2,8,10,Medium,2026-07-25
1145,1145,0,4,7,5,Low,2026-07-25
1146,1146,1,3,6,9,Low,2026-07-25
1147,1147,0,2,7,11,Low,2026-07-25
1148,1148,2,4,7,15,Low,2026-07-25
1149,1149,1,3,8,6,Medium,2026-07-25
1150,1150,2,1,5,14,Low,2026-07-25
1151,1151,1,2,6,9,Low,2026-07-25
1152,1152,1,4,4,13,Low,2026-07-25
1153,1153,0,1,14,20,Medium,2026-07-25
1154,1154,0,1,5,12,Low,2026-07-25
1155,1155,1,1,6,9,Low,2026-07-25
1156,1156,0,3,3,7,Low,2026-07-25
1157,1157,0,4,9,12,Medium,2026-07-25
1158,1158,1,3,4,14,Low,2026-07-25
1159,1159,0,4,4,13,Low,2026-07-25
1160,1160,4,10,7,28,Critical,2026-07-25
1161,1161,0,1,4,6,Low,2026-07-25
1162,1162,1,3,4,8,Low,2026-07-25
1163,1163,2,3,15,19,Medium,2026-07-25
1164,1164,1,1,7,10,Low,2026-07-25
1165,1165,2,2,14,18,Medium,2026-07-25
1166,1166,1,3,6,5,Low,2026-07-25
1167,1167,1,3,6,15,Low,2026-07-25
1168,1168,1,4,7,8,Low,2026-07-25
1169,1169,0,1,4,7,Low,2026-07-25
1170,1170,1,3,7,13,Low,2026-07-25
1171,1171,0,3,4,5,Low,2026-07-25
1172,1172,2,4,2,8,Low,2026-07-25
1173,1173,1,2,4,5,Low,2026-07-25
1174,1174,0,6,15,19,High,2026-07-25
1175,1175,0,3,8,8,Medium,2026-07-25
1176,1176,2,5,4,10,High,2026-07-25
1177,1177,1,2,7,12,Low,2026-07-25
1178,1178,0,1,3,8,Low,2026-07-25
1179,1179,0,3,11,8,Medium,2026-07-25
1180,1180,1,3,5,5,Low,2026-07-25
1181,1181,0,1,7,14,Low,2026-07-25
1182,1182,2,4,10,6,Medium,2026-07-25
1183,1183,2,3,9,18,Medium,2026-07-25
1184,1184,2,5,3,13,High,2026-07-25
1185,1185,1,3,9,18,Medium,2026-07-25
1186,1186,0,7,8,28,High,2026-07-25
1187,1187,0,4,5,9,Low,2026-07-25
1188,1188,3,5,5,18,Critical,2026-07-25
1189,1189,4,5,18,10,Critical,2026-07-25
1190,1190,3,10,5,29,Critical,2026-07-25
1191,1191,1,3,8,14,Medium,2026-07-25
1192,1192,2,1,8,9,Medium,2026-07-25
1193,1193,2,3,7,11,Low,2026-07-25
1194,1194,0,2,5,11,Low,2026-07-25
1195,1195,0,1,4,20,Low,2026-07-25
1196,1196,2,2,5,6,Low,2026-07-25
1197,1197,2,2,3,7,Low,2026-07-25
1198,1198,1,2,12,10,Medium,2026-07-25
1199,1199,5,2,18,11,Critical,2026-07-25
1200,1200,2,2,8,18,Medium,2026-07-25
1201,1201,0,1,3,9,Low,2026-07-25
1202,1202,1,0,2,9,Low,2026-07-25
1203,1203,1,2,4,5,Low,2026-07-25
1204,1204,3,6,9,9,Critical,2026-07-25
1205,1205,2,5,4,14,High,2026-07-25
1206,1206,1,1,7,15,Low,2026-07-25
1207,1207,0,2,8,7,Medium,2026-07-25
1208,1208,0,2,10,15,Medium,2026-07-25
1209,1209,1,6,5,16,High,2026-07-25
1210,1210,1,1,8,4,Medium,2026-07-25
1211,1211,2,2,4,11,Low,2026-07-25
1212,1212,0,1,10,15,Medium,2026-07-25
1213,1213,0,3,5,4,Low,2026-07-25
1214,1214,1,2,2,10,Low,2026-07-25
1215,1215,1,2,5,13,Low,2026-07-25
1216,1216,0,1,7,13,Low,2026-07-25
1217,1217,0,4,3,12,Low,2026-07-25
1218,1218,3,4,13,14,Critical,2026-07-25
1219,1219,2,2,7,9,Low,2026-07-25
1220,1220,0,9,7,29,High,2026-07-25
1221,1221,1,1,10,18,Medium,2026-07-25
1222,1222,1,3,20,19,Medium,2026-07-25
1223,1223,0,3,10,13,Medium,2026-07-25
1224,1224,1,4,6,15,Low,2026-07-25
1225,1225,1,3,2,4,Low,2026-07-25
1226,1226,1,3,8,8,Medium,2026-07-25
1227,1227,3,2,12,8,Critical,2026-07-25
1228,1228,2,3,6,12,Low,2026-07-25
1229,1229,0,3,4,13,Low,2026-07-25
1230,1230,0,2,4,5,Low,2026-07-25
1231,1231,0,3,8,5,Medium,2026-07-25
1232,1232,0,10,10,29,High,2026-07-25
1233,1233,1,1,5,8,Low,2026-07-25
1234,1234,1,3,2,10,Low,2026-07-25
1235,1235,2,2,5,6,Low,2026-07-25
1236,1236,0,4,11,17,Medium,2026-07-25
1237,1237,2,2,6,10,Low,2026-07-25
1238,1238,4,2,7,20,Critical,2026-07-25
1239,1239,1,3,6,9,Low,2026-07-25
1240,1240,0,1,2,5,Low,2026-07-25
1241,1241,0,3,5,15,Low,2026-07-25
1242,1242,1,2,3,12,Low,2026-07-25
1243,1243,5,7,20,25,Critical,2026-07-25
1244,1244,2,7,15,21,High,2026-07-25
1245,1245,0,5,4,15,High,2026-07-25
1246,1246,2,4,7,6,Low,2026-07-25
1247,1247,2,4,10,14,Medium,2026-07-25
1248,1248,2,2,3,7,Low,2026-07-25
1249,1249,1,7,5,10,High,2026-07-25
1250,1250,2,5,4,12,High,2026-07-25
1251,1251,4,5,19,30,Critical,2026-07-25
1252,1252,0,1,6,15,Low,2026-07-25
1253,1253,0,3,6,6,Low,2026-07-25
1254,1254,3,9,10,23,Critical,2026-07-25
1255,1255,1,4,8,14,Medium,2026-07-25
1256,1256,1,2,6,5,Low,2026-07-25
1257,1257,1,1,5,11,Low,2026-07-25
1258,1258,2,3,7,9,Low,2026-07-25
1259,1259,1,5,5,7,High,2026-07-25
1260,1260,0,5,12,6,High,2026-07-25
1261,1261,2,4,14,13,Medium,2026-07-25
1262,1262,0,4,14,5,Medium,2026-07-25
1263,1263,2,4,3,6,Low,2026-07-25
1264,1264,1,3,3,9,Low,2026-07-25
1265,1265,0,3,9,13,Medium,2026-07-25
1266,1266,1,4,7,9,Low,2026-07-25
1267,1267,1,4,6,7,Low,2026-07-25
1268,1268,2,2,6,13,Low,2026-07-25
1269,1269,2,1,7,13,Low,2026-07-25
1270,1270,2,2,3,4,Low,2026-07-25
1271,1271,2,5,4,9,High,2026-07-25
1272,1272,1,1,5,13,Low,2026-07-25
1273,1273,1,3,8,12,Medium,2026-07-25
1274,1274,2,1,8,8,Medium,2026-07-25
1275,1275,3,4,8,19,Critical,2026-07-25
1276,1276,0,4,5,7,Low,2026-07-25
1277,1277,0,2,6,13,Low,2026-07-25
1278,1278,2,2,7,11,Low,2026-07-25
1279,1279,2,1,2,15,Low,2026-07-25
1280,1280,0,1,7,9,Low,2026-07-25
1281,1281,1,5,4,15,High,2026-07-25
1282,1282,1,1,3,9,Low,2026-07-25
1283,1283,1,4,8,14,Medium,2026-07-25
1284,1284,1,3,5,12,Low,2026-07-25
1285,1285,3,1,12,10,Critical,2026-07-25
1286,1286,2,4,5,7,Low,2026-07-25
1287,1287,2,4,4,6,Low,2026-07-25
1288,1288,4,9,15,28,Critical,2026-07-25
1289,1289,1,2,8,6,Medium,2026-07-25
1290,1290,2,2,5,7,Low,2026-07-25
1291,1291,0,2,2,5,Low,2026-07-25
1292,1292,2,1,3,9,Low,2026-07-25
1293,1293,3,1,8,13,Critical,2026-07-25
1294,1294,0,2,9,13,Medium,2026-07-25
1295,1295,1,4,12,30,Medium,2026-07-25
1296,1296,1,1,3,5,Low,2026-07-25
1297,1297,0,2,12,9,Medium,2026-07-25
1298,1298,2,3,10,15,Medium,2026-07-25
1299,1299,0,3,2,9,Low,2026-07-25
1300,1300,2,4,6,10,Low,2026-07-25
1301,1301,2,1,5,6,Low,2026-07-25
1302,1302,0,2,13,10,Medium,2026-07-25
1303,1303,1,1,3,15,Low,2026-07-25
1304,1304,1,3,5,11,Low,2026-07-25
1305,1305,1,3,12,10,Medium,2026-07-25
1306,1306,1,1,4,17,Low,2026-07-25
1307,1307,2,3,8,7,Medium,2026-07-25
1308,1308,0,3,10,15,Medium,2026-07-25
1309,1309,3,9,10,20,Critical,2026-07-25
1310,1310,2,4,5,14,Low,2026-07-25
1311,1311,0,5,8,13,High,2026-07-25
1312,1312,0,1,2,11,Low,2026-07-25
1313,1313,4,7,11,15,Critical,2026-07-25
1314,1314,2,3,7,11,Low,2026-07-25
1315,1315,0,5,7,13,High,2026-07-25
1316,1316,2,5,9,11,High,2026-07-25
1317,1317,1,3,8,9,Medium,2026-07-25
1318,1318,2,2,8,10,Medium,2026-07-25
1319,1319,1,2,8,6,Medium,2026-07-25
1320,1320,0,2,6,5,Low,2026-07-25
1321,1321,4,4,15,21,Critical,2026-07-25
1322,1322,1,2,9,14,Medium,2026-07-25
1323,1323,3,4,9,6,Critical,2026-07-25
1324,1324,0,3,6,10,Low,2026-07-25
1325,1325,0,3,6,15,Low,2026-07-25
1326,1326,4,8,17,26,Critical,2026-07-25
1327,1327,0,1,4,10,Low,2026-07-25
1328,1328,1,2,6,11,Low,2026-07-25
1329,1329,0,8,20,27,High,2026-07-25
1330,1330,0,1,7,8,Low,2026-07-25
1331,1331,1,3,4,10,Low,2026-07-25
1332,1332,0,2,8,11,Medium,2026-07-25
1333,1333,1,4,5,10,Low,2026-07-25
1334,1334,1,3,8,15,Medium,2026-07-25
1335,1335,2,3,6,8,Low,2026-07-25
1336,1336,1,4,9,12,Medium,2026-07-25
1337,1337,0,3,6,5,Low,2026-07-25
1338,1338,0,1,5,6,Low,2026-07-25
1339,1339,2,4,8,15,Medium,2026-07-25
1340,1340,0,1,7,10,Low,2026-07-25
1341,1341,1,4,9,12,Medium,2026-07-25
1342,1342,0,1,4,4,Low,2026-07-25
1343,1343,1,2,4,8,Low,2026-07-25
1344,1344,3,6,15,28,Critical,2026-07-25
1345,1345,0,3,6,9,Low,2026-07-25
1346,1346,1,2,7,8,Low,2026-07-25
1347,1347,1,3,7,9,Low,2026-07-25
1348,1348,1,1,2,10,Low,2026-07-25
1349,1349,1,2,4,8,Low,2026-07-25
1350,1350,0,3,10,8,Medium,2026-07-25
1351,1351,1,5,6,13,High,2026-07-25
1352,1352,2,1,7,5,Low,2026-07-25
1353,1353,0,2,5,15,Low,2026-07-25
1354,1354,0,10,8,10,High,2026-07-25
1355,1355,2,1,8,9,Medium,2026-07-25
1356,1356,2,2,2,4,Low,2026-07-25
1357,1357,2,3,6,14,Low,2026-07-25
1358,1358,0,2,8,8,Medium,2026-07-25
1359,1359,0,1,2,12,Low,2026-07-25
1360,1360,2,4,13,26,Medium,2026-07-25
1361,1361,3,3,9,9,Critical,2026-07-25
1362,1362,2,1,11,9,Medium,2026-07-25
1363,1363,0,2,3,8,Low,2026-07-25
1364,1364,0,4,10,18,Medium,2026-07-25
1365,1365,1,2,14,11,Medium,2026-07-25
1366,1366,1,3,4,13,Low,2026-07-25
1367,1367,0,3,4,12,Low,2026-07-25
1368,1368,2,4,5,5,Low,2026-07-25
1369,1369,0,4,6,7,Low,2026-07-25
1370,1370,1,1,8,7,Medium,2026-07-25
1371,1371,2,5,10,17,High,2026-07-25
1372,1372,0,5,8,10,High,2026-07-25
1373,1373,1,3,6,10,Low,2026-07-25
1374,1374,1,4,6,4,Low,2026-07-25
1375,1375,2,1,10,11,Medium,2026-07-25
1376,1376,1,4,9,6,Medium,2026-07-25
1377,1377,1,4,6,14,Low,2026-07-25
1378,1378,1,3,7,4,Low,2026-07-25
1379,1379,0,3,3,10,Low,2026-07-25
1380,1380,4,9,9,20,Critical,2026-07-25
1381,1381,0,2,2,14,Low,2026-07-25
1382,1382,2,4,7,10,Low,2026-07-25
1383,1383,4,10,6,12,Critical,2026-07-25
1384,1384,2,2,7,13,Low,2026-07-25
1385,1385,2,2,5,5,Low,2026-07-25
1386,1386,1,0,2,5,Low,2026-07-25
1387,1387,1,2,4,15,Low,2026-07-25
1388,1388,1,8,11,15,High,2026-07-25
1389,1389,1,3,8,8,Medium,2026-07-25
1390,1390,1,1,10,11,Medium,2026-07-25
1391,1391,1,6,4,15,High,2026-07-25
1392,1392,0,4,11,8,Medium,2026-07-25
1393,1393,3,3,14,8,Critical,2026-07-25
1394,1394,1,3,9,11,Medium,2026-07-25
1395,1395,0,1,4,8,Low,2026-07-25
1396,1396,0,1,10,15,Medium,2026-07-25
1397,1397,1,2,3,4,Low,2026-07-25
1398,1398,0,4,12,6,Medium,2026-07-25
1399,1399,5,9,11,15,Critical,2026-07-25
1400,1400,1,1,2,5,Low,2026-07-25
1401,1401,2,4,5,6,Low,2026-07-25
1402,1402,0,2,5,15,Low,2026-07-25
1403,1403,0,6,4,18,High,2026-07-25
1404,1404,1,1,2,5,Low,2026-07-25
1405,1405,2,4,5,15,Low,2026-07-25
1406,1406,2,3,11,7,Medium,2026-07-25
1407,1407,2,1,6,9,Low,2026-07-25
1408,1408,2,1,9,6,Medium,2026-07-25
1409,1409,2,1,10,9,Medium,2026-07-25
1410,1410,0,1,8,7,Medium,2026-07-25
1411,1411,0,0,3,6,Low,2026-07-25
1412,1412,0,4,5,15,Low,2026-07-25
1413,1413,2,2,15,22,Medium,2026-07-25
1414,1414,0,3,8,11,Medium,2026-07-25
1415,1415,1,5,10,30,High,2026-07-25
1416,1416,0,1,3,8,Low,2026-07-25
1417,1417,2,4,8,13,Medium,2026-07-25
1418,1418,2,2,5,5,Low,2026-07-25
1419,1419,2,1,8,20,Medium,2026-07-25
1420,1420,1,3,9,10,Medium,2026-07-25
1421,1421,0,1,9,8,Medium,2026-07-25
1422,1422,1,4,4,5,Low,2026-07-25
1423,1423,3,4,10,6,Critical,2026-07-25
1424,1424,2,2,5,8,Low,2026-07-25
1425,1425,5,7,15,12,Critical,2026-07-25
1426,1426,0,1,7,8,Low,2026-07-25
1427,1427,3,9,15,25,Critical,2026-07-25
1428,1428,3,8,11,17,Critical,2026-07-25
1429,1429,1,2,4,8,Low,2026-07-25
1430,1430,2,2,6,4,Low,2026-07-25
1431,1431,5,7,6,13,Critical,2026-07-25
1432,1432,2,1,12,13,Medium,2026-07-25
1433,1433,2,4,5,11,Low,2026-07-25
1434,1434,2,1,6,15,Low,2026-07-25
1435,1435,1,3,7,12,Low,2026-07-25
1436,1436,2,4,12,18,Medium,2026-07-25
1437,1437,0,4,12,12,Medium,2026-07-25
1438,1438,0,1,4,13,Low,2026-07-25
1439,1439,0,3,10,8,Medium,2026-07-25
1440,1440,1,3,4,15,Low,2026-07-25
1441,1441,0,4,8,7,Medium,2026-07-25
1442,1442,1,2,13,12,Medium,2026-07-25
1443,1443,3,1,6,8,Critical,2026-07-25
1444,1444,1,2,7,12,Low,2026-07-25
1445,1445,0,2,7,11,Low,2026-07-25
1446,1446,0,5,5,14,High,2026-07-25
1447,1447,1,7,9,17,High,2026-07-25
1448,1448,0,3,9,10,Medium,2026-07-25
1449,1449,0,1,6,8,Low,2026-07-25
1450,1450,1,1,9,5,Medium,2026-07-25
1451,1451,5,3,16,27,Critical,2026-07-25
1452,1452,2,2,8,9,Medium,2026-07-25
1453,1453,0,2,14,10,Medium,2026-07-25
1454,1454,3,4,5,18,Critical,2026-07-25
1455,1455,1,5,4,6,High,2026-07-25
1456,1456,2,1,10,10,Medium,2026-07-25
1457,1457,2,3,7,17,Low,2026-07-25
1458,1458,2,6,12,15,High,2026-07-25
1459,1459,2,4,3,9,Low,2026-07-25
1460,1460,3,2,15,11,Critical,2026-07-25
1461,1461,0,2,7,8,Low,2026-07-25
1462,1462,2,10,8,13,High,2026-07-25
1463,1463,0,1,12,20,Medium,2026-07-25
1464,1464,0,1,3,10,Low,2026-07-25
1465,1465,0,5,3,6,High,2026-07-25
1466,1466,1,7,11,15,High,2026-07-25
1467,1467,0,3,5,11,Low,2026-07-25
1468,1468,1,9,11,14,High,2026-07-25
1469,1469,2,2,4,14,Low,2026-07-25
1470,1470,3,3,11,20,Critical,2026-07-25
1471,1471,2,5,8,13,High,2026-07-25
1472,1472,0,2,6,10,Low,2026-07-25
1473,1473,0,2,4,8,Low,2026-07-25
1474,1474,1,4,5,7,Low,2026-07-25
1475,1475,2,1,3,7,Low,2026-07-25
1476,1476,5,2,6,19,Critical,2026-07-25
1477,1477,0,2,7,6,Low,2026-07-25
1478,1478,0,1,7,12,Low,2026-07-25
1479,1479,3,2,16,12,Critical,2026-07-25
1480,1480,2,6,13,26,High,2026-07-25
1481,1481,2,2,8,5,Medium,2026-07-25
1482,1482,1,3,8,10,Medium,2026-07-25
1483,1483,0,4,11,28,Medium,2026-07-25
1484,1484,1,0,5,9,Low,2026-07-25
1485,1485,3,3,12,16,Critical,2026-07-25
1486,1486,1,6,7,5,High,2026-07-25
1487,1487,5,7,10,17,Critical,2026-07-25
1488,1488,0,2,6,6,Low,2026-07-25
1489,1489,2,3,5,5,Low,2026-07-25
1490,1490,2,4,5,5,Low,2026-07-25
1491,1491,2,1,10,10,Medium,2026-07-25
1492,1492,2,2,5,9,Low,2026-07-25
1493,1493,0,2,6,8,Low,2026-07-25
1494,1494,3,1,6,20,Critical,2026-07-25
1495,1495,0,2,3,5,Low,2026-07-25
1496,1496,0,2,11,25,Medium,2026-07-25
1497,1497,1,1,8,12,Medium,2026-07-25
1498,1498,0,0,5,8,Low,2026-07-25
1499,1499,1,3,6,15,Low,2026-07-25
1500,1500,0,3,9,7,Medium,2026-07-25
1501,1501,1,0,3,11,Low,2026-07-25
1502,1502,0,3,6,8,Low,2026-07-25
1503,1503,1,3,7,11,Low,2026-07-25
1504,1504,2,1,8,13,Medium,2026-07-25
1505,1505,0,2,10,6,Medium,2026-07-25
1506,1506,1,4,2,12,Low,2026-07-25
1507,1507,0,3,6,13,Low,2026-07-25
1508,1508,1,3,7,10,Low,2026-07-25
1509,1509,2,4,4,13,Low,2026-07-25
1510,1510,0,3,3,17,Low,2026-07-25
1511,1511,1,2,8,9,Medium,2026-07-25
1512,1512,1,4,10,11,Medium,2026-07-25
1513,1513,0,1,7,12,Low,2026-07-25
1514,1514,0,1,5,16,Low,2026-07-25
1515,1515,2,4,6,8,Low,2026-07-25
1516,1516,1,0,8,8,Medium,2026-07-25
1517,1517,0,2,5,11,Low,2026-07-25
1518,1518,1,3,2,6,Low,2026-07-25
1519,1519,0,3,3,12,Low,2026-07-25
1520,1520,4,8,15,10,Critical,2026-07-25
1521,1521,2,1,4,5,Low,2026-07-25
1522,1522,2,2,15,13,Medium,2026-07-25
1523,1523,1,2,7,10,Low,2026-07-25
1524,1524,3,4,6,13,Critical,2026-07-25
1525,1525,0,4,7,5,Low,2026-07-25
1526,1526,2,3,11,18,Medium,2026-07-25
1527,1527,0,0,6,8,Low,2026-07-25
1528,1528,2,1,8,7,Medium,2026-07-25
1529,1529,1,3,7,7,Low,2026-07-25
1530,1530,0,1,4,8,Low,2026-07-25
1531,1531,1,2,11,18,Medium,2026-07-25
1532,1532,2,2,2,14,Low,2026-07-25
1533,1533,1,3,8,10,Medium,2026-07-25
1534,1534,1,3,8,9,Medium,2026-07-25
1535,1535,0,3,3,5,Low,2026-07-25
1536,1536,1,4,7,9,Low,2026-07-25
1537,1537,2,10,9,22,High,2026-07-25
1538,1538,0,0,6,8,Low,2026-07-25
1539,1539,1,6,17,23,High,2026-07-25
1540,1540,1,1,4,14,Low,2026-07-25
1541,1541,1,2,8,13,Medium,2026-07-25
1542,1542,1,1,5,14,Low,2026-07-25
1543,1543,1,3,6,5,Low,2026-07-25
1544,1544,1,4,4,6,Low,2026-07-25
1545,1545,0,4,4,6,Low,2026-07-25
1546,1546,2,4,7,12,Low,2026-07-25
1547,1547,2,2,8,10,Medium,2026-07-25
1548,1548,2,1,5,11,Low,2026-07-25
1549,1549,1,1,5,6,Low,2026-07-25
1550,1550,2,2,2,10,Low,2026-07-25
1551,1551,1,2,14,11,Medium,2026-07-25
1552,1552,2,1,7,10,Low,2026-07-25
1553,1553,2,4,7,11,Low,2026-07-25
1554,1554,3,6,19,28,Critical,2026-07-25
1555,1555,5,2,7,11,Critical,2026-07-25
1556,1556,1,0,4,9,Low,2026-07-25
1557,1557,1,3,8,7,Medium,2026-07-25
1558,1558,0,4,11,27,Medium,2026-07-25
1559,1559,3,5,4,19,Critical,2026-07-25
1560,1560,2,2,9,13,Medium,2026-07-25
1561,1561,2,2,6,4,Low,2026-07-25
1562,1562,0,0,8,6,Medium,2026-07-25
1563,1563,1,1,12,12,Medium,2026-07-25
1564,1564,2,3,5,18,Low,2026-07-25
1565,1565,2,1,6,15,Low,2026-07-25
1566,1566,0,1,4,18,Low,2026-07-25
1567,1567,1,3,8,4,Medium,2026-07-25
1568,1568,0,3,5,5,Low,2026-07-25
1569,1569,1,1,9,15,Medium,2026-07-25
1570,1570,2,4,2,6,Low,2026-07-25
1571,1571,1,3,5,8,Low,2026-07-25
1572,1572,0,2,6,6,Low,2026-07-25
1573,1573,4,4,7,19,Critical,2026-07-25
1574,1574,1,2,7,14,Low,2026-07-25
1575,1575,0,0,5,10,Low,2026-07-25
1576,1576,2,3,2,13,Low,2026-07-25
1577,1577,0,2,8,6,Medium,2026-07-25
1578,1578,2,4,8,9,Medium,2026-07-25
1579,1579,2,4,8,15,Medium,2026-07-25
1580,1580,1,3,3,11,Low,2026-07-25
1581,1581,1,4,7,9,Low,2026-07-25
1582,1582,1,1,12,13,Medium,2026-07-25
1583,1583,5,3,17,25,Critical,2026-07-25
1584,1584,0,1,7,12,Low,2026-07-25
1585,1585,0,1,7,15,Low,2026-07-25
1586,1586,0,2,10,11,Medium,2026-07-25
1587,1587,0,5,12,12,High,2026-07-25
1588,1588,0,0,8,8,Medium,2026-07-25
1589,1589,2,4,8,12,Medium,2026-07-25
1590,1590,2,10,10,11,High,2026-07-25
1591,1591,0,6,5,14,High,2026-07-25
1592,1592,2,5,4,12,High,2026-07-25
1593,1593,0,5,6,6,High,2026-07-25
1594,1594,0,2,10,14,Medium,2026-07-25
1595,1595,0,10,8,28,High,2026-07-25
1596,1596,0,2,16,15,Medium,2026-07-25
1597,1597,0,1,2,5,Low,2026-07-25
1598,1598,2,10,8,18,High,2026-07-25
1599,1599,2,3,8,18,Medium,2026-07-25
1600,1600,2,6,16,26,High,2026-07-25
1601,1601,2,3,10,13,Medium,2026-07-25
1602,1602,1,5,7,7,High,2026-07-25
1603,1603,0,5,4,15,High,2026-07-25
1604,1604,1,1,5,7,Low,2026-07-25
1605,1605,5,8,16,16,Critical,2026-07-25
1606,1606,1,1,4,11,Low,2026-07-25
1607,1607,0,5,7,10,High,2026-07-25
1608,1608,4,2,19,25,Critical,2026-07-25
1609,1609,0,1,7,11,Low,2026-07-25
1610,1610,0,6,13,16,High,2026-07-25
1611,1611,0,1,6,7,Low,2026-07-25
1612,1612,0,1,8,9,Medium,2026-07-25
1613,1613,1,1,3,11,Low,2026-07-25
1614,1614,0,1,5,8,Low,2026-07-25
1615,1615,5,3,20,13,Critical,2026-07-25
1616,1616,2,2,4,6,Low,2026-07-25
1617,1617,4,6,15,24,Critical,2026-07-25
1618,1618,1,3,8,8,Medium,2026-07-25
1619,1619,2,2,4,19,Low,2026-07-25
1620,1620,2,4,8,14,Medium,2026-07-25
1621,1621,1,2,7,9,Low,2026-07-25
1622,1622,0,4,6,8,Low,2026-07-25
1623,1623,1,2,5,14,Low,2026-07-25
1624,1624,0,3,3,8,Low,2026-07-25
1625,1625,2,1,4,14,Low,2026-07-25
1626,1626,1,1,6,11,Low,2026-07-25
1627,1627,3,3,5,19,Critical,2026-07-25
1628,1628,2,4,7,12,Low,2026-07-25
1629,1629,5,5,10,12,Critical,2026-07-25
1630,1630,0,2,8,23,Medium,2026-07-25
1631,1631,0,10,8,15,High,2026-07-25
1632,1632,2,3,8,6,Medium,2026-07-25
1633,1633,2,3,5,25,Low,2026-07-25
1634,1634,0,1,6,5,Low,2026-07-25
1635,1635,0,4,10,11,Medium,2026-07-25
1636,1636,2,4,11,20,Medium,2026-07-25
1637,1637,1,5,12,16,High,2026-07-25
1638,1638,1,5,17,18,High,2026-07-25
1639,1639,0,3,5,9,Low,2026-07-25
1640,1640,2,4,5,8,Low,2026-07-25
1641,1641,0,1,4,9,Low,2026-07-25
1642,1642,1,1,2,6,Low,2026-07-25
1643,1643,4,9,20,20,Critical,2026-07-25
1644,1644,2,1,3,17,Low,2026-07-25
1645,1645,2,5,5,14,High,2026-07-25
1646,1646,1,0,3,15,Low,2026-07-25
1647,1647,1,1,8,5,Medium,2026-07-25
1648,1648,1,4,3,8,Low,2026-07-25
1649,1649,2,5,12,13,High,2026-07-25
1650,1650,1,1,5,10,Low,2026-07-25
1651,1651,1,2,4,7,Low,2026-07-25
1652,1652,1,0,6,14,Low,2026-07-25
1653,1653,0,3,7,11,Low,2026-07-25
1654,1654,2,5,9,15,High,2026-07-25
1655,1655,2,7,14,14,High,2026-07-25
1656,1656,3,3,7,16,Critical,2026-07-25
1657,1657,1,3,6,7,Low,2026-07-25
1658,1658,1,1,4,12,Low,2026-07-25
1659,1659,0,2,5,9,Low,2026-07-25
1660,1660,1,2,2,9,Low,2026-07-25
1661,1661,1,2,12,9,Medium,2026-07-25
1662,1662,2,1,5,10,Low,2026-07-25
1663,1663,2,4,8,11,Medium,2026-07-25
1664,1664,2,3,10,6,Medium,2026-07-25
1665,1665,0,0,4,9,Low,2026-07-25
1666,1666,0,2,7,10,Low,2026-07-25
1667,1667,3,5,17,12,Critical,2026-07-25
1668,1668,2,5,3,11,High,2026-07-25
1669,1669,1,2,6,6,Low,2026-07-25
1670,1670,1,2,7,12,Low,2026-07-25
1671,1671,0,2,2,11,Low,2026-07-25
1672,1672,2,1,10,15,Medium,2026-07-25
1673,1673,0,1,6,10,Low,2026-07-25
1674,1674,5,7,17,10,Critical,2026-07-25
1675,1675,0,2,11,15,Medium,2026-07-25
1676,1676,2,2,10,13,Medium,2026-07-25
1677,1677,2,5,5,7,High,2026-07-25
1678,1678,0,4,14,12,Medium,2026-07-25
1679,1679,0,5,8,14,High,2026-07-25
1680,1680,0,3,3,9,Low,2026-07-25
1681,1681,2,5,8,7,High,2026-07-25
1682,1682,1,1,2,10,Low,2026-07-25
1683,1683,0,9,10,24,High,2026-07-25
1684,1684,2,1,6,12,Low,2026-07-25
1685,1685,0,1,2,15,Low,2026-07-25
1686,1686,1,5,3,8,High,2026-07-25
1687,1687,0,0,5,13,Low,2026-07-25
1688,1688,1,5,7,14,High,2026-07-25
1689,1689,1,6,7,18,High,2026-07-25
1690,1690,1,5,3,6,High,2026-07-25
1691,1691,1,2,3,9,Low,2026-07-25
1692,1692,0,1,6,13,Low,2026-07-25
1693,1693,3,3,10,15,Critical,2026-07-25
1694,1694,0,4,6,12,Low,2026-07-25
1695,1695,1,10,19,26,High,2026-07-25
1696,1696,5,5,9,27,Critical,2026-07-25
1697,1697,2,3,11,15,Medium,2026-07-25
1698,1698,3,1,5,7,Critical,2026-07-25
1699,1699,2,2,6,15,Low,2026-07-25
1700,1700,0,1,5,15,Low,2026-07-25
1701,1701,2,1,9,13,Medium,2026-07-25
1702,1702,1,6,9,20,High,2026-07-25
1703,1703,2,1,8,15,Medium,2026-07-25
1704,1704,0,1,6,7,Low,2026-07-25
1705,1705,0,3,4,13,Low,2026-07-25
1706,1706,3,8,10,17,Critical,2026-07-25
1707,1707,0,4,4,18,Low,2026-07-25
1708,1708,0,9,16,27,High,2026-07-25
1709,1709,0,5,10,11,High,2026-07-25
1710,1710,0,4,9,13,Medium,2026-07-25
1711,1711,1,4,8,11,Medium,2026-07-25
1712,1712,2,1,4,7,Low,2026-07-25
1713,1713,1,2,13,15,Medium,2026-07-25
1714,1714,0,0,3,12,Low,2026-07-25
1715,1715,3,1,15,5,Critical,2026-07-25
1716,1716,1,5,7,13,High,2026-07-25
1717,1717,0,5,11,12,High,2026-07-25
1718,1718,0,3,4,11,Low,2026-07-25
1719,1719,0,2,8,15,Medium,2026-07-25
1720,1720,2,1,13,12,Medium,2026-07-25
1721,1721,4,3,19,18,Critical,2026-07-25
1722,1722,2,1,6,12,Low,2026-07-25
1723,1723,0,1,7,9,Low,2026-07-25
1724,1724,3,6,7,10,Critical,2026-07-25
1725,1725,0,4,7,15,Low,2026-07-25
1726,1726,1,1,10,8,Medium,2026-07-25
1727,1727,2,2,5,22,Low,2026-07-25
1728,1728,2,5,7,7,High,2026-07-25
1729,1729,2,5,14,20,High,2026-07-25
1730,1730,1,6,10,17,High,2026-07-25
1731,1731,0,2,6,14,Low,2026-07-25
1732,1732,0,2,2,4,Low,2026-07-25
1733,1733,2,1,8,12,Medium,2026-07-25
1734,1734,0,1,8,11,Medium,2026-07-25
1735,1735,1,4,2,4,Low,2026-07-25
1736,1736,0,1,4,17,Low,2026-07-25
1737,1737,1,0,3,8,Low,2026-07-25
1738,1738,0,3,6,18,Low,2026-07-25
1739,1739,1,0,6,12,Low,2026-07-25
1740,1740,5,2,5,30,Critical,2026-07-25
1741,1741,0,5,9,13,High,2026-07-25
1742,1742,2,2,9,5,Medium,2026-07-25
1743,1743,2,5,4,6,High,2026-07-25
1744,1744,5,9,19,21,Critical,2026-07-25
1745,1745,3,5,8,6,Critical,2026-07-25
1746,1746,2,2,6,8,Low,2026-07-25
1747,1747,2,2,3,8,Low,2026-07-25
1748,1748,0,1,4,8,Low,2026-07-25
1749,1749,1,3,6,7,Low,2026-07-25
1750,1750,1,1,4,8,Low,2026-07-25
1751,1751,0,5,4,12,High,2026-07-25
1752,1752,1,2,5,9,Low,2026-07-25
1753,1753,1,4,6,11,Low,2026-07-25
1754,1754,2,3,4,10,Low,2026-07-25
1755,1755,2,2,4,5,Low,2026-07-25
1756,1756,1,2,5,13,Low,2026-07-25
1757,1757,1,4,7,15,Low,2026-07-25
1758,1758,0,8,16,25,High,2026-07-25
1759,1759,3,6,12,17,Critical,2026-07-25
1760,1760,0,5,15,17,High,2026-07-25
1761,1761,4,8,9,22,Critical,2026-07-25
1762,1762,1,1,4,8,Low,2026-07-25
1763,1763,1,1,8,16,Medium,2026-07-25
1764,1764,4,9,8,21,Critical,2026-07-25
1765,1765,2,2,2,5,Low,2026-07-25
1766,1766,0,3,2,6,Low,2026-07-25
1767,1767,3,3,8,12,Critical,2026-07-25
1768,1768,5,8,20,24,Critical,2026-07-25
1769,1769,0,4,12,5,Medium,2026-07-25
1770,1770,2,5,7,6,High,2026-07-25
1771,1771,1,2,12,16,Medium,2026-07-25
1772,1772,0,0,8,8,Medium,2026-07-25
1773,1773,2,2,5,16,Low,2026-07-25
1774,1774,2,1,8,16,Medium,2026-07-25
1775,1775,1,3,8,7,Medium,2026-07-25
1776,1776,1,3,19,12,Medium,2026-07-25
1777,1777,1,6,10,14,High,2026-07-25
1778,1778,0,3,9,5,Medium,2026-07-25
1779,1779,0,1,2,5,Low,2026-07-25
1780,1780,1,0,7,10,Low,2026-07-25
1781,1781,3,2,5,14,Critical,2026-07-25
1782,1782,0,2,7,8,Low,2026-07-25
1783,1783,1,1,4,6,Low,2026-07-25
1784,1784,1,1,4,12,Low,2026-07-25
1785,1785,2,3,5,5,Low,2026-07-25
1786,1786,3,4,8,11,Critical,2026-07-25
1787,1787,0,4,2,13,Low,2026-07-25
1788,1788,1,5,10,9,High,2026-07-25
1789,1789,1,2,9,10,Medium,2026-07-25
1790,1790,1,1,8,12,Medium,2026-07-25
1791,1791,1,5,8,15,High,2026-07-25
1792,1792,2,4,6,7,Low,2026-07-25
1793,1793,2,2,2,8,Low,2026-07-25
1794,1794,1,1,8,5,Medium,2026-07-25
1795,1795,2,5,7,7,High,2026-07-25
1796,1796,0,1,5,10,Low,2026-07-25
1797,1797,0,3,6,14,Low,2026-07-25
1798,1798,5,9,6,23,Critical,2026-07-25
1799,1799,2,4,5,10,Low,2026-07-25
1800,1800,2,1,8,5,Medium,2026-07-25
1801,1801,2,3,10,14,Medium,2026-07-25
1802,1802,1,2,4,9,Low,2026-07-25
1803,1803,1,1,5,13,Low,2026-07-25
1804,1804,0,4,9,10,Medium,2026-07-25
1805,1805,0,3,8,15,Medium,2026-07-25
1806,1806,2,3,8,6,Medium,2026-07-25
1807,1807,2,2,5,6,Low,2026-07-25
1808,1808,0,1,6,12,Low,2026-07-25
1809,1809,1,0,2,6,Low,2026-07-25
1810,1810,3,4,5,10,Critical,2026-07-25
1811,1811,2,2,6,10,Low,2026-07-25
1812,1812,2,4,4,12,Low,2026-07-25
1813,1813,5,5,18,23,Critical,2026-07-25
1814,1814,1,2,9,10,Medium,2026-07-25
1815,1815,4,10,18,22,Critical,2026-07-25
1816,1816,3,5,8,14,Critical,2026-07-25
1817,1817,2,4,3,11,Low,2026-07-25
1818,1818,2,5,5,8,High,2026-07-25
1819,1819,1,2,2,7,Low,2026-07-25
1820,1820,2,2,9,8,Medium,2026-07-25
1821,1821,1,5,6,8,High,2026-07-25
1822,1822,2,8,8,18,High,2026-07-25
1823,1823,0,3,11,18,Medium,2026-07-25
1824,1824,1,4,14,14,Medium,2026-07-25
1825,1825,0,3,7,13,Low,2026-07-25
1826,1826,1,2,6,12,Low,2026-07-25
1827,1827,2,4,8,9,Medium,2026-07-25
1828,1828,1,1,9,5,Medium,2026-07-25
1829,1829,2,3,8,11,Medium,2026-07-25
1830,1830,0,4,5,18,Low,2026-07-25
1831,1831,0,1,8,6,Medium,2026-07-25
1832,1832,3,4,15,24,Critical,2026-07-25
1833,1833,1,2,5,6,Low,2026-07-25
1834,1834,1,5,11,7,High,2026-07-25
1835,1835,5,4,14,18,Critical,2026-07-25
1836,1836,2,8,20,22,High,2026-07-25
1837,1837,0,4,5,8,Low,2026-07-25
1838,1838,1,3,5,5,Low,2026-07-25
1839,1839,5,9,12,23,Critical,2026-07-25
1840,1840,5,9,17,24,Critical,2026-07-25
1841,1841,0,2,7,14,Low,2026-07-25
1842,1842,2,2,4,14,Low,2026-07-25
1843,1843,0,5,15,14,High,2026-07-25
1844,1844,2,2,10,5,Medium,2026-07-25
1845,1845,0,4,8,7,Medium,2026-07-25
1846,1846,1,4,7,13,Low,2026-07-25
1847,1847,1,4,6,17,Low,2026-07-25
1848,1848,1,1,7,8,Low,2026-07-25
1849,1849,0,2,2,12,Low,2026-07-25
1850,1850,2,1,10,15,Medium,2026-07-25
1851,1851,2,4,10,9,Medium,2026-07-25
1852,1852,4,5,8,18,Critical,2026-07-25
1853,1853,1,3,7,14,Low,2026-07-25
1854,1854,0,4,6,12,Low,2026-07-25
1855,1855,1,4,5,11,Low,2026-07-25
1856,1856,0,3,3,9,Low,2026-07-25
1857,1857,0,1,8,9,Medium,2026-07-25
1858,1858,2,4,5,7,Low,2026-07-25
1859,1859,2,3,6,13,Low,2026-07-25
1860,1860,2,2,9,18,Medium,2026-07-25
1861,1861,1,1,7,10,Low,2026-07-25
1862,1862,2,1,2,12,Low,2026-07-25
1863,1863,2,5,9,10,High,2026-07-25
1864,1864,1,0,6,5,Low,2026-07-25
1865,1865,1,3,5,6,Low,2026-07-25
1866,1866,0,2,5,9,Low,2026-07-25
1867,1867,1,5,6,8,High,2026-07-25
1868,1868,1,4,6,19,Low,2026-07-25
1869,1869,2,6,18,14,High,2026-07-25
1870,1870,0,3,6,10,Low,2026-07-25
1871,1871,1,1,7,11,Low,2026-07-25
1872,1872,0,3,6,10,Low,2026-07-25
1873,1873,0,3,4,10,Low,2026-07-25
1874,1874,2,4,9,6,Medium,2026-07-25
1875,1875,0,2,4,12,Low,2026-07-25
1876,1876,0,2,10,7,Medium,2026-07-25
1877,1877,2,3,9,18,Medium,2026-07-25
1878,1878,1,1,14,16,Medium,2026-07-25
1879,1879,2,1,3,5,Low,2026-07-25
1880,1880,2,3,19,23,Medium,2026-07-25
1881,1881,2,4,4,4,Low,2026-07-25
1882,1882,2,2,10,12,Medium,2026-07-25
1883,1883,3,5,13,7,Critical,2026-07-25
1884,1884,1,5,9,6,High,2026-07-25
1885,1885,5,8,15,18,Critical,2026-07-25
1886,1886,0,2,4,7,Low,2026-07-25
1887,1887,2,4,8,6,Medium,2026-07-25
1888,1888,2,4,6,4,Low,2026-07-25
1889,1889,0,1,7,11,Low,2026-07-25
1890,1890,0,0,4,7,Low,2026-07-25
1891,1891,1,3,8,9,Medium,2026-07-25
1892,1892,1,1,7,10,Low,2026-07-25
1893,1893,0,2,8,10,Medium,2026-07-25
1894,1894,1,3,10,11,Medium,2026-07-25
1895,1895,1,1,6,7,Low,2026-07-25
1896,1896,0,2,7,13,Low,2026-07-25
1897,1897,1,2,6,13,Low,2026-07-25
1898,1898,1,0,8,9,Medium,2026-07-25
1899,1899,1,1,7,6,Low,2026-07-25
1900,1900,0,0,5,12,Low,2026-07-25
1901,1901,1,2,2,8,Low,2026-07-25
1902,1902,1,4,8,15,Medium,2026-07-25
1903,1903,1,3,3,14,Low,2026-07-25
1904,1904,0,2,5,12,Low,2026-07-25
1905,1905,2,3,3,15,Low,2026-07-25
1906,1906,1,2,7,10,Low,2026-07-25
1907,1907,1,3,8,8,Medium,2026-07-25
1908,1908,2,3,7,9,Low,2026-07-25
1909,1909,0,4,4,6,Low,2026-07-25
1910,1910,1,5,7,8,High,2026-07-25
1911,1911,4,6,13,10,Critical,2026-07-25
1912,1912,0,5,11,16,High,2026-07-25
1913,1913,1,0,4,15,Low,2026-07-25
1914,1914,1,4,5,12,Low,2026-07-25
1915,1915,1,6,13,11,High,2026-07-25
1916,1916,0,5,4,14,High,2026-07-25
1917,1917,0,2,10,11,Medium,2026-07-25
1918,1918,1,4,9,15,Medium,2026-07-25
1919,1919,2,4,20,20,Medium,2026-07-25
1920,1920,0,3,7,6,Low,2026-07-25
1921,1921,0,1,2,9,Low,2026-07-25
1922,1922,0,2,13,9,Medium,2026-07-25
1923,1923,2,3,5,11,Low,2026-07-25
1924,1924,0,2,2,12,Low,2026-07-25
1925,1925,1,5,8,15,High,2026-07-25
1926,1926,5,2,15,14,Critical,2026-07-25
1927,1927,1,4,7,8,Low,2026-07-25
1928,1928,1,3,8,15,Medium,2026-07-25
1929,1929,2,1,5,9,Low,2026-07-25
1930,1930,1,2,3,10,Low,2026-07-25
1931,1931,2,2,7,13,Low,2026-07-25
1932,1932,3,1,5,10,Critical,2026-07-25
1933,1933,1,1,5,6,Low,2026-07-25
1934,1934,0,1,4,13,Low,2026-07-25
1935,1935,3,8,19,23,Critical,2026-07-25
1936,1936,0,3,7,7,Low,2026-07-25
1937,1937,0,4,3,12,Low,2026-07-25
1938,1938,4,6,19,19,Critical,2026-07-25
1939,1939,0,4,7,6,Low,2026-07-25
1940,1940,2,1,9,11,Medium,2026-07-25
1941,1941,0,3,2,5,Low,2026-07-25
1942,1942,0,3,6,8,Low,2026-07-25
1943,1943,1,1,7,9,Low,2026-07-25
1944,1944,1,1,7,15,Low,2026-07-25
1945,1945,1,1,3,6,Low,2026-07-25
1946,1946,0,1,8,14,Medium,2026-07-25
1947,1947,0,0,3,15,Low,2026-07-25
1948,1948,0,0,2,8,Low,2026-07-25
1949,1949,0,3,12,18,Medium,2026-07-25
1950,1950,0,2,5,7,Low,2026-07-25
1951,1951,1,4,8,15,Medium,2026-07-25
1952,1952,1,5,3,7,High,2026-07-25
1953,1953,0,5,4,8,High,2026-07-25
1954,1954,1,2,2,9,Low,2026-07-25
1955,1955,0,3,14,9,Medium,2026-07-25
1956,1956,4,7,17,14,Critical,2026-07-25
1957,1957,0,0,4,9,Low,2026-07-25
1958,1958,0,2,8,5,Medium,2026-07-25
1959,1959,1,5,12,7,High,2026-07-25
1960,1960,1,3,5,6,Low,2026-07-25
1961,1961,0,2,7,10,Low,2026-07-25
1962,1962,2,3,12,7,Medium,2026-07-25
1963,1963,5,7,16,10,Critical,2026-07-25
1964,1964,1,4,4,7,Low,2026-07-25
1965,1965,1,1,8,7,Medium,2026-07-25
1966,1966,1,2,10,12,Medium,2026-07-25
1967,1967,2,3,7,5,Low,2026-07-25
1968,1968,0,3,10,13,Medium,2026-07-25
1969,1969,1,3,7,7,Low,2026-07-25
1970,1970,1,3,6,9,Low,2026-07-25
1971,1971,1,2,6,15,Low,2026-07-25
1972,1972,0,4,8,6,Medium,2026-07-25
1973,1973,0,4,4,6,Low,2026-07-25
1974,1974,5,10,9,21,Critical,2026-07-25
1975,1975,1,3,6,9,Low,2026-07-25
1976,1976,0,2,9,11,Medium,2026-07-25
1977,1977,2,4,5,16,Low,2026-07-25
1978,1978,5,2,20,30,Critical,2026-07-25
1979,1979,3,3,8,5,Critical,2026-07-25
1980,1980,2,2,8,14,Medium,2026-07-25
1981,1981,1,1,2,15,Low,2026-07-25
1982,1982,0,2,5,14,Low,2026-07-25
1983,1983,0,5,20,11,High,2026-07-25
1984,1984,2,2,6,13,Low,2026-07-25
1985,1985,1,2,9,6,Medium,2026-07-25
1986,1986,0,2,4,8,Low,2026-07-25
1987,1987,2,2,4,9,Low,2026-07-25
1988,1988,0,6,18,23,High,2026-07-25
1989,1989,0,3,4,8,Low,2026-07-25
1990,1990,1,10,7,27,High,2026-07-25
1991,1991,3,3,4,12,Critical,2026-07-25
1992,1992,0,3,10,7,Medium,2026-07-25
1993,1993,0,2,4,12,Low,2026-07-25
1994,1994,1,1,2,9,Low,2026-07-25
1995,1995,1,1,2,13,Low,2026-07-25
1996,1996,0,5,10,5,High,2026-07-25
1997,1997,2,4,7,14,Low,2026-07-25
1998,1998,5,6,19,11,Critical,2026-07-25
1999,1999,2,2,8,10,Medium,2026-07-25
2000,2000,4,9,12,18,Critical,2026-07-25
2001,2001,2,3,12,18,Medium,2026-07-25
2002,2002,0,4,2,9,Low,2026-07-25
2003,2003,2,4,7,11,Low,2026-07-25
2004,2004,0,2,6,7,Low,2026-07-25
2005,2005,0,4,8,12,Medium,2026-07-25
2006,2006,3,2,9,17,Critical,2026-07-25
2007,2007,2,2,2,13,Low,2026-07-25
2008,2008,2,4,4,11,Low,2026-07-25
2009,2009,4,10,18,20,Critical,2026-07-25
2010,2010,3,2,17,30,Critical,2026-07-25
2011,2011,2,2,10,17,Medium,2026-07-25
2012,2012,0,4,9,10,Medium,2026-07-25
2013,2013,0,3,4,8,Low,2026-07-25
2014,2014,0,2,6,12,Low,2026-07-25
2015,2015,2,3,4,12,Low,2026-07-25
2016,2016,3,5,11,18,Critical,2026-07-25
2017,2017,0,2,4,7,Low,2026-07-25
2018,2018,3,2,6,18,Critical,2026-07-25
2019,2019,0,2,8,7,Medium,2026-07-25
2020,2020,2,5,6,13,High,2026-07-25
2021,2021,1,2,6,5,Low,2026-07-25
2022,2022,0,0,4,7,Low,2026-07-25
2023,2023,0,1,6,6,Low,2026-07-25
2024,2024,1,1,10,14,Medium,2026-07-25
2025,2025,1,0,8,6,Medium,2026-07-25
2026,2026,2,4,10,8,Medium,2026-07-25
2027,2027,0,1,2,12,Low,2026-07-25
2028,2028,0,1,5,11,Low,2026-07-25
2029,2029,3,5,7,17,Critical,2026-07-25
2030,2030,1,4,9,9,Medium,2026-07-25
2031,2031,2,1,8,7,Medium,2026-07-25
2032,2032,0,1,8,5,Medium,2026-07-25
2033,2033,0,2,2,4,Low,2026-07-25
2034,2034,0,3,6,11,Low,2026-07-25
2035,2035,5,5,7,10,Critical,2026-07-25
2036,2036,1,2,5,10,Low,2026-07-25
2037,2037,0,2,4,12,Low,2026-07-25
2038,2038,1,4,9,19,Medium,2026-07-25
2039,2039,3,1,9,6,Critical,2026-07-25
2040,2040,0,2,6,6,Low,2026-07-25
2041,2041,2,3,3,7,Low,2026-07-25
2042,2042,1,4,7,13,Low,2026-07-25
2043,2043,0,1,3,13,Low,2026-07-25
2044,2044,1,2,5,8,Low,2026-07-25
2045,2045,0,1,6,15,Low,2026-07-25
2046,2046,1,2,5,11,Low,2026-07-25
2047,2047,4,5,18,23,Critical,2026-07-25
2048,2048,3,3,12,10,Critical,2026-07-25
2049,2049,1,3,11,13,Medium,2026-07-25
2050,2050,0,6,8,14,High,2026-07-25
2051,2051,1,1,2,4,Low,2026-07-25
2052,2052,1,7,12,21,High,2026-07-25
2053,2053,2,4,3,16,Low,2026-07-25
2054,2054,0,5,5,10,High,2026-07-25
2055,2055,0,3,15,20,Medium,2026-07-25
2056,2056,1,3,7,15,Low,2026-07-25
2057,2057,2,2,9,9,Medium,2026-07-25
2058,2058,2,4,6,9,Low,2026-07-25
2059,2059,2,3,7,15,Low,2026-07-25
2060,2060,2,2,11,11,Medium,2026-07-25
2061,2061,0,2,5,5,Low,2026-07-25
2062,2062,1,2,3,9,Low,2026-07-25
2063,2063,1,4,2,12,Low,2026-07-25
2064,2064,0,3,6,8,Low,2026-07-25
2065,2065,1,5,8,16,High,2026-07-25
2066,2066,1,7,6,12,High,2026-07-25
2067,2067,1,4,4,9,Low,2026-07-25
2068,2068,2,3,3,15,Low,2026-07-25
2069,2069,0,1,6,10,Low,2026-07-25
2070,2070,0,4,6,12,Low,2026-07-25
2071,2071,5,4,15,26,Critical,2026-07-25
2072,2072,0,4,7,20,Low,2026-07-25
2073,2073,0,1,6,9,Low,2026-07-25
2074,2074,1,3,6,14,Low,2026-07-25
2075,2075,2,1,7,9,Low,2026-07-25
2076,2076,2,1,8,7,Medium,2026-07-25
2077,2077,3,4,4,9,Critical,2026-07-25
2078,2078,0,3,8,11,Medium,2026-07-25
2079,2079,0,4,5,9,Low,2026-07-25
2080,2080,1,3,5,15,Low,2026-07-25
2081,2081,0,2,4,13,Low,2026-07-25
2082,2082,5,5,15,19,Critical,2026-07-25
2083,2083,0,9,13,10,High,2026-07-25
2084,2084,5,9,18,18,Critical,2026-07-25
2085,2085,1,5,3,8,High,2026-07-25
2086,2086,0,3,4,12,Low,2026-07-25
2087,2087,1,2,4,13,Low,2026-07-25
2088,2088,2,6,8,18,High,2026-07-25
2089,2089,2,4,6,6,Low,2026-07-25
2090,2090,1,2,5,4,Low,2026-07-25
2091,2091,1,0,5,10,Low,2026-07-25
2092,2092,4,2,6,21,Critical,2026-07-25
2093,2093,2,3,11,16,Medium,2026-07-25
2094,2094,1,3,5,6,Low,2026-07-25
2095,2095,0,3,8,11,Medium,2026-07-25
2096,2096,1,1,6,11,Low,2026-07-25
2097,2097,2,8,6,10,High,2026-07-25
2098,2098,0,2,5,12,Low,2026-07-25
2099,2099,0,2,8,14,Medium,2026-07-25
2100,2100,1,3,2,7,Low,2026-07-25
2101,2101,1,4,6,8,Low,2026-07-25
2102,2102,3,1,10,7,Critical,2026-07-25
2103,2103,1,3,4,7,Low,2026-07-25
2104,2104,3,10,6,22,Critical,2026-07-25
2105,2105,3,3,12,6,Critical,2026-07-25
2106,2106,1,1,8,15,Medium,2026-07-25
2107,2107,1,4,2,4,Low,2026-07-25
2108,2108,2,3,10,15,Medium,2026-07-25
2109,2109,2,2,8,9,Medium,2026-07-25
2110,2110,1,3,9,14,Medium,2026-07-25
2111,2111,2,3,10,18,Medium,2026-07-25
2112,2112,2,4,9,8,Medium,2026-07-25
2113,2113,3,6,13,26,Critical,2026-07-25
2114,2114,1,1,4,7,Low,2026-07-25
2115,2115,2,4,9,11,Medium,2026-07-25
2116,2116,2,2,4,14,Low,2026-07-25
2117,2117,0,3,7,6,Low,2026-07-25
2118,2118,0,5,13,11,High,2026-07-25
2119,2119,0,4,2,13,Low,2026-07-25
2120,2120,0,2,8,15,Medium,2026-07-25
2121,2121,1,6,12,15,High,2026-07-25
2122,2122,2,5,5,29,High,2026-07-25
2123,2123,0,1,8,15,Medium,2026-07-25
2124,2124,3,4,4,7,Critical,2026-07-25
2125,2125,2,4,8,6,Medium,2026-07-25
2126,2126,0,2,5,7,Low,2026-07-25
2127,2127,0,5,9,15,High,2026-07-25
2128,2128,2,4,6,8,Low,2026-07-25
2129,2129,1,3,10,9,Medium,2026-07-25
2130,2130,1,3,7,7,Low,2026-07-25
2131,2131,0,2,8,9,Medium,2026-07-25
2132,2132,0,6,13,12,High,2026-07-25
2133,2133,1,2,6,7,Low,2026-07-25
2134,2134,1,1,10,9,Medium,2026-07-25
2135,2135,2,3,3,6,Low,2026-07-25
2136,2136,2,1,15,20,Medium,2026-07-25
2137,2137,2,3,10,17,Medium,2026-07-25
2138,2138,1,3,10,7,Medium,2026-07-25
2139,2139,1,2,6,6,Low,2026-07-25
2140,2140,2,6,15,24,High,2026-07-25
2141,2141,1,2,7,4,Low,2026-07-25
2142,2142,3,8,8,22,Critical,2026-07-25
2143,2143,0,4,10,10,Medium,2026-07-25
2144,2144,3,2,6,11,Critical,2026-07-25
2145,2145,0,4,9,9,Medium,2026-07-25
2146,2146,1,4,10,10,Medium,2026-07-25
2147,2147,0,2,4,7,Low,2026-07-25
2148,2148,2,3,6,12,Low,2026-07-25
2149,2149,1,3,12,10,Medium,2026-07-25
2150,2150,0,2,4,9,Low,2026-07-25
2151,2151,3,4,8,12,Critical,2026-07-25
2152,2152,2,4,5,6,Low,2026-07-25
2153,2153,1,4,10,8,Medium,2026-07-25
2154,2154,0,1,6,7,Low,2026-07-25
2155,2155,2,3,6,10,Low,2026-07-25
2156,2156,0,5,3,5,High,2026-07-25
2157,2157,0,1,10,7,Medium,2026-07-25
2158,2158,1,5,9,7,High,2026-07-25
2159,2159,1,4,9,10,Medium,2026-07-25
2160,2160,2,5,4,8,High,2026-07-25
2161,2161,0,0,3,11,Low,2026-07-25
2162,2162,1,1,8,12,Medium,2026-07-25
2163,2163,1,3,11,6,Medium,2026-07-25
2164,2164,0,1,3,10,Low,2026-07-25
2165,2165,0,1,3,13,Low,2026-07-25
2166,2166,3,1,15,19,Critical,2026-07-25
2167,2167,1,2,8,13,Medium,2026-07-25
2168,2168,1,4,3,9,Low,2026-07-25
2169,2169,1,2,9,8,Medium,2026-07-25
2170,2170,1,2,7,25,Low,2026-07-25
2171,2171,0,3,7,10,Low,2026-07-25
2172,2172,2,1,12,20,Medium,2026-07-25
2173,2173,1,4,3,8,Low,2026-07-25
2174,2174,1,1,8,12,Medium,2026-07-25
2175,2175,0,4,8,15,Medium,2026-07-25
2176,2176,2,1,7,10,Low,2026-07-25
2177,2177,0,3,6,9,Low,2026-07-25
2178,2178,3,8,5,25,Critical,2026-07-25
2179,2179,1,2,8,7,Medium,2026-07-25
2180,2180,5,7,17,19,Critical,2026-07-25
2181,2181,2,4,5,12,Low,2026-07-25
2182,2182,3,5,16,25,Critical,2026-07-25
2183,2183,0,2,18,17,Medium,2026-07-25
2184,2184,4,9,15,13,Critical,2026-07-25
2185,2185,1,4,10,14,Medium,2026-07-25
2186,2186,1,2,4,11,Low,2026-07-25
2187,2187,1,3,5,7,Low,2026-07-25
2188,2188,2,4,5,11,Low,2026-07-25
2189,2189,0,1,7,8,Low,2026-07-25
2190,2190,2,3,2,10,Low,2026-07-25
2191,2191,0,1,10,15,Medium,2026-07-25
2192,2192,2,1,8,8,Medium,2026-07-25
2193,2193,2,1,6,7,Low,2026-07-25
2194,2194,1,1,6,14,Low,2026-07-25
2195,2195,5,5,14,19,Critical,2026-07-25
2196,2196,0,3,3,13,Low,2026-07-25
2197,2197,1,2,2,15,Low,2026-07-25
2198,2198,0,1,11,12,Medium,2026-07-25
2199,2199,1,4,3,10,Low,2026-07-25
2200,2200,2,7,17,23,High,2026-07-25
2201,2201,3,5,9,20,Critical,2026-07-25
2202,2202,0,1,4,14,Low,2026-07-25
2203,2203,0,3,8,7,Medium,2026-07-25
2204,2204,0,3,8,6,Medium,2026-07-25
2205,2205,2,5,10,7,High,2026-07-25
2206,2206,2,3,5,6,Low,2026-07-25
2207,2207,3,5,7,11,Critical,2026-07-25
2208,2208,1,2,3,10,Low,2026-07-25
2209,2209,0,0,8,8,Medium,2026-07-25
2210,2210,2,5,7,19,High,2026-07-25
2211,2211,0,6,8,7,High,2026-07-25
2212,2212,1,4,4,14,Low,2026-07-25
2213,2213,1,4,8,11,Medium,2026-07-25
2214,2214,2,2,5,6,Low,2026-07-25
2215,2215,1,4,8,6,Medium,2026-07-25
2216,2216,0,3,4,5,Low,2026-07-25
2217,2217,3,8,14,18,Critical,2026-07-25
2218,2218,2,2,10,6,Medium,2026-07-25
2219,2219,2,3,10,10,Medium,2026-07-25
2220,2220,1,3,8,10,Medium,2026-07-25
2221,2221,1,1,8,6,Medium,2026-07-25
2222,2222,1,5,4,11,High,2026-07-25
2223,2223,0,2,2,7,Low,2026-07-25
2224,2224,2,1,5,7,Low,2026-07-25
2225,2225,1,2,4,13,Low,2026-07-25
2226,2226,2,2,13,20,Medium,2026-07-25
2227,2227,0,3,8,6,Medium,2026-07-25
2228,2228,0,3,4,12,Low,2026-07-25
2229,2229,0,2,7,12,Low,2026-07-25
2230,2230,2,10,13,27,High,2026-07-25
2231,2231,0,4,7,13,Low,2026-07-25
2232,2232,4,3,5,25,Critical,2026-07-25
2233,2233,1,2,3,10,Low,2026-07-25
2234,2234,1,4,7,8,Low,2026-07-25
2235,2235,0,4,4,9,Low,2026-07-25
2236,2236,1,2,7,14,Low,2026-07-25
2237,2237,0,4,6,16,Low,2026-07-25
2238,2238,0,4,4,11,Low,2026-07-25
2239,2239,3,3,5,13,Critical,2026-07-25
2240,2240,0,4,4,14,Low,2026-07-25
2241,2241,0,3,10,15,Medium,2026-07-25
2242,2242,0,1,3,12,Low,2026-07-25
2243,2243,1,3,12,19,Medium,2026-07-25
2244,2244,2,2,8,26,Medium,2026-07-25
2245,2245,1,0,5,14,Low,2026-07-25
2246,2246,2,1,5,13,Low,2026-07-25
2247,2247,2,4,15,5,Medium,2026-07-25
2248,2248,2,2,4,10,Low,2026-07-25
2249,2249,2,1,8,13,Medium,2026-07-25
2250,2250,5,5,15,21,Critical,2026-07-25
2251,2251,0,2,6,12,Low,2026-07-25
2252,2252,1,3,4,13,Low,2026-07-25
2253,2253,1,2,8,13,Medium,2026-07-25
2254,2254,0,2,2,5,Low,2026-07-25
2255,2255,2,8,20,11,High,2026-07-25
2256,2256,0,3,6,6,Low,2026-07-25
2257,2257,1,2,6,7,Low,2026-07-25
2258,2258,3,2,11,18,Critical,2026-07-25
2259,2259,0,3,8,14,Medium,2026-07-25
2260,2260,0,3,6,27,Low,2026-07-25
2261,2261,0,2,6,13,Low,2026-07-25
2262,2262,1,1,8,11,Medium,2026-07-25
2263,2263,1,10,20,13,High,2026-07-25
2264,2264,1,2,7,11,Low,2026-07-25
2265,2265,3,10,15,28,Critical,2026-07-25
2266,2266,0,1,10,10,Medium,2026-07-25
2267,2267,0,5,7,14,High,2026-07-25
2268,2268,0,2,10,11,Medium,2026-07-25
2269,2269,2,3,8,8,Medium,2026-07-25
2270,2270,0,3,2,8,Low,2026-07-25
2271,2271,1,6,8,5,High,2026-07-25
2272,2272,1,2,8,14,Medium,2026-07-25
2273,2273,1,0,7,15,Low,2026-07-25
2274,2274,1,2,6,13,Low,2026-07-25
2275,2275,2,3,20,25,Medium,2026-07-25
2276,2276,2,2,5,13,Low,2026-07-25
2277,2277,0,4,8,6,Medium,2026-07-25
2278,2278,3,10,5,24,Critical,2026-07-25
2279,2279,1,3,4,12,Low,2026-07-25
2280,2280,4,8,18,23,Critical,2026-07-25
2281,2281,1,3,11,6,Medium,2026-07-25
2282,2282,2,4,8,12,Medium,2026-07-25
2283,2283,0,3,8,12,Medium,2026-07-25
2284,2284,2,2,3,8,Low,2026-07-25
2285,2285,4,6,7,14,Critical,2026-07-25
2286,2286,0,3,7,7,Low,2026-07-25
2287,2287,0,4,4,6,Low,2026-07-25
2288,2288,2,3,3,5,Low,2026-07-25
2289,2289,0,0,8,6,Medium,2026-07-25
2290,2290,1,4,9,13,Medium,2026-07-25
2291,2291,2,3,8,10,Medium,2026-07-25
2292,2292,0,2,3,14,Low,2026-07-25
2293,2293,0,6,13,12,High,2026-07-25
2294,2294,4,10,6,13,Critical,2026-07-25
2295,2295,2,3,3,7,Low,2026-07-25
2296,2296,1,2,11,17,Medium,2026-07-25
2297,2297,1,2,4,8,Low,2026-07-25
2298,2298,1,1,8,7,Medium,2026-07-25
2299,2299,0,3,3,5,Low,2026-07-25
2300,2300,2,2,10,19,Medium,2026-07-25
2301,2301,0,4,11,16,Medium,2026-07-25
2302,2302,2,4,2,11,Low,2026-07-25
2303,2303,0,5,4,11,High,2026-07-25
2304,2304,2,2,3,14,Low,2026-07-25
2305,2305,0,4,7,19,Low,2026-07-25
2306,2306,0,2,2,10,Low,2026-07-25
2307,2307,1,4,6,7,Low,2026-07-25
2308,2308,1,1,8,10,Medium,2026-07-25
2309,2309,2,1,6,8,Low,2026-07-25
2310,2310,2,1,6,9,Low,2026-07-25
2311,2311,1,3,7,9,Low,2026-07-25
2312,2312,4,10,18,18,Critical,2026-07-25
2313,2313,2,2,7,13,Low,2026-07-25
2314,2314,1,4,4,13,Low,2026-07-25
2315,2315,0,3,10,13,Medium,2026-07-25
2316,2316,1,5,15,18,High,2026-07-25
2317,2317,1,3,3,12,Low,2026-07-25
2318,2318,0,1,10,10,Medium,2026-07-25
2319,2319,3,7,20,16,Critical,2026-07-25
2320,2320,0,4,8,9,Medium,2026-07-25
2321,2321,1,2,11,19,Medium,2026-07-25
2322,2322,2,4,5,14,Low,2026-07-25
2323,2323,2,2,2,9,Low,2026-07-25
2324,2324,0,4,6,4,Low,2026-07-25
2325,2325,0,3,5,11,Low,2026-07-25
2326,2326,2,5,18,15,High,2026-07-25
2327,2327,2,8,14,19,High,2026-07-25
2328,2328,2,2,6,4,Low,2026-07-25
2329,2329,1,1,2,8,Low,2026-07-25
2330,2330,0,3,3,9,Low,2026-07-25
2331,2331,0,0,3,10,Low,2026-07-25
2332,2332,2,4,6,14,Low,2026-07-25
2333,2333,0,5,4,16,High,2026-07-25
2334,2334,2,3,4,13,Low,2026-07-25
2335,2335,0,6,7,16,High,2026-07-25
2336,2336,0,2,7,6,Low,2026-07-25
2337,2337,0,4,9,18,Medium,2026-07-25
2338,2338,2,4,3,12,Low,2026-07-25
2339,2339,5,10,7,29,Critical,2026-07-25
2340,2340,0,4,4,7,Low,2026-07-25
2341,2341,0,4,9,11,Medium,2026-07-25
2342,2342,3,7,18,17,Critical,2026-07-25
2343,2343,2,3,7,8,Low,2026-07-25
2344,2344,1,3,3,6,Low,2026-07-25
2345,2345,3,3,11,16,Critical,2026-07-25
2346,2346,1,1,2,10,Low,2026-07-25
2347,2347,3,3,5,16,Critical,2026-07-25
2348,2348,1,2,7,5,Low,2026-07-25
2349,2349,2,5,8,17,High,2026-07-25
2350,2350,1,6,11,18,High,2026-07-25
2351,2351,1,5,11,17,High,2026-07-25
2352,2352,3,1,4,14,Critical,2026-07-25
2353,2353,1,3,7,30,Low,2026-07-25
2354,2354,1,2,3,12,Low,2026-07-25
2355,2355,0,2,5,10,Low,2026-07-25
2356,2356,1,4,6,5,Low,2026-07-25
2357,2357,0,4,8,22,Medium,2026-07-25
2358,2358,2,1,5,15,Low,2026-07-25
2359,2359,1,1,5,4,Low,2026-07-25
2360,2360,1,2,10,15,Medium,2026-07-25
2361,2361,0,4,9,15,Medium,2026-07-25
2362,2362,2,3,7,13,Low,2026-07-25
2363,2363,1,2,6,10,Low,2026-07-25
2364,2364,1,3,8,16,Medium,2026-07-25
2365,2365,1,5,8,20,High,2026-07-25
2366,2366,2,1,10,8,Medium,2026-07-25
2367,2367,1,1,9,15,Medium,2026-07-25
2368,2368,0,4,17,19,Medium,2026-07-25
2369,2369,5,2,11,19,Critical,2026-07-25
2370,2370,2,2,8,7,Medium,2026-07-25
2371,2371,0,1,10,20,Medium,2026-07-25
2372,2372,2,3,3,4,Low,2026-07-25
2373,2373,0,1,10,15,Medium,2026-07-25
2374,2374,4,3,8,17,Critical,2026-07-25
2375,2375,0,4,4,8,Low,2026-07-25
2376,2376,0,8,11,30,High,2026-07-25
2377,2377,2,1,6,5,Low,2026-07-25
2378,2378,1,3,8,9,Medium,2026-07-25
2379,2379,2,2,7,12,Low,2026-07-25
2380,2380,1,3,5,12,Low,2026-07-25
2381,2381,1,1,3,5,Low,2026-07-25
2382,2382,0,1,10,12,Medium,2026-07-25
2383,2383,2,2,5,6,Low,2026-07-25
2384,2384,0,5,7,9,High,2026-07-25
2385,2385,1,1,10,8,Medium,2026-07-25
2386,2386,1,3,13,15,Medium,2026-07-25
2387,2387,0,3,8,9,Medium,2026-07-25
2388,2388,1,4,8,15,Medium,2026-07-25
2389,2389,2,4,5,13,Low,2026-07-25
2390,2390,0,4,8,14,Medium,2026-07-25
2391,2391,2,2,9,9,Medium,2026-07-25
2392,2392,0,1,4,15,Low,2026-07-25
2393,2393,1,3,10,13,Medium,2026-07-25
2394,2394,2,1,5,6,Low,2026-07-25
2395,2395,1,3,6,7,Low,2026-07-25
2396,2396,3,10,15,23,Critical,2026-07-25
2397,2397,4,3,7,15,Critical,2026-07-25
2398,2398,0,5,14,16,High,2026-07-25
2399,2399,1,5,7,11,High,2026-07-25
2400,2400,0,5,5,18,High,2026-07-25
2401,2401,1,2,2,14,Low,2026-07-25
2402,2402,0,5,10,15,High,2026-07-25
2403,2403,1,3,2,6,Low,2026-07-25
2404,2404,0,0,3,7,Low,2026-07-25
2405,2405,4,10,20,10,Critical,2026-07-25
2406,2406,1,3,2,15,Low,2026-07-25
2407,2407,1,3,2,4,Low,2026-07-25
2408,2408,2,7,6,12,High,2026-07-25
2409,2409,0,2,6,14,Low,2026-07-25
2410,2410,0,3,6,5,Low,2026-07-25
2411,2411,2,4,4,11,Low,2026-07-25
2412,2412,1,5,6,11,High,2026-07-25
2413,2413,2,1,5,9,Low,2026-07-25
2414,2414,2,5,10,15,High,2026-07-25
2415,2415,1,2,6,5,Low,2026-07-25
2416,2416,1,1,7,14,Low,2026-07-25
2417,2417,2,4,14,9,Medium,2026-07-25
2418,2418,4,6,16,15,Critical,2026-07-25
2419,2419,0,4,6,9,Low,2026-07-25
2420,2420,0,4,4,6,Low,2026-07-25
2421,2421,1,2,8,14,Medium,2026-07-25
2422,2422,2,3,12,14,Medium,2026-07-25
2423,2423,1,8,19,15,High,2026-07-25
2424,2424,2,4,8,7,Medium,2026-07-25
2425,2425,3,5,9,20,Critical,2026-07-25
2426,2426,1,1,8,6,Medium,2026-07-25
2427,2427,1,4,12,8,Medium,2026-07-25
2428,2428,2,6,14,15,High,2026-07-25
2429,2429,0,1,9,11,Medium,2026-07-25
2430,2430,1,5,3,9,High,2026-07-25
2431,2431,2,4,5,8,Low,2026-07-25
2432,2432,2,4,14,13,Medium,2026-07-25
2433,2433,4,2,15,18,Critical,2026-07-25
2434,2434,0,1,4,13,Low,2026-07-25
2435,2435,0,2,6,12,Low,2026-07-25
2436,2436,1,2,9,12,Medium,2026-07-25
2437,2437,0,4,10,12,Medium,2026-07-25
2438,2438,2,2,9,11,Medium,2026-07-25
2439,2439,3,3,6,11,Critical,2026-07-25
2440,2440,0,1,6,13,Low,2026-07-25
2441,2441,1,2,2,11,Low,2026-07-25
2442,2442,2,4,4,12,Low,2026-07-25
2443,2443,0,4,3,12,Low,2026-07-25
2444,2444,1,1,12,10,Medium,2026-07-25
2445,2445,0,2,6,17,Low,2026-07-25
2446,2446,5,2,5,19,Critical,2026-07-25
2447,2447,0,2,6,5,Low,2026-07-25
2448,2448,3,4,5,11,Critical,2026-07-25
2449,2449,1,2,8,9,Medium,2026-07-25
2450,2450,1,3,19,19,Medium,2026-07-25
2451,2451,0,3,2,10,Low,2026-07-25
2452,2452,2,2,3,16,Low,2026-07-25
2453,2453,3,5,12,8,Critical,2026-07-25
2454,2454,0,2,7,15,Low,2026-07-25
2455,2455,1,3,8,13,Medium,2026-07-25
2456,2456,2,3,2,6,Low,2026-07-25
2457,2457,0,5,3,14,High,2026-07-25
2458,2458,1,6,15,5,High,2026-07-25
2459,2459,1,3,7,17,Low,2026-07-25
2460,2460,1,4,13,7,Medium,2026-07-25
2461,2461,0,1,2,13,Low,2026-07-25
2462,2462,4,10,9,20,Critical,2026-07-25
2463,2463,0,2,10,8,Medium,2026-07-25
2464,2464,5,6,17,15,Critical,2026-07-25
2465,2465,1,3,6,13,Low,2026-07-25
2466,2466,1,5,4,6,High,2026-07-25
2467,2467,2,4,12,8,Medium,2026-07-25
2468,2468,1,2,5,11,Low,2026-07-25
2469,2469,0,3,14,20,Medium,2026-07-25
2470,2470,2,8,9,29,High,2026-07-25
2471,2471,2,2,2,4,Low,2026-07-25
2472,2472,2,4,4,6,Low,2026-07-25
2473,2473,5,4,19,20,Critical,2026-07-25
2474,2474,2,3,9,9,Medium,2026-07-25
2475,2475,0,2,5,12,Low,2026-07-25
2476,2476,1,1,8,11,Medium,2026-07-25
2477,2477,3,1,9,20,Critical,2026-07-25
2478,2478,0,1,8,12,Medium,2026-07-25
2479,2479,2,4,8,10,Medium,2026-07-25
2480,2480,2,3,6,14,Low,2026-07-25
2481,2481,1,5,8,16,High,2026-07-25
2482,2482,0,5,8,15,High,2026-07-25
2483,2483,1,3,5,4,Low,2026-07-25
2484,2484,1,6,6,10,High,2026-07-25
2485,2485,1,3,5,15,Low,2026-07-25
2486,2486,2,4,14,17,Medium,2026-07-25
2487,2487,3,1,15,20,Critical,2026-07-25
2488,2488,1,1,5,12,Low,2026-07-25
2489,2489,0,4,14,11,Medium,2026-07-25
2490,2490,1,4,4,14,Low,2026-07-25
2491,2491,1,1,3,8,Low,2026-07-25
2492,2492,3,5,5,12,Critical,2026-07-25
2493,2493,1,3,5,8,Low,2026-07-25
2494,2494,5,9,16,13,Critical,2026-07-25
2495,2495,2,2,7,18,Low,2026-07-25
2496,2496,1,1,6,11,Low,2026-07-25
2497,2497,1,5,9,18,High,2026-07-25
2498,2498,1,2,5,9,Low,2026-07-25
2499,2499,3,3,13,7,Critical,2026-07-25
2500,2500,1,3,9,8,Medium,2026-07-25
2501,2501,2,2,10,8,Medium,2026-07-25
2502,2502,2,4,6,11,Low,2026-07-25
2503,2503,0,2,2,10,Low,2026-07-25
2504,2504,1,2,2,5,Low,2026-07-25
2505,2505,0,2,9,6,Medium,2026-07-25
2506,2506,1,2,7,13,Low,2026-07-25
2507,2507,1,2,5,4,Low,2026-07-25
2508,2508,0,6,4,16,High,2026-07-25
2509,2509,1,4,2,11,Low,2026-07-25
2510,2510,0,4,5,14,Low,2026-07-25
2511,2511,5,9,20,23,Critical,2026-07-25
2512,2512,5,7,11,16,Critical,2026-07-25
2513,2513,1,1,8,11,Medium,2026-07-25
2514,2514,0,2,19,13,Medium,2026-07-25
2515,2515,0,2,6,8,Low,2026-07-25
2516,2516,0,4,2,13,Low,2026-07-25
2517,2517,1,2,9,24,Medium,2026-07-25
2518,2518,3,7,7,26,Critical,2026-07-25
2519,2519,0,2,2,11,Low,2026-07-25
2520,2520,1,1,6,11,Low,2026-07-25
2521,2521,0,6,13,11,High,2026-07-25
2522,2522,0,4,7,10,Low,2026-07-25
2523,2523,1,1,4,13,Low,2026-07-25
2524,2524,2,4,13,6,Medium,2026-07-25
2525,2525,4,7,9,29,Critical,2026-07-25
2526,2526,5,7,9,23,Critical,2026-07-25
2527,2527,0,2,13,11,Medium,2026-07-25
2528,2528,0,2,11,5,Medium,2026-07-25
2529,2529,1,2,6,5,Low,2026-07-25
2530,2530,0,9,12,21,High,2026-07-25
2531,2531,0,3,10,15,Medium,2026-07-25
2532,2532,0,0,5,9,Low,2026-07-25
2533,2533,1,5,3,6,High,2026-07-25
2534,2534,1,4,3,13,Low,2026-07-25
2535,2535,0,1,9,15,Medium,2026-07-25
2536,2536,0,3,4,14,Low,2026-07-25
2537,2537,4,9,9,25,Critical,2026-07-25
2538,2538,0,2,13,9,Medium,2026-07-25
2539,2539,3,6,12,5,Critical,2026-07-25
2540,2540,2,4,4,5,Low,2026-07-25
2541,2541,3,6,18,20,Critical,2026-07-25
2542,2542,1,5,16,10,High,2026-07-25
2543,2543,1,2,7,8,Low,2026-07-25
2544,2544,4,5,13,21,Critical,2026-07-25
2545,2545,1,2,8,14,Medium,2026-07-25
2546,2546,1,2,7,6,Low,2026-07-25
2547,2547,1,2,8,5,Medium,2026-07-25
2548,2548,2,1,4,7,Low,2026-07-25
2549,2549,1,6,14,18,High,2026-07-25
2550,2550,0,3,3,18,Low,2026-07-25
2551,2551,1,3,8,5,Medium,2026-07-25
2552,2552,0,5,8,14,High,2026-07-25
2553,2553,2,3,15,11,Medium,2026-07-25
2554,2554,0,2,7,7,Low,2026-07-25
2555,2555,1,2,4,10,Low,2026-07-25
2556,2556,2,1,8,10,Medium,2026-07-25
2557,2557,2,5,9,15,High,2026-07-25
2558,2558,2,1,10,12,Medium,2026-07-25
2559,2559,2,4,2,5,Low,2026-07-25
2560,2560,0,5,4,6,High,2026-07-25
2561,2561,2,3,4,11,Low,2026-07-25
2562,2562,2,3,5,6,Low,2026-07-25
2563,2563,0,4,9,15,Medium,2026-07-25
2564,2564,0,1,3,5,Low,2026-07-25
2565,2565,1,5,11,10,High,2026-07-25
2566,2566,0,4,9,7,Medium,2026-07-25
2567,2567,0,4,10,10,Medium,2026-07-25
2568,2568,2,3,3,9,Low,2026-07-25
2569,2569,0,5,4,13,High,2026-07-25
2570,2570,5,5,11,26,Critical,2026-07-25
2571,2571,1,0,6,8,Low,2026-07-25
2572,2572,1,5,11,17,High,2026-07-25
2573,2573,0,3,7,8,Low,2026-07-25
2574,2574,1,4,10,13,Medium,2026-07-25
2575,2575,2,4,7,15,Low,2026-07-25
2576,2576,1,4,10,10,Medium,2026-07-25
2577,2577,1,2,4,10,Low,2026-07-25
2578,2578,2,3,8,10,Medium,2026-07-25
2579,2579,1,0,7,10,Low,2026-07-25
2580,2580,0,4,11,18,Medium,2026-07-25
2581,2581,3,3,19,22,Critical,2026-07-25
2582,2582,2,2,4,5,Low,2026-07-25
2583,2583,2,2,7,8,Low,2026-07-25
2584,2584,2,1,9,12,Medium,2026-07-25
2585,2585,0,1,6,9,Low,2026-07-25
2586,2586,0,0,5,13,Low,2026-07-25
2587,2587,3,4,4,6,Critical,2026-07-25
2588,2588,3,6,7,14,Critical,2026-07-25
2589,2589,2,3,8,8,Medium,2026-07-25
2590,2590,1,4,2,7,Low,2026-07-25
2591,2591,0,4,6,6,Low,2026-07-25
2592,2592,1,3,5,6,Low,2026-07-25
2593,2593,1,4,9,11,Medium,2026-07-25
2594,2594,3,6,7,18,Critical,2026-07-25
2595,2595,1,5,8,21,High,2026-07-25
2596,2596,1,3,4,9,Low,2026-07-25
2597,2597,1,2,10,10,Medium,2026-07-25
2598,2598,2,3,9,6,Medium,2026-07-25
2599,2599,0,3,6,10,Low,2026-07-25
2600,2600,2,1,6,10,Low,2026-07-25
2601,2601,0,4,14,18,Medium,2026-07-25
2602,2602,0,3,6,9,Low,2026-07-25
2603,2603,2,1,4,8,Low,2026-07-25
2604,2604,3,3,12,19,Critical,2026-07-25
2605,2605,1,8,14,17,High,2026-07-25
2606,2606,1,0,5,13,Low,2026-07-25
2607,2607,0,0,7,5,Low,2026-07-25
2608,2608,2,4,7,9,Low,2026-07-25
2609,2609,0,4,6,12,Low,2026-07-25
2610,2610,0,2,6,8,Low,2026-07-25
2611,2611,2,6,13,13,High,2026-07-25
2612,2612,2,3,6,13,Low,2026-07-25
2613,2613,0,1,8,11,Medium,2026-07-25
2614,2614,0,0,4,10,Low,2026-07-25
2615,2615,1,2,4,13,Low,2026-07-25
2616,2616,1,2,6,12,Low,2026-07-25
2617,2617,2,4,14,18,Medium,2026-07-25
2618,2618,1,5,9,10,High,2026-07-25
2619,2619,5,4,8,27,Critical,2026-07-25
2620,2620,2,2,9,9,Medium,2026-07-25
2621,2621,1,1,2,12,Low,2026-07-25
2622,2622,0,1,10,13,Medium,2026-07-25
2623,2623,1,0,6,13,Low,2026-07-25
2624,2624,0,5,13,19,High,2026-07-25
2625,2625,0,9,13,20,High,2026-07-25
2626,2626,4,6,9,23,Critical,2026-07-25
2627,2627,0,1,7,9,Low,2026-07-25
2628,2628,4,7,19,11,Critical,2026-07-25
2629,2629,0,4,14,15,Medium,2026-07-25
2630,2630,0,4,10,10,Medium,2026-07-25
2631,2631,0,2,7,7,Low,2026-07-25
2632,2632,1,5,12,7,High,2026-07-25
2633,2633,3,3,4,14,Critical,2026-07-25
2634,2634,2,5,8,6,High,2026-07-25
2635,2635,0,1,7,8,Low,2026-07-25
2636,2636,4,9,9,19,Critical,2026-07-25
2637,2637,1,4,2,10,Low,2026-07-25
2638,2638,2,3,3,9,Low,2026-07-25
2639,2639,0,1,5,7,Low,2026-07-25
2640,2640,1,3,7,8,Low,2026-07-25
2641,2641,0,1,4,8,Low,2026-07-25
2642,2642,1,3,10,15,Medium,2026-07-25
2643,2643,3,3,6,16,Critical,2026-07-25
2644,2644,0,2,9,13,Medium,2026-07-25
2645,2645,1,3,12,20,Medium,2026-07-25
2646,2646,0,3,4,14,Low,2026-07-25
2647,2647,1,1,5,13,Low,2026-07-25
2648,2648,0,8,13,10,High,2026-07-25
2649,2649,1,1,3,9,Low,2026-07-25
2650,2650,1,4,10,6,Medium,2026-07-25
2651,2651,2,3,3,5,Low,2026-07-25
2652,2652,2,2,5,12,Low,2026-07-25
2653,2653,0,3,2,14,Low,2026-07-25
2654,2654,1,4,9,5,Medium,2026-07-25
2655,2655,1,1,10,9,Medium,2026-07-25
2656,2656,2,3,11,27,Medium,2026-07-25
2657,2657,0,1,7,11,Low,2026-07-25
2658,2658,0,4,6,14,Low,2026-07-25
2659,2659,1,3,6,13,Low,2026-07-25
2660,2660,1,4,14,16,Medium,2026-07-25
2661,2661,2,4,12,6,Medium,2026-07-25
2662,2662,2,1,4,16,Low,2026-07-25
2663,2663,2,3,8,12,Medium,2026-07-25
2664,2664,3,4,20,16,Critical,2026-07-25
2665,2665,0,2,3,7,Low,2026-07-25
2666,2666,0,3,10,10,Medium,2026-07-25
2667,2667,2,1,2,12,Low,2026-07-25
2668,2668,1,1,3,11,Low,2026-07-25
2669,2669,3,4,10,26,Critical,2026-07-25
2670,2670,0,3,3,14,Low,2026-07-25
2671,2671,0,1,3,11,Low,2026-07-25
2672,2672,1,6,18,10,High,2026-07-25
2673,2673,1,2,15,16,Medium,2026-07-25
2674,2674,5,6,15,27,Critical,2026-07-25
2675,2675,1,2,12,10,Medium,2026-07-25
2676,2676,2,3,4,10,Low,2026-07-25
2677,2677,0,2,5,7,Low,2026-07-25
2678,2678,1,3,3,7,Low,2026-07-25
2679,2679,1,2,2,5,Low,2026-07-25
2680,2680,1,4,2,6,Low,2026-07-25
2681,2681,2,2,2,7,Low,2026-07-25
2682,2682,2,2,10,8,Medium,2026-07-25
2683,2683,2,2,10,7,Medium,2026-07-25
2684,2684,1,2,3,9,Low,2026-07-25
2685,2685,1,1,5,13,Low,2026-07-25
2686,2686,3,9,11,11,Critical,2026-07-25
2687,2687,5,10,5,23,Critical,2026-07-25
2688,2688,0,3,6,9,Low,2026-07-25
2689,2689,0,1,6,7,Low,2026-07-25
2690,2690,2,1,12,9,Medium,2026-07-25
2691,2691,2,1,7,11,Low,2026-07-25
2692,2692,1,4,2,9,Low,2026-07-25
2693,2693,1,6,5,9,High,2026-07-25
2694,2694,1,10,8,16,High,2026-07-25
2695,2695,0,1,3,11,Low,2026-07-25
2696,2696,5,5,8,21,Critical,2026-07-25
2697,2697,2,3,5,15,Low,2026-07-25
2698,2698,5,3,7,17,Critical,2026-07-25
2699,2699,0,1,7,5,Low,2026-07-25
2700,2700,2,1,6,12,Low,2026-07-25
2701,2701,0,2,3,5,Low,2026-07-25
2702,2702,1,1,4,14,Low,2026-07-25
2703,2703,1,3,4,13,Low,2026-07-25
2704,2704,1,4,4,5,Low,2026-07-25
2705,2705,2,4,12,7,Medium,2026-07-25
2706,2706,2,4,11,16,Medium,2026-07-25
2707,2707,2,4,7,11,Low,2026-07-25
2708,2708,0,3,4,7,Low,2026-07-25
2709,2709,3,5,6,7,Critical,2026-07-25
2710,2710,0,2,3,10,Low,2026-07-25
2711,2711,1,9,14,18,High,2026-07-25
2712,2712,2,3,3,11,Low,2026-07-25
2713,2713,3,6,15,26,Critical,2026-07-25
2714,2714,2,5,4,15,High,2026-07-25
2715,2715,0,2,3,10,Low,2026-07-25
2716,2716,1,4,18,11,Medium,2026-07-25
2717,2717,2,5,5,10,High,2026-07-25
2718,2718,5,10,14,18,Critical,2026-07-25
2719,2719,0,4,3,7,Low,2026-07-25
2720,2720,0,2,6,8,Low,2026-07-25
2721,2721,1,3,7,6,Low,2026-07-25
2722,2722,0,1,8,12,Medium,2026-07-25
2723,2723,0,5,12,10,High,2026-07-25
2724,2724,2,1,9,7,Medium,2026-07-25
2725,2725,3,4,6,9,Critical,2026-07-25
2726,2726,0,3,3,11,Low,2026-07-25
2727,2727,0,3,6,4,Low,2026-07-25
2728,2728,2,2,8,5,Medium,2026-07-25
2729,2729,0,2,7,18,Low,2026-07-25
2730,2730,1,2,5,8,Low,2026-07-25
2731,2731,1,3,6,10,Low,2026-07-25
2732,2732,5,8,16,14,Critical,2026-07-25
2733,2733,0,2,9,13,Medium,2026-07-25
2734,2734,1,0,2,6,Low,2026-07-25
2735,2735,0,4,2,8,Low,2026-07-25
2736,2736,0,2,5,5,Low,2026-07-25
2737,2737,1,4,10,14,Medium,2026-07-25
2738,2738,3,8,16,10,Critical,2026-07-25
2739,2739,0,2,6,7,Low,2026-07-25
2740,2740,1,2,2,9,Low,2026-07-25
2741,2741,2,4,7,12,Low,2026-07-25
2742,2742,2,1,10,8,Medium,2026-07-25
2743,2743,0,3,3,15,Low,2026-07-25
2744,2744,0,3,5,11,Low,2026-07-25
2745,2745,2,3,15,15,Medium,2026-07-25
2746,2746,0,1,5,18,Low,2026-07-25
2747,2747,1,1,12,16,Medium,2026-07-25
2748,2748,1,1,9,9,Medium,2026-07-25
2749,2749,0,3,5,5,Low,2026-07-25
2750,2750,2,4,7,9,Low,2026-07-25
2751,2751,4,5,10,23,Critical,2026-07-25
2752,2752,1,4,4,10,Low,2026-07-25
2753,2753,0,1,4,9,Low,2026-07-25
2754,2754,2,4,3,15,Low,2026-07-25
2755,2755,1,2,2,12,Low,2026-07-25
2756,2756,0,1,2,8,Low,2026-07-25
2757,2757,1,1,6,5,Low,2026-07-25
2758,2758,0,4,5,14,Low,2026-07-25
2759,2759,2,3,10,6,Medium,2026-07-25
2760,2760,0,3,9,7,Medium,2026-07-25
2761,2761,0,3,8,4,Medium,2026-07-25
2762,2762,2,3,2,15,Low,2026-07-25
2763,2763,0,1,3,13,Low,2026-07-25
2764,2764,0,0,2,13,Low,2026-07-25
2765,2765,2,3,8,13,Medium,2026-07-25
2766,2766,4,2,12,18,Critical,2026-07-25
2767,2767,2,4,6,11,Low,2026-07-25
2768,2768,1,5,3,13,High,2026-07-25
2769,2769,2,3,8,18,Medium,2026-07-25
2770,2770,0,6,12,11,High,2026-07-25
2771,2771,5,9,20,14,Critical,2026-07-25
2772,2772,0,1,4,8,Low,2026-07-25
2773,2773,2,5,10,8,High,2026-07-25
2774,2774,0,1,7,14,Low,2026-07-25
2775,2775,0,1,5,15,Low,2026-07-25
2776,2776,0,1,9,5,Medium,2026-07-25
2777,2777,1,5,15,8,High,2026-07-25
2778,2778,2,3,4,8,Low,2026-07-25
2779,2779,2,1,5,14,Low,2026-07-25
2780,2780,1,2,11,6,Medium,2026-07-25
2781,2781,0,5,4,15,High,2026-07-25
2782,2782,1,3,6,15,Low,2026-07-25
2783,2783,2,3,2,12,Low,2026-07-25
2784,2784,0,3,8,10,Medium,2026-07-25
2785,2785,1,5,6,9,High,2026-07-25
2786,2786,2,1,8,7,Medium,2026-07-25
2787,2787,1,1,2,10,Low,2026-07-25
2788,2788,1,4,4,10,Low,2026-07-25
2789,2789,2,2,6,8,Low,2026-07-25
2790,2790,1,4,8,16,Medium,2026-07-25
2791,2791,0,2,5,8,Low,2026-07-25
2792,2792,2,5,8,14,High,2026-07-25
2793,2793,1,1,5,13,Low,2026-07-25
2794,2794,3,5,13,15,Critical,2026-07-25
2795,2795,2,2,8,9,Medium,2026-07-25
2796,2796,0,1,9,9,Medium,2026-07-25
2797,2797,0,4,2,10,Low,2026-07-25
2798,2798,1,5,7,14,High,2026-07-25
2799,2799,1,4,3,10,Low,2026-07-25
2800,2800,1,1,5,11,Low,2026-07-25
2801,2801,2,2,10,13,Medium,2026-07-25
2802,2802,3,3,14,12,Critical,2026-07-25
2803,2803,0,2,12,11,Medium,2026-07-25
2804,2804,2,3,6,14,Low,2026-07-25
2805,2805,1,1,8,11,Medium,2026-07-25
2806,2806,1,2,8,8,Medium,2026-07-25
2807,2807,1,1,4,18,Low,2026-07-25
2808,2808,0,5,10,6,High,2026-07-25
2809,2809,1,1,5,11,Low,2026-07-25
2810,2810,0,1,10,17,Medium,2026-07-25
2811,2811,1,1,3,5,Low,2026-07-25
2812,2812,0,10,13,22,High,2026-07-25
2813,2813,0,3,5,12,Low,2026-07-25
2814,2814,1,2,7,9,Low,2026-07-25
2815,2815,3,3,6,5,Critical,2026-07-25
2816,2816,4,2,13,15,Critical,2026-07-25
2817,2817,2,2,12,17,Medium,2026-07-25
2818,2818,0,6,6,8,High,2026-07-25
2819,2819,2,4,20,22,Medium,2026-07-25
2820,2820,3,8,15,20,Critical,2026-07-25
2821,2821,0,5,7,15,High,2026-07-25
2822,2822,2,1,3,5,Low,2026-07-25
2823,2823,1,2,6,15,Low,2026-07-25
2824,2824,0,6,20,12,High,2026-07-25
2825,2825,1,2,8,9,Medium,2026-07-25
2826,2826,0,3,6,17,Low,2026-07-25
2827,2827,3,5,13,11,Critical,2026-07-25
2828,2828,3,3,13,26,Critical,2026-07-25
2829,2829,1,3,3,12,Low,2026-07-25
2830,2830,1,7,18,24,High,2026-07-25
2831,2831,1,4,4,11,Low,2026-07-25
2832,2832,2,4,8,15,Medium,2026-07-25
2833,2833,0,4,17,15,Medium,2026-07-25
2834,2834,0,3,8,11,Medium,2026-07-25
2835,2835,0,3,4,6,Low,2026-07-25
2836,2836,1,7,8,11,High,2026-07-25
2837,2837,1,1,10,9,Medium,2026-07-25
2838,2838,0,4,11,15,Medium,2026-07-25
2839,2839,1,6,13,10,High,2026-07-25
2840,2840,1,2,3,10,Low,2026-07-25
2841,2841,1,3,3,11,Low,2026-07-25
2842,2842,1,3,4,15,Low,2026-07-25
2843,2843,1,4,9,11,Medium,2026-07-25
2844,2844,1,4,4,12,Low,2026-07-25
2845,2845,1,3,7,5,Low,2026-07-25
2846,2846,2,2,2,6,Low,2026-07-25
2847,2847,1,3,6,6,Low,2026-07-25
2848,2848,1,4,6,9,Low,2026-07-25
2849,2849,1,4,10,10,Medium,2026-07-25
2850,2850,2,3,3,10,Low,2026-07-25
2851,2851,1,6,12,20,High,2026-07-25
2852,2852,1,4,10,7,Medium,2026-07-25
2853,2853,0,0,3,12,Low,2026-07-25
2854,2854,0,3,6,12,Low,2026-07-25
2855,2855,0,1,10,13,Medium,2026-07-25
2856,2856,1,5,8,14,High,2026-07-25
2857,2857,1,3,7,12,Low,2026-07-25
2858,2858,0,0,3,14,Low,2026-07-25
2859,2859,0,3,4,8,Low,2026-07-25
2860,2860,1,2,4,12,Low,2026-07-25
2861,2861,3,4,12,9,Critical,2026-07-25
2862,2862,1,3,9,11,Medium,2026-07-25
2863,2863,0,0,8,11,Medium,2026-07-25
2864,2864,1,4,4,13,Low,2026-07-25
2865,2865,2,5,5,9,High,2026-07-25
2866,2866,2,8,8,22,High,2026-07-25
2867,2867,2,8,12,30,High,2026-07-25
2868,2868,3,3,8,9,Critical,2026-07-25
2869,2869,0,5,5,15,High,2026-07-25
2870,2870,1,1,4,15,Low,2026-07-25
2871,2871,2,1,9,13,Medium,2026-07-25
2872,2872,1,2,2,6,Low,2026-07-25
2873,2873,3,5,11,15,Critical,2026-07-25
2874,2874,2,2,8,4,Medium,2026-07-25
2875,2875,1,1,5,16,Low,2026-07-25
2876,2876,0,3,5,4,Low,2026-07-25
2877,2877,1,2,8,11,Medium,2026-07-25
2878,2878,0,2,4,10,Low,2026-07-25
2879,2879,3,9,13,23,Critical,2026-07-25
2880,2880,1,1,9,10,Medium,2026-07-25
2881,2881,0,2,4,5,Low,2026-07-25
2882,2882,0,3,6,11,Low,2026-07-25
2883,2883,1,2,7,7,Low,2026-07-25
2884,2884,2,4,3,11,Low,2026-07-25
2885,2885,2,4,11,7,Medium,2026-07-25
2886,2886,0,2,11,11,Medium,2026-07-25
2887,2887,2,5,7,9,High,2026-07-25
2888,2888,3,3,15,8,Critical,2026-07-25
2889,2889,0,1,7,7,Low,2026-07-25
2890,2890,3,9,13,21,Critical,2026-07-25
2891,2891,2,3,6,10,Low,2026-07-25
2892,2892,0,1,4,11,Low,2026-07-25
2893,2893,1,1,5,12,Low,2026-07-25
2894,2894,2,3,6,9,Low,2026-07-25
2895,2895,3,5,5,11,Critical,2026-07-25
2896,2896,3,2,8,8,Critical,2026-07-25
2897,2897,1,1,6,12,Low,2026-07-25
2898,2898,0,10,17,29,High,2026-07-25
2899,2899,0,3,7,13,Low,2026-07-25
2900,2900,2,1,4,11,Low,2026-07-25
2901,2901,3,1,9,10,Critical,2026-07-25
2902,2902,1,3,11,6,Medium,2026-07-25
2903,2903,0,4,8,6,Medium,2026-07-25
2904,2904,1,3,11,14,Medium,2026-07-25
2905,2905,2,1,4,10,Low,2026-07-25
2906,2906,1,2,9,15,Medium,2026-07-25
2907,2907,0,2,3,11,Low,2026-07-25
2908,2908,0,2,10,12,Medium,2026-07-25
2909,2909,2,2,3,9,Low,2026-07-25
2910,2910,1,3,9,15,Medium,2026-07-25
2911,2911,1,3,8,8,Medium,2026-07-25
2912,2912,0,2,5,10,Low,2026-07-25
2913,2913,2,4,4,7,Low,2026-07-25
2914,2914,2,1,7,10,Low,2026-07-25
2915,2915,1,10,6,27,High,2026-07-25
2916,2916,3,1,15,10,Critical,2026-07-25
2917,2917,0,3,3,9,Low,2026-07-25
2918,2918,0,2,3,16,Low,2026-07-25
2919,2919,1,2,7,10,Low,2026-07-25
2920,2920,2,4,10,15,Medium,2026-07-25
2921,2921,1,4,3,9,Low,2026-07-25
2922,2922,4,4,9,12,Critical,2026-07-25
2923,2923,0,1,8,17,Medium,2026-07-25
2924,2924,3,4,6,20,Critical,2026-07-25
2925,2925,2,4,7,5,Low,2026-07-25
2926,2926,0,3,4,11,Low,2026-07-25
2927,2927,1,2,8,8,Medium,2026-07-25
2928,2928,1,5,5,18,High,2026-07-25
2929,2929,3,3,6,26,Critical,2026-07-25
2930,2930,1,3,8,11,Medium,2026-07-25
2931,2931,0,1,10,13,Medium,2026-07-25
2932,2932,0,0,3,11,Low,2026-07-25
2933,2933,4,9,18,20,Critical,2026-07-25
2934,2934,2,5,8,11,High,2026-07-25
2935,2935,5,6,14,27,Critical,2026-07-25
2936,2936,2,4,10,7,Medium,2026-07-25
2937,2937,0,1,6,15,Low,2026-07-25
2938,2938,1,4,3,14,Low,2026-07-25
2939,2939,1,1,3,11,Low,2026-07-25
2940,2940,3,6,11,28,Critical,2026-07-25
2941,2941,1,0,2,13,Low,2026-07-25
2942,2942,1,1,9,8,Medium,2026-07-25
2943,2943,0,2,3,5,Low,2026-07-25
2944,2944,2,3,7,4,Low,2026-07-25
2945,2945,2,4,4,7,Low,2026-07-25
2946,2946,4,5,18,20,Critical,2026-07-25
2947,2947,2,3,7,15,Low,2026-07-25
2948,2948,1,3,8,13,Medium,2026-07-25
2949,2949,0,2,12,21,Medium,2026-07-25
2950,2950,0,7,11,25,High,2026-07-25
2951,2951,0,4,11,24,Medium,2026-07-25
2952,2952,0,0,3,5,Low,2026-07-25
2953,2953,1,3,8,15,Medium,2026-07-25
2954,2954,2,6,15,18,High,2026-07-25
2955,2955,1,3,2,15,Low,2026-07-25
2956,2956,2,6,12,10,High,2026-07-25
2957,2957,1,2,11,18,Medium,2026-07-25
2958,2958,0,1,11,15,Medium,2026-07-25
2959,2959,0,5,8,30,High,2026-07-25
2960,2960,1,0,5,14,Low,2026-07-25
2961,2961,0,1,7,12,Low,2026-07-25
2962,2962,0,2,7,17,Low,2026-07-25
2963,2963,2,4,5,9,Low,2026-07-25
2964,2964,2,4,8,4,Medium,2026-07-25
2965,2965,0,4,9,6,Medium,2026-07-25
2966,2966,0,3,4,9,Low,2026-07-25
2967,2967,1,3,2,6,Low,2026-07-25
2968,2968,2,1,10,12,Medium,2026-07-25
2969,2969,0,2,8,14,Medium,2026-07-25
2970,2970,1,3,6,14,Low,2026-07-25
2971,2971,0,3,6,9,Low,2026-07-25
2972,2972,1,1,2,12,Low,2026-07-25
2973,2973,1,4,9,14,Medium,2026-07-25
2974,2974,0,3,3,8,Low,2026-07-25
2975,2975,1,5,19,18,High,2026-07-25
2976,2976,2,4,4,5,Low,2026-07-25
2977,2977,0,1,10,15,Medium,2026-07-25
2978,2978,0,1,8,11,Medium,2026-07-25
2979,2979,1,4,2,13,Low,2026-07-25
2980,2980,2,2,5,15,Low,2026-07-25
2981,2981,2,4,18,21,Medium,2026-07-25
2982,2982,2,4,7,20,Low,2026-07-25
2983,2983,2,6,14,8,High,2026-07-25
2984,2984,1,1,12,15,Medium,2026-07-25
2985,2985,3,5,10,14,Critical,2026-07-25
2986,2986,1,5,6,7,High,2026-07-25
2987,2987,2,3,7,15,Low,2026-07-25
2988,2988,5,6,13,30,Critical,2026-07-25
2989,2989,2,3,2,8,Low,2026-07-25
2990,2990,1,1,10,10,Medium,2026-07-25
2991,2991,1,4,6,4,Low,2026-07-25
2992,2992,0,2,13,20,Medium,2026-07-25
2993,2993,2,4,2,5,Low,2026-07-25
2994,2994,1,3,8,18,Medium,2026-07-25
2995,2995,1,3,4,12,Low,2026-07-25
2996,2996,1,3,5,5,Low,2026-07-25
2997,2997,1,1,8,7,Medium,2026-07-25
2998,2998,2,1,3,8,Low,2026-07-25
2999,2999,3,3,15,15,Critical,2026-07-25
3000,3000,2,3,7,13,Low,2026-07-25
3001,3001,0,1,6,6,Low,2026-07-25
3002,3002,4,2,13,15,Critical,2026-07-25
3003,3003,2,3,9,8,Medium,2026-07-25
3004,3004,2,2,2,12,Low,2026-07-25
3005,3005,2,1,3,7,Low,2026-07-25
3006,3006,0,0,8,12,Medium,2026-07-25
3007,3007,2,1,7,14,Low,2026-07-25
3008,3008,1,0,8,6,Medium,2026-07-25
3009,3009,2,1,4,14,Low,2026-07-25
3010,3010,0,3,14,14,Medium,2026-07-25
3011,3011,1,6,11,25,High,2026-07-25
3012,3012,1,3,10,10,Medium,2026-07-25
3013,3013,2,1,3,10,Low,2026-07-25
3014,3014,0,2,2,8,Low,2026-07-25
3015,3015,0,1,6,6,Low,2026-07-25
3016,3016,2,3,3,6,Low,2026-07-25
3017,3017,0,5,10,14,High,2026-07-25
3018,3018,0,5,4,8,High,2026-07-25
3019,3019,0,1,5,10,Low,2026-07-25
3020,3020,0,4,10,13,Medium,2026-07-25
3021,3021,1,4,10,12,Medium,2026-07-25
3022,3022,1,1,13,17,Medium,2026-07-25
3023,3023,2,5,9,19,High,2026-07-25
3024,3024,5,6,9,17,Critical,2026-07-25
3025,3025,0,9,5,29,High,2026-07-25
3026,3026,0,3,16,12,Medium,2026-07-25
3027,3027,1,3,5,6,Low,2026-07-25
3028,3028,0,7,13,15,High,2026-07-25
3029,3029,2,1,9,9,Medium,2026-07-25
3030,3030,0,2,4,12,Low,2026-07-25
3031,3031,3,4,5,19,Critical,2026-07-25
3032,3032,2,4,3,4,Low,2026-07-25
3033,3033,5,10,15,13,Critical,2026-07-25
3034,3034,0,3,6,7,Low,2026-07-25
3035,3035,2,6,10,15,High,2026-07-25
3036,3036,0,4,2,11,Low,2026-07-25
3037,3037,0,3,7,7,Low,2026-07-25
3038,3038,1,4,3,8,Low,2026-07-25
3039,3039,2,1,10,14,Medium,2026-07-25
3040,3040,1,4,6,13,Low,2026-07-25
3041,3041,1,4,7,8,Low,2026-07-25
3042,3042,2,1,5,11,Low,2026-07-25
3043,3043,1,3,11,6,Medium,2026-07-25
3044,3044,1,1,4,11,Low,2026-07-25
3045,3045,0,5,5,11,High,2026-07-25
3046,3046,2,4,9,12,Medium,2026-07-25
3047,3047,0,5,9,12,High,2026-07-25
3048,3048,1,7,14,29,High,2026-07-25
3049,3049,0,4,7,15,Low,2026-07-25
3050,3050,1,3,10,6,Medium,2026-07-25
3051,3051,0,1,7,13,Low,2026-07-25
3052,3052,0,2,2,9,Low,2026-07-25
3053,3053,0,3,11,16,Medium,2026-07-25
3054,3054,3,5,14,27,Critical,2026-07-25
3055,3055,1,0,5,12,Low,2026-07-25
3056,3056,1,1,6,7,Low,2026-07-25
3057,3057,2,3,4,11,Low,2026-07-25
3058,3058,1,0,5,8,Low,2026-07-25
3059,3059,2,3,13,19,Medium,2026-07-25
3060,3060,2,5,15,8,High,2026-07-25
3061,3061,2,3,10,12,Medium,2026-07-25
3062,3062,1,3,2,13,Low,2026-07-25
3063,3063,2,1,4,11,Low,2026-07-25
3064,3064,0,5,4,10,High,2026-07-25
3065,3065,1,6,14,13,High,2026-07-25
3066,3066,0,2,8,6,Medium,2026-07-25
3067,3067,5,5,14,12,Critical,2026-07-25
3068,3068,1,3,11,17,Medium,2026-07-25
3069,3069,0,10,13,14,High,2026-07-25
3070,3070,1,3,4,7,Low,2026-07-25
3071,3071,1,1,4,12,Low,2026-07-25
3072,3072,2,1,13,8,Medium,2026-07-25
3073,3073,0,1,4,7,Low,2026-07-25
3074,3074,2,3,14,14,Medium,2026-07-25
3075,3075,2,4,6,7,Low,2026-07-25
3076,3076,0,2,13,20,Medium,2026-07-25
3077,3077,3,3,11,25,Critical,2026-07-25
3078,3078,4,3,13,23,Critical,2026-07-25
3079,3079,2,2,7,13,Low,2026-07-25
3080,3080,0,4,4,11,Low,2026-07-25
3081,3081,1,1,9,9,Medium,2026-07-25
3082,3082,2,4,8,14,Medium,2026-07-25
3083,3083,3,4,13,7,Critical,2026-07-25
3084,3084,2,2,9,14,Medium,2026-07-25
3085,3085,5,8,8,14,Critical,2026-07-25
3086,3086,3,4,6,17,Critical,2026-07-25
3087,3087,1,1,3,11,Low,2026-07-25
3088,3088,0,0,4,9,Low,2026-07-25
3089,3089,2,3,11,18,Medium,2026-07-25
3090,3090,0,0,7,15,Low,2026-07-25
3091,3091,0,5,4,7,High,2026-07-25
3092,3092,0,1,9,8,Medium,2026-07-25
3093,3093,0,1,7,12,Low,2026-07-25
3094,3094,1,3,7,12,Low,2026-07-25
3095,3095,0,1,6,14,Low,2026-07-25
3096,3096,2,1,10,18,Medium,2026-07-25
3097,3097,3,4,18,13,Critical,2026-07-25
3098,3098,3,2,9,6,Critical,2026-07-25
3099,3099,2,2,2,7,Low,2026-07-25
3100,3100,3,2,6,5,Critical,2026-07-25
3101,3101,0,2,3,8,Low,2026-07-25
3102,3102,1,5,4,17,High,2026-07-25
3103,3103,3,5,5,18,Critical,2026-07-25
3104,3104,0,9,8,17,High,2026-07-25
3105,3105,0,1,9,6,Medium,2026-07-25
3106,3106,1,3,8,6,Medium,2026-07-25
3107,3107,1,1,6,5,Low,2026-07-25
3108,3108,1,3,10,15,Medium,2026-07-25
3109,3109,1,2,12,28,Medium,2026-07-25
3110,3110,0,1,6,18,Low,2026-07-25
3111,3111,2,2,10,11,Medium,2026-07-25
3112,3112,2,5,10,11,High,2026-07-25
3113,3113,2,2,7,12,Low,2026-07-25
3114,3114,2,1,2,12,Low,2026-07-25
3115,3115,2,3,7,13,Low,2026-07-25
3116,3116,2,2,4,13,Low,2026-07-25
3117,3117,0,1,8,7,Medium,2026-07-25
3118,3118,0,3,4,6,Low,2026-07-25
3119,3119,2,4,3,9,Low,2026-07-25
3120,3120,0,3,12,16,Medium,2026-07-25
3121,3121,1,3,2,14,Low,2026-07-25
3122,3122,3,10,7,14,Critical,2026-07-25
3123,3123,0,4,6,9,Low,2026-07-25
3124,3124,1,1,10,9,Medium,2026-07-25
3125,3125,2,2,5,15,Low,2026-07-25
3126,3126,3,10,6,25,Critical,2026-07-25
3127,3127,1,2,9,12,Medium,2026-07-25
3128,3128,1,3,10,13,Medium,2026-07-25
3129,3129,0,0,4,13,Low,2026-07-25
3130,3130,2,5,16,28,High,2026-07-25
3131,3131,0,5,3,17,High,2026-07-25
3132,3132,1,1,4,13,Low,2026-07-25
3133,3133,0,3,6,6,Low,2026-07-25
3134,3134,1,3,18,22,Medium,2026-07-25
3135,3135,4,4,6,29,Critical,2026-07-25
3136,3136,3,4,15,18,Critical,2026-07-25
3137,3137,0,1,2,5,Low,2026-07-25
3138,3138,2,4,2,4,Low,2026-07-25
3139,3139,3,2,13,15,Critical,2026-07-25
3140,3140,0,1,13,9,Medium,2026-07-25
3141,3141,2,4,2,6,Low,2026-07-25
3142,3142,4,6,11,29,Critical,2026-07-25
3143,3143,4,7,10,25,Critical,2026-07-25
3144,3144,1,0,8,10,Medium,2026-07-25
3145,3145,0,3,7,10,Low,2026-07-25
3146,3146,2,3,11,11,Medium,2026-07-25
3147,3147,0,5,5,18,High,2026-07-25
3148,3148,1,3,6,6,Low,2026-07-25
3149,3149,0,1,7,15,Low,2026-07-25
3150,3150,2,3,8,9,Medium,2026-07-25
3151,3151,1,4,11,16,Medium,2026-07-25
3152,3152,0,2,12,14,Medium,2026-07-25
3153,3153,2,3,15,17,Medium,2026-07-25
3154,3154,1,3,11,12,Medium,2026-07-25
3155,3155,1,3,6,8,Low,2026-07-25
3156,3156,3,2,10,26,Critical,2026-07-25
3157,3157,1,2,8,6,Medium,2026-07-25
3158,3158,1,2,6,12,Low,2026-07-25
3159,3159,0,4,15,19,Medium,2026-07-25
3160,3160,1,8,19,25,High,2026-07-25
3161,3161,0,6,12,22,High,2026-07-25
3162,3162,2,6,13,18,High,2026-07-25
3163,3163,2,2,9,15,Medium,2026-07-25
3164,3164,0,4,9,5,Medium,2026-07-25
3165,3165,2,4,16,14,Medium,2026-07-25
3166,3166,2,1,10,9,Medium,2026-07-25
3167,3167,1,5,10,16,High,2026-07-25
3168,3168,3,1,5,18,Critical,2026-07-25
3169,3169,3,10,9,15,Critical,2026-07-25
3170,3170,2,1,5,17,Low,2026-07-25
3171,3171,0,2,6,10,Low,2026-07-25
3172,3172,0,5,4,11,High,2026-07-25
3173,3173,0,4,3,15,Low,2026-07-25
3174,3174,3,5,4,5,Critical,2026-07-25
3175,3175,0,1,4,14,Low,2026-07-25
3176,3176,1,3,7,15,Low,2026-07-25
3177,3177,1,3,7,14,Low,2026-07-25
3178,3178,0,1,3,5,Low,2026-07-25
3179,3179,1,3,9,7,Medium,2026-07-25
3180,3180,1,7,16,28,High,2026-07-25
3181,3181,2,2,10,13,Medium,2026-07-25
3182,3182,1,5,7,11,High,2026-07-25
3183,3183,2,4,7,15,Low,2026-07-25
3184,3184,1,2,6,7,Low,2026-07-25
3185,3185,1,1,11,5,Medium,2026-07-25
3186,3186,0,2,10,12,Medium,2026-07-25
3187,3187,1,4,10,8,Medium,2026-07-25
3188,3188,2,2,6,8,Low,2026-07-25
3189,3189,1,3,11,8,Medium,2026-07-25
3190,3190,4,9,17,14,Critical,2026-07-25
3191,3191,1,3,3,9,Low,2026-07-25
3192,3192,3,1,15,6,Critical,2026-07-25
3193,3193,0,2,5,13,Low,2026-07-25
3194,3194,2,3,8,11,Medium,2026-07-25
3195,3195,2,1,4,6,Low,2026-07-25
3196,3196,5,4,13,20,Critical,2026-07-25
3197,3197,0,1,8,9,Medium,2026-07-25
3198,3198,2,2,6,14,Low,2026-07-25
3199,3199,2,3,3,11,Low,2026-07-25
3200,3200,5,9,18,27,Critical,2026-07-25
3201,3201,2,2,3,14,Low,2026-07-25
3202,3202,1,2,9,6,Medium,2026-07-25
3203,3203,0,4,7,10,Low,2026-07-25
3204,3204,1,4,3,5,Low,2026-07-25
3205,3205,1,1,7,5,Low,2026-07-25
3206,3206,1,1,9,14,Medium,2026-07-25
3207,3207,1,1,4,20,Low,2026-07-25
3208,3208,2,4,4,10,Low,2026-07-25
3209,3209,2,4,3,5,Low,2026-07-25
3210,3210,1,1,2,9,Low,2026-07-25
3211,3211,0,2,7,7,Low,2026-07-25
3212,3212,4,3,10,26,Critical,2026-07-25
3213,3213,2,1,3,5,Low,2026-07-25
3214,3214,2,1,8,5,Medium,2026-07-25
3215,3215,1,5,3,12,High,2026-07-25
3216,3216,0,2,7,8,Low,2026-07-25
3217,3217,2,5,4,10,High,2026-07-25
3218,3218,1,4,6,11,Low,2026-07-25
3219,3219,0,4,3,6,Low,2026-07-25
3220,3220,2,1,4,12,Low,2026-07-25
3221,3221,2,5,4,11,High,2026-07-25
3222,3222,1,5,10,9,High,2026-07-25
3223,3223,1,0,2,13,Low,2026-07-25
3224,3224,2,4,5,10,Low,2026-07-25
3225,3225,1,4,5,14,Low,2026-07-25
3226,3226,1,7,19,22,High,2026-07-25
3227,3227,4,8,6,16,Critical,2026-07-25
3228,3228,2,3,4,9,Low,2026-07-25
3229,3229,1,3,4,5,Low,2026-07-25
3230,3230,1,2,5,5,Low,2026-07-25
3231,3231,1,1,10,14,Medium,2026-07-25
3232,3232,1,4,14,15,Medium,2026-07-25
3233,3233,2,1,6,9,Low,2026-07-25
3234,3234,1,3,10,7,Medium,2026-07-25
3235,3235,1,3,11,8,Medium,2026-07-25
3236,3236,2,2,7,11,Low,2026-07-25
3237,3237,1,5,3,9,High,2026-07-25
3238,3238,1,5,3,10,High,2026-07-25
3239,3239,2,4,8,11,Medium,2026-07-25
3240,3240,0,1,10,6,Medium,2026-07-25
3241,3241,1,2,5,6,Low,2026-07-25
3242,3242,2,1,3,6,Low,2026-07-25
3243,3243,0,1,7,11,Low,2026-07-25
3244,3244,1,3,4,15,Low,2026-07-25
3245,3245,0,3,4,13,Low,2026-07-25
3246,3246,0,4,12,7,Medium,2026-07-25
3247,3247,0,6,6,13,High,2026-07-25
3248,3248,2,3,8,6,Medium,2026-07-25
3249,3249,0,2,8,9,Medium,2026-07-25
3250,3250,1,2,7,10,Low,2026-07-25
3251,3251,0,4,5,6,Low,2026-07-25
3252,3252,2,4,7,6,Low,2026-07-25
3253,3253,2,2,10,11,Medium,2026-07-25
3254,3254,1,4,14,13,Medium,2026-07-25
3255,3255,2,5,3,8,High,2026-07-25
3256,3256,2,3,4,6,Low,2026-07-25
3257,3257,1,4,10,9,Medium,2026-07-25
3258,3258,2,2,3,11,Low,2026-07-25
3259,3259,3,4,19,24,Critical,2026-07-25
3260,3260,2,3,8,8,Medium,2026-07-25
3261,3261,1,3,12,7,Medium,2026-07-25
3262,3262,1,6,5,14,High,2026-07-25
3263,3263,1,3,6,6,Low,2026-07-25
3264,3264,1,10,6,17,High,2026-07-25
3265,3265,2,1,7,15,Low,2026-07-25
3266,3266,0,3,7,8,Low,2026-07-25
3267,3267,0,6,11,5,High,2026-07-25
3268,3268,0,1,3,14,Low,2026-07-25
3269,3269,2,3,5,13,Low,2026-07-25
3270,3270,1,4,6,17,Low,2026-07-25
3271,3271,0,2,3,11,Low,2026-07-25
3272,3272,0,7,6,23,High,2026-07-25
3273,3273,5,3,11,21,Critical,2026-07-25
3274,3274,0,1,10,14,Medium,2026-07-25
3275,3275,0,2,8,17,Medium,2026-07-25
3276,3276,5,5,19,24,Critical,2026-07-25
3277,3277,1,1,7,6,Low,2026-07-25
3278,3278,0,1,8,15,Medium,2026-07-25
3279,3279,0,9,18,17,High,2026-07-25
3280,3280,3,1,9,14,Critical,2026-07-25
3281,3281,1,4,5,10,Low,2026-07-25
3282,3282,2,4,11,8,Medium,2026-07-25
3283,3283,0,1,14,12,Medium,2026-07-25
3284,3284,3,6,9,16,Critical,2026-07-25
3285,3285,2,1,5,11,Low,2026-07-25
3286,3286,1,3,2,9,Low,2026-07-25
3287,3287,1,5,13,8,High,2026-07-25
3288,3288,2,4,10,9,Medium,2026-07-25
3289,3289,0,1,4,9,Low,2026-07-25
3290,3290,0,3,8,9,Medium,2026-07-25
3291,3291,0,5,10,13,High,2026-07-25
3292,3292,2,3,12,10,Medium,2026-07-25
3293,3293,1,2,6,18,Low,2026-07-25
3294,3294,1,2,7,11,Low,2026-07-25
3295,3295,2,2,7,6,Low,2026-07-25
3296,3296,1,3,8,8,Medium,2026-07-25
3297,3297,2,2,7,15,Low,2026-07-25
3298,3298,2,3,7,9,Low,2026-07-25
3299,3299,1,1,7,6,Low,2026-07-25
3300,3300,1,1,3,10,Low,2026-07-25
3301,3301,2,1,10,15,Medium,2026-07-25
3302,3302,2,4,6,13,Low,2026-07-25
3303,3303,0,4,12,23,Medium,2026-07-25
3304,3304,1,4,20,25,Medium,2026-07-25
3305,3305,0,2,5,10,Low,2026-07-25
3306,3306,0,4,6,4,Low,2026-07-25
3307,3307,2,4,8,9,Medium,2026-07-25
3308,3308,0,1,8,11,Medium,2026-07-25
3309,3309,1,3,2,7,Low,2026-07-25
3310,3310,0,1,4,20,Low,2026-07-25
3311,3311,1,4,7,15,Low,2026-07-25
3312,3312,2,2,9,10,Medium,2026-07-25
3313,3313,0,2,9,6,Medium,2026-07-25
3314,3314,0,2,6,15,Low,2026-07-25
3315,3315,0,7,6,24,High,2026-07-25
3316,3316,2,3,2,7,Low,2026-07-25
3317,3317,3,4,5,16,Critical,2026-07-25
3318,3318,1,2,4,12,Low,2026-07-25
3319,3319,3,3,13,20,Critical,2026-07-25
3320,3320,0,2,8,18,Medium,2026-07-25
3321,3321,0,3,5,12,Low,2026-07-25
3322,3322,0,6,12,15,High,2026-07-25
3323,3323,2,3,3,5,Low,2026-07-25
3324,3324,1,2,7,8,Low,2026-07-25
3325,3325,2,4,6,8,Low,2026-07-25
3326,3326,0,3,10,14,Medium,2026-07-25
3327,3327,1,1,9,12,Medium,2026-07-25
3328,3328,1,2,6,4,Low,2026-07-25
3329,3329,2,2,11,8,Medium,2026-07-25
3330,3330,1,3,8,8,Medium,2026-07-25
3331,3331,5,4,11,30,Critical,2026-07-25
3332,3332,1,1,6,12,Low,2026-07-25
3333,3333,3,10,7,17,Critical,2026-07-25
3334,3334,0,3,3,5,Low,2026-07-25
3335,3335,0,0,8,10,Medium,2026-07-25
3336,3336,0,2,5,12,Low,2026-07-25
3337,3337,0,3,2,14,Low,2026-07-25
3338,3338,0,3,8,6,Medium,2026-07-25
3339,3339,0,4,10,9,Medium,2026-07-25
3340,3340,1,1,8,5,Medium,2026-07-25
3341,3341,2,9,12,23,High,2026-07-25
3342,3342,1,2,9,14,Medium,2026-07-25
3343,3343,2,4,14,14,Medium,2026-07-25
3344,3344,0,2,10,12,Medium,2026-07-25
3345,3345,0,0,7,7,Low,2026-07-25
3346,3346,1,4,12,15,Medium,2026-07-25
3347,3347,2,2,2,8,Low,2026-07-25
3348,3348,1,1,6,16,Low,2026-07-25
3349,3349,1,3,5,9,Low,2026-07-25
3350,3350,1,3,7,10,Low,2026-07-25
3351,3351,0,5,4,10,High,2026-07-25
3352,3352,0,4,14,19,Medium,2026-07-25
3353,3353,1,1,7,6,Low,2026-07-25
3354,3354,2,3,9,13,Medium,2026-07-25
3355,3355,2,3,10,10,Medium,2026-07-25
3356,3356,0,3,7,15,Low,2026-07-25
3357,3357,1,3,2,14,Low,2026-07-25
3358,3358,1,3,11,17,Medium,2026-07-25
3359,3359,2,9,7,15,High,2026-07-25
3360,3360,2,4,4,5,Low,2026-07-25
3361,3361,2,2,3,8,Low,2026-07-25
3362,3362,0,1,4,9,Low,2026-07-25
3363,3363,0,2,2,15,Low,2026-07-25
3364,3364,1,0,8,6,Medium,2026-07-25
3365,3365,2,5,7,11,High,2026-07-25
3366,3366,2,3,3,9,Low,2026-07-25
3367,3367,0,4,4,10,Low,2026-07-25
3368,3368,3,1,13,15,Critical,2026-07-25
3369,3369,0,3,6,18,Low,2026-07-25
3370,3370,2,5,3,12,High,2026-07-25
3371,3371,0,4,4,8,Low,2026-07-25
3372,3372,2,3,6,16,Low,2026-07-25
3373,3373,1,0,5,11,Low,2026-07-25
3374,3374,1,4,6,11,Low,2026-07-25
3375,3375,1,2,9,11,Medium,2026-07-25
3376,3376,1,4,3,13,Low,2026-07-25
3377,3377,0,1,10,10,Medium,2026-07-25
3378,3378,3,4,6,9,Critical,2026-07-25
3379,3379,3,6,8,27,Critical,2026-07-25
3380,3380,0,2,12,13,Medium,2026-07-25
3381,3381,2,3,7,15,Low,2026-07-25
3382,3382,2,1,5,7,Low,2026-07-25
3383,3383,2,3,6,4,Low,2026-07-25
3384,3384,4,7,9,29,Critical,2026-07-25
3385,3385,1,3,6,18,Low,2026-07-25
3386,3386,0,1,7,6,Low,2026-07-25
3387,3387,0,3,5,16,Low,2026-07-25
3388,3388,0,3,9,9,Medium,2026-07-25
3389,3389,3,5,5,17,Critical,2026-07-25
3390,3390,0,3,7,9,Low,2026-07-25
3391,3391,2,4,3,14,Low,2026-07-25
3392,3392,2,1,2,10,Low,2026-07-25
3393,3393,1,4,12,19,Medium,2026-07-25
3394,3394,2,1,7,10,Low,2026-07-25
3395,3395,1,3,4,6,Low,2026-07-25
3396,3396,0,3,8,10,Medium,2026-07-25
3397,3397,3,6,7,7,Critical,2026-07-25
3398,3398,5,2,9,22,Critical,2026-07-25
3399,3399,3,5,13,20,Critical,2026-07-25
3400,3400,3,2,6,5,Critical,2026-07-25
3401,3401,0,1,3,11,Low,2026-07-25
3402,3402,1,1,4,15,Low,2026-07-25
3403,3403,0,0,3,11,Low,2026-07-25
3404,3404,0,4,4,8,Low,2026-07-25
3405,3405,2,5,10,27,High,2026-07-25
3406,3406,0,3,4,16,Low,2026-07-25
3407,3407,2,4,10,6,Medium,2026-07-25
3408,3408,2,3,6,13,Low,2026-07-25
3409,3409,3,9,16,29,Critical,2026-07-25
3410,3410,0,0,5,14,Low,2026-07-25
3411,3411,2,8,5,11,High,2026-07-25
3412,3412,2,3,10,12,Medium,2026-07-25
3413,3413,2,1,6,9,Low,2026-07-25
3414,3414,4,8,12,27,Critical,2026-07-25
3415,3415,2,4,10,9,Medium,2026-07-25
3416,3416,1,3,2,5,Low,2026-07-25
3417,3417,0,2,7,11,Low,2026-07-25
3418,3418,2,2,10,9,Medium,2026-07-25
3419,3419,2,1,7,11,Low,2026-07-25
3420,3420,2,2,7,14,Low,2026-07-25
3421,3421,2,2,19,26,Medium,2026-07-25
3422,3422,2,4,3,5,Low,2026-07-25
3423,3423,0,0,4,15,Low,2026-07-25
3424,3424,0,3,2,14,Low,2026-07-25
3425,3425,1,4,4,11,Low,2026-07-25
3426,3426,1,2,3,7,Low,2026-07-25
3427,3427,1,0,4,13,Low,2026-07-25
3428,3428,2,1,5,17,Low,2026-07-25
3429,3429,2,4,4,11,Low,2026-07-25
3430,3430,2,2,8,12,Medium,2026-07-25
3431,3431,3,4,5,7,Critical,2026-07-25
3432,3432,0,4,7,13,Low,2026-07-25
3433,3433,2,2,6,9,Low,2026-07-25
3434,3434,0,2,2,7,Low,2026-07-25
3435,3435,1,1,4,13,Low,2026-07-25
3436,3436,1,3,8,14,Medium,2026-07-25
3437,3437,2,6,12,14,High,2026-07-25
3438,3438,0,3,12,14,Medium,2026-07-25
3439,3439,2,4,2,14,Low,2026-07-25
3440,3440,0,6,9,12,High,2026-07-25
3441,3441,0,3,11,13,Medium,2026-07-25
3442,3442,1,4,12,18,Medium,2026-07-25
3443,3443,1,4,12,8,Medium,2026-07-25
3444,3444,1,4,6,13,Low,2026-07-25
3445,3445,0,1,7,16,Low,2026-07-25
3446,3446,2,2,4,7,Low,2026-07-25
3447,3447,2,3,10,13,Medium,2026-07-25
3448,3448,0,1,3,15,Low,2026-07-25
3449,3449,3,3,15,15,Critical,2026-07-25
3450,3450,0,4,9,12,Medium,2026-07-25
3451,3451,0,3,10,19,Medium,2026-07-25
3452,3452,1,4,2,8,Low,2026-07-25
3453,3453,0,1,7,6,Low,2026-07-25
3454,3454,0,1,6,18,Low,2026-07-25
3455,3455,2,2,9,14,Medium,2026-07-25
3456,3456,2,3,7,5,Low,2026-07-25
3457,3457,2,3,6,10,Low,2026-07-25
3458,3458,3,6,10,20,Critical,2026-07-25
3459,3459,0,1,7,12,Low,2026-07-25
3460,3460,1,2,17,17,Medium,2026-07-25
3461,3461,1,3,12,6,Medium,2026-07-25
3462,3462,0,1,8,11,Medium,2026-07-25
3463,3463,0,3,10,8,Medium,2026-07-25
3464,3464,2,2,4,10,Low,2026-07-25
3465,3465,2,4,4,6,Low,2026-07-25
3466,3466,2,3,7,10,Low,2026-07-25
3467,3467,4,4,5,27,Critical,2026-07-25
3468,3468,2,4,8,11,Medium,2026-07-25
3469,3469,1,3,2,9,Low,2026-07-25
3470,3470,1,4,4,7,Low,2026-07-25
3471,3471,1,3,4,17,Low,2026-07-25
3472,3472,0,1,2,8,Low,2026-07-25
3473,3473,0,0,2,13,Low,2026-07-25
3474,3474,1,3,8,14,Medium,2026-07-25
3475,3475,2,5,11,18,High,2026-07-25
3476,3476,1,3,4,10,Low,2026-07-25
3477,3477,1,3,2,13,Low,2026-07-25
3478,3478,0,1,4,11,Low,2026-07-25
3479,3479,3,6,6,29,Critical,2026-07-25
3480,3480,1,2,5,11,Low,2026-07-25
3481,3481,0,3,7,15,Low,2026-07-25
3482,3482,1,4,9,13,Medium,2026-07-25
3483,3483,2,3,8,5,Medium,2026-07-25
3484,3484,2,5,10,13,High,2026-07-25
3485,3485,1,3,4,6,Low,2026-07-25
3486,3486,4,6,5,23,Critical,2026-07-25
3487,3487,1,1,12,8,Medium,2026-07-25
3488,3488,0,3,3,11,Low,2026-07-25
3489,3489,1,3,3,14,Low,2026-07-25
3490,3490,2,5,10,5,High,2026-07-25
3491,3491,0,4,3,15,Low,2026-07-25
3492,3492,4,5,5,10,Critical,2026-07-25
3493,3493,0,3,2,9,Low,2026-07-25
3494,3494,0,1,12,9,Medium,2026-07-25
3495,3495,2,4,2,12,Low,2026-07-25
3496,3496,0,1,8,9,Medium,2026-07-25
3497,3497,1,3,5,4,Low,2026-07-25
3498,3498,1,3,2,6,Low,2026-07-25
3499,3499,1,1,3,7,Low,2026-07-25
3500,3500,0,5,13,5,High,2026-07-25
3501,3501,2,1,10,14,Medium,2026-07-25
3502,3502,1,4,8,15,Medium,2026-07-25
3503,3503,0,3,4,10,Low,2026-07-25
3504,3504,3,1,8,16,Critical,2026-07-25
3505,3505,1,1,5,4,Low,2026-07-25
3506,3506,0,5,17,26,High,2026-07-25
3507,3507,0,2,12,14,Medium,2026-07-25
3508,3508,0,4,12,22,Medium,2026-07-25
3509,3509,0,4,7,9,Low,2026-07-25
3510,3510,1,4,8,12,Medium,2026-07-25
3511,3511,1,3,3,9,Low,2026-07-25
3512,3512,0,7,19,10,High,2026-07-25
3513,3513,0,8,18,23,High,2026-07-25
3514,3514,1,6,7,27,High,2026-07-25
3515,3515,0,2,6,14,Low,2026-07-25
3516,3516,1,1,8,11,Medium,2026-07-25
3517,3517,1,3,4,18,Low,2026-07-25
3518,3518,0,10,10,28,High,2026-07-25
3519,3519,1,3,3,11,Low,2026-07-25
3520,3520,2,4,4,8,Low,2026-07-25
3521,3521,2,3,7,8,Low,2026-07-25
3522,3522,0,2,3,8,Low,2026-07-25
3523,3523,0,1,7,8,Low,2026-07-25
3524,3524,2,5,6,7,High,2026-07-25
3525,3525,2,2,5,10,Low,2026-07-25
3526,3526,2,4,6,8,Low,2026-07-25
3527,3527,3,6,5,5,Critical,2026-07-25
3528,3528,0,3,3,11,Low,2026-07-25
3529,3529,0,1,3,5,Low,2026-07-25
3530,3530,2,4,7,4,Low,2026-07-25
3531,3531,0,2,7,9,Low,2026-07-25
3532,3532,1,1,11,12,Medium,2026-07-25
3533,3533,2,2,6,25,Low,2026-07-25
3534,3534,0,10,15,15,High,2026-07-25
3535,3535,2,1,6,11,Low,2026-07-25
3536,3536,5,8,18,30,Critical,2026-07-25
3537,3537,0,1,10,15,Medium,2026-07-25
3538,3538,1,2,5,6,Low,2026-07-25
3539,3539,1,1,8,9,Medium,2026-07-25
3540,3540,0,3,2,14,Low,2026-07-25
3541,3541,0,5,4,18,High,2026-07-25
3542,3542,2,4,6,7,Low,2026-07-25
3543,3543,1,1,8,17,Medium,2026-07-25
3544,3544,4,7,7,14,Critical,2026-07-25
3545,3545,2,3,8,5,Medium,2026-07-25
3546,3546,1,1,6,11,Low,2026-07-25
3547,3547,3,2,12,7,Critical,2026-07-25
3548,3548,2,5,10,13,High,2026-07-25
3549,3549,4,10,6,15,Critical,2026-07-25
3550,3550,2,4,8,7,Medium,2026-07-25
3551,3551,1,1,6,14,Low,2026-07-25
3552,3552,1,5,15,12,High,2026-07-25
3553,3553,1,4,8,12,Medium,2026-07-25
3554,3554,3,1,11,13,Critical,2026-07-25
3555,3555,2,3,8,12,Medium,2026-07-25
3556,3556,0,2,7,10,Low,2026-07-25
3557,3557,0,3,5,13,Low,2026-07-25
3558,3558,0,3,8,8,Medium,2026-07-25
3559,3559,1,4,6,6,Low,2026-07-25
3560,3560,1,0,3,13,Low,2026-07-25
3561,3561,1,1,8,7,Medium,2026-07-25
3562,3562,0,2,2,5,Low,2026-07-25
3563,3563,2,4,11,8,Medium,2026-07-25
3564,3564,2,3,5,23,Low,2026-07-25
3565,3565,0,4,4,6,Low,2026-07-25
3566,3566,3,6,8,8,Critical,2026-07-25
3567,3567,1,4,9,6,Medium,2026-07-25
3568,3568,1,1,6,15,Low,2026-07-25
3569,3569,2,8,5,29,High,2026-07-25
3570,3570,1,1,4,16,Low,2026-07-25
3571,3571,2,3,3,16,Low,2026-07-25
3572,3572,2,2,9,13,Medium,2026-07-25
3573,3573,3,7,6,11,Critical,2026-07-25
3574,3574,2,1,6,12,Low,2026-07-25
3575,3575,0,1,8,9,Medium,2026-07-25
3576,3576,0,2,5,10,Low,2026-07-25
3577,3577,2,4,3,5,Low,2026-07-25
3578,3578,2,4,8,5,Medium,2026-07-25
3579,3579,0,3,2,6,Low,2026-07-25
3580,3580,2,5,16,29,High,2026-07-25
3581,3581,1,1,6,14,Low,2026-07-25
3582,3582,1,3,6,7,Low,2026-07-25
3583,3583,0,4,2,14,Low,2026-07-25
3584,3584,5,6,15,17,Critical,2026-07-25
3585,3585,2,4,8,9,Medium,2026-07-25
3586,3586,2,1,5,11,Low,2026-07-25
3587,3587,5,5,12,19,Critical,2026-07-25
3588,3588,1,4,4,12,Low,2026-07-25
3589,3589,0,3,3,6,Low,2026-07-25
3590,3590,5,8,16,11,Critical,2026-07-25
3591,3591,0,5,7,5,High,2026-07-25
3592,3592,2,1,9,5,Medium,2026-07-25
3593,3593,4,4,11,27,Critical,2026-07-25
3594,3594,1,0,2,5,Low,2026-07-25
3595,3595,0,2,12,14,Medium,2026-07-25
3596,3596,0,1,7,12,Low,2026-07-25
3597,3597,1,1,5,9,Low,2026-07-25
3598,3598,0,3,6,7,Low,2026-07-25
3599,3599,3,2,14,7,Critical,2026-07-25
3600,3600,1,4,8,10,Medium,2026-07-25
3601,3601,5,3,10,28,Critical,2026-07-25
3602,3602,2,4,4,4,Low,2026-07-25
3603,3603,0,4,9,20,Medium,2026-07-25
3604,3604,2,2,10,17,Medium,2026-07-25
3605,3605,0,1,5,5,Low,2026-07-25
3606,3606,4,5,8,28,Critical,2026-07-25
3607,3607,1,0,3,6,Low,2026-07-25
3608,3608,1,2,10,19,Medium,2026-07-25
3609,3609,0,2,3,5,Low,2026-07-25
3610,3610,1,1,8,7,Medium,2026-07-25
3611,3611,1,3,12,10,Medium,2026-07-25
3612,3612,0,4,9,14,Medium,2026-07-25
3613,3613,1,2,3,12,Low,2026-07-25
3614,3614,2,5,5,8,High,2026-07-25
3615,3615,0,6,13,22,High,2026-07-25
3616,3616,5,10,20,20,Critical,2026-07-25
3617,3617,1,2,10,11,Medium,2026-07-25
3618,3618,1,2,10,12,Medium,2026-07-25
3619,3619,2,4,8,11,Medium,2026-07-25
3620,3620,2,1,2,10,Low,2026-07-25
3621,3621,2,1,6,18,Low,2026-07-25
3622,3622,1,1,8,7,Medium,2026-07-25
3623,3623,1,3,2,9,Low,2026-07-25
3624,3624,1,3,2,15,Low,2026-07-25
3625,3625,3,9,7,21,Critical,2026-07-25
3626,3626,0,2,9,10,Medium,2026-07-25
3627,3627,0,2,5,16,Low,2026-07-25
3628,3628,0,4,6,8,Low,2026-07-25
3629,3629,0,5,5,18,High,2026-07-25
3630,3630,2,1,9,11,Medium,2026-07-25
3631,3631,2,3,2,10,Low,2026-07-25
3632,3632,2,5,4,5,High,2026-07-25
3633,3633,2,1,8,15,Medium,2026-07-25
3634,3634,1,3,7,11,Low,2026-07-25
3635,3635,2,3,5,13,Low,2026-07-25
3636,3636,1,2,5,5,Low,2026-07-25
3637,3637,1,5,8,7,High,2026-07-25
3638,3638,1,3,7,8,Low,2026-07-25
3639,3639,3,1,8,16,Critical,2026-07-25
3640,3640,0,1,2,5,Low,2026-07-25
3641,3641,0,0,7,8,Low,2026-07-25
3642,3642,2,2,5,12,Low,2026-07-25
3643,3643,2,4,5,7,Low,2026-07-25
3644,3644,3,8,9,27,Critical,2026-07-25
3645,3645,1,1,15,11,Medium,2026-07-25
3646,3646,4,4,9,14,Critical,2026-07-25
3647,3647,1,4,12,11,Medium,2026-07-25
3648,3648,1,4,8,19,Medium,2026-07-25
3649,3649,1,0,4,6,Low,2026-07-25
3650,3650,0,4,6,7,Low,2026-07-25
3651,3651,2,1,8,11,Medium,2026-07-25
3652,3652,2,2,9,10,Medium,2026-07-25
3653,3653,3,7,9,26,Critical,2026-07-25
3654,3654,1,5,4,17,High,2026-07-25
3655,3655,1,5,6,10,High,2026-07-25
3656,3656,2,2,9,18,Medium,2026-07-25
3657,3657,2,4,9,6,Medium,2026-07-25
3658,3658,2,3,12,13,Medium,2026-07-25
3659,3659,2,8,6,26,High,2026-07-25
3660,3660,0,4,10,14,Medium,2026-07-25
3661,3661,2,4,8,11,Medium,2026-07-25
3662,3662,0,3,5,15,Low,2026-07-25
3663,3663,0,1,10,16,Medium,2026-07-25
3664,3664,0,2,2,6,Low,2026-07-25
3665,3665,1,1,8,5,Medium,2026-07-25
3666,3666,2,3,3,8,Low,2026-07-25
3667,3667,0,6,13,10,High,2026-07-25
3668,3668,1,4,5,6,Low,2026-07-25
3669,3669,3,10,8,16,Critical,2026-07-25
3670,3670,2,4,3,5,Low,2026-07-25
3671,3671,0,1,3,5,Low,2026-07-25
3672,3672,1,3,12,6,Medium,2026-07-25
3673,3673,2,2,7,11,Low,2026-07-25
3674,3674,1,5,10,6,High,2026-07-25
3675,3675,0,1,5,7,Low,2026-07-25
3676,3676,1,3,6,9,Low,2026-07-25
3677,3677,0,2,8,15,Medium,2026-07-25
3678,3678,1,3,4,14,Low,2026-07-25
3679,3679,0,3,2,11,Low,2026-07-25
3680,3680,2,4,8,10,Medium,2026-07-25
3681,3681,0,1,3,12,Low,2026-07-25
3682,3682,0,3,9,11,Medium,2026-07-25
3683,3683,2,1,7,17,Low,2026-07-25
3684,3684,4,8,16,30,Critical,2026-07-25
3685,3685,3,3,6,5,Critical,2026-07-25
3686,3686,2,2,5,8,Low,2026-07-25
3687,3687,2,4,6,13,Low,2026-07-25
3688,3688,0,0,5,9,Low,2026-07-25
3689,3689,2,4,5,6,Low,2026-07-25
3690,3690,2,3,7,9,Low,2026-07-25
3691,3691,1,1,7,9,Low,2026-07-25
3692,3692,1,3,5,12,Low,2026-07-25
3693,3693,2,3,6,8,Low,2026-07-25
3694,3694,0,4,3,8,Low,2026-07-25
3695,3695,0,9,7,25,High,2026-07-25
3696,3696,2,4,11,15,Medium,2026-07-25
3697,3697,0,2,8,29,Medium,2026-07-25
3698,3698,1,4,5,9,Low,2026-07-25
3699,3699,2,5,4,18,High,2026-07-25
3700,3700,1,4,4,8,Low,2026-07-25
3701,3701,5,8,13,23,Critical,2026-07-25
3702,3702,0,2,14,10,Medium,2026-07-25
3703,3703,0,4,14,13,Medium,2026-07-25
3704,3704,1,3,4,5,Low,2026-07-25
3705,3705,1,1,9,12,Medium,2026-07-25
3706,3706,4,7,12,26,Critical,2026-07-25
3707,3707,1,4,5,6,Low,2026-07-25
3708,3708,0,3,8,10,Medium,2026-07-25
3709,3709,0,2,3,8,Low,2026-07-25
3710,3710,1,1,10,11,Medium,2026-07-25
3711,3711,1,5,14,5,High,2026-07-25
3712,3712,2,3,15,13,Medium,2026-07-25
3713,3713,0,2,8,15,Medium,2026-07-25
3714,3714,1,2,7,11,Low,2026-07-25
3715,3715,1,0,5,5,Low,2026-07-25
3716,3716,2,2,15,19,Medium,2026-07-25
3717,3717,0,2,4,4,Low,2026-07-25
3718,3718,2,6,14,9,High,2026-07-25
3719,3719,1,1,4,15,Low,2026-07-25
3720,3720,1,1,5,10,Low,2026-07-25
3721,3721,2,1,7,16,Low,2026-07-25
3722,3722,1,2,15,15,Medium,2026-07-25
3723,3723,3,3,16,15,Critical,2026-07-25
3724,3724,1,2,2,9,Low,2026-07-25
3725,3725,3,2,7,19,Critical,2026-07-25
3726,3726,1,1,5,11,Low,2026-07-25
3727,3727,2,2,9,11,Medium,2026-07-25
3728,3728,1,10,11,14,High,2026-07-25
3729,3729,1,5,4,10,High,2026-07-25
3730,3730,2,5,10,12,High,2026-07-25
3731,3731,2,1,5,10,Low,2026-07-25
3732,3732,2,1,5,15,Low,2026-07-25
3733,3733,0,4,3,7,Low,2026-07-25
3734,3734,2,3,8,12,Medium,2026-07-25
3735,3735,2,2,6,11,Low,2026-07-25
3736,3736,2,4,6,6,Low,2026-07-25
3737,3737,1,3,3,8,Low,2026-07-25
3738,3738,0,1,3,7,Low,2026-07-25
3739,3739,0,2,8,9,Medium,2026-07-25
3740,3740,0,1,7,9,Low,2026-07-25
3741,3741,1,0,5,13,Low,2026-07-25
3742,3742,0,1,9,11,Medium,2026-07-25
3743,3743,1,0,3,9,Low,2026-07-25
3744,3744,0,1,4,16,Low,2026-07-25
3745,3745,0,2,4,10,Low,2026-07-25
3746,3746,0,2,3,8,Low,2026-07-25
3747,3747,0,3,11,8,Medium,2026-07-25
3748,3748,2,10,7,28,High,2026-07-25
3749,3749,0,4,5,11,Low,2026-07-25
3750,3750,2,2,7,8,Low,2026-07-25
3751,3751,1,3,9,15,Medium,2026-07-25
3752,3752,0,9,10,30,High,2026-07-25
3753,3753,0,3,2,5,Low,2026-07-25
3754,3754,0,1,10,8,Medium,2026-07-25
3755,3755,2,3,10,8,Medium,2026-07-25
3756,3756,1,1,8,8,Medium,2026-07-25
3757,3757,0,3,6,6,Low,2026-07-25
3758,3758,0,0,7,5,Low,2026-07-25
3759,3759,0,5,3,16,High,2026-07-25
3760,3760,1,3,10,11,Medium,2026-07-25
3761,3761,0,3,15,16,Medium,2026-07-25
3762,3762,2,4,6,6,Low,2026-07-25
3763,3763,0,4,11,9,Medium,2026-07-25
3764,3764,5,2,12,14,Critical,2026-07-25
3765,3765,1,7,18,13,High,2026-07-25
3766,3766,2,2,6,8,Low,2026-07-25
3767,3767,0,2,3,11,Low,2026-07-25
3768,3768,1,3,10,11,Medium,2026-07-25
3769,3769,0,1,7,11,Low,2026-07-25
3770,3770,0,3,6,7,Low,2026-07-25
3771,3771,0,4,3,8,Low,2026-07-25
3772,3772,2,4,16,22,Medium,2026-07-25
3773,3773,1,2,9,9,Medium,2026-07-25
3774,3774,2,1,10,8,Medium,2026-07-25
3775,3775,0,2,10,6,Medium,2026-07-25
3776,3776,0,1,5,8,Low,2026-07-25
3777,3777,2,4,12,12,Medium,2026-07-25
3778,3778,0,0,6,12,Low,2026-07-25
3779,3779,2,2,7,5,Low,2026-07-25
3780,3780,3,2,15,11,Critical,2026-07-25
3781,3781,0,4,20,13,Medium,2026-07-25
3782,3782,1,4,8,13,Medium,2026-07-25
3783,3783,0,1,6,11,Low,2026-07-25
3784,3784,0,1,9,7,Medium,2026-07-25
3785,3785,0,4,6,12,Low,2026-07-25
3786,3786,0,5,7,6,High,2026-07-25
3787,3787,0,3,6,5,Low,2026-07-25
3788,3788,0,1,9,12,Medium,2026-07-25
3789,3789,1,3,4,9,Low,2026-07-25
3790,3790,3,6,14,7,Critical,2026-07-25
3791,3791,1,3,4,7,Low,2026-07-25
3792,3792,2,2,11,11,Medium,2026-07-25
3793,3793,1,0,2,10,Low,2026-07-25
3794,3794,1,1,5,11,Low,2026-07-25
3795,3795,2,1,2,11,Low,2026-07-25
3796,3796,5,10,18,12,Critical,2026-07-25
3797,3797,2,2,14,17,Medium,2026-07-25
3798,3798,1,3,4,8,Low,2026-07-25
3799,3799,0,5,9,17,High,2026-07-25
3800,3800,4,6,18,11,Critical,2026-07-25
3801,3801,4,10,20,25,Critical,2026-07-25
3802,3802,1,6,6,17,High,2026-07-25
3803,3803,1,1,2,7,Low,2026-07-25
3804,3804,1,5,9,15,High,2026-07-25
3805,3805,0,5,10,18,High,2026-07-25
3806,3806,0,6,5,19,High,2026-07-25
3807,3807,2,2,8,13,Medium,2026-07-25
3808,3808,0,2,8,7,Medium,2026-07-25
3809,3809,0,5,5,14,High,2026-07-25
3810,3810,0,0,5,8,Low,2026-07-25
3811,3811,1,4,3,6,Low,2026-07-25
3812,3812,0,2,15,28,Medium,2026-07-25
3813,3813,0,4,8,5,Medium,2026-07-25
3814,3814,3,2,15,22,Critical,2026-07-25
3815,3815,1,5,3,12,High,2026-07-25
3816,3816,1,1,11,17,Medium,2026-07-25
3817,3817,1,1,4,5,Low,2026-07-25
3818,3818,2,3,2,12,Low,2026-07-25
3819,3819,5,5,7,12,Critical,2026-07-25
3820,3820,0,2,5,13,Low,2026-07-25
3821,3821,1,4,7,8,Low,2026-07-25
3822,3822,0,2,8,7,Medium,2026-07-25
3823,3823,0,10,8,11,High,2026-07-25
3824,3824,2,1,9,6,Medium,2026-07-25
3825,3825,1,4,3,4,Low,2026-07-25
3826,3826,2,1,9,17,Medium,2026-07-25
3827,3827,2,5,12,9,High,2026-07-25
3828,3828,0,3,8,10,Medium,2026-07-25
3829,3829,2,2,10,14,Medium,2026-07-25
3830,3830,0,1,8,6,Medium,2026-07-25
3831,3831,0,3,3,12,Low,2026-07-25
3832,3832,1,5,3,12,High,2026-07-25
3833,3833,0,3,3,5,Low,2026-07-25
3834,3834,0,0,2,12,Low,2026-07-25
3835,3835,0,4,13,14,Medium,2026-07-25
3836,3836,0,3,7,6,Low,2026-07-25
3837,3837,2,2,7,4,Low,2026-07-25
3838,3838,2,5,11,18,High,2026-07-25
3839,3839,4,7,15,27,Critical,2026-07-25
3840,3840,0,2,7,11,Low,2026-07-25
3841,3841,0,2,3,9,Low,2026-07-25
3842,3842,2,2,3,7,Low,2026-07-25
3843,3843,2,1,10,10,Medium,2026-07-25
3844,3844,2,2,8,8,Medium,2026-07-25
3845,3845,1,1,7,12,Low,2026-07-25
3846,3846,2,6,17,30,High,2026-07-25
3847,3847,0,1,5,10,Low,2026-07-25
3848,3848,1,3,3,12,Low,2026-07-25
3849,3849,1,4,6,10,Low,2026-07-25
3850,3850,2,4,7,11,Low,2026-07-25
3851,3851,1,3,2,8,Low,2026-07-25
3852,3852,1,5,5,7,High,2026-07-25
3853,3853,0,2,10,7,Medium,2026-07-25
3854,3854,1,4,7,6,Low,2026-07-25
3855,3855,1,2,8,5,Medium,2026-07-25
3856,3856,2,2,5,10,Low,2026-07-25
3857,3857,3,5,14,17,Critical,2026-07-25
3858,3858,3,4,9,10,Critical,2026-07-25
3859,3859,1,1,6,8,Low,2026-07-25
3860,3860,2,3,6,9,Low,2026-07-25
3861,3861,0,2,7,8,Low,2026-07-25
3862,3862,1,1,6,10,Low,2026-07-25
3863,3863,2,4,8,15,Medium,2026-07-25
3864,3864,2,3,8,13,Medium,2026-07-25
3865,3865,0,1,8,6,Medium,2026-07-25
3866,3866,5,6,14,17,Critical,2026-07-25
3867,3867,1,3,7,14,Low,2026-07-25
3868,3868,1,3,5,7,Low,2026-07-25
3869,3869,1,4,8,7,Medium,2026-07-25
3870,3870,1,3,3,7,Low,2026-07-25
3871,3871,2,4,4,12,Low,2026-07-25
3872,3872,2,3,8,6,Medium,2026-07-25
3873,3873,0,2,3,7,Low,2026-07-25
3874,3874,2,1,7,13,Low,2026-07-25
3875,3875,3,3,20,27,Critical,2026-07-25
3876,3876,2,2,4,12,Low,2026-07-25
3877,3877,2,3,5,5,Low,2026-07-25
3878,3878,3,5,18,21,Critical,2026-07-25
3879,3879,0,3,12,6,Medium,2026-07-25
3880,3880,2,4,9,11,Medium,2026-07-25
3881,3881,2,3,12,7,Medium,2026-07-25
3882,3882,3,5,4,5,Critical,2026-07-25
3883,3883,2,4,3,14,Low,2026-07-25
3884,3884,0,1,6,13,Low,2026-07-25
3885,3885,1,1,3,11,Low,2026-07-25
3886,3886,1,2,11,16,Medium,2026-07-25
3887,3887,3,6,6,12,Critical,2026-07-25
3888,3888,1,1,8,9,Medium,2026-07-25
3889,3889,2,1,2,15,Low,2026-07-25
3890,3890,2,5,3,12,High,2026-07-25
3891,3891,1,4,6,13,Low,2026-07-25
3892,3892,1,1,3,6,Low,2026-07-25
3893,3893,0,5,6,14,High,2026-07-25
3894,3894,0,3,8,17,Medium,2026-07-25
3895,3895,1,1,13,14,Medium,2026-07-25
3896,3896,3,4,8,19,Critical,2026-07-25
3897,3897,3,10,19,21,Critical,2026-07-25
3898,3898,3,3,4,5,Critical,2026-07-25
3899,3899,0,4,5,10,Low,2026-07-25
3900,3900,1,2,3,11,Low,2026-07-25
3901,3901,0,1,5,11,Low,2026-07-25
3902,3902,1,3,3,9,Low,2026-07-25
3903,3903,1,6,12,17,High,2026-07-25
3904,3904,2,1,10,6,Medium,2026-07-25
3905,3905,0,5,11,18,High,2026-07-25
3906,3906,0,2,3,12,Low,2026-07-25
3907,3907,0,3,3,10,Low,2026-07-25
3908,3908,0,2,5,7,Low,2026-07-25
3909,3909,1,2,8,12,Medium,2026-07-25
3910,3910,1,0,3,13,Low,2026-07-25
3911,3911,1,2,5,15,Low,2026-07-25
3912,3912,1,2,6,12,Low,2026-07-25
3913,3913,0,2,10,14,Medium,2026-07-25
3914,3914,2,9,6,26,High,2026-07-25
3915,3915,0,4,7,9,Low,2026-07-25
3916,3916,1,4,7,6,Low,2026-07-25
3917,3917,2,4,8,7,Medium,2026-07-25
3918,3918,1,4,4,12,Low,2026-07-25
3919,3919,1,2,4,10,Low,2026-07-25
3920,3920,0,4,14,19,Medium,2026-07-25
3921,3921,1,3,4,9,Low,2026-07-25
3922,3922,0,2,4,12,Low,2026-07-25
3923,3923,1,3,7,12,Low,2026-07-25
3924,3924,2,3,7,12,Low,2026-07-25
3925,3925,1,2,7,4,Low,2026-07-25
3926,3926,0,1,8,12,Medium,2026-07-25
3927,3927,0,2,7,9,Low,2026-07-25
3928,3928,1,7,19,23,High,2026-07-25
3929,3929,0,1,8,18,Medium,2026-07-25
3930,3930,2,6,12,7,High,2026-07-25
3931,3931,2,3,12,7,Medium,2026-07-25
3932,3932,0,3,8,10,Medium,2026-07-25
3933,3933,3,3,10,14,Critical,2026-07-25
3934,3934,1,2,13,28,Medium,2026-07-25
3935,3935,1,2,4,11,Low,2026-07-25
3936,3936,1,2,12,6,Medium,2026-07-25
3937,3937,2,5,12,10,High,2026-07-25
3938,3938,0,1,14,8,Medium,2026-07-25
3939,3939,3,4,19,26,Critical,2026-07-25
3940,3940,1,3,3,10,Low,2026-07-25
3941,3941,4,5,19,15,Critical,2026-07-25
3942,3942,4,6,15,17,Critical,2026-07-25
3943,3943,1,7,16,16,High,2026-07-25
3944,3944,2,2,2,14,Low,2026-07-25
3945,3945,0,4,16,10,Medium,2026-07-25
3946,3946,1,1,10,13,Medium,2026-07-25
3947,3947,2,5,6,6,High,2026-07-25
3948,3948,1,2,4,8,Low,2026-07-25
3949,3949,2,3,4,7,Low,2026-07-25
3950,3950,0,4,11,13,Medium,2026-07-25
3951,3951,0,2,3,16,Low,2026-07-25
3952,3952,2,4,7,8,Low,2026-07-25
3953,3953,2,4,6,7,Low,2026-07-25
3954,3954,2,3,4,6,Low,2026-07-25
3955,3955,2,4,10,11,Medium,2026-07-25
3956,3956,0,1,8,5,Medium,2026-07-25
3957,3957,0,4,11,7,Medium,2026-07-25
3958,3958,2,3,11,8,Medium,2026-07-25
3959,3959,5,9,5,20,Critical,2026-07-25
3960,3960,3,8,15,16,Critical,2026-07-25
3961,3961,1,1,8,9,Medium,2026-07-25
3962,3962,0,3,6,13,Low,2026-07-25
3963,3963,1,3,9,11,Medium,2026-07-25
3964,3964,0,4,3,11,Low,2026-07-25
3965,3965,1,0,5,7,Low,2026-07-25
3966,3966,2,1,5,16,Low,2026-07-25
3967,3967,0,2,6,9,Low,2026-07-25
3968,3968,0,1,9,12,Medium,2026-07-25
3969,3969,2,6,5,21,High,2026-07-25
3970,3970,1,1,7,6,Low,2026-07-25
3971,3971,0,0,2,10,Low,2026-07-25
3972,3972,1,3,5,8,Low,2026-07-25
3973,3973,2,4,8,12,Medium,2026-07-25
3974,3974,1,2,7,22,Low,2026-07-25
3975,3975,1,6,12,13,High,2026-07-25
3976,3976,1,4,8,8,Medium,2026-07-25
3977,3977,2,4,7,6,Low,2026-07-25
3978,3978,1,4,7,5,Low,2026-07-25
3979,3979,0,5,4,7,High,2026-07-25
3980,3980,2,4,19,20,Medium,2026-07-25
3981,3981,0,1,7,15,Low,2026-07-25
3982,3982,2,6,7,10,High,2026-07-25
3983,3983,4,5,17,16,Critical,2026-07-25
3984,3984,2,4,11,8,Medium,2026-07-25
3985,3985,2,2,7,12,Low,2026-07-25
3986,3986,1,3,12,16,Medium,2026-07-25
3987,3987,1,1,5,6,Low,2026-07-25
3988,3988,1,0,7,10,Low,2026-07-25
3989,3989,5,8,12,27,Critical,2026-07-25
3990,3990,1,2,7,8,Low,2026-07-25
3991,3991,2,4,7,8,Low,2026-07-25
3992,3992,5,5,18,14,Critical,2026-07-25
3993,3993,1,4,7,15,Low,2026-07-25
3994,3994,2,3,5,11,Low,2026-07-25
3995,3995,1,1,4,11,Low,2026-07-25
3996,3996,1,1,8,11,Medium,2026-07-25
3997,3997,4,6,14,17,Critical,2026-07-25
3998,3998,2,1,5,6,Low,2026-07-25
3999,3999,0,2,7,8,Low,2026-07-25
4000,4000,0,1,8,9,Medium,2026-07-25
4001,4001,0,3,2,11,Low,2026-07-25
4002,4002,2,2,2,10,Low,2026-07-25
4003,4003,2,4,5,10,Low,2026-07-25
4004,4004,0,4,3,13,Low,2026-07-25
4005,4005,1,2,6,5,Low,2026-07-25
4006,4006,1,1,12,16,Medium,2026-07-25
4007,4007,1,0,8,15,Medium,2026-07-25
4008,4008,0,2,4,7,Low,2026-07-25
4009,4009,1,3,3,13,Low,2026-07-25
4010,4010,0,1,3,6,Low,2026-07-25
4011,4011,4,7,16,27,Critical,2026-07-25
4012,4012,1,2,2,8,Low,2026-07-25
4013,4013,0,3,7,11,Low,2026-07-25
4014,4014,2,4,4,11,Low,2026-07-25
4015,4015,0,4,11,16,Medium,2026-07-25
4016,4016,2,2,5,17,Low,2026-07-25
4017,4017,0,4,5,12,Low,2026-07-25
4018,4018,1,3,9,6,Medium,2026-07-25
4019,4019,2,8,10,12,High,2026-07-25
4020,4020,0,3,8,5,Medium,2026-07-25
4021,4021,1,1,12,18,Medium,2026-07-25
4022,4022,1,3,4,11,Low,2026-07-25
4023,4023,1,4,7,9,Low,2026-07-25
4024,4024,1,2,10,16,Medium,2026-07-25
4025,4025,2,5,10,17,High,2026-07-25
4026,4026,4,4,13,14,Critical,2026-07-25
4027,4027,1,4,4,9,Low,2026-07-25
4028,4028,1,2,16,13,Medium,2026-07-25
4029,4029,0,2,3,7,Low,2026-07-25
4030,4030,3,7,12,13,Critical,2026-07-25
4031,4031,2,4,7,11,Low,2026-07-25
4032,4032,2,3,10,12,Medium,2026-07-25
4033,4033,1,1,7,5,Low,2026-07-25
4034,4034,3,6,13,14,Critical,2026-07-25
4035,4035,4,10,18,13,Critical,2026-07-25
4036,4036,1,1,4,8,Low,2026-07-25
4037,4037,2,3,2,5,Low,2026-07-25
4038,4038,3,3,7,7,Critical,2026-07-25
4039,4039,0,1,6,5,Low,2026-07-25
4040,4040,3,5,4,16,Critical,2026-07-25
4041,4041,1,2,8,5,Medium,2026-07-25
4042,4042,2,6,5,14,High,2026-07-25
4043,4043,2,4,4,7,Low,2026-07-25
4044,4044,1,5,9,13,High,2026-07-25
4045,4045,1,3,5,14,Low,2026-07-25
4046,4046,3,10,19,30,Critical,2026-07-25
4047,4047,2,3,2,6,Low,2026-07-25
4048,4048,2,3,6,9,Low,2026-07-25
4049,4049,0,2,7,8,Low,2026-07-25
4050,4050,2,4,6,15,Low,2026-07-25
4051,4051,3,6,13,12,Critical,2026-07-25
4052,4052,0,3,8,17,Medium,2026-07-25
4053,4053,5,4,6,12,Critical,2026-07-25
4054,4054,1,3,5,15,Low,2026-07-25
4055,4055,0,7,7,20,High,2026-07-25
4056,4056,1,2,7,6,Low,2026-07-25
4057,4057,1,3,6,16,Low,2026-07-25
4058,4058,1,3,5,10,Low,2026-07-25
4059,4059,0,1,3,11,Low,2026-07-25
4060,4060,0,2,6,4,Low,2026-07-25
4061,4061,0,4,10,6,Medium,2026-07-25
4062,4062,0,1,2,6,Low,2026-07-25
4063,4063,1,1,3,9,Low,2026-07-25
4064,4064,2,10,9,13,High,2026-07-25
4065,4065,1,4,5,14,Low,2026-07-25
4066,4066,0,4,7,10,Low,2026-07-25
4067,4067,1,2,3,6,Low,2026-07-25
4068,4068,2,4,3,14,Low,2026-07-25
4069,4069,1,2,10,10,Medium,2026-07-25
4070,4070,1,2,8,14,Medium,2026-07-25
4071,4071,0,2,6,11,Low,2026-07-25
4072,4072,0,3,7,5,Low,2026-07-25
4073,4073,1,2,9,15,Medium,2026-07-25
4074,4074,1,2,6,10,Low,2026-07-25
4075,4075,1,1,8,10,Medium,2026-07-25
4076,4076,1,2,6,12,Low,2026-07-25
4077,4077,0,4,10,14,Medium,2026-07-25
4078,4078,1,4,9,10,Medium,2026-07-25
4079,4079,2,3,5,11,Low,2026-07-25
4080,4080,1,1,8,6,Medium,2026-07-25
4081,4081,1,1,5,10,Low,2026-07-25
4082,4082,1,2,10,11,Medium,2026-07-25
4083,4083,1,2,8,16,Medium,2026-07-25
4084,4084,1,4,11,11,Medium,2026-07-25
4085,4085,1,3,10,9,Medium,2026-07-25
4086,4086,0,2,6,7,Low,2026-07-25
4087,4087,1,3,4,11,Low,2026-07-25
4088,4088,0,4,10,12,Medium,2026-07-25
4089,4089,2,3,12,10,Medium,2026-07-25
4090,4090,0,1,3,8,Low,2026-07-25
4091,4091,0,1,7,7,Low,2026-07-25
4092,4092,4,4,18,21,Critical,2026-07-25
4093,4093,2,4,10,9,Medium,2026-07-25
4094,4094,0,4,9,12,Medium,2026-07-25
4095,4095,0,3,3,5,Low,2026-07-25
4096,4096,1,5,3,6,High,2026-07-25
4097,4097,1,4,5,13,Low,2026-07-25
4098,4098,1,2,8,13,Medium,2026-07-25
4099,4099,0,1,8,5,Medium,2026-07-25
4100,4100,2,3,3,15,Low,2026-07-25
4101,4101,0,3,5,13,Low,2026-07-25
4102,4102,2,6,9,12,High,2026-07-25
4103,4103,1,0,6,7,Low,2026-07-25
4104,4104,1,1,4,7,Low,2026-07-25
4105,4105,5,9,13,25,Critical,2026-07-25
4106,4106,1,1,9,17,Medium,2026-07-25
4107,4107,0,2,4,6,Low,2026-07-25
4108,4108,1,1,2,11,Low,2026-07-25
4109,4109,0,4,13,8,Medium,2026-07-25
4110,4110,1,2,11,6,Medium,2026-07-25
4111,4111,0,1,3,9,Low,2026-07-25
4112,4112,2,2,2,12,Low,2026-07-25
4113,4113,2,1,10,9,Medium,2026-07-25
4114,4114,0,4,15,8,Medium,2026-07-25
4115,4115,1,3,7,13,Low,2026-07-25
4116,4116,1,3,9,8,Medium,2026-07-25
4117,4117,0,2,2,8,Low,2026-07-25
4118,4118,3,2,14,13,Critical,2026-07-25
4119,4119,0,6,13,16,High,2026-07-25
4120,4120,1,1,4,11,Low,2026-07-25
4121,4121,1,4,5,11,Low,2026-07-25
4122,4122,5,3,13,27,Critical,2026-07-25
4123,4123,0,2,10,15,Medium,2026-07-25
4124,4124,4,5,17,11,Critical,2026-07-25
4125,4125,2,4,5,11,Low,2026-07-25
4126,4126,1,5,5,12,High,2026-07-25
4127,4127,2,6,10,7,High,2026-07-25
4128,4128,3,6,9,5,Critical,2026-07-25
4129,4129,1,1,4,10,Low,2026-07-25
4130,4130,0,1,4,12,Low,2026-07-25
4131,4131,0,2,4,11,Low,2026-07-25
4132,4132,1,0,3,6,Low,2026-07-25
4133,4133,0,1,7,9,Low,2026-07-25
4134,4134,2,4,2,5,Low,2026-07-25
4135,4135,1,1,13,7,Medium,2026-07-25
4136,4136,2,3,5,5,Low,2026-07-25
4137,4137,3,4,9,9,Critical,2026-07-25
4138,4138,5,9,15,17,Critical,2026-07-25
4139,4139,2,3,4,8,Low,2026-07-25
4140,4140,2,7,19,24,High,2026-07-25
4141,4141,0,4,7,8,Low,2026-07-25
4142,4142,1,3,6,15,Low,2026-07-25
4143,4143,1,4,18,27,Medium,2026-07-25
4144,4144,0,3,6,5,Low,2026-07-25
4145,4145,1,0,6,11,Low,2026-07-25
4146,4146,0,5,5,6,High,2026-07-25
4147,4147,1,5,12,12,High,2026-07-25
4148,4148,0,3,8,10,Medium,2026-07-25
4149,4149,0,2,9,15,Medium,2026-07-25
4150,4150,0,0,2,9,Low,2026-07-25
4151,4151,0,4,5,8,Low,2026-07-25
4152,4152,1,2,4,10,Low,2026-07-25
4153,4153,2,5,9,18,High,2026-07-25
4154,4154,2,2,5,20,Low,2026-07-25
4155,4155,0,3,12,13,Medium,2026-07-25
4156,4156,1,1,3,10,Low,2026-07-25
4157,4157,1,6,4,5,High,2026-07-25
4158,4158,2,3,8,7,Medium,2026-07-25
4159,4159,1,4,9,7,Medium,2026-07-25
4160,4160,1,3,9,7,Medium,2026-07-25
4161,4161,1,4,8,13,Medium,2026-07-25
4162,4162,2,5,8,11,High,2026-07-25
4163,4163,1,3,8,11,Medium,2026-07-25
4164,4164,1,1,3,8,Low,2026-07-25
4165,4165,1,4,7,21,Low,2026-07-25
4166,4166,3,5,4,11,Critical,2026-07-25
4167,4167,4,10,15,15,Critical,2026-07-25
4168,4168,0,1,3,6,Low,2026-07-25
4169,4169,3,9,7,24,Critical,2026-07-25
4170,4170,0,4,9,17,Medium,2026-07-25
4171,4171,2,3,7,9,Low,2026-07-25
4172,4172,4,3,11,27,Critical,2026-07-25
4173,4173,0,1,6,13,Low,2026-07-25
4174,4174,0,1,7,12,Low,2026-07-25
4175,4175,3,7,18,20,Critical,2026-07-25
4176,4176,0,3,9,7,Medium,2026-07-25
4177,4177,3,2,15,22,Critical,2026-07-25
4178,4178,2,3,13,8,Medium,2026-07-25
4179,4179,2,5,6,6,High,2026-07-25
4180,4180,0,2,4,6,Low,2026-07-25
4181,4181,2,4,2,8,Low,2026-07-25
4182,4182,1,2,2,6,Low,2026-07-25
4183,4183,2,5,15,18,High,2026-07-25
4184,4184,0,3,11,17,Medium,2026-07-25
4185,4185,0,4,2,10,Low,2026-07-25
4186,4186,1,2,2,11,Low,2026-07-25
4187,4187,3,3,7,16,Critical,2026-07-25
4188,4188,1,1,3,10,Low,2026-07-25
4189,4189,2,1,10,12,Medium,2026-07-25
4190,4190,0,3,6,8,Low,2026-07-25
4191,4191,1,4,9,18,Medium,2026-07-25
4192,4192,0,5,8,14,High,2026-07-25
4193,4193,1,3,8,13,Medium,2026-07-25
4194,4194,1,3,5,10,Low,2026-07-25
4195,4195,0,1,2,13,Low,2026-07-25
4196,4196,1,3,3,7,Low,2026-07-25
4197,4197,0,3,7,7,Low,2026-07-25
4198,4198,2,3,9,10,Medium,2026-07-25
4199,4199,1,0,3,10,Low,2026-07-25
4200,4200,1,1,8,4,Medium,2026-07-25
4201,4201,0,3,8,5,Medium,2026-07-25
4202,4202,0,0,3,10,Low,2026-07-25
4203,4203,0,3,11,20,Medium,2026-07-25
4204,4204,0,3,8,11,Medium,2026-07-25
4205,4205,0,1,9,10,Medium,2026-07-25
4206,4206,2,3,3,15,Low,2026-07-25
4207,4207,2,1,3,11,Low,2026-07-25
4208,4208,0,3,7,8,Low,2026-07-25
4209,4209,0,7,9,14,High,2026-07-25
4210,4210,1,1,4,13,Low,2026-07-25
4211,4211,0,4,7,8,Low,2026-07-25
4212,4212,0,3,4,4,Low,2026-07-25
4213,4213,2,2,8,9,Medium,2026-07-25
4214,4214,2,2,3,6,Low,2026-07-25
4215,4215,1,1,3,15,Low,2026-07-25
4216,4216,1,3,2,6,Low,2026-07-25
4217,4217,0,2,2,11,Low,2026-07-25
4218,4218,1,5,5,6,High,2026-07-25
4219,4219,2,4,10,7,Medium,2026-07-25
4220,4220,0,1,6,8,Low,2026-07-25
4221,4221,1,3,4,12,Low,2026-07-25
4222,4222,0,0,2,7,Low,2026-07-25
4223,4223,0,5,10,8,High,2026-07-25
4224,4224,2,2,3,15,Low,2026-07-25
4225,4225,0,2,10,14,Medium,2026-07-25
4226,4226,1,1,8,10,Medium,2026-07-25
4227,4227,3,3,19,30,Critical,2026-07-25
4228,4228,3,3,13,12,Critical,2026-07-25
4229,4229,0,1,5,10,Low,2026-07-25
4230,4230,4,2,18,26,Critical,2026-07-25
4231,4231,1,4,8,9,Medium,2026-07-25
4232,4232,2,2,10,15,Medium,2026-07-25
4233,4233,2,4,8,12,Medium,2026-07-25
4234,4234,2,1,3,12,Low,2026-07-25
4235,4235,0,0,7,9,Low,2026-07-25
4236,4236,0,1,3,9,Low,2026-07-25
4237,4237,0,1,7,10,Low,2026-07-25
4238,4238,0,3,8,6,Medium,2026-07-25
4239,4239,0,3,3,6,Low,2026-07-25
4240,4240,1,0,7,11,Low,2026-07-25
4241,4241,2,1,2,5,Low,2026-07-25
4242,4242,1,4,8,11,Medium,2026-07-25
4243,4243,0,1,2,5,Low,2026-07-25
4244,4244,3,2,14,10,Critical,2026-07-25
4245,4245,1,5,12,17,High,2026-07-25
4246,4246,1,2,4,18,Low,2026-07-25
4247,4247,1,2,5,16,Low,2026-07-25
4248,4248,1,0,6,6,Low,2026-07-25
4249,4249,0,3,7,17,Low,2026-07-25
4250,4250,0,4,8,10,Medium,2026-07-25
4251,4251,1,3,7,8,Low,2026-07-25
4252,4252,1,2,7,6,Low,2026-07-25
4253,4253,0,3,6,9,Low,2026-07-25
4254,4254,0,3,16,15,Medium,2026-07-25
4255,4255,1,3,2,14,Low,2026-07-25
4256,4256,3,5,4,15,Critical,2026-07-25
4257,4257,0,4,4,5,Low,2026-07-25
4258,4258,1,5,4,6,High,2026-07-25
4259,4259,2,3,8,4,Medium,2026-07-25
4260,4260,0,1,8,12,Medium,2026-07-25
4261,4261,2,4,6,7,Low,2026-07-25
4262,4262,2,4,7,6,Low,2026-07-25
4263,4263,1,2,3,5,Low,2026-07-25
4264,4264,3,5,14,15,Critical,2026-07-25
4265,4265,0,3,8,14,Medium,2026-07-25
4266,4266,0,5,8,12,High,2026-07-25
4267,4267,0,3,6,6,Low,2026-07-25
4268,4268,1,5,8,15,High,2026-07-25
4269,4269,3,2,13,6,Critical,2026-07-25
4270,4270,0,3,3,17,Low,2026-07-25
4271,4271,2,3,11,15,Medium,2026-07-25
4272,4272,0,5,11,6,High,2026-07-25
4273,4273,1,2,10,11,Medium,2026-07-25
4274,4274,2,4,3,4,Low,2026-07-25
4275,4275,0,5,15,12,High,2026-07-25
4276,4276,1,1,3,15,Low,2026-07-25
4277,4277,2,2,2,12,Low,2026-07-25
4278,4278,1,1,5,12,Low,2026-07-25
4279,4279,1,1,8,15,Medium,2026-07-25
4280,4280,3,5,12,18,Critical,2026-07-25
4281,4281,0,2,8,14,Medium,2026-07-25
4282,4282,1,4,4,8,Low,2026-07-25
4283,4283,3,1,6,17,Critical,2026-07-25
4284,4284,0,2,12,10,Medium,2026-07-25
4285,4285,0,4,9,18,Medium,2026-07-25
4286,4286,1,0,7,15,Low,2026-07-25
4287,4287,0,4,14,8,Medium,2026-07-25
4288,4288,0,1,5,15,Low,2026-07-25
4289,4289,2,1,8,13,Medium,2026-07-25
4290,4290,2,2,7,10,Low,2026-07-25
4291,4291,1,5,7,6,High,2026-07-25
4292,4292,3,5,14,17,Critical,2026-07-25
4293,4293,0,3,9,8,Medium,2026-07-25
4294,4294,2,1,10,6,Medium,2026-07-25
4295,4295,0,1,5,7,Low,2026-07-25
4296,4296,0,2,5,12,Low,2026-07-25
4297,4297,3,2,11,20,Critical,2026-07-25
4298,4298,2,2,5,13,Low,2026-07-25
4299,4299,0,3,5,23,Low,2026-07-25
4300,4300,1,5,7,17,High,2026-07-25
4301,4301,2,10,13,15,High,2026-07-25
4302,4302,2,3,7,14,Low,2026-07-25
4303,4303,2,4,10,18,Medium,2026-07-25
4304,4304,1,5,8,16,High,2026-07-25
4305,4305,3,9,10,15,Critical,2026-07-25
4306,4306,0,2,6,14,Low,2026-07-25
4307,4307,0,1,6,13,Low,2026-07-25
4308,4308,0,9,6,22,High,2026-07-25
4309,4309,2,1,2,7,Low,2026-07-25
4310,4310,1,4,4,13,Low,2026-07-25
4311,4311,4,4,20,12,Critical,2026-07-25
4312,4312,1,1,2,5,Low,2026-07-25
4313,4313,2,5,7,9,High,2026-07-25
4314,4314,2,4,15,16,Medium,2026-07-25
4315,4315,2,4,6,8,Low,2026-07-25
4316,4316,0,5,9,10,High,2026-07-25
4317,4317,1,5,5,10,High,2026-07-25
4318,4318,2,9,7,21,High,2026-07-25
4319,4319,5,3,20,27,Critical,2026-07-25
4320,4320,2,4,9,7,Medium,2026-07-25
4321,4321,0,6,10,20,High,2026-07-25
4322,4322,5,5,16,27,Critical,2026-07-25
4323,4323,1,0,6,12,Low,2026-07-25
4324,4324,1,2,9,5,Medium,2026-07-25
4325,4325,0,3,2,12,Low,2026-07-25
4326,4326,1,1,6,8,Low,2026-07-25
4327,4327,2,2,15,17,Medium,2026-07-25
4328,4328,1,4,4,15,Low,2026-07-25
4329,4329,2,3,8,13,Medium,2026-07-25
4330,4330,1,3,13,12,Medium,2026-07-25
4331,4331,0,1,3,5,Low,2026-07-25
4332,4332,0,2,7,9,Low,2026-07-25
4333,4333,1,8,17,17,High,2026-07-25
4334,4334,1,1,5,15,Low,2026-07-25
4335,4335,0,3,6,6,Low,2026-07-25
4336,4336,1,2,6,6,Low,2026-07-25
4337,4337,1,3,4,5,Low,2026-07-25
4338,4338,2,3,10,7,Medium,2026-07-25
4339,4339,5,7,9,16,Critical,2026-07-25
4340,4340,1,3,4,19,Low,2026-07-25
4341,4341,0,1,9,17,Medium,2026-07-25
4342,4342,0,1,3,10,Low,2026-07-25
4343,4343,1,4,10,10,Medium,2026-07-25
4344,4344,1,4,6,7,Low,2026-07-25
4345,4345,0,2,7,8,Low,2026-07-25
4346,4346,2,4,4,18,Low,2026-07-25
4347,4347,2,4,4,7,Low,2026-07-25
4348,4348,3,2,8,12,Critical,2026-07-25
4349,4349,2,6,13,5,High,2026-07-25
4350,4350,2,8,13,23,High,2026-07-25
4351,4351,1,2,8,14,Medium,2026-07-25
4352,4352,1,2,6,14,Low,2026-07-25
4353,4353,2,4,6,12,Low,2026-07-25
4354,4354,5,7,11,28,Critical,2026-07-25
4355,4355,2,5,8,18,High,2026-07-25
4356,4356,0,4,8,12,Medium,2026-07-25
4357,4357,1,2,12,10,Medium,2026-07-25
4358,4358,3,9,12,26,Critical,2026-07-25
4359,4359,0,5,9,9,High,2026-07-25
4360,4360,2,2,7,6,Low,2026-07-25
4361,4361,0,3,8,6,Medium,2026-07-25
4362,4362,2,5,7,7,High,2026-07-25
4363,4363,1,2,3,8,Low,2026-07-25
4364,4364,1,2,7,15,Low,2026-07-25
4365,4365,0,7,17,26,High,2026-07-25
4366,4366,1,3,7,8,Low,2026-07-25
4367,4367,1,2,8,10,Medium,2026-07-25
4368,4368,1,4,4,12,Low,2026-07-25
4369,4369,2,4,10,15,Medium,2026-07-25
4370,4370,0,2,10,13,Medium,2026-07-25
4371,4371,1,7,19,11,High,2026-07-25
4372,4372,2,2,8,11,Medium,2026-07-25
4373,4373,2,10,19,14,High,2026-07-25
4374,4374,2,3,2,14,Low,2026-07-25
4375,4375,0,1,2,8,Low,2026-07-25
4376,4376,0,3,3,10,Low,2026-07-25
4377,4377,2,3,8,13,Medium,2026-07-25
4378,4378,3,1,4,17,Critical,2026-07-25
4379,4379,1,4,7,8,Low,2026-07-25
4380,4380,1,3,7,8,Low,2026-07-25
4381,4381,0,3,9,14,Medium,2026-07-25
4382,4382,1,3,5,10,Low,2026-07-25
4383,4383,2,2,8,18,Medium,2026-07-25
4384,4384,2,3,10,9,Medium,2026-07-25
4385,4385,2,7,8,22,High,2026-07-25
4386,4386,1,3,2,12,Low,2026-07-25
4387,4387,0,2,11,6,Medium,2026-07-25
4388,4388,2,2,11,18,Medium,2026-07-25
4389,4389,3,6,5,10,Critical,2026-07-25
4390,4390,0,2,3,8,Low,2026-07-25
4391,4391,2,1,6,7,Low,2026-07-25
4392,4392,0,1,7,8,Low,2026-07-25
4393,4393,2,5,10,11,High,2026-07-25
4394,4394,1,2,8,4,Medium,2026-07-25
4395,4395,2,1,4,6,Low,2026-07-25
4396,4396,0,9,11,27,High,2026-07-25
4397,4397,0,3,8,12,Medium,2026-07-25
4398,4398,0,2,6,11,Low,2026-07-25
4399,4399,2,4,14,8,Medium,2026-07-25
4400,4400,0,6,8,10,High,2026-07-25
4401,4401,2,5,5,14,High,2026-07-25
4402,4402,1,2,6,10,Low,2026-07-25
4403,4403,2,7,9,22,High,2026-07-25
4404,4404,0,2,8,8,Medium,2026-07-25
4405,4405,1,1,8,11,Medium,2026-07-25
4406,4406,2,1,10,13,Medium,2026-07-25
4407,4407,1,1,5,11,Low,2026-07-25
4408,4408,1,5,6,6,High,2026-07-25
4409,4409,2,2,2,7,Low,2026-07-25
4410,4410,2,4,8,18,Medium,2026-07-25
4411,4411,0,2,6,11,Low,2026-07-25
4412,4412,2,1,5,7,Low,2026-07-25
4413,4413,1,1,13,16,Medium,2026-07-25
4414,4414,2,1,2,15,Low,2026-07-25
4415,4415,1,1,6,13,Low,2026-07-25
4416,4416,1,2,7,15,Low,2026-07-25
4417,4417,1,4,9,14,Medium,2026-07-25
4418,4418,1,1,4,5,Low,2026-07-25
4419,4419,1,4,6,7,Low,2026-07-25
4420,4420,0,2,15,20,Medium,2026-07-25
4421,4421,3,3,7,12,Critical,2026-07-25
4422,4422,2,4,10,11,Medium,2026-07-25
4423,4423,2,3,6,11,Low,2026-07-25
4424,4424,2,3,5,13,Low,2026-07-25
4425,4425,1,4,6,16,Low,2026-07-25
4426,4426,0,1,4,13,Low,2026-07-25
4427,4427,2,4,8,11,Medium,2026-07-25
4428,4428,5,3,8,30,Critical,2026-07-25
4429,4429,0,1,6,8,Low,2026-07-25
4430,4430,1,4,15,8,Medium,2026-07-25
4431,4431,1,2,3,17,Low,2026-07-25
4432,4432,2,2,4,4,Low,2026-07-25
4433,4433,0,2,8,11,Medium,2026-07-25
4434,4434,1,5,10,6,High,2026-07-25
4435,4435,1,4,8,5,Medium,2026-07-25
4436,4436,1,5,6,6,High,2026-07-25
4437,4437,2,3,9,16,Medium,2026-07-25
4438,4438,1,9,16,27,High,2026-07-25
4439,4439,0,2,9,13,Medium,2026-07-25
4440,4440,1,3,3,6,Low,2026-07-25
4441,4441,0,3,7,15,Low,2026-07-25
4442,4442,0,4,2,7,Low,2026-07-25
4443,4443,2,1,8,10,Medium,2026-07-25
4444,4444,1,4,5,6,Low,2026-07-25
4445,4445,1,2,3,11,Low,2026-07-25
4446,4446,1,0,2,14,Low,2026-07-25
4447,4447,2,2,7,10,Low,2026-07-25
4448,4448,1,3,2,6,Low,2026-07-25
4449,4449,2,3,11,20,Medium,2026-07-25
4450,4450,2,1,9,12,Medium,2026-07-25
4451,4451,0,3,13,15,Medium,2026-07-25
4452,4452,2,2,6,6,Low,2026-07-25
4453,4453,2,1,6,11,Low,2026-07-25
4454,4454,1,1,8,14,Medium,2026-07-25
4455,4455,0,4,14,8,Medium,2026-07-25
4456,4456,1,1,5,8,Low,2026-07-25
4457,4457,1,0,6,15,Low,2026-07-25
4458,4458,0,3,3,5,Low,2026-07-25
4459,4459,1,10,12,23,High,2026-07-25
4460,4460,2,3,3,15,Low,2026-07-25
4461,4461,0,3,13,17,Medium,2026-07-25
4462,4462,2,4,4,9,Low,2026-07-25
4463,4463,2,6,15,19,High,2026-07-25
4464,4464,2,5,7,11,High,2026-07-25
4465,4465,3,6,10,7,Critical,2026-07-25
4466,4466,2,5,8,6,High,2026-07-25
4467,4467,2,1,5,11,Low,2026-07-25
4468,4468,0,2,10,5,Medium,2026-07-25
4469,4469,1,1,5,6,Low,2026-07-25
4470,4470,2,5,12,11,High,2026-07-25
4471,4471,1,3,4,7,Low,2026-07-25
4472,4472,1,2,7,7,Low,2026-07-25
4473,4473,3,6,13,5,Critical,2026-07-25
4474,4474,1,3,9,20,Medium,2026-07-25
4475,4475,1,6,12,20,High,2026-07-25
4476,4476,5,6,20,10,Critical,2026-07-25
4477,4477,0,5,13,10,High,2026-07-25
4478,4478,1,3,5,9,Low,2026-07-25
4479,4479,2,3,2,12,Low,2026-07-25
4480,4480,1,3,7,12,Low,2026-07-25
4481,4481,1,4,10,6,Medium,2026-07-25
4482,4482,3,10,10,10,Critical,2026-07-25
4483,4483,1,2,7,11,Low,2026-07-25
4484,4484,2,4,5,9,Low,2026-07-25
4485,4485,2,3,11,25,Medium,2026-07-25
4486,4486,4,7,5,21,Critical,2026-07-25
4487,4487,1,4,9,8,Medium,2026-07-25
4488,4488,1,8,16,23,High,2026-07-25
4489,4489,1,4,3,13,Low,2026-07-25
4490,4490,1,1,6,14,Low,2026-07-25
4491,4491,2,2,3,5,Low,2026-07-25
4492,4492,0,2,8,11,Medium,2026-07-25
4493,4493,2,2,2,12,Low,2026-07-25
4494,4494,0,1,10,11,Medium,2026-07-25
4495,4495,1,4,3,10,Low,2026-07-25
4496,4496,0,4,5,11,Low,2026-07-25
4497,4497,0,1,8,9,Medium,2026-07-25
4498,4498,0,1,5,12,Low,2026-07-25
4499,4499,1,1,6,6,Low,2026-07-25
4500,4500,1,3,2,11,Low,2026-07-25
4501,4501,3,4,4,14,Critical,2026-07-25
4502,4502,0,2,2,5,Low,2026-07-25
4503,4503,0,3,5,7,Low,2026-07-25
4504,4504,0,1,3,16,Low,2026-07-25
4505,4505,1,6,14,18,High,2026-07-25
4506,4506,0,2,5,13,Low,2026-07-25
4507,4507,1,5,20,27,High,2026-07-25
4508,4508,0,0,4,15,Low,2026-07-25
4509,4509,1,6,11,9,High,2026-07-25
4510,4510,3,7,7,30,Critical,2026-07-25
4511,4511,0,0,5,15,Low,2026-07-25
4512,4512,0,3,12,10,Medium,2026-07-25
4513,4513,2,4,8,14,Medium,2026-07-25
4514,4514,2,2,12,16,Medium,2026-07-25
4515,4515,1,2,6,15,Low,2026-07-25
4516,4516,1,1,5,14,Low,2026-07-25
4517,4517,0,2,5,12,Low,2026-07-25
4518,4518,2,3,11,20,Medium,2026-07-25
4519,4519,2,2,11,13,Medium,2026-07-25
4520,4520,0,2,5,8,Low,2026-07-25
4521,4521,1,5,8,14,High,2026-07-25
4522,4522,0,2,8,15,Medium,2026-07-25
4523,4523,1,3,2,7,Low,2026-07-25
4524,4524,1,6,19,21,High,2026-07-25
4525,4525,0,0,3,15,Low,2026-07-25
4526,4526,0,4,12,13,Medium,2026-07-25
4527,4527,0,3,4,11,Low,2026-07-25
4528,4528,0,1,7,7,Low,2026-07-25
4529,4529,0,4,8,11,Medium,2026-07-25
4530,4530,0,4,12,17,Medium,2026-07-25
4531,4531,3,4,5,18,Critical,2026-07-25
4532,4532,0,3,2,11,Low,2026-07-25
4533,4533,2,4,3,6,Low,2026-07-25
4534,4534,3,3,10,6,Critical,2026-07-25
4535,4535,1,3,16,13,Medium,2026-07-25
4536,4536,1,2,8,6,Medium,2026-07-25
4537,4537,2,3,6,12,Low,2026-07-25
4538,4538,4,2,15,25,Critical,2026-07-25
4539,4539,1,5,9,16,High,2026-07-25
4540,4540,2,1,2,8,Low,2026-07-25
4541,4541,1,3,2,6,Low,2026-07-25
4542,4542,0,1,7,15,Low,2026-07-25
4543,4543,5,10,7,19,Critical,2026-07-25
4544,4544,3,5,4,9,Critical,2026-07-25
4545,4545,1,1,10,11,Medium,2026-07-25
4546,4546,0,0,8,14,Medium,2026-07-25
4547,4547,0,2,3,6,Low,2026-07-25
4548,4548,0,2,4,6,Low,2026-07-25
4549,4549,5,5,10,21,Critical,2026-07-25
4550,4550,2,2,7,9,Low,2026-07-25
4551,4551,2,4,7,11,Low,2026-07-25
4552,4552,1,3,5,17,Low,2026-07-25
4553,4553,0,3,7,15,Low,2026-07-25
4554,4554,0,4,10,7,Medium,2026-07-25
4555,4555,1,5,5,14,High,2026-07-25
4556,4556,0,2,7,8,Low,2026-07-25
4557,4557,4,4,14,25,Critical,2026-07-25
4558,4558,1,4,3,15,Low,2026-07-25
4559,4559,3,4,5,10,Critical,2026-07-25
4560,4560,1,3,9,15,Medium,2026-07-25
4561,4561,0,3,9,6,Medium,2026-07-25
4562,4562,0,7,13,16,High,2026-07-25
4563,4563,2,5,12,18,High,2026-07-25
4564,4564,4,8,9,28,Critical,2026-07-25
4565,4565,1,3,4,18,Low,2026-07-25
4566,4566,5,5,10,24,Critical,2026-07-25
4567,4567,2,2,3,5,Low,2026-07-25
4568,4568,1,4,5,8,Low,2026-07-25
4569,4569,1,5,10,12,High,2026-07-25
4570,4570,3,6,5,10,Critical,2026-07-25
4571,4571,2,1,4,9,Low,2026-07-25
4572,4572,0,1,5,9,Low,2026-07-25
4573,4573,2,5,9,18,High,2026-07-25
4574,4574,3,5,11,11,Critical,2026-07-25
4575,4575,0,2,12,6,Medium,2026-07-25
4576,4576,0,3,5,15,Low,2026-07-25
4577,4577,1,5,11,13,High,2026-07-25
4578,4578,0,5,3,7,High,2026-07-25
4579,4579,0,6,20,14,High,2026-07-25
4580,4580,2,2,7,9,Low,2026-07-25
4581,4581,2,3,7,10,Low,2026-07-25
4582,4582,2,1,5,7,Low,2026-07-25
4583,4583,2,2,9,14,Medium,2026-07-25
4584,4584,1,1,7,9,Low,2026-07-25
4585,4585,2,2,4,20,Low,2026-07-25
4586,4586,1,0,2,5,Low,2026-07-25
4587,4587,0,3,11,8,Medium,2026-07-25
4588,4588,1,1,6,20,Low,2026-07-25
4589,4589,3,6,8,11,Critical,2026-07-25
4590,4590,2,5,10,16,High,2026-07-25
4591,4591,0,2,14,19,Medium,2026-07-25
4592,4592,1,3,16,11,Medium,2026-07-25
4593,4593,0,2,10,17,Medium,2026-07-25
4594,4594,2,4,7,12,Low,2026-07-25
4595,4595,0,4,9,8,Medium,2026-07-25
4596,4596,1,1,10,10,Medium,2026-07-25
4597,4597,1,4,6,15,Low,2026-07-25
4598,4598,0,3,2,8,Low,2026-07-25
4599,4599,0,4,8,6,Medium,2026-07-25
4600,4600,0,1,9,18,Medium,2026-07-25
4601,4601,1,2,3,14,Low,2026-07-25
4602,4602,0,7,16,26,High,2026-07-25
4603,4603,1,3,2,8,Low,2026-07-25
4604,4604,1,3,7,9,Low,2026-07-25
4605,4605,1,4,7,10,Low,2026-07-25
4606,4606,0,3,3,6,Low,2026-07-25
4607,4607,1,3,12,17,Medium,2026-07-25
4608,4608,3,6,20,18,Critical,2026-07-25
4609,4609,3,10,18,20,Critical,2026-07-25
4610,4610,5,5,20,19,Critical,2026-07-25
4611,4611,0,3,6,5,Low,2026-07-25
4612,4612,2,3,5,4,Low,2026-07-25
4613,4613,2,4,12,24,Medium,2026-07-25
4614,4614,0,2,6,8,Low,2026-07-25
4615,4615,1,4,7,14,Low,2026-07-25
4616,4616,2,4,2,11,Low,2026-07-25
4617,4617,0,5,11,14,High,2026-07-25
4618,4618,0,1,10,14,Medium,2026-07-25
4619,4619,4,2,14,19,Critical,2026-07-25
4620,4620,3,6,11,8,Critical,2026-07-25
4621,4621,1,5,8,12,High,2026-07-25
4622,4622,0,2,6,15,Low,2026-07-25
4623,4623,2,1,5,7,Low,2026-07-25
4624,4624,1,4,4,4,Low,2026-07-25
4625,4625,2,4,8,11,Medium,2026-07-25
4626,4626,0,2,5,12,Low,2026-07-25
4627,4627,1,2,3,13,Low,2026-07-25
4628,4628,1,2,8,6,Medium,2026-07-25
4629,4629,1,1,4,11,Low,2026-07-25
4630,4630,3,10,19,11,Critical,2026-07-25
4631,4631,0,2,6,4,Low,2026-07-25
4632,4632,1,5,3,12,High,2026-07-25
4633,4633,0,2,9,16,Medium,2026-07-25
4634,4634,4,6,9,24,Critical,2026-07-25
4635,4635,2,1,7,15,Low,2026-07-25
4636,4636,1,4,4,14,Low,2026-07-25
4637,4637,1,2,9,8,Medium,2026-07-25
4638,4638,1,1,6,11,Low,2026-07-25
4639,4639,0,2,9,5,Medium,2026-07-25
4640,4640,0,4,5,11,Low,2026-07-25
4641,4641,2,2,8,13,Medium,2026-07-25
4642,4642,2,2,6,7,Low,2026-07-25
4643,4643,4,3,18,28,Critical,2026-07-25
4644,4644,5,9,16,16,Critical,2026-07-25
4645,4645,0,3,7,12,Low,2026-07-25
4646,4646,2,4,10,16,Medium,2026-07-25
4647,4647,4,5,13,11,Critical,2026-07-25
4648,4648,2,4,10,11,Medium,2026-07-25
4649,4649,1,3,4,10,Low,2026-07-25
4650,4650,1,1,2,14,Low,2026-07-25
4651,4651,1,3,10,16,Medium,2026-07-25
4652,4652,0,0,8,7,Medium,2026-07-25
4653,4653,1,2,11,6,Medium,2026-07-25
4654,4654,2,1,12,9,Medium,2026-07-25
4655,4655,1,0,4,8,Low,2026-07-25
4656,4656,1,3,2,6,Low,2026-07-25
4657,4657,2,1,10,11,Medium,2026-07-25
4658,4658,1,4,8,6,Medium,2026-07-25
4659,4659,3,5,9,12,Critical,2026-07-25
4660,4660,0,0,4,15,Low,2026-07-25
4661,4661,1,2,5,9,Low,2026-07-25
4662,4662,0,0,5,10,Low,2026-07-25
4663,4663,1,2,4,15,Low,2026-07-25
4664,4664,0,0,5,6,Low,2026-07-25
4665,4665,2,5,11,10,High,2026-07-25
4666,4666,1,4,5,5,Low,2026-07-25
4667,4667,1,2,3,5,Low,2026-07-25
4668,4668,0,2,7,15,Low,2026-07-25
4669,4669,0,1,2,10,Low,2026-07-25
4670,4670,0,2,6,13,Low,2026-07-25
4671,4671,0,4,4,12,Low,2026-07-25
4672,4672,5,4,14,30,Critical,2026-07-25
4673,4673,0,1,8,4,Medium,2026-07-25
4674,4674,1,5,7,14,High,2026-07-25
4675,4675,1,7,7,14,High,2026-07-25
4676,4676,2,4,5,11,Low,2026-07-25
4677,4677,0,3,3,9,Low,2026-07-25
4678,4678,2,4,8,15,Medium,2026-07-25
4679,4679,0,3,6,13,Low,2026-07-25
4680,4680,0,1,7,7,Low,2026-07-25
4681,4681,1,2,7,12,Low,2026-07-25
4682,4682,1,4,9,15,Medium,2026-07-25
4683,4683,1,7,15,16,High,2026-07-25
4684,4684,2,3,6,11,Low,2026-07-25
4685,4685,2,2,14,14,Medium,2026-07-25
4686,4686,0,4,8,6,Medium,2026-07-25
4687,4687,2,2,13,15,Medium,2026-07-25
4688,4688,2,3,10,7,Medium,2026-07-25
4689,4689,2,3,3,9,Low,2026-07-25
4690,4690,2,6,7,20,High,2026-07-25
4691,4691,0,1,9,11,Medium,2026-07-25
4692,4692,3,4,9,18,Critical,2026-07-25
4693,4693,0,3,9,13,Medium,2026-07-25
4694,4694,1,1,12,17,Medium,2026-07-25
4695,4695,0,0,7,10,Low,2026-07-25
4696,4696,4,3,14,30,Critical,2026-07-25
4697,4697,1,0,7,7,Low,2026-07-25
4698,4698,2,4,7,9,Low,2026-07-25
4699,4699,1,5,7,17,High,2026-07-25
4700,4700,0,3,8,14,Medium,2026-07-25
4701,4701,1,5,10,11,High,2026-07-25
4702,4702,1,2,2,8,Low,2026-07-25
4703,4703,0,2,5,6,Low,2026-07-25
4704,4704,1,2,7,11,Low,2026-07-25
4705,4705,1,1,10,7,Medium,2026-07-25
4706,4706,0,2,8,6,Medium,2026-07-25
4707,4707,0,5,14,10,High,2026-07-25
4708,4708,1,6,19,14,High,2026-07-25
4709,4709,2,1,4,8,Low,2026-07-25
4710,4710,2,2,8,10,Medium,2026-07-25
4711,4711,1,2,5,7,Low,2026-07-25
4712,4712,2,4,12,12,Medium,2026-07-25
4713,4713,2,1,6,15,Low,2026-07-25
4714,4714,1,1,6,9,Low,2026-07-25
4715,4715,1,3,10,10,Medium,2026-07-25
4716,4716,0,3,6,6,Low,2026-07-25
4717,4717,0,1,5,14,Low,2026-07-25
4718,4718,1,2,3,8,Low,2026-07-25
4719,4719,5,4,14,11,Critical,2026-07-25
4720,4720,1,3,4,14,Low,2026-07-25
4721,4721,0,1,8,14,Medium,2026-07-25
4722,4722,4,10,18,19,Critical,2026-07-25
4723,4723,2,1,8,5,Medium,2026-07-25
4724,4724,1,6,10,15,High,2026-07-25
4725,4725,0,1,4,8,Low,2026-07-25
4726,4726,1,1,6,10,Low,2026-07-25
4727,4727,1,0,7,5,Low,2026-07-25
4728,4728,0,1,5,5,Low,2026-07-25
4729,4729,1,3,2,5,Low,2026-07-25
4730,4730,2,5,8,9,High,2026-07-25
4731,4731,5,8,7,15,Critical,2026-07-25
4732,4732,2,2,8,12,Medium,2026-07-25
4733,4733,0,2,8,10,Medium,2026-07-25
4734,4734,1,4,10,8,Medium,2026-07-25
4735,4735,2,2,2,7,Low,2026-07-25
4736,4736,0,1,6,17,Low,2026-07-25
4737,4737,0,2,6,4,Low,2026-07-25
4738,4738,1,2,5,7,Low,2026-07-25
4739,4739,0,3,9,8,Medium,2026-07-25
4740,4740,0,3,4,12,Low,2026-07-25
4741,4741,2,1,9,14,Medium,2026-07-25
4742,4742,1,4,4,13,Low,2026-07-25
4743,4743,3,4,13,15,Critical,2026-07-25
4744,4744,5,8,14,20,Critical,2026-07-25
4745,4745,2,5,7,8,High,2026-07-25
4746,4746,2,4,10,12,Medium,2026-07-25
4747,4747,2,2,5,7,Low,2026-07-25
4748,4748,2,7,8,16,High,2026-07-25
4749,4749,1,6,14,7,High,2026-07-25
4750,4750,2,2,10,10,Medium,2026-07-25
4751,4751,0,3,8,10,Medium,2026-07-25
4752,4752,0,0,2,14,Low,2026-07-25
4753,4753,1,2,2,6,Low,2026-07-25
4754,4754,2,2,2,9,Low,2026-07-25
4755,4755,0,1,3,8,Low,2026-07-25
4756,4756,2,4,5,10,Low,2026-07-25
4757,4757,4,5,5,20,Critical,2026-07-25
4758,4758,0,5,12,16,High,2026-07-25
4759,4759,1,0,5,12,Low,2026-07-25
4760,4760,2,1,3,9,Low,2026-07-25
4761,4761,2,1,6,11,Low,2026-07-25
4762,4762,1,3,5,14,Low,2026-07-25
4763,4763,3,4,8,9,Critical,2026-07-25
4764,4764,0,5,12,8,High,2026-07-25
4765,4765,2,3,4,10,Low,2026-07-25
4766,4766,3,2,8,11,Critical,2026-07-25
4767,4767,0,4,6,6,Low,2026-07-25
4768,4768,1,3,4,7,Low,2026-07-25
4769,4769,0,2,7,12,Low,2026-07-25
4770,4770,2,1,7,8,Low,2026-07-25
4771,4771,0,3,12,17,Medium,2026-07-25
4772,4772,4,10,16,20,Critical,2026-07-25
4773,4773,2,1,11,7,Medium,2026-07-25
4774,4774,1,4,4,8,Low,2026-07-25
4775,4775,0,3,2,6,Low,2026-07-25
4776,4776,1,2,7,14,Low,2026-07-25
4777,4777,1,4,10,16,Medium,2026-07-25
4778,4778,0,1,10,10,Medium,2026-07-25
4779,4779,0,6,14,11,High,2026-07-25
4780,4780,2,2,9,10,Medium,2026-07-25
4781,4781,0,2,10,15,Medium,2026-07-25
4782,4782,1,4,20,22,Medium,2026-07-25
4783,4783,1,2,2,12,Low,2026-07-25
4784,4784,1,5,5,13,High,2026-07-25
4785,4785,0,0,5,12,Low,2026-07-25
4786,4786,1,4,6,6,Low,2026-07-25
4787,4787,0,8,6,15,High,2026-07-25
4788,4788,0,6,15,19,High,2026-07-25
4789,4789,2,2,6,8,Low,2026-07-25
4790,4790,0,1,6,8,Low,2026-07-25
4791,4791,4,9,9,21,Critical,2026-07-25
4792,4792,1,3,4,8,Low,2026-07-25
4793,4793,0,1,7,6,Low,2026-07-25
4794,4794,0,4,2,10,Low,2026-07-25
4795,4795,0,0,6,10,Low,2026-07-25
4796,4796,1,1,4,9,Low,2026-07-25
4797,4797,1,2,4,8,Low,2026-07-25
4798,4798,2,1,8,18,Medium,2026-07-25
4799,4799,1,9,13,17,High,2026-07-25
4800,4800,0,5,13,7,High,2026-07-25
4801,4801,2,1,8,9,Medium,2026-07-25
4802,4802,1,0,3,15,Low,2026-07-25
4803,4803,0,1,6,7,Low,2026-07-25
4804,4804,2,4,8,6,Medium,2026-07-25
4805,4805,0,0,8,5,Medium,2026-07-25
4806,4806,1,1,8,8,Medium,2026-07-25
4807,4807,1,2,7,12,Low,2026-07-25
4808,4808,1,2,2,10,Low,2026-07-25
4809,4809,1,3,6,5,Low,2026-07-25
4810,4810,1,1,8,13,Medium,2026-07-25
4811,4811,1,2,7,9,Low,2026-07-25
4812,4812,0,2,6,15,Low,2026-07-25
4813,4813,2,2,4,7,Low,2026-07-25
4814,4814,0,3,8,7,Medium,2026-07-25
4815,4815,1,4,11,19,Medium,2026-07-25
4816,4816,0,5,6,9,High,2026-07-25
4817,4817,3,4,7,12,Critical,2026-07-25
4818,4818,0,3,10,8,Medium,2026-07-25
4819,4819,0,4,12,19,Medium,2026-07-25
4820,4820,1,5,11,6,High,2026-07-25
4821,4821,2,3,5,5,Low,2026-07-25
4822,4822,0,3,9,8,Medium,2026-07-25
4823,4823,2,2,4,16,Low,2026-07-25
4824,4824,0,2,6,10,Low,2026-07-25
4825,4825,0,5,8,5,High,2026-07-25
4826,4826,2,1,6,13,Low,2026-07-25
4827,4827,2,3,7,12,Low,2026-07-25
4828,4828,2,4,3,5,Low,2026-07-25
4829,4829,4,2,12,28,Critical,2026-07-25
4830,4830,1,3,7,4,Low,2026-07-25
4831,4831,0,3,4,11,Low,2026-07-25
4832,4832,2,2,5,6,Low,2026-07-25
4833,4833,1,1,3,14,Low,2026-07-25
4834,4834,0,2,4,8,Low,2026-07-25
4835,4835,5,7,8,11,Critical,2026-07-25
4836,4836,1,1,8,5,Medium,2026-07-25
4837,4837,0,5,5,10,High,2026-07-25
4838,4838,1,3,7,8,Low,2026-07-25
4839,4839,1,2,5,7,Low,2026-07-25
4840,4840,1,4,6,11,Low,2026-07-25
4841,4841,0,0,8,5,Medium,2026-07-25
4842,4842,1,2,8,10,Medium,2026-07-25
4843,4843,3,3,15,24,Critical,2026-07-25
4844,4844,0,1,3,9,Low,2026-07-25
4845,4845,0,1,2,5,Low,2026-07-25
4846,4846,2,4,10,6,Medium,2026-07-25
4847,4847,0,4,4,8,Low,2026-07-25
4848,4848,3,6,11,6,Critical,2026-07-25
4849,4849,0,3,2,5,Low,2026-07-25
4850,4850,2,1,10,13,Medium,2026-07-25
4851,4851,1,1,7,12,Low,2026-07-25
4852,4852,2,3,14,10,Medium,2026-07-25
4853,4853,1,6,19,30,High,2026-07-25
4854,4854,1,0,2,11,Low,2026-07-25
4855,4855,2,2,7,8,Low,2026-07-25
4856,4856,1,2,5,7,Low,2026-07-25
4857,4857,2,2,5,13,Low,2026-07-25
4858,4858,1,1,3,9,Low,2026-07-25
4859,4859,1,2,2,7,Low,2026-07-25
4860,4860,0,4,6,8,Low,2026-07-25
4861,4861,2,4,8,6,Medium,2026-07-25
4862,4862,2,5,15,7,High,2026-07-25
4863,4863,2,2,15,18,Medium,2026-07-25
4864,4864,1,0,3,12,Low,2026-07-25
4865,4865,0,4,8,12,Medium,2026-07-25
4866,4866,2,5,10,6,High,2026-07-25
4867,4867,0,0,4,7,Low,2026-07-25
4868,4868,1,2,6,5,Low,2026-07-25
4869,4869,1,2,6,7,Low,2026-07-25
4870,4870,0,5,15,14,High,2026-07-25
4871,4871,0,1,9,9,Medium,2026-07-25
4872,4872,2,3,11,14,Medium,2026-07-25
4873,4873,2,2,11,15,Medium,2026-07-25
4874,4874,1,3,5,9,Low,2026-07-25
4875,4875,1,6,7,9,High,2026-07-25
4876,4876,2,1,10,6,Medium,2026-07-25
4877,4877,0,5,7,12,High,2026-07-25
4878,4878,0,3,7,12,Low,2026-07-25
4879,4879,2,4,10,7,Medium,2026-07-25
4880,4880,0,2,2,11,Low,2026-07-25
4881,4881,0,4,3,5,Low,2026-07-25
4882,4882,1,4,4,9,Low,2026-07-25
4883,4883,1,3,5,7,Low,2026-07-25
4884,4884,1,5,8,19,High,2026-07-25
4885,4885,1,2,5,9,Low,2026-07-25
4886,4886,2,2,3,8,Low,2026-07-25
4887,4887,1,4,3,15,Low,2026-07-25
4888,4888,2,3,9,14,Medium,2026-07-25
4889,4889,0,3,5,8,Low,2026-07-25
4890,4890,1,2,5,8,Low,2026-07-25
4891,4891,0,8,7,10,High,2026-07-25
4892,4892,1,1,8,7,Medium,2026-07-25
4893,4893,4,6,7,16,Critical,2026-07-25
4894,4894,0,4,7,20,Low,2026-07-25
4895,4895,2,4,10,11,Medium,2026-07-25
4896,4896,1,1,4,10,Low,2026-07-25
4897,4897,1,4,5,20,Low,2026-07-25
4898,4898,1,2,19,19,Medium,2026-07-25
4899,4899,2,3,13,20,Medium,2026-07-25
4900,4900,1,4,9,12,Medium,2026-07-25
4901,4901,5,3,5,14,Critical,2026-07-25
4902,4902,2,3,8,11,Medium,2026-07-25
4903,4903,4,9,14,13,Critical,2026-07-25
4904,4904,2,4,7,10,Low,2026-07-25
4905,4905,5,4,11,15,Critical,2026-07-25
4906,4906,4,8,10,16,Critical,2026-07-25
4907,4907,1,3,6,5,Low,2026-07-25
4908,4908,1,1,7,13,Low,2026-07-25
4909,4909,1,3,2,6,Low,2026-07-25
4910,4910,0,3,8,15,Medium,2026-07-25
4911,4911,0,5,12,13,High,2026-07-25
4912,4912,2,4,9,11,Medium,2026-07-25
4913,4913,1,1,6,7,Low,2026-07-25
4914,4914,1,2,4,13,Low,2026-07-25
4915,4915,0,4,3,13,Low,2026-07-25
4916,4916,2,1,4,5,Low,2026-07-25
4917,4917,1,3,7,13,Low,2026-07-25
4918,4918,0,6,13,18,High,2026-07-25
4919,4919,3,2,11,19,Critical,2026-07-25
4920,4920,2,1,10,5,Medium,2026-07-25
4921,4921,0,2,4,11,Low,2026-07-25
4922,4922,2,3,7,8,Low,2026-07-25
4923,4923,2,4,6,11,Low,2026-07-25
4924,4924,1,2,5,5,Low,2026-07-25
4925,4925,1,0,3,11,Low,2026-07-25
4926,4926,1,4,9,12,Medium,2026-07-25
4927,4927,2,4,5,11,Low,2026-07-25
4928,4928,2,5,9,10,High,2026-07-25
4929,4929,0,1,8,5,Medium,2026-07-25
4930,4930,1,1,3,10,Low,2026-07-25
4931,4931,4,9,9,14,Critical,2026-07-25
4932,4932,1,4,12,12,Medium,2026-07-25
4933,4933,0,4,4,7,Low,2026-07-25
4934,4934,0,8,12,14,High,2026-07-25
4935,4935,2,5,8,15,High,2026-07-25
4936,4936,2,3,4,6,Low,2026-07-25
4937,4937,1,2,7,10,Low,2026-07-25
4938,4938,2,3,9,11,Medium,2026-07-25
4939,4939,2,2,7,4,Low,2026-07-25
4940,4940,2,3,8,6,Medium,2026-07-25
4941,4941,3,6,11,7,Critical,2026-07-25
4942,4942,2,1,6,10,Low,2026-07-25
4943,4943,0,1,8,15,Medium,2026-07-25
4944,4944,1,3,8,14,Medium,2026-07-25
4945,4945,1,4,3,5,Low,2026-07-25
4946,4946,0,2,4,7,Low,2026-07-25
4947,4947,0,1,8,7,Medium,2026-07-25
4948,4948,0,1,8,11,Medium,2026-07-25
4949,4949,0,1,4,10,Low,2026-07-25
4950,4950,0,6,16,23,High,2026-07-25
4951,4951,0,1,10,15,Medium,2026-07-25
4952,4952,0,0,6,5,Low,2026-07-25
4953,4953,2,3,10,11,Medium,2026-07-25
4954,4954,0,5,11,13,High,2026-07-25
4955,4955,0,6,6,14,High,2026-07-25
4956,4956,1,5,9,17,High,2026-07-25
4957,4957,1,1,4,14,Low,2026-07-25
4958,4958,0,2,7,12,Low,2026-07-25
4959,4959,0,4,5,5,Low,2026-07-25
4960,4960,2,6,11,14,High,2026-07-25
4961,4961,1,4,3,11,Low,2026-07-25
4962,4962,2,2,11,16,Medium,2026-07-25
4963,4963,1,1,5,14,Low,2026-07-25
4964,4964,1,1,3,6,Low,2026-07-25
4965,4965,2,3,3,7,Low,2026-07-25
4966,4966,1,0,6,10,Low,2026-07-25
4967,4967,0,7,8,11,High,2026-07-25
4968,4968,0,4,16,25,Medium,2026-07-25
4969,4969,4,3,5,18,Critical,2026-07-25
4970,4970,2,1,5,4,Low,2026-07-25
4971,4971,3,8,13,30,Critical,2026-07-25
4972,4972,3,1,5,12,Critical,2026-07-25
4973,4973,2,1,8,13,Medium,2026-07-25
4974,4974,2,4,5,8,Low,2026-07-25
4975,4975,2,3,10,6,Medium,2026-07-25
4976,4976,0,1,5,13,Low,2026-07-25
4977,4977,1,3,8,10,Medium,2026-07-25
4978,4978,1,1,7,8,Low,2026-07-25
4979,4979,1,3,16,17,Medium,2026-07-25
4980,4980,1,1,7,14,Low,2026-07-25
4981,4981,1,1,8,15,Medium,2026-07-25
4982,4982,1,2,15,10,Medium,2026-07-25
4983,4983,3,5,10,15,Critical,2026-07-25
4984,4984,2,3,8,6,Medium,2026-07-25
4985,4985,2,3,10,5,Medium,2026-07-25
4986,4986,0,5,10,12,High,2026-07-25
4987,4987,2,3,4,5,Low,2026-07-25
4988,4988,2,3,9,12,Medium,2026-07-25
4989,4989,1,1,11,13,Medium,2026-07-25
4990,4990,1,2,10,15,Medium,2026-07-25
4991,4991,2,3,6,5,Low,2026-07-25
4992,4992,1,2,13,5,Medium,2026-07-25
4993,4993,1,3,10,14,Medium,2026-07-25
4994,4994,3,3,11,12,Critical,2026-07-25
4995,4995,2,3,8,6,Medium,2026-07-25
4996,4996,0,4,6,14,Low,2026-07-25
4997,4997,0,2,9,10,Medium,2026-07-25
4998,4998,0,1,10,11,Medium,2026-07-25
4999,4999,1,3,2,9,Low,2026-07-25
5000,5000,1,1,3,10,Low,2026-07-25
